id_siniestro,id_poliza,id_asegurado,ramo,cobertura,fecha_ocurrencia,fecha_reporte,monto_reclamado,monto_estimado,monto_pagado,estado,sucursal,descripcion,documentos_completos,beneficiario,id_proveedor,dias_desde_inicio_poliza,dias_desde_fin_poliza,dias_entre_ocurrencia_reporte,historial_siniestros_asegurado,ciudad,suma_asegurada,etiqueta_fraude_simulada,score,nivel_riesgo,alertas,anomalia_score,es_anomalia
SIN-00001,POL-00115,ASG-00013,Generales,Choque,2026-01-19,2026-01-19,1476.46,1429.76,1307.95,Cierre Sin Consecuencia,Oeste,Dano por granizo en estacionamiento del trabajo. Evidencia fotografica adjunta.,True,Clinica San Marcos,P002,309,56,0,0,Ambato,16020.13,0,10,VERDE,Proveedor en lista restrictiva (+10 pts),0.0027472570594601065,0
SIN-00002,POL-00430,ASG-00113,Vida,Atencion medica,2025-05-31,2025-06-02,10982.33,10774.96,10151.5,Cierre Sin Consecuencia,Este,Dano por granizo en estacionamiento del trabajo. Evidencia fotografica adjunta.,True,Taller Norte,P003,21,344,2,3,Cuenca,17518.58,0,12,VERDE,Siniestro ocurrido en los primeros 30 dias de la poliza (+4 pts) | Asegurado con 3 o mas siniestros en 18 meses (+8 pts),0.09091827554548398,0
SIN-00003,POL-00550,ASG-00064,Generales,Robo,2025-11-21,2025-11-30,22001.49,21796.99,0.0,Pago Parcial,Sur,El asegurado reporta que su vehiculo fue robado en un estacionamiento sin camaras.,False,Taller El Veloz,P001,4,361,9,6,Loja,22034.05,1,48,ROJO,Siniestro ocurrido en los primeros 10 dias de la poliza (+8 pts) | Reporte tardio: mas de 7 dias despues del evento (+5 pts) | Asegurado con 3 o mas siniestros en 18 meses (+8 pts) | Documentos incompletos o faltantes (+4 pts) | Proveedor en lista restrictiva (+10 pts) | Monto reclamado es el 100% de la suma asegurada (+5 pts) | Robo reportado con mas de 48 horas de demora (+8 pts),0.00042560844526773334,0
SIN-00004,POL-00380,ASG-00182,Generales,Responsabilidad Civil,2025-12-11,2025-12-12,2101.76,2305.33,2056.35,Liquidado,Sur,Accidente en carretera con policia presente. Croquis firmado por ambas partes.,True,Clinica San Marcos,P002,234,131,1,1,Quito,17014.0,0,10,VERDE,Proveedor en lista restrictiva (+10 pts),0.07263967866484033,0
SIN-00005,POL-00333,ASG-00394,Vida,Atencion medica,2025-08-01,2025-08-08,10581.18,8918.47,6616.52,Cierre Sin Consecuencia,Oeste,Robo de autopartes reportado inmediatamente a la policia. Denuncia adjunta.,False,Clinica del Sur,P006,29,336,7,3,Guayaquil,15307.16,0,19,VERDE,Siniestro ocurrido en los primeros 30 dias de la poliza (+4 pts) | Reporte con demora de 4 a 7 dias (+3 pts) | Asegurado con 3 o mas siniestros en 18 meses (+8 pts) | Documentos incompletos o faltantes (+4 pts),0.06349246948511511,0
SIN-00006,POL-00552,ASG-00135,Salud,Robo,2026-03-19,2026-03-19,10622.2,11021.85,9111.19,Reserva,Este,Dano por granizo en estacionamiento del trabajo. Evidencia fotografica adjunta.,True,Clinica del Sur,P006,119,246,0,0,Ambato,24279.52,0,0,VERDE,Sin alertas detectadas,0.06496226276255218,0
SIN-00007,POL-00391,ASG-00306,Vehiculos,Responsabilidad Civil,2026-07-07,2026-07-09,2886.73,2702.32,2664.88,Cierre Sin Consecuencia,Centro,Accidente en carretera con policia presente. Croquis firmado por ambas partes.,True,Taller El Veloz,P001,249,116,2,0,Ambato,28810.15,0,10,VERDE,Proveedor en lista restrictiva (+10 pts),0.05127922424206349,0
SIN-00008,POL-00513,ASG-00391,Generales,Dano parcial,2025-05-04,2025-05-10,40379.51,32539.55,31847.42,Pago Parcial,Sur,Dano por granizo en estacionamiento del trabajo. Evidencia fotografica adjunta.,True,Taller Central,P005,16,349,6,3,Quito,46068.25,0,15,VERDE,Siniestro ocurrido en los primeros 30 dias de la poliza (+4 pts) | Reporte con demora de 4 a 7 dias (+3 pts) | Asegurado con 3 o mas siniestros en 18 meses (+8 pts),0.03690058515395356,0
SIN-00009,POL-00060,ASG-00124,Vehiculos,Robo,2026-04-15,2026-04-28,43637.67,40133.46,0.0,Cierre Sin Consecuencia,Centro,Colision frontal con vehiculo desconocido en horas de la madrugada sin testigos.,False,Grua Rapida,P007,8,357,13,5,Quito,47612.73,1,43,ROJO,Siniestro ocurrido en los primeros 10 dias de la poliza (+8 pts) | Reporte tardio: mas de 7 dias despues del evento (+5 pts) | Asegurado con 3 o mas siniestros en 18 meses (+8 pts) | Documentos incompletos o faltantes (+4 pts) | Proveedor en lista restrictiva (+10 pts) | Robo reportado con mas de 48 horas de demora (+8 pts),-0.057115852630737485,1
SIN-00010,POL-00449,ASG-00265,Generales,Dano parcial,2026-02-16,2026-02-16,1323.91,1085.9,770.36,Pago Parcial,Norte,Colision leve en interseccion con semaforo. El tercero presento sus datos.,True,Taller El Veloz,P001,173,192,0,0,Quito,16155.75,0,10,VERDE,Proveedor en lista restrictiva (+10 pts),0.03282786006673166,0
SIN-00011,POL-00527,ASG-00122,Salud,Incendio,2026-01-24,2026-01-31,19461.78,20612.96,14764.06,Cierre Sin Consecuencia,Norte,Robo de autopartes reportado inmediatamente a la policia. Denuncia adjunta.,False,Taller Premium,P008,14,351,7,3,Manta,26843.65,0,19,VERDE,Siniestro ocurrido en los primeros 30 dias de la poliza (+4 pts) | Reporte con demora de 4 a 7 dias (+3 pts) | Asegurado con 3 o mas siniestros en 18 meses (+8 pts) | Documentos incompletos o faltantes (+4 pts),0.08996839122981953,0
SIN-00012,POL-00063,ASG-00207,Salud,Robo,2025-05-07,2025-05-16,38822.0,42343.11,0.0,Pago Total,Sur,El vehiculo fue impactado por un tercero que se dio a la fuga sin dejar datos.,False,Taller El Veloz,P001,3,362,9,3,Manta,41026.66,1,43,ROJO,Siniestro ocurrido en los primeros 10 dias de la poliza (+8 pts) | Reporte tardio: mas de 7 dias despues del evento (+5 pts) | Asegurado con 3 o mas siniestros en 18 meses (+8 pts) | Documentos incompletos o faltantes (+4 pts) | Proveedor en lista restrictiva (+10 pts) | Robo reportado con mas de 48 horas de demora (+8 pts),0.028164893581477113,0
SIN-00013,POL-00417,ASG-00249,Vida,Choque,2025-10-21,2025-10-25,31732.01,28210.15,27945.34,Liquidado,Oeste,El asegurado reporta que su vehiculo fue robado en un estacionamiento sin camaras.,False,Taller Norte,P003,25,340,4,2,Manta,43909.27,0,15,VERDE,Siniestro ocurrido en los primeros 30 dias de la poliza (+4 pts) | Reporte con demora de 4 a 7 dias (+3 pts) | Asegurado con 2 siniestros recientes (+4 pts) | Documentos incompletos o faltantes (+4 pts),0.060799904209715705,0
SIN-00014,POL-00063,ASG-00383,Vehiculos,Dano parcial,2026-04-28,2026-04-28,2305.84,1927.6,1864.16,Pago Total,Oeste,Dano por granizo en estacionamiento del trabajo. Evidencia fotografica adjunta.,True,Taller Norte,P003,288,77,0,1,Guayaquil,7256.41,0,0,VERDE,Sin alertas detectadas,0.00595140658312876,0
SIN-00015,POL-00041,ASG-00318,Hogar,Robo,2026-09-02,2026-09-03,5862.53,5494.17,5377.17,Reserva,Norte,Dano por granizo en estacionamiento del trabajo. Evidencia fotografica adjunta.,True,Clinica del Sur,P006,157,208,1,1,Loja,34581.79,0,0,VERDE,Sin alertas detectadas,0.07878907910995403,0
SIN-00016,POL-00470,ASG-00319,Generales,Atencion medica,2025-02-20,2025-02-20,22205.29,18815.08,17876.65,Cierre Sin Consecuencia,Centro,Robo de autopartes reportado inmediatamente a la policia. Denuncia adjunta.,True,Peritajes Express,P004,41,324,0,1,Quito,49824.34,0,0,VERDE,Sin alertas detectadas,-0.018282232173183144,1
SIN-00017,POL-00542,ASG-00005,Salud,Atencion medica,2024-07-13,2024-07-14,5169.3,5248.31,3994.38,Cierre Sin Consecuencia,Centro,Choque en parqueadero de centro comercial con camaras de seguridad.,True,Clinica San Marcos,P002,26,339,1,0,Guayaquil,29957.1,0,14,VERDE,Siniestro ocurrido en los primeros 30 dias de la poliza (+4 pts) | Proveedor en lista restrictiva (+10 pts),0.06018625899605212,0
SIN-00018,POL-00518,ASG-00251,Hogar,Choque,2025-08-07,2025-08-14,40553.06,39266.39,28804.34,Cierre Sin Consecuencia,Sur,Accidente en carretera con policia presente. Croquis firmado por ambas partes.,True,Grua Rapida,P007,15,350,7,3,Guayaquil,45867.16,0,25,AMARILLO,Siniestro ocurrido en los primeros 30 dias de la poliza (+4 pts) | Reporte con demora de 4 a 7 dias (+3 pts) | Asegurado con 3 o mas siniestros en 18 meses (+8 pts) | Proveedor en lista restrictiva (+10 pts),0.030072222739973564,0
SIN-00019,POL-00559,ASG-00019,Vehiculos,Atencion medica,2024-08-15,2024-08-15,14186.78,14187.92,11436.93,Liquidado,Este,Dano por granizo en estacionamiento del trabajo. Evidencia fotografica adjunta.,True,Taller Norte,P003,20,345,0,0,Cuenca,31212.93,0,4,VERDE,Siniestro ocurrido en los primeros 30 dias de la poliza (+4 pts),0.04418643337964734,0
SIN-00020,POL-00159,ASG-00122,Vehiculos,Robo,2026-01-25,2026-01-28,20110.21,17048.62,15520.78,Negativa,Norte,Dano por granizo en estacionamiento del trabajo. Evidencia fotografica adjunta.,True,Grua Rapida,P007,157,208,3,1,Loja,48929.27,0,18,VERDE,Proveedor en lista restrictiva (+10 pts) | Robo reportado con mas de 48 horas de demora (+8 pts),0.012686847464919215,0
SIN-00021,POL-00482,ASG-00114,Salud,Choque,2025-09-12,2025-09-16,39411.48,39563.43,37707.84,Pago Parcial,Norte,Dano por granizo en estacionamiento del trabajo. Evidencia fotografica adjunta.,False,Peritajes Express,P004,21,344,4,3,Loja,46330.34,0,19,VERDE,Siniestro ocurrido en los primeros 30 dias de la poliza (+4 pts) | Reporte con demora de 4 a 7 dias (+3 pts) | Asegurado con 3 o mas siniestros en 18 meses (+8 pts) | Documentos incompletos o faltantes (+4 pts),0.029150110133990603,0
SIN-00022,POL-00119,ASG-00134,Generales,Incendio,2025-10-15,2025-10-17,11903.48,10898.33,9513.99,Pago Parcial,Norte,Choque en parqueadero de centro comercial con camaras de seguridad.,True,Clinica San Marcos,P002,315,50,2,0,Cuenca,48314.04,0,10,VERDE,Proveedor en lista restrictiva (+10 pts),-0.000957767263996212,1
SIN-00023,POL-00447,ASG-00001,Hogar,Incendio,2025-03-20,2025-03-22,13644.03,12990.98,11692.76,Pago Parcial,Este,Colision leve en interseccion con semaforo. El tercero presento sus datos.,True,Peritajes Express,P004,110,255,2,1,Guayaquil,41292.99,0,0,VERDE,Sin alertas detectadas,0.08241203710249029,0
SIN-00024,POL-00303,ASG-00284,Generales,Dano parcial,2025-02-07,2025-02-07,4466.93,4626.52,4080.58,Pago Parcial,Este,Dano por granizo en estacionamiento del trabajo. Evidencia fotografica adjunta.,True,Taller Norte,P003,234,131,0,1,Cuenca,23920.09,0,0,VERDE,Sin alertas detectadas,0.05689931128329423,0
SIN-00025,POL-00453,ASG-00227,Vehiculos,Atencion medica,2026-06-30,2026-07-02,2576.94,2235.22,1698.18,Reserva,Norte,Dano por granizo en estacionamiento del trabajo. Evidencia fotografica adjunta.,True,Taller Norte,P003,78,287,2,1,Ambato,28002.83,0,0,VERDE,Sin alertas detectadas,0.08366778175533579,0
SIN-00026,POL-00251,ASG-00244,Vida,Incendio,2026-05-23,2026-05-25,32684.53,26640.03,20639.62,Reserva,Este,El asegurado reporta que su vehiculo fue robado en un estacionamiento sin camaras.,True,Peritajes Express,P004,11,354,2,3,Manta,39582.02,0,12,VERDE,Siniestro ocurrido en los primeros 30 dias de la poliza (+4 pts) | Asegurado con 3 o mas siniestros en 18 meses (+8 pts),0.05689126697060526,0
SIN-00027,POL-00137,ASG-00238,Generales,Responsabilidad Civil,2026-06-11,2026-06-14,22439.96,19696.84,15248.74,Cierre Sin Consecuencia,Centro,Accidente en carretera con policia presente. Croquis firmado por ambas partes.,True,Taller Premium,P008,312,53,3,1,Ambato,49455.16,0,0,VERDE,Sin alertas detectadas,-0.05321733783869265,1
SIN-00028,POL-00534,ASG-00249,Salud,Atencion medica,2025-09-15,2025-09-17,11110.64,11243.14,8086.84,Negativa,Centro,Robo de autopartes reportado inmediatamente a la policia. Denuncia adjunta.,True,Taller Central,P005,28,337,2,2,Cuenca,17356.89,0,8,VERDE,Siniestro ocurrido en los primeros 30 dias de la poliza (+4 pts) | Asegurado con 2 siniestros recientes (+4 pts),0.09111768620195226,0
SIN-00029,POL-00556,ASG-00239,Generales,Robo,2025-04-23,2025-05-02,13954.83,12988.47,0.0,Reserva,Este,Colision frontal con vehiculo desconocido en horas de la madrugada sin testigos.,False,Clinica San Marcos,P002,6,359,9,5,Manta,14307.55,1,48,ROJO,Siniestro ocurrido en los primeros 10 dias de la poliza (+8 pts) | Reporte tardio: mas de 7 dias despues del evento (+5 pts) | Asegurado con 3 o mas siniestros en 18 meses (+8 pts) | Documentos incompletos o faltantes (+4 pts) | Proveedor en lista restrictiva (+10 pts) | Monto reclamado es el 98% de la suma asegurada (+5 pts) | Robo reportado con mas de 48 horas de demora (+8 pts),0.028562840654143273,0
SIN-00030,POL-00345,ASG-00343,Salud,Robo,2025-10-20,2025-11-03,22183.89,18956.55,0.0,Pago Parcial,Este,Colision frontal con vehiculo desconocido en horas de la madrugada sin testigos.,False,Taller El Veloz,P001,7,358,14,6,Ambato,23194.25,1,48,ROJO,Siniestro ocurrido en los primeros 10 dias de la poliza (+8 pts) | Reporte tardio: mas de 7 dias despues del evento (+5 pts) | Asegurado con 3 o mas siniestros en 18 meses (+8 pts) | Documentos incompletos o faltantes (+4 pts) | Proveedor en lista restrictiva (+10 pts) | Monto reclamado es el 96% de la suma asegurada (+5 pts) | Robo reportado con mas de 48 horas de demora (+8 pts),-0.04532755262380905,1
SIN-00031,POL-00336,ASG-00109,Vida,Atencion medica,2025-07-16,2025-07-16,10092.92,10042.89,9383.77,Cierre Sin Consecuencia,Norte,Robo de autopartes reportado inmediatamente a la policia. Denuncia adjunta.,True,Taller Central,P005,56,309,0,0,Guayaquil,20187.52,0,0,VERDE,Sin alertas detectadas,0.05262670932979957,0
SIN-00032,POL-00032,ASG-00127,Vida,Responsabilidad Civil,2026-01-16,2026-01-17,1534.1,1304.5,1150.8,Cierre Sin Consecuencia,Norte,Robo de autopartes reportado inmediatamente a la policia. Denuncia adjunta.,True,Taller Norte,P003,213,152,1,1,Guayaquil,5917.1,0,0,VERDE,Sin alertas detectadas,0.036816519574435214,0
SIN-00033,POL-00168,ASG-00160,Vida,Robo,2025-07-26,2025-08-01,5969.14,5959.93,0.0,Reserva,Oeste,El asegurado reporta que su vehiculo fue robado en un estacionamiento sin camaras.,False,Clinica San Marcos,P002,4,361,6,6,Quito,6155.53,1,46,ROJO,Siniestro ocurrido en los primeros 10 dias de la poliza (+8 pts) | Reporte con demora de 4 a 7 dias (+3 pts) | Asegurado con 3 o mas siniestros en 18 meses (+8 pts) | Documentos incompletos o faltantes (+4 pts) | Proveedor en lista restrictiva (+10 pts) | Monto reclamado es el 97% de la suma asegurada (+5 pts) | Robo reportado con mas de 48 horas de demora (+8 pts),-0.040150966825940326,1
SIN-00034,POL-00350,ASG-00007,Vida,Responsabilidad Civil,2025-02-19,2025-02-21,13742.34,12910.41,12235.46,Liquidado,Centro,Choque en parqueadero de centro comercial con camaras de seguridad.,True,Clinica del Sur,P006,224,141,2,1,Quito,42004.89,0,0,VERDE,Sin alertas detectadas,0.06269171929070272,0
SIN-00035,POL-00331,ASG-00126,Vida,Dano parcial,2025-08-26,2025-08-28,559.93,529.84,427.29,Pago Parcial,Centro,Robo de autopartes reportado inmediatamente a la policia. Denuncia adjunta.,True,Peritajes Express,P004,128,237,2,0,Ambato,8899.83,0,0,VERDE,Sin alertas detectadas,0.032372891415266336,0
SIN-00036,POL-00287,ASG-00306,Vehiculos,Robo,2026-07-31,2026-08-01,6289.05,6527.28,4751.31,Pago Total,Este,Accidente en carretera con policia presente. Croquis firmado por ambas partes.,True,Peritajes Express,P004,158,207,1,1,Loja,17432.09,0,0,VERDE,Sin alertas detectadas,0.09321962478044044,0
SIN-00037,POL-00250,ASG-00157,Vida,Responsabilidad Civil,2025-03-28,2025-04-01,14884.76,13316.86,12289.65,Cierre Sin Consecuencia,Sur,Colision frontal con vehiculo desconocido en horas de la madrugada sin testigos.,True,Clinica del Sur,P006,25,340,4,2,Ambato,21605.92,0,11,VERDE,Siniestro ocurrido en los primeros 30 dias de la poliza (+4 pts) | Reporte con demora de 4 a 7 dias (+3 pts) | Asegurado con 2 siniestros recientes (+4 pts),0.1035476851151012,0
SIN-00038,POL-00197,ASG-00111,Vehiculos,Robo,2024-08-22,2024-08-26,10537.05,11509.5,9967.32,Cierre Sin Consecuencia,Sur,Colision leve en interseccion con semaforo. El tercero presento sus datos.,True,Taller Central,P005,16,349,4,2,Cuenca,17442.48,0,19,VERDE,Siniestro ocurrido en los primeros 30 dias de la poliza (+4 pts) | Reporte con demora de 4 a 7 dias (+3 pts) | Asegurado con 2 siniestros recientes (+4 pts) | Robo reportado con mas de 48 horas de demora (+8 pts),0.0917312804155212,0
SIN-00039,POL-00503,ASG-00053,Hogar,Robo,2024-11-17,2024-11-19,25850.71,25155.49,22789.25,Pago Total,Sur,Accidente en carretera con policia presente. Croquis firmado por ambas partes.,False,Taller Premium,P008,26,339,2,2,Guayaquil,30832.89,0,12,VERDE,Siniestro ocurrido en los primeros 30 dias de la poliza (+4 pts) | Asegurado con 2 siniestros recientes (+4 pts) | Documentos incompletos o faltantes (+4 pts),0.07850022057827244,0
SIN-00040,POL-00577,ASG-00156,Generales,Dano parcial,2025-12-22,2025-12-27,11813.57,10533.15,9335.62,Liquidado,Norte,Colision leve en interseccion con semaforo. El tercero presento sus datos.,False,Grua Rapida,P007,27,338,5,3,Ambato,16168.59,0,29,AMARILLO,Siniestro ocurrido en los primeros 30 dias de la poliza (+4 pts) | Reporte con demora de 4 a 7 dias (+3 pts) | Asegurado con 3 o mas siniestros en 18 meses (+8 pts) | Documentos incompletos o faltantes (+4 pts) | Proveedor en lista restrictiva (+10 pts),0.08470174624453253,0
SIN-00041,POL-00213,ASG-00321,Generales,Robo,2025-12-07,2025-12-21,32878.84,27005.16,0.0,Pago Total,Centro,El asegurado reporta que su vehiculo fue robado en un estacionamiento sin camaras.,False,Taller El Veloz,P001,8,357,14,6,Quito,34719.27,1,43,ROJO,Siniestro ocurrido en los primeros 10 dias de la poliza (+8 pts) | Reporte tardio: mas de 7 dias despues del evento (+5 pts) | Asegurado con 3 o mas siniestros en 18 meses (+8 pts) | Documentos incompletos o faltantes (+4 pts) | Proveedor en lista restrictiva (+10 pts) | Robo reportado con mas de 48 horas de demora (+8 pts),-0.0611171773852226,1
SIN-00042,POL-00203,ASG-00218,Salud,Choque,2024-08-29,2024-09-04,12353.11,11619.45,9193.63,Negativa,Centro,Accidente en carretera con policia presente. Croquis firmado por ambas partes.,False,Taller Central,P005,20,345,6,2,Guayaquil,15116.43,0,15,VERDE,Siniestro ocurrido en los primeros 30 dias de la poliza (+4 pts) | Reporte con demora de 4 a 7 dias (+3 pts) | Asegurado con 2 siniestros recientes (+4 pts) | Documentos incompletos o faltantes (+4 pts),0.07756570245442385,0
SIN-00043,POL-00513,ASG-00277,Hogar,Robo,2025-01-30,2025-02-14,8478.48,7979.52,0.0,Cierre Sin Consecuencia,Este,El vehiculo fue impactado por un tercero que se dio a la fuga sin dejar datos.,False,Grua Rapida,P007,4,361,15,4,Cuenca,8619.88,1,48,ROJO,Siniestro ocurrido en los primeros 10 dias de la poliza (+8 pts) | Reporte tardio: mas de 7 dias despues del evento (+5 pts) | Asegurado con 3 o mas siniestros en 18 meses (+8 pts) | Documentos incompletos o faltantes (+4 pts) | Proveedor en lista restrictiva (+10 pts) | Monto reclamado es el 98% de la suma asegurada (+5 pts) | Robo reportado con mas de 48 horas de demora (+8 pts),-0.057960998664772445,1
SIN-00044,POL-00285,ASG-00093,Vida,Atencion medica,2024-08-23,2024-08-26,17123.13,17877.74,15464.76,Negativa,Norte,Colision leve en interseccion con semaforo. El tercero presento sus datos.,False,Clinica San Marcos,P002,14,351,3,3,Manta,24614.82,0,26,AMARILLO,Siniestro ocurrido en los primeros 30 dias de la poliza (+4 pts) | Asegurado con 3 o mas siniestros en 18 meses (+8 pts) | Documentos incompletos o faltantes (+4 pts) | Proveedor en lista restrictiva (+10 pts),0.09149514760918392,0
SIN-00045,POL-00323,ASG-00130,Generales,Robo,2026-02-27,2026-03-09,46822.11,45172.37,0.0,Pago Parcial,Este,Colision frontal con vehiculo desconocido en horas de la madrugada sin testigos.,False,Clinica San Marcos,P002,9,356,10,5,Manta,48658.31,1,48,ROJO,Siniestro ocurrido en los primeros 10 dias de la poliza (+8 pts) | Reporte tardio: mas de 7 dias despues del evento (+5 pts) | Asegurado con 3 o mas siniestros en 18 meses (+8 pts) | Documentos incompletos o faltantes (+4 pts) | Proveedor en lista restrictiva (+10 pts) | Monto reclamado es el 96% de la suma asegurada (+5 pts) | Robo reportado con mas de 48 horas de demora (+8 pts),-0.05945546421460379,1
SIN-00046,POL-00497,ASG-00063,Hogar,Dano parcial,2026-01-31,2026-01-31,5039.85,5463.79,4886.34,Pago Total,Este,Colision leve en interseccion con semaforo. El tercero presento sus datos.,True,Taller Norte,P003,268,97,0,1,Guayaquil,33351.0,0,0,VERDE,Sin alertas detectadas,0.03758125273642221,0
SIN-00047,POL-00299,ASG-00261,Salud,Robo,2024-12-01,2024-12-15,22531.74,24340.46,0.0,Liquidado,Centro,Impacto en la parte trasera por vehiculo que huyo del lugar del accidente.,False,Taller El Veloz,P001,4,361,14,5,Ambato,23697.07,1,48,ROJO,Siniestro ocurrido en los primeros 10 dias de la poliza (+8 pts) | Reporte tardio: mas de 7 dias despues del evento (+5 pts) | Asegurado con 3 o mas siniestros en 18 meses (+8 pts) | Documentos incompletos o faltantes (+4 pts) | Proveedor en lista restrictiva (+10 pts) | Monto reclamado es el 95% de la suma asegurada (+5 pts) | Robo reportado con mas de 48 horas de demora (+8 pts),-0.019541928046398205,1
SIN-00048,POL-00003,ASG-00145,Salud,Incendio,2025-02-19,2025-02-21,12736.04,11928.62,9501.54,Pago Total,Sur,Choque en parqueadero de centro comercial con camaras de seguridad.,True,Taller Premium,P008,91,274,2,1,Ambato,42686.42,0,0,VERDE,Sin alertas detectadas,0.08276762651801434,0
SIN-00049,POL-00586,ASG-00197,Vida,Incendio,2026-05-03,2026-05-04,10888.49,10351.55,9078.87,Reserva,Este,Colision leve en interseccion con semaforo. El tercero presento sus datos.,True,Taller Premium,P008,66,299,1,0,Loja,39899.5,0,0,VERDE,Sin alertas detectadas,0.06505590556236107,0
SIN-00050,POL-00103,ASG-00270,Vehiculos,Incendio,2025-01-19,2025-01-26,3546.93,3852.82,3421.46,Negativa,Oeste,Choque en parqueadero de centro comercial con camaras de seguridad.,False,Taller Norte,P003,23,342,7,3,Cuenca,5690.64,0,19,VERDE,Siniestro ocurrido en los primeros 30 dias de la poliza (+4 pts) | Reporte con demora de 4 a 7 dias (+3 pts) | Asegurado con 3 o mas siniestros en 18 meses (+8 pts) | Documentos incompletos o faltantes (+4 pts),0.0036718284593786343,0
SIN-00051,POL-00037,ASG-00317,Vehiculos,Incendio,2025-11-29,2025-11-29,8339.05,6786.3,6371.27,Pago Parcial,Centro,Robo de autopartes reportado inmediatamente a la policia. Denuncia adjunta.,True,Peritajes Express,P004,331,34,0,0,Guayaquil,33402.25,0,0,VERDE,Sin alertas detectadas,0.008452716424061202,0
SIN-00052,POL-00384,ASG-00221,Salud,Robo,2025-10-31,2025-11-03,9505.15,10207.09,7583.21,Negativa,Centro,Dano por granizo en estacionamiento del trabajo. Evidencia fotografica adjunta.,True,Taller Norte,P003,355,10,3,1,Guayaquil,28902.48,0,8,VERDE,Robo reportado con mas de 48 horas de demora (+8 pts),0.020718847534008322,0
SIN-00053,POL-00471,ASG-00131,Generales,Robo,2026-10-12,2026-10-14,22472.88,22632.3,18944.38,Pago Parcial,Sur,Robo de autopartes reportado inmediatamente a la policia. Denuncia adjunta.,True,Taller Central,P005,226,139,2,1,Guayaquil,45450.88,0,0,VERDE,Sin alertas detectadas,0.00410984268840886,0
SIN-00054,POL-00394,ASG-00248,Hogar,Choque,2025-01-12,2025-01-18,18856.45,19473.48,14975.8,Pago Parcial,Sur,Accidente en carretera con policia presente. Croquis firmado por ambas partes.,True,Taller Central,P005,11,354,6,3,Loja,22161.39,0,15,VERDE,Siniestro ocurrido en los primeros 30 dias de la poliza (+4 pts) | Reporte con demora de 4 a 7 dias (+3 pts) | Asegurado con 3 o mas siniestros en 18 meses (+8 pts),0.09776452351926679,0
SIN-00055,POL-00195,ASG-00318,Vehiculos,Robo,2024-11-12,2024-11-17,37361.28,38267.08,0.0,Pago Total,Sur,El asegurado reporta que su vehiculo fue robado en un estacionamiento sin camaras.,False,Grua Rapida,P007,8,357,5,5,Loja,39000.98,1,46,ROJO,Siniestro ocurrido en los primeros 10 dias de la poliza (+8 pts) | Reporte con demora de 4 a 7 dias (+3 pts) | Asegurado con 3 o mas siniestros en 18 meses (+8 pts) | Documentos incompletos o faltantes (+4 pts) | Proveedor en lista restrictiva (+10 pts) | Monto reclamado es el 96% de la suma asegurada (+5 pts) | Robo reportado con mas de 48 horas de demora (+8 pts),-0.003953276121331117,1
SIN-00056,POL-00136,ASG-00277,Salud,Atencion medica,2027-02-20,2027-02-22,8283.91,7791.01,5629.7,Pago Total,Este,Robo de autopartes reportado inmediatamente a la policia. Denuncia adjunta.,True,Taller Central,P005,278,87,2,0,Manta,21463.59,0,0,VERDE,Sin alertas detectadas,0.06004685511844632,0
SIN-00057,POL-00571,ASG-00188,Vida,Atencion medica,2025-04-24,2025-04-26,7123.77,7141.23,6008.94,Liquidado,Oeste,Robo de autopartes reportado inmediatamente a la policia. Denuncia adjunta.,True,Clinica San Marcos,P002,197,168,2,0,Loja,22755.86,0,10,VERDE,Proveedor en lista restrictiva (+10 pts),0.07416760514201193,0
SIN-00058,POL-00336,ASG-00313,Vida,Robo,2025-11-16,2025-11-25,7841.58,7340.45,0.0,Cierre Sin Consecuencia,Oeste,Colision frontal con vehiculo desconocido en horas de la madrugada sin testigos.,False,Taller El Veloz,P001,1,364,9,6,Quito,7844.77,1,48,ROJO,Siniestro ocurrido en los primeros 10 dias de la poliza (+8 pts) | Reporte tardio: mas de 7 dias despues del evento (+5 pts) | Asegurado con 3 o mas siniestros en 18 meses (+8 pts) | Documentos incompletos o faltantes (+4 pts) | Proveedor en lista restrictiva (+10 pts) | Monto reclamado es el 100% de la suma asegurada (+5 pts) | Robo reportado con mas de 48 horas de demora (+8 pts),-0.05129874744683138,1
SIN-00059,POL-00430,ASG-00301,Vida,Dano parcial,2025-04-11,2025-04-13,773.66,721.84,711.13,Pago Parcial,Norte,Robo de autopartes reportado inmediatamente a la policia. Denuncia adjunta.,True,Clinica San Marcos,P002,220,145,2,0,Manta,11953.53,0,10,VERDE,Proveedor en lista restrictiva (+10 pts),0.04778828362810206,0
SIN-00060,POL-00377,ASG-00279,Salud,Robo,2025-01-20,2025-02-04,32790.87,33974.4,0.0,Pago Total,Norte,Colision frontal con vehiculo desconocido en horas de la madrugada sin testigos.,False,Taller El Veloz,P001,4,361,15,4,Manta,34017.21,1,48,ROJO,Siniestro ocurrido en los primeros 10 dias de la poliza (+8 pts) | Reporte tardio: mas de 7 dias despues del evento (+5 pts) | Asegurado con 3 o mas siniestros en 18 meses (+8 pts) | Documentos incompletos o faltantes (+4 pts) | Proveedor en lista restrictiva (+10 pts) | Monto reclamado es el 96% de la suma asegurada (+5 pts) | Robo reportado con mas de 48 horas de demora (+8 pts),-0.03452473506434628,1
SIN-00061,POL-00568,ASG-00107,Generales,Choque,2025-01-22,2025-01-23,20560.27,21373.51,15666.31,Reserva,Sur,Choque en parqueadero de centro comercial con camaras de seguridad.,True,Taller Norte,P003,195,170,1,1,Cuenca,41587.38,0,0,VERDE,Sin alertas detectadas,0.017969334323107433,0
SIN-00062,POL-00016,ASG-00184,Hogar,Choque,2025-12-02,2025-12-02,6055.79,6258.08,5344.22,Reserva,Este,Accidente en carretera con policia presente. Croquis firmado por ambas partes.,True,Taller Norte,P003,238,127,0,1,Quito,15706.92,0,0,VERDE,Sin alertas detectadas,0.05620046121205685,0
SIN-00063,POL-00516,ASG-00114,Vida,Robo,2024-08-20,2024-08-31,6552.61,5875.29,0.0,Pago Total,Norte,El vehiculo fue impactado por un tercero que se dio a la fuga sin dejar datos.,False,Taller El Veloz,P001,8,357,11,3,Guayaquil,6951.43,1,43,ROJO,Siniestro ocurrido en los primeros 10 dias de la poliza (+8 pts) | Reporte tardio: mas de 7 dias despues del evento (+5 pts) | Asegurado con 3 o mas siniestros en 18 meses (+8 pts) | Documentos incompletos o faltantes (+4 pts) | Proveedor en lista restrictiva (+10 pts) | Robo reportado con mas de 48 horas de demora (+8 pts),-0.012091497239027138,1
SIN-00064,POL-00130,ASG-00141,Generales,Dano parcial,2026-07-26,2026-07-29,2965.85,2755.34,2662.84,Negativa,Centro,Colision leve en interseccion con semaforo. El tercero presento sus datos.,True,Grua Rapida,P007,259,106,3,0,Cuenca,31341.41,0,10,VERDE,Proveedor en lista restrictiva (+10 pts),0.04203962929336025,0
SIN-00065,POL-00465,ASG-00205,Hogar,Robo,2025-06-23,2025-06-23,844.85,785.34,725.16,Pago Parcial,Sur,Colision leve en interseccion con semaforo. El tercero presento sus datos.,True,Taller Central,P005,68,297,0,0,Loja,9278.86,0,0,VERDE,Sin alertas detectadas,0.013418909945754676,0
SIN-00066,POL-00570,ASG-00031,Vida,Atencion medica,2026-08-12,2026-08-15,13338.83,13073.69,10530.78,Liquidado,Oeste,Colision leve en interseccion con semaforo. El tercero presento sus datos.,True,Clinica San Marcos,P002,261,104,3,1,Loja,30271.39,0,10,VERDE,Proveedor en lista restrictiva (+10 pts),0.049935676952044816,0
SIN-00067,POL-00218,ASG-00080,Vehiculos,Atencion medica,2026-06-04,2026-06-10,13319.61,11376.61,10361.93,Pago Parcial,Centro,Colision leve en interseccion con semaforo. El tercero presento sus datos.,True,Clinica del Sur,P006,24,341,6,2,Ambato,15091.02,0,11,VERDE,Siniestro ocurrido en los primeros 30 dias de la poliza (+4 pts) | Reporte con demora de 4 a 7 dias (+3 pts) | Asegurado con 2 siniestros recientes (+4 pts),0.07597833257780284,0
SIN-00068,POL-00360,ASG-00004,Salud,Responsabilidad Civil,2027-04-12,2027-04-12,4415.42,4088.46,3280.04,Pago Parcial,Centro,Dano por granizo en estacionamiento del trabajo. Evidencia fotografica adjunta.,True,Clinica San Marcos,P002,359,6,0,1,Loja,11446.32,0,10,VERDE,Proveedor en lista restrictiva (+10 pts),-0.0161769356609206,1
SIN-00069,POL-00333,ASG-00398,Salud,Dano parcial,2027-03-23,2027-03-25,7938.45,7796.53,6426.33,Pago Total,Oeste,Accidente en carretera con policia presente. Croquis firmado por ambas partes.,True,Taller Norte,P003,357,8,2,1,Guayaquil,31830.07,0,0,VERDE,Sin alertas detectadas,0.036959325685344546,0
SIN-00070,POL-00117,ASG-00177,Generales,Robo,2026-02-15,2026-03-01,16068.7,14250.27,0.0,Reserva,Norte,Colision frontal con vehiculo desconocido en horas de la madrugada sin testigos.,False,Taller El Veloz,P001,7,358,14,5,Cuenca,17746.09,1,43,ROJO,Siniestro ocurrido en los primeros 10 dias de la poliza (+8 pts) | Reporte tardio: mas de 7 dias despues del evento (+5 pts) | Asegurado con 3 o mas siniestros en 18 meses (+8 pts) | Documentos incompletos o faltantes (+4 pts) | Proveedor en lista restrictiva (+10 pts) | Robo reportado con mas de 48 horas de demora (+8 pts),-0.007710588913652172,1
SIN-00071,POL-00510,ASG-00383,Generales,Dano parcial,2025-05-19,2025-05-19,2472.82,1992.16,1945.04,Pago Parcial,Oeste,Colision leve en interseccion con semaforo. El tercero presento sus datos.,True,Peritajes Express,P004,148,217,0,1,Loja,10813.36,0,0,VERDE,Sin alertas detectadas,0.055677063391373016,0
SIN-00072,POL-00440,ASG-00294,Vehiculos,Atencion medica,2026-08-31,2026-09-03,14347.82,13358.01,9774.84,Negativa,Oeste,Robo de autopartes reportado inmediatamente a la policia. Denuncia adjunta.,True,Grua Rapida,P007,183,182,3,0,Quito,33806.38,0,10,VERDE,Proveedor en lista restrictiva (+10 pts),0.057930641076689715,0
SIN-00073,POL-00411,ASG-00269,Hogar,Robo,2025-08-01,2025-08-01,12756.11,11548.49,11403.75,Cierre Sin Consecuencia,Sur,Dano por granizo en estacionamiento del trabajo. Evidencia fotografica adjunta.,True,Peritajes Express,P004,305,60,0,1,Guayaquil,44173.6,0,0,VERDE,Sin alertas detectadas,0.009906644297575373,0
SIN-00074,POL-00242,ASG-00053,Salud,Responsabilidad Civil,2026-09-11,2026-09-14,4947.37,5240.62,4654.54,Pago Total,Este,Choque en parqueadero de centro comercial con camaras de seguridad.,True,Clinica San Marcos,P002,140,225,3,1,Manta,13877.23,0,10,VERDE,Proveedor en lista restrictiva (+10 pts),0.08604870643578322,0
SIN-00075,POL-00070,ASG-00241,Hogar,Dano parcial,2024-10-04,2024-10-06,11483.46,11305.5,9633.65,Negativa,Oeste,Colision frontal con vehiculo desconocido en horas de la madrugada sin testigos.,False,Taller El Veloz,P001,25,340,2,2,Guayaquil,18626.92,0,22,AMARILLO,Siniestro ocurrido en los primeros 30 dias de la poliza (+4 pts) | Asegurado con 2 siniestros recientes (+4 pts) | Documentos incompletos o faltantes (+4 pts) | Proveedor en lista restrictiva (+10 pts),0.09198533881792859,0
SIN-00076,POL-00568,ASG-00379,Hogar,Dano parcial,2026-09-05,2026-09-05,6378.54,6068.32,4561.97,Pago Total,Este,Robo de autopartes reportado inmediatamente a la policia. Denuncia adjunta.,True,Peritajes Express,P004,227,138,0,0,Manta,25238.02,0,0,VERDE,Sin alertas detectadas,0.05706003825215178,0
SIN-00077,POL-00450,ASG-00269,Vida,Incendio,2026-05-08,2026-05-08,4920.0,4422.62,3836.13,Negativa,Centro,Robo de autopartes reportado inmediatamente a la policia. Denuncia adjunta.,True,Taller Central,P005,239,126,0,0,Cuenca,12143.58,0,0,VERDE,Sin alertas detectadas,0.02632729253384891,0
SIN-00078,POL-00259,ASG-00371,Hogar,Choque,2027-02-16,2027-02-18,9176.55,8979.37,8812.36,Pago Parcial,Oeste,Accidente en carretera con policia presente. Croquis firmado por ambas partes.,True,Taller Norte,P003,320,45,2,0,Ambato,48398.45,0,0,VERDE,Sin alertas detectadas,-0.0040037890332412784,1
SIN-00079,POL-00386,ASG-00330,Vida,Robo,2024-09-10,2024-09-17,41390.22,35036.14,0.0,Pago Parcial,Norte,Colision frontal con vehiculo desconocido en horas de la madrugada sin testigos.,False,Clinica San Marcos,P002,5,360,7,4,Cuenca,41593.32,1,46,ROJO,Siniestro ocurrido en los primeros 10 dias de la poliza (+8 pts) | Reporte con demora de 4 a 7 dias (+3 pts) | Asegurado con 3 o mas siniestros en 18 meses (+8 pts) | Documentos incompletos o faltantes (+4 pts) | Proveedor en lista restrictiva (+10 pts) | Monto reclamado es el 100% de la suma asegurada (+5 pts) | Robo reportado con mas de 48 horas de demora (+8 pts),0.0013031247629620157,0
SIN-00080,POL-00520,ASG-00395,Generales,Robo,2025-07-31,2025-08-03,32162.43,29694.21,26811.17,Pago Total,Este,Accidente en carretera con policia presente. Croquis firmado por ambas partes.,True,Clinica del Sur,P006,16,349,3,2,Ambato,38238.98,0,16,VERDE,Siniestro ocurrido en los primeros 30 dias de la poliza (+4 pts) | Asegurado con 2 siniestros recientes (+4 pts) | Robo reportado con mas de 48 horas de demora (+8 pts),0.06522489958496452,0
SIN-00081,POL-00292,ASG-00386,Vida,Robo,2026-05-15,2026-05-18,6495.9,6176.77,5099.53,Pago Total,Sur,Robo de autopartes reportado inmediatamente a la policia. Denuncia adjunta.,True,Taller Central,P005,258,107,3,1,Cuenca,25201.76,0,8,VERDE,Robo reportado con mas de 48 horas de demora (+8 pts),0.06567675178008109,0
SIN-00082,POL-00142,ASG-00129,Generales,Robo,2024-08-31,2024-09-09,25160.31,26292.8,0.0,Pago Parcial,Norte,El vehiculo fue impactado por un tercero que se dio a la fuga sin dejar datos.,False,Grua Rapida,P007,3,362,9,4,Cuenca,26626.58,1,43,ROJO,Siniestro ocurrido en los primeros 10 dias de la poliza (+8 pts) | Reporte tardio: mas de 7 dias despues del evento (+5 pts) | Asegurado con 3 o mas siniestros en 18 meses (+8 pts) | Documentos incompletos o faltantes (+4 pts) | Proveedor en lista restrictiva (+10 pts) | Robo reportado con mas de 48 horas de demora (+8 pts),0.025736924311123177,0
SIN-00083,POL-00425,ASG-00028,Hogar,Robo,2025-09-05,2025-09-12,17211.34,15250.35,14471.49,Cierre Sin Consecuencia,Sur,El asegurado reporta que su vehiculo fue robado en un estacionamiento sin camaras.,True,Clinica San Marcos,P002,14,351,7,2,Guayaquil,21828.27,0,29,AMARILLO,Siniestro ocurrido en los primeros 30 dias de la poliza (+4 pts) | Reporte con demora de 4 a 7 dias (+3 pts) | Asegurado con 2 siniestros recientes (+4 pts) | Proveedor en lista restrictiva (+10 pts) | Robo reportado con mas de 48 horas de demora (+8 pts),0.08907329999325853,0
SIN-00084,POL-00481,ASG-00230,Salud,Dano parcial,2025-06-22,2025-06-25,4577.92,4075.93,2911.54,Negativa,Oeste,Robo de autopartes reportado inmediatamente a la policia. Denuncia adjunta.,True,Peritajes Express,P004,337,28,3,0,Loja,45763.59,0,0,VERDE,Sin alertas detectadas,-0.017143182348188568,1
SIN-00085,POL-00469,ASG-00033,Generales,Dano parcial,2026-06-03,2026-06-05,11119.98,9698.5,8000.97,Cierre Sin Consecuencia,Norte,Choque en parqueadero de centro comercial con camaras de seguridad.,True,Taller El Veloz,P001,186,179,2,1,Quito,45731.61,0,10,VERDE,Proveedor en lista restrictiva (+10 pts),0.06138850013934172,0
SIN-00086,POL-00537,ASG-00185,Vida,Incendio,2025-01-06,2025-01-08,4706.41,4878.46,3919.55,Cierre Sin Consecuencia,Norte,Colision leve en interseccion con semaforo. El tercero presento sus datos.,True,Taller El Veloz,P001,112,253,2,1,Guayaquil,28672.68,0,10,VERDE,Proveedor en lista restrictiva (+10 pts),0.09736680430278677,0
SIN-00087,POL-00596,ASG-00377,Salud,Responsabilidad Civil,2026-06-21,2026-06-24,3678.24,3732.73,3669.58,Reserva,Centro,Dano por granizo en estacionamiento del trabajo. Evidencia fotografica adjunta.,True,Clinica del Sur,P006,37,328,3,0,Manta,11003.43,0,0,VERDE,Sin alertas detectadas,0.05682068427503045,0
SIN-00088,POL-00207,ASG-00023,Generales,Incendio,2025-06-11,2025-06-11,17449.91,15828.68,14787.98,Cierre Sin Consecuencia,Centro,Dano por granizo en estacionamiento del trabajo. Evidencia fotografica adjunta.,True,Taller Central,P005,82,283,0,1,Ambato,44860.57,0,0,VERDE,Sin alertas detectadas,0.029436014751923034,0
SIN-00089,POL-00280,ASG-00064,Vida,Atencion medica,2025-07-22,2025-07-25,5310.05,5524.28,5071.98,Reserva,Este,Choque en parqueadero de centro comercial con camaras de seguridad.,True,Taller Premium,P008,243,122,3,1,Quito,24662.81,0,0,VERDE,Sin alertas detectadas,0.06242034459797002,0
SIN-00090,POL-00185,ASG-00280,Hogar,Incendio,2024-11-25,2024-11-26,3465.88,2816.74,2706.92,Pago Parcial,Oeste,Robo de autopartes reportado inmediatamente a la policia. Denuncia adjunta.,True,Taller Central,P005,171,194,1,1,Ambato,9616.91,0,0,VERDE,Sin alertas detectadas,0.06832705939692069,0
SIN-00091,POL-00446,ASG-00141,Hogar,Dano parcial,2026-09-20,2026-09-20,4640.47,3760.82,2708.43,Cierre Sin Consecuencia,Centro,Choque en parqueadero de centro comercial con camaras de seguridad.,True,Grua Rapida,P007,137,228,0,1,Loja,40616.5,0,10,VERDE,Proveedor en lista restrictiva (+10 pts),0.0428294473494335,0
SIN-00092,POL-00371,ASG-00197,Hogar,Atencion medica,2026-04-15,2026-04-16,1861.37,1851.82,1434.94,Reserva,Norte,Accidente en carretera con policia presente. Croquis firmado por ambas partes.,True,Taller Premium,P008,209,156,1,1,Manta,6457.34,0,0,VERDE,Sin alertas detectadas,0.040364935986882955,0
SIN-00093,POL-00191,ASG-00256,Vida,Robo,2024-06-27,2024-06-30,29305.52,31345.29,26127.34,Reserva,Centro,Accidente en carretera con policia presente. Croquis firmado por ambas partes.,True,Taller Central,P005,26,339,3,2,Ambato,46109.41,0,16,VERDE,Siniestro ocurrido en los primeros 30 dias de la poliza (+4 pts) | Asegurado con 2 siniestros recientes (+4 pts) | Robo reportado con mas de 48 horas de demora (+8 pts),0.04633484554555001,0
SIN-00094,POL-00356,ASG-00364,Salud,Atencion medica,2025-10-12,2025-10-15,19656.88,18992.6,15396.79,Liquidado,Sur,El vehiculo fue impactado por un tercero que se dio a la fuga sin dejar datos.,False,Taller Norte,P003,17,348,3,3,Ambato,29397.71,0,16,VERDE,Siniestro ocurrido en los primeros 30 dias de la poliza (+4 pts) | Asegurado con 3 o mas siniestros en 18 meses (+8 pts) | Documentos incompletos o faltantes (+4 pts),0.08257488502993326,0
SIN-00095,POL-00089,ASG-00034,Vida,Robo,2025-07-13,2025-07-28,45354.29,42169.76,0.0,Reserva,Norte,Colision frontal con vehiculo desconocido en horas de la madrugada sin testigos.,False,Clinica San Marcos,P002,6,359,15,4,Guayaquil,49981.78,1,43,ROJO,Siniestro ocurrido en los primeros 10 dias de la poliza (+8 pts) | Reporte tardio: mas de 7 dias despues del evento (+5 pts) | Asegurado con 3 o mas siniestros en 18 meses (+8 pts) | Documentos incompletos o faltantes (+4 pts) | Proveedor en lista restrictiva (+10 pts) | Robo reportado con mas de 48 horas de demora (+8 pts),-0.09339980013622184,1
SIN-00096,POL-00531,ASG-00079,Hogar,Dano parcial,2025-11-30,2025-12-02,1699.94,1423.79,1126.0,Liquidado,Norte,Choque en parqueadero de centro comercial con camaras de seguridad.,True,Peritajes Express,P004,326,39,2,1,Cuenca,12288.51,0,0,VERDE,Sin alertas detectadas,0.020255861004803366,0
SIN-00097,POL-00515,ASG-00329,Generales,Robo,2024-11-26,2024-12-05,45719.63,45380.03,0.0,Pago Parcial,Este,Impacto en la parte trasera por vehiculo que huyo del lugar del accidente.,False,Grua Rapida,P007,10,355,9,5,Guayaquil,47372.31,1,48,ROJO,Siniestro ocurrido en los primeros 10 dias de la poliza (+8 pts) | Reporte tardio: mas de 7 dias despues del evento (+5 pts) | Asegurado con 3 o mas siniestros en 18 meses (+8 pts) | Documentos incompletos o faltantes (+4 pts) | Proveedor en lista restrictiva (+10 pts) | Monto reclamado es el 97% de la suma asegurada (+5 pts) | Robo reportado con mas de 48 horas de demora (+8 pts),-0.04995172444303819,1
SIN-00098,POL-00251,ASG-00351,Vida,Incendio,2026-03-12,2026-03-14,8207.19,8373.47,8023.74,Negativa,Sur,Robo de autopartes reportado inmediatamente a la policia. Denuncia adjunta.,True,Taller Norte,P003,89,276,2,1,Manta,25409.49,0,0,VERDE,Sin alertas detectadas,0.1018803109626571,0
SIN-00099,POL-00380,ASG-00264,Vida,Robo,2025-05-29,2025-06-09,19097.23,16365.38,0.0,Pago Total,Este,El asegurado reporta que su vehiculo fue robado en un estacionamiento sin camaras.,False,Clinica San Marcos,P002,5,360,11,5,Quito,19360.21,1,48,ROJO,Siniestro ocurrido en los primeros 10 dias de la poliza (+8 pts) | Reporte tardio: mas de 7 dias despues del evento (+5 pts) | Asegurado con 3 o mas siniestros en 18 meses (+8 pts) | Documentos incompletos o faltantes (+4 pts) | Proveedor en lista restrictiva (+10 pts) | Monto reclamado es el 99% de la suma asegurada (+5 pts) | Robo reportado con mas de 48 horas de demora (+8 pts),0.01730109248008027,0
SIN-00100,POL-00528,ASG-00240,Generales,Incendio,2025-06-17,2025-06-19,11607.37,11154.77,10643.34,Negativa,Sur,Accidente en carretera con policia presente. Croquis firmado por ambas partes.,False,Grua Rapida,P007,22,343,2,3,Quito,18884.32,0,26,AMARILLO,Siniestro ocurrido en los primeros 30 dias de la poliza (+4 pts) | Asegurado con 3 o mas siniestros en 18 meses (+8 pts) | Documentos incompletos o faltantes (+4 pts) | Proveedor en lista restrictiva (+10 pts),0.08829380186980523,0
SIN-00101,POL-00271,ASG-00373,Generales,Dano parcial,2025-09-17,2025-09-19,16481.21,17265.61,15314.12,Liquidado,Norte,Choque en parqueadero de centro comercial con camaras de seguridad.,False,Taller El Veloz,P001,20,345,2,3,Quito,23146.43,0,26,AMARILLO,Siniestro ocurrido en los primeros 30 dias de la poliza (+4 pts) | Asegurado con 3 o mas siniestros en 18 meses (+8 pts) | Documentos incompletos o faltantes (+4 pts) | Proveedor en lista restrictiva (+10 pts),0.08846276224954136,0
SIN-00102,POL-00132,ASG-00050,Salud,Robo,2026-02-01,2026-02-01,2869.68,2987.88,2557.03,Pago Total,Oeste,Dano por granizo en estacionamiento del trabajo. Evidencia fotografica adjunta.,True,Clinica del Sur,P006,35,330,0,1,Ambato,40770.38,0,0,VERDE,Sin alertas detectadas,0.023025638092987966,0
SIN-00103,POL-00528,ASG-00072,Generales,Atencion medica,2026-10-13,2026-10-16,12022.81,12560.53,10180.4,Cierre Sin Consecuencia,Norte,Robo de autopartes reportado inmediatamente a la policia. Denuncia adjunta.,True,Taller Central,P005,176,189,3,1,Ambato,32588.07,0,0,VERDE,Sin alertas detectadas,0.06664655974862599,0
SIN-00104,POL-00427,ASG-00299,Generales,Incendio,2025-01-19,2025-01-20,17024.88,14490.79,12878.07,Liquidado,Este,Choque en parqueadero de centro comercial con camaras de seguridad.,True,Taller El Veloz,P001,137,228,1,1,Cuenca,45444.52,0,10,VERDE,Proveedor en lista restrictiva (+10 pts),0.05077882742039369,0
SIN-00105,POL-00152,ASG-00349,Vehiculos,Incendio,2026-08-23,2026-08-26,11097.95,11784.31,10850.42,Reserva,Sur,Accidente en carretera con policia presente. Croquis firmado por ambas partes.,True,Peritajes Express,P004,308,57,3,1,Cuenca,30765.66,0,0,VERDE,Sin alertas detectadas,0.03565344071129983,0
SIN-00106,POL-00532,ASG-00107,Hogar,Robo,2024-11-05,2024-11-07,14766.16,12664.63,9801.86,Liquidado,Centro,Robo de autopartes reportado inmediatamente a la policia. Denuncia adjunta.,True,Grua Rapida,P007,34,331,2,1,Manta,49915.53,0,10,VERDE,Proveedor en lista restrictiva (+10 pts),0.03734597387715899,0
SIN-00107,POL-00231,ASG-00153,Hogar,Incendio,2026-08-08,2026-08-10,6591.53,7044.55,5764.98,Pago Parcial,Sur,Choque en parqueadero de centro comercial con camaras de seguridad.,True,Taller Premium,P008,151,214,2,1,Cuenca,36720.54,0,0,VERDE,Sin alertas detectadas,0.08826357612406205,0
SIN-00108,POL-00298,ASG-00022,Hogar,Responsabilidad Civil,2025-07-08,2025-07-12,32330.06,31835.51,27889.47,Pago Total,Norte,El asegurado reporta que su vehiculo fue robado en un estacionamiento sin camaras.,False,Taller Premium,P008,28,337,4,2,Manta,37136.36,0,15,VERDE,Siniestro ocurrido en los primeros 30 dias de la poliza (+4 pts) | Reporte con demora de 4 a 7 dias (+3 pts) | Asegurado con 2 siniestros recientes (+4 pts) | Documentos incompletos o faltantes (+4 pts),0.06349620295602482,0
SIN-00109,POL-00544,ASG-00116,Vehiculos,Robo,2025-10-24,2025-10-31,6925.46,6133.36,0.0,Reserva,Norte,El asegurado reporta que su vehiculo fue robado en un estacionamiento sin camaras.,False,Clinica San Marcos,P002,9,356,7,5,Quito,7362.1,1,41,ROJO,Siniestro ocurrido en los primeros 10 dias de la poliza (+8 pts) | Reporte con demora de 4 a 7 dias (+3 pts) | Asegurado con 3 o mas siniestros en 18 meses (+8 pts) | Documentos incompletos o faltantes (+4 pts) | Proveedor en lista restrictiva (+10 pts) | Robo reportado con mas de 48 horas de demora (+8 pts),-0.008253399219096291,1
SIN-00110,POL-00588,ASG-00119,Vida,Robo,2026-01-19,2026-01-22,15188.14,16145.34,11346.62,Liquidado,Oeste,Dano por granizo en estacionamiento del trabajo. Evidencia fotografica adjunta.,True,Taller Norte,P003,58,307,3,1,Guayaquil,37540.3,0,8,VERDE,Robo reportado con mas de 48 horas de demora (+8 pts),0.08390687204439085,0
SIN-00111,POL-00110,ASG-00172,Salud,Dano parcial,2026-01-13,2026-01-17,32038.74,25766.36,20642.3,Pago Parcial,Oeste,Colision leve en interseccion con semaforo. El tercero presento sus datos.,False,Taller Premium,P008,14,351,4,2,Manta,49509.48,0,15,VERDE,Siniestro ocurrido en los primeros 30 dias de la poliza (+4 pts) | Reporte con demora de 4 a 7 dias (+3 pts) | Asegurado con 2 siniestros recientes (+4 pts) | Documentos incompletos o faltantes (+4 pts),0.02703120822027838,0
SIN-00112,POL-00198,ASG-00090,Generales,Atencion medica,2026-04-20,2026-04-20,4492.89,4030.48,3121.26,Pago Parcial,Este,Dano por granizo en estacionamiento del trabajo. Evidencia fotografica adjunta.,True,Grua Rapida,P007,95,270,0,1,Guayaquil,33742.66,0,10,VERDE,Proveedor en lista restrictiva (+10 pts),0.06317699462045945,0
SIN-00113,POL-00242,ASG-00229,Hogar,Responsabilidad Civil,2025-05-31,2025-05-31,16800.2,14245.14,12903.56,Cierre Sin Consecuencia,Centro,Accidente en carretera con policia presente. Croquis firmado por ambas partes.,True,Taller El Veloz,P001,23,342,0,1,Cuenca,47931.57,0,14,VERDE,Siniestro ocurrido en los primeros 30 dias de la poliza (+4 pts) | Proveedor en lista restrictiva (+10 pts),0.014270207855734629,0
SIN-00114,POL-00121,ASG-00328,Salud,Incendio,2025-11-27,2025-11-29,4333.96,4451.87,4187.42,Pago Total,Sur,Choque en parqueadero de centro comercial con camaras de seguridad.,True,Peritajes Express,P004,229,136,2,1,Quito,18276.69,0,0,VERDE,Sin alertas detectadas,0.08983918216520881,0
SIN-00115,POL-00084,ASG-00270,Vehiculos,Dano parcial,2026-02-04,2026-02-07,23751.4,24109.46,20412.24,Liquidado,Este,Colision frontal con vehiculo desconocido en horas de la madrugada sin testigos.,False,Clinica San Marcos,P002,28,337,3,2,Ambato,36669.48,0,22,AMARILLO,Siniestro ocurrido en los primeros 30 dias de la poliza (+4 pts) | Asegurado con 2 siniestros recientes (+4 pts) | Documentos incompletos o faltantes (+4 pts) | Proveedor en lista restrictiva (+10 pts),0.08620206182840423,0
SIN-00116,POL-00057,ASG-00233,Hogar,Responsabilidad Civil,2024-11-08,2024-11-15,15713.73,14195.13,10208.12,Reserva,Norte,El vehiculo fue impactado por un tercero que se dio a la fuga sin dejar datos.,True,Taller Premium,P008,11,354,7,3,Guayaquil,23694.11,0,15,VERDE,Siniestro ocurrido en los primeros 30 dias de la poliza (+4 pts) | Reporte con demora de 4 a 7 dias (+3 pts) | Asegurado con 3 o mas siniestros en 18 meses (+8 pts),0.09374042724219467,0
SIN-00117,POL-00484,ASG-00017,Hogar,Incendio,2025-03-26,2025-03-29,2869.25,2857.95,2298.74,Pago Total,Oeste,Choque en parqueadero de centro comercial con camaras de seguridad.,True,Grua Rapida,P007,251,114,3,0,Manta,13099.16,0,10,VERDE,Proveedor en lista restrictiva (+10 pts),0.04570288453910448,0
SIN-00118,POL-00403,ASG-00271,Hogar,Incendio,2026-11-05,2026-11-08,14191.46,13314.25,9939.57,Pago Total,Norte,Dano por granizo en estacionamiento del trabajo. Evidencia fotografica adjunta.,True,Taller El Veloz,P001,326,39,3,0,Loja,49042.6,0,10,VERDE,Proveedor en lista restrictiva (+10 pts),-0.022789319733682478,1
SIN-00119,POL-00033,ASG-00339,Salud,Robo,2024-11-03,2024-11-15,37884.77,35296.82,0.0,Liquidado,Sur,El vehiculo fue impactado por un tercero que se dio a la fuga sin dejar datos.,False,Grua Rapida,P007,1,364,12,6,Guayaquil,39472.41,1,48,ROJO,Siniestro ocurrido en los primeros 10 dias de la poliza (+8 pts) | Reporte tardio: mas de 7 dias despues del evento (+5 pts) | Asegurado con 3 o mas siniestros en 18 meses (+8 pts) | Documentos incompletos o faltantes (+4 pts) | Proveedor en lista restrictiva (+10 pts) | Monto reclamado es el 96% de la suma asegurada (+5 pts) | Robo reportado con mas de 48 horas de demora (+8 pts),-0.05340774122145675,1
SIN-00120,POL-00058,ASG-00072,Generales,Dano parcial,2026-09-16,2026-09-17,3347.42,3093.24,2420.6,Liquidado,Oeste,Dano por granizo en estacionamiento del trabajo. Evidencia fotografica adjunta.,True,Clinica del Sur,P006,148,217,1,0,Loja,18016.86,0,0,VERDE,Sin alertas detectadas,0.08232309701554863,0
SIN-00121,POL-00180,ASG-00321,Vida,Dano parcial,2026-04-27,2026-04-30,3515.99,3608.55,3038.6,Pago Total,Centro,Accidente en carretera con policia presente. Croquis firmado por ambas partes.,True,Clinica del Sur,P006,2,363,3,0,Cuenca,30013.28,0,8,VERDE,Siniestro ocurrido en los primeros 10 dias de la poliza (+8 pts),0.03784079240723437,0
SIN-00122,POL-00148,ASG-00238,Vida,Robo,2026-05-05,2026-05-10,25629.99,20900.26,16995.05,Liquidado,Oeste,Choque en parqueadero de centro comercial con camaras de seguridad.,True,Taller Norte,P003,13,352,5,2,Cuenca,30307.37,0,19,VERDE,Siniestro ocurrido en los primeros 30 dias de la poliza (+4 pts) | Reporte con demora de 4 a 7 dias (+3 pts) | Asegurado con 2 siniestros recientes (+4 pts) | Robo reportado con mas de 48 horas de demora (+8 pts),0.0859500666726622,0
SIN-00123,POL-00041,ASG-00038,Vida,Robo,2025-02-24,2025-02-27,34240.18,34537.65,31468.31,Negativa,Sur,Accidente en carretera con policia presente. Croquis firmado por ambas partes.,True,Peritajes Express,P004,11,354,3,2,Cuenca,39276.34,0,16,VERDE,Siniestro ocurrido en los primeros 30 dias de la poliza (+4 pts) | Asegurado con 2 siniestros recientes (+4 pts) | Robo reportado con mas de 48 horas de demora (+8 pts),0.04987389567732747,0
SIN-00124,POL-00566,ASG-00165,Hogar,Atencion medica,2026-05-25,2026-05-28,5747.14,6174.15,5008.54,Negativa,Norte,Accidente en carretera con policia presente. Croquis firmado por ambas partes.,True,Clinica del Sur,P006,23,342,3,1,Cuenca,22129.78,0,4,VERDE,Siniestro ocurrido en los primeros 30 dias de la poliza (+4 pts),0.08521854782739557,0
SIN-00125,POL-00577,ASG-00114,Hogar,Robo,2025-07-21,2025-07-27,4822.71,4230.47,4004.05,Cierre Sin Consecuencia,Este,Choque en parqueadero de centro comercial con camaras de seguridad.,False,Grua Rapida,P007,23,342,6,3,Quito,5729.9,0,37,AMARILLO,Siniestro ocurrido en los primeros 30 dias de la poliza (+4 pts) | Reporte con demora de 4 a 7 dias (+3 pts) | Asegurado con 3 o mas siniestros en 18 meses (+8 pts) | Documentos incompletos o faltantes (+4 pts) | Proveedor en lista restrictiva (+10 pts) | Robo reportado con mas de 48 horas de demora (+8 pts),0.02572506285771048,0
SIN-00126,POL-00472,ASG-00087,Salud,Dano parcial,2025-04-21,2025-04-21,8914.18,9175.38,7557.92,Cierre Sin Consecuencia,Sur,Colision leve en interseccion con semaforo. El tercero presento sus datos.,True,Taller Premium,P008,251,114,0,0,Loja,20847.93,0,0,VERDE,Sin alertas detectadas,0.04425671742905263,0
SIN-00127,POL-00070,ASG-00363,Generales,Responsabilidad Civil,2025-10-08,2025-10-11,5145.53,4937.98,4065.94,Reserva,Oeste,Colision leve en interseccion con semaforo. El tercero presento sus datos.,True,Taller El Veloz,P001,334,31,3,0,Loja,14842.39,0,10,VERDE,Proveedor en lista restrictiva (+10 pts),0.00897892155388702,0
SIN-00128,POL-00282,ASG-00275,Salud,Choque,2026-06-13,2026-06-14,787.05,822.12,641.42,Negativa,Norte,Choque en parqueadero de centro comercial con camaras de seguridad.,True,Grua Rapida,P007,106,259,1,1,Guayaquil,5771.42,0,10,VERDE,Proveedor en lista restrictiva (+10 pts),0.02508676076675942,0
SIN-00129,POL-00383,ASG-00208,Vehiculos,Responsabilidad Civil,2025-09-23,2025-09-23,3705.07,3026.43,2127.08,Pago Total,Norte,Accidente en carretera con policia presente. Croquis firmado por ambas partes.,True,Taller Central,P005,162,203,0,1,Loja,15944.36,0,0,VERDE,Sin alertas detectadas,0.06897236633640969,0
SIN-00130,POL-00512,ASG-00223,Generales,Choque,2024-11-24,2024-11-29,13509.36,11534.38,11016.81,Reserva,Sur,Colision leve en interseccion con semaforo. El tercero presento sus datos.,True,Clinica San Marcos,P002,29,336,5,2,Quito,19907.18,0,21,AMARILLO,Siniestro ocurrido en los primeros 30 dias de la poliza (+4 pts) | Reporte con demora de 4 a 7 dias (+3 pts) | Asegurado con 2 siniestros recientes (+4 pts) | Proveedor en lista restrictiva (+10 pts),0.09228216606411532,0
SIN-00131,POL-00148,ASG-00386,Salud,Dano parcial,2025-07-14,2025-07-17,14874.9,13612.82,12549.98,Cierre Sin Consecuencia,Norte,Choque en parqueadero de centro comercial con camaras de seguridad.,True,Taller Central,P005,87,278,3,1,Quito,41940.61,0,0,VERDE,Sin alertas detectadas,0.07231031459579818,0
SIN-00132,POL-00513,ASG-00382,Hogar,Dano parcial,2027-01-14,2027-01-17,3604.45,3569.26,3337.49,Negativa,Este,Robo de autopartes reportado inmediatamente a la policia. Denuncia adjunta.,True,Clinica San Marcos,P002,280,85,3,0,Ambato,7416.34,0,10,VERDE,Proveedor en lista restrictiva (+10 pts),0.007893450456774809,0
SIN-00133,POL-00234,ASG-00183,Vehiculos,Dano parcial,2025-11-29,2025-11-29,1902.98,1928.68,1716.85,Cierre Sin Consecuencia,Este,Dano por granizo en estacionamiento del trabajo. Evidencia fotografica adjunta.,True,Grua Rapida,P007,243,122,0,1,Cuenca,21894.21,0,10,VERDE,Proveedor en lista restrictiva (+10 pts),0.04513266923820758,0
SIN-00134,POL-00325,ASG-00185,Hogar,Robo,2025-10-15,2025-10-27,5001.93,4532.62,0.0,Reserva,Oeste,El vehiculo fue impactado por un tercero que se dio a la fuga sin dejar datos.,False,Grua Rapida,P007,7,358,12,3,Quito,5233.79,1,48,ROJO,Siniestro ocurrido en los primeros 10 dias de la poliza (+8 pts) | Reporte tardio: mas de 7 dias despues del evento (+5 pts) | Asegurado con 3 o mas siniestros en 18 meses (+8 pts) | Documentos incompletos o faltantes (+4 pts) | Proveedor en lista restrictiva (+10 pts) | Monto reclamado es el 96% de la suma asegurada (+5 pts) | Robo reportado con mas de 48 horas de demora (+8 pts),-0.0289477289381066,1
SIN-00135,POL-00333,ASG-00198,Generales,Dano parcial,2026-05-24,2026-05-25,2656.89,2518.56,1810.79,Negativa,Centro,Robo de autopartes reportado inmediatamente a la policia. Denuncia adjunta.,True,Peritajes Express,P004,232,133,1,1,Quito,23621.45,0,0,VERDE,Sin alertas detectadas,0.06715899286680627,0
SIN-00136,POL-00432,ASG-00154,Vida,Dano parcial,2026-01-19,2026-01-22,5824.45,6064.55,4844.74,Pago Parcial,Este,Dano por granizo en estacionamiento del trabajo. Evidencia fotografica adjunta.,False,Peritajes Express,P004,14,351,3,3,Ambato,8461.46,0,16,VERDE,Siniestro ocurrido en los primeros 30 dias de la poliza (+4 pts) | Asegurado con 3 o mas siniestros en 18 meses (+8 pts) | Documentos incompletos o faltantes (+4 pts),0.048338489139952034,0
SIN-00137,POL-00140,ASG-00154,Salud,Incendio,2026-01-26,2026-02-01,39377.15,41147.09,33653.4,Reserva,Oeste,Robo de autopartes reportado inmediatamente a la policia. Denuncia adjunta.,False,Clinica del Sur,P006,26,339,6,3,Cuenca,47627.55,0,19,VERDE,Siniestro ocurrido en los primeros 30 dias de la poliza (+4 pts) | Reporte con demora de 4 a 7 dias (+3 pts) | Asegurado con 3 o mas siniestros en 18 meses (+8 pts) | Documentos incompletos o faltantes (+4 pts),0.01921012689956325,0
SIN-00138,POL-00205,ASG-00304,Vida,Responsabilidad Civil,2026-10-19,2026-10-21,5554.02,5564.54,4127.52,Pago Parcial,Sur,Colision leve en interseccion con semaforo. El tercero presento sus datos.,True,Taller El Veloz,P001,260,105,2,1,Quito,13096.72,0,10,VERDE,Proveedor en lista restrictiva (+10 pts),0.05150610309934611,0
SIN-00139,POL-00259,ASG-00338,Generales,Incendio,2024-11-07,2024-11-10,7083.38,5899.12,4568.69,Cierre Sin Consecuencia,Centro,Robo de autopartes reportado inmediatamente a la policia. Denuncia adjunta.,True,Taller Premium,P008,124,241,3,0,Ambato,24040.76,0,0,VERDE,Sin alertas detectadas,0.07590085031203092,0
SIN-00140,POL-00171,ASG-00332,Hogar,Robo,2025-04-18,2025-04-26,28860.06,27097.26,0.0,Cierre Sin Consecuencia,Oeste,El asegurado reporta que su vehiculo fue robado en un estacionamiento sin camaras.,False,Grua Rapida,P007,5,360,8,6,Guayaquil,30344.91,1,48,ROJO,Siniestro ocurrido en los primeros 10 dias de la poliza (+8 pts) | Reporte tardio: mas de 7 dias despues del evento (+5 pts) | Asegurado con 3 o mas siniestros en 18 meses (+8 pts) | Documentos incompletos o faltantes (+4 pts) | Proveedor en lista restrictiva (+10 pts) | Monto reclamado es el 95% de la suma asegurada (+5 pts) | Robo reportado con mas de 48 horas de demora (+8 pts),-0.018981926697372864,1
SIN-00141,POL-00513,ASG-00078,Vehiculos,Robo,2026-01-31,2026-02-10,5772.78,5377.05,0.0,Cierre Sin Consecuencia,Este,Impacto en la parte trasera por vehiculo que huyo del lugar del accidente.,False,Taller El Veloz,P001,5,360,10,3,Loja,6105.32,1,43,ROJO,Siniestro ocurrido en los primeros 10 dias de la poliza (+8 pts) | Reporte tardio: mas de 7 dias despues del evento (+5 pts) | Asegurado con 3 o mas siniestros en 18 meses (+8 pts) | Documentos incompletos o faltantes (+4 pts) | Proveedor en lista restrictiva (+10 pts) | Robo reportado con mas de 48 horas de demora (+8 pts),-0.0017269873558153348,1
SIN-00142,POL-00327,ASG-00035,Vehiculos,Responsabilidad Civil,2025-08-12,2025-08-13,11699.44,10521.27,8710.67,Negativa,Sur,Choque en parqueadero de centro comercial con camaras de seguridad.,True,Clinica del Sur,P006,153,212,1,0,Quito,41458.37,0,0,VERDE,Sin alertas detectadas,0.05840063391585748,0
SIN-00143,POL-00415,ASG-00323,Generales,Robo,2025-07-01,2025-07-04,1758.81,1553.91,1415.81,Reserva,Oeste,Dano por granizo en estacionamiento del trabajo. Evidencia fotografica adjunta.,True,Taller El Veloz,P001,62,303,3,0,Manta,33821.55,0,18,VERDE,Proveedor en lista restrictiva (+10 pts) | Robo reportado con mas de 48 horas de demora (+8 pts),0.05279865096408426,0
SIN-00144,POL-00105,ASG-00275,Vida,Dano parcial,2024-12-31,2025-01-06,14040.7,14794.06,13095.83,Cierre Sin Consecuencia,Centro,Dano por granizo en estacionamiento del trabajo. Evidencia fotografica adjunta.,True,Taller Central,P005,23,342,6,3,Loja,19669.32,0,15,VERDE,Siniestro ocurrido en los primeros 30 dias de la poliza (+4 pts) | Reporte con demora de 4 a 7 dias (+3 pts) | Asegurado con 3 o mas siniestros en 18 meses (+8 pts),0.08634469367478398,0
SIN-00145,POL-00087,ASG-00345,Hogar,Responsabilidad Civil,2025-12-28,2025-12-31,3280.63,3040.85,2572.56,Liquidado,Sur,Choque en parqueadero de centro comercial con camaras de seguridad.,True,Taller Norte,P003,51,314,3,1,Quito,10303.77,0,0,VERDE,Sin alertas detectadas,0.06999218374679489,0
SIN-00146,POL-00569,ASG-00086,Generales,Choque,2025-03-30,2025-04-02,1260.77,1163.36,985.97,Cierre Sin Consecuencia,Este,Accidente en carretera con policia presente. Croquis firmado por ambas partes.,True,Taller Premium,P008,273,92,3,1,Cuenca,11313.34,0,0,VERDE,Sin alertas detectadas,0.027842160453582232,0
SIN-00147,POL-00501,ASG-00086,Vehiculos,Atencion medica,2026-01-16,2026-01-17,2564.01,2474.06,1815.87,Reserva,Centro,Choque en parqueadero de centro comercial con camaras de seguridad.,True,Taller Central,P005,96,269,1,1,Quito,6388.73,0,0,VERDE,Sin alertas detectadas,0.058603973260756614,0
SIN-00148,POL-00557,ASG-00188,Generales,Robo,2025-09-21,2025-09-30,38566.45,35933.17,0.0,Reserva,Sur,El asegurado reporta que su vehiculo fue robado en un estacionamiento sin camaras.,False,Taller El Veloz,P001,4,361,9,3,Manta,39055.38,1,48,ROJO,Siniestro ocurrido en los primeros 10 dias de la poliza (+8 pts) | Reporte tardio: mas de 7 dias despues del evento (+5 pts) | Asegurado con 3 o mas siniestros en 18 meses (+8 pts) | Documentos incompletos o faltantes (+4 pts) | Proveedor en lista restrictiva (+10 pts) | Monto reclamado es el 99% de la suma asegurada (+5 pts) | Robo reportado con mas de 48 horas de demora (+8 pts),0.03379122214119512,0
SIN-00149,POL-00215,ASG-00378,Salud,Dano parcial,2025-11-28,2025-11-29,8570.01,8224.5,7229.81,Pago Total,Centro,Choque en parqueadero de centro comercial con camaras de seguridad.,True,Grua Rapida,P007,278,87,1,1,Quito,20778.39,0,10,VERDE,Proveedor en lista restrictiva (+10 pts),0.06132896674743071,0
SIN-00150,POL-00300,ASG-00149,Salud,Incendio,2026-02-03,2026-02-04,17498.85,14766.81,11763.67,Pago Total,Este,Dano por granizo en estacionamiento del trabajo. Evidencia fotografica adjunta.,True,Clinica San Marcos,P002,239,126,1,0,Guayaquil,47857.88,0,10,VERDE,Proveedor en lista restrictiva (+10 pts),0.023316122625573144,0
SIN-00151,POL-00502,ASG-00073,Vehiculos,Responsabilidad Civil,2026-01-10,2026-01-12,6197.94,6725.24,5368.0,Reserva,Norte,Robo de autopartes reportado inmediatamente a la policia. Denuncia adjunta.,True,Taller Premium,P008,278,87,2,1,Guayaquil,17092.27,0,0,VERDE,Sin alertas detectadas,0.06902952738275647,0
SIN-00152,POL-00470,ASG-00326,Salud,Incendio,2025-06-07,2025-06-09,8928.59,8659.33,7322.34,Pago Parcial,Norte,Robo de autopartes reportado inmediatamente a la policia. Denuncia adjunta.,True,Grua Rapida,P007,80,285,2,0,Quito,21120.02,0,10,VERDE,Proveedor en lista restrictiva (+10 pts),0.08331492591358636,0
SIN-00153,POL-00048,ASG-00051,Vida,Incendio,2025-05-13,2025-05-16,6015.72,5099.49,4996.57,Pago Parcial,Norte,Dano por granizo en estacionamiento del trabajo. Evidencia fotografica adjunta.,True,Taller Norte,P003,117,248,3,1,Guayaquil,42651.6,0,0,VERDE,Sin alertas detectadas,0.06873048583474467,0
SIN-00154,POL-00370,ASG-00129,Vida,Responsabilidad Civil,2026-04-07,2026-04-08,8486.78,6792.19,5726.1,Pago Total,Oeste,Colision leve en interseccion con semaforo. El tercero presento sus datos.,True,Taller El Veloz,P001,251,114,1,0,Cuenca,34902.9,0,10,VERDE,Proveedor en lista restrictiva (+10 pts),0.06028962243449626,0
SIN-00155,POL-00232,ASG-00266,Vida,Responsabilidad Civil,2025-04-17,2025-04-18,1204.84,1077.13,1038.67,Pago Total,Este,Colision leve en interseccion con semaforo. El tercero presento sus datos.,True,Clinica San Marcos,P002,216,149,1,0,Quito,5417.91,0,10,VERDE,Proveedor en lista restrictiva (+10 pts),0.013506494810359704,0
SIN-00156,POL-00137,ASG-00329,Generales,Responsabilidad Civil,2025-02-14,2025-02-15,3801.49,3743.79,3117.51,Pago Total,Norte,Dano por granizo en estacionamiento del trabajo. Evidencia fotografica adjunta.,True,Taller El Veloz,P001,224,141,1,1,Quito,11428.39,0,10,VERDE,Proveedor en lista restrictiva (+10 pts),0.07504937646065463,0
SIN-00157,POL-00103,ASG-00072,Hogar,Robo,2025-10-01,2025-10-04,23978.72,20660.87,18224.5,Pago Total,Este,El vehiculo fue impactado por un tercero que se dio a la fuga sin dejar datos.,False,Grua Rapida,P007,13,352,3,3,Quito,31530.83,0,34,AMARILLO,Siniestro ocurrido en los primeros 30 dias de la poliza (+4 pts) | Asegurado con 3 o mas siniestros en 18 meses (+8 pts) | Documentos incompletos o faltantes (+4 pts) | Proveedor en lista restrictiva (+10 pts) | Robo reportado con mas de 48 horas de demora (+8 pts),0.08407395910503956,0
SIN-00158,POL-00303,ASG-00331,Vida,Choque,2026-07-08,2026-07-08,13064.64,14112.13,10437.26,Liquidado,Este,Colision leve en interseccion con semaforo. El tercero presento sus datos.,True,Taller Premium,P008,334,31,0,1,Quito,45406.07,0,0,VERDE,Sin alertas detectadas,-0.0187497854453339,1
SIN-00159,POL-00375,ASG-00280,Vehiculos,Robo,2025-02-20,2025-02-25,39018.23,32179.44,0.0,Liquidado,Oeste,Impacto en la parte trasera por vehiculo que huyo del lugar del accidente.,False,Clinica San Marcos,P002,4,361,5,6,Guayaquil,39322.67,1,46,ROJO,Siniestro ocurrido en los primeros 10 dias de la poliza (+8 pts) | Reporte con demora de 4 a 7 dias (+3 pts) | Asegurado con 3 o mas siniestros en 18 meses (+8 pts) | Documentos incompletos o faltantes (+4 pts) | Proveedor en lista restrictiva (+10 pts) | Monto reclamado es el 99% de la suma asegurada (+5 pts) | Robo reportado con mas de 48 horas de demora (+8 pts),-0.02885174267648294,1
SIN-00160,POL-00157,ASG-00143,Generales,Atencion medica,2025-09-08,2025-09-08,1622.01,1325.79,962.34,Negativa,Norte,Accidente en carretera con policia presente. Croquis firmado por ambas partes.,True,Taller Norte,P003,50,315,0,0,Manta,8555.97,0,0,VERDE,Sin alertas detectadas,0.026345630800642783,0
SIN-00161,POL-00465,ASG-00314,Vehiculos,Robo,2025-03-29,2025-04-05,17965.36,18413.29,0.0,Pago Parcial,Norte,El asegurado reporta que su vehiculo fue robado en un estacionamiento sin camaras.,False,Clinica San Marcos,P002,1,364,7,4,Loja,18918.05,1,41,ROJO,Siniestro ocurrido en los primeros 10 dias de la poliza (+8 pts) | Reporte con demora de 4 a 7 dias (+3 pts) | Asegurado con 3 o mas siniestros en 18 meses (+8 pts) | Documentos incompletos o faltantes (+4 pts) | Proveedor en lista restrictiva (+10 pts) | Robo reportado con mas de 48 horas de demora (+8 pts),0.030331979274532794,0
SIN-00162,POL-00031,ASG-00172,Vida,Incendio,2026-04-22,2026-04-28,11177.78,11941.0,10773.6,Reserva,Sur,Colision leve en interseccion con semaforo. El tercero presento sus datos.,True,Clinica San Marcos,P002,26,339,6,2,Ambato,17239.13,0,21,AMARILLO,Siniestro ocurrido en los primeros 30 dias de la poliza (+4 pts) | Reporte con demora de 4 a 7 dias (+3 pts) | Asegurado con 2 siniestros recientes (+4 pts) | Proveedor en lista restrictiva (+10 pts),0.08050721081236428,0
SIN-00163,POL-00522,ASG-00002,Hogar,Incendio,2025-09-02,2025-09-08,36507.64,31925.16,31119.25,Pago Parcial,Centro,Impacto en la parte trasera por vehiculo que huyo del lugar del accidente.,False,Taller Premium,P008,12,353,6,3,Quito,43831.78,0,19,VERDE,Siniestro ocurrido en los primeros 30 dias de la poliza (+4 pts) | Reporte con demora de 4 a 7 dias (+3 pts) | Asegurado con 3 o mas siniestros en 18 meses (+8 pts) | Documentos incompletos o faltantes (+4 pts),0.05902827643458758,0
SIN-00164,POL-00080,ASG-00293,Salud,Dano parcial,2025-10-17,2025-10-17,12268.6,11019.54,9542.12,Reserva,Centro,Robo de autopartes reportado inmediatamente a la policia. Denuncia adjunta.,True,Taller Norte,P003,80,285,0,1,Guayaquil,27591.84,0,0,VERDE,Sin alertas detectadas,0.07048049584970101,0
SIN-00165,POL-00206,ASG-00150,Hogar,Dano parcial,2024-07-28,2024-07-29,7089.54,5991.87,5870.35,Reserva,Sur,Choque en parqueadero de centro comercial con camaras de seguridad.,True,Taller Premium,P008,38,327,1,0,Manta,18675.92,0,0,VERDE,Sin alertas detectadas,0.06937886599040155,0
SIN-00166,POL-00555,ASG-00178,Vehiculos,Responsabilidad Civil,2026-09-02,2026-09-04,3503.89,3244.41,3206.63,Pago Total,Centro,Choque en parqueadero de centro comercial con camaras de seguridad.,True,Clinica del Sur,P006,355,10,2,0,Manta,36205.74,0,0,VERDE,Sin alertas detectadas,0.007573935948737787,0
SIN-00167,POL-00096,ASG-00023,Vida,Responsabilidad Civil,2024-11-02,2024-11-03,15280.89,14938.12,10735.8,Cierre Sin Consecuencia,Sur,Accidente en carretera con policia presente. Croquis firmado por ambas partes.,True,Clinica del Sur,P006,53,312,1,0,Guayaquil,45377.94,0,0,VERDE,Sin alertas detectadas,0.04388138533105823,0
SIN-00168,POL-00243,ASG-00150,Hogar,Incendio,2026-04-25,2026-04-28,15842.37,13455.12,11299.83,Negativa,Norte,El asegurado reporta que su vehiculo fue robado en un estacionamiento sin camaras.,True,Clinica del Sur,P006,17,348,3,2,Cuenca,19175.4,0,8,VERDE,Siniestro ocurrido en los primeros 30 dias de la poliza (+4 pts) | Asegurado con 2 siniestros recientes (+4 pts),0.09636823408339412,0
SIN-00169,POL-00549,ASG-00184,Vehiculos,Choque,2026-05-05,2026-05-07,6051.2,5231.3,5006.21,Pago Total,Norte,Choque en parqueadero de centro comercial con camaras de seguridad.,True,Taller Central,P005,71,294,2,0,Quito,14343.63,0,0,VERDE,Sin alertas detectadas,0.07746431137237275,0
SIN-00170,POL-00255,ASG-00183,Vehiculos,Incendio,2026-06-06,2026-06-07,667.17,558.04,400.95,Pago Total,Sur,Colision leve en interseccion con semaforo. El tercero presento sus datos.,True,Taller Norte,P003,98,267,1,0,Manta,7202.78,0,0,VERDE,Sin alertas detectadas,0.024251249381000317,0
SIN-00171,POL-00203,ASG-00206,Vehiculos,Choque,2025-02-18,2025-02-21,20907.96,22636.72,16189.59,Liquidado,Este,Colision frontal con vehiculo desconocido en horas de la madrugada sin testigos.,False,Taller Central,P005,25,340,3,2,Guayaquil,33363.39,0,12,VERDE,Siniestro ocurrido en los primeros 30 dias de la poliza (+4 pts) | Asegurado con 2 siniestros recientes (+4 pts) | Documentos incompletos o faltantes (+4 pts),0.09719316504956949,0
SIN-00172,POL-00405,ASG-00255,Salud,Atencion medica,2026-07-28,2026-07-29,2344.57,2330.93,1980.52,Liquidado,Este,Choque en parqueadero de centro comercial con camaras de seguridad.,True,Peritajes Express,P004,105,260,1,0,Cuenca,35744.58,0,0,VERDE,Sin alertas detectadas,0.055374434512755366,0
SIN-00173,POL-00063,ASG-00045,Generales,Choque,2026-01-18,2026-01-20,2971.13,3190.41,2714.14,Negativa,Centro,Accidente en carretera con policia presente. Croquis firmado por ambas partes.,True,Peritajes Express,P004,155,210,2,1,Manta,11175.62,0,0,VERDE,Sin alertas detectadas,0.08302821691541545,0
SIN-00174,POL-00185,ASG-00014,Vehiculos,Incendio,2026-01-14,2026-01-17,13109.66,11535.95,10900.15,Cierre Sin Consecuencia,Norte,Impacto en la parte trasera por vehiculo que huyo del lugar del accidente.,True,Taller Central,P005,29,336,3,2,Ambato,14855.91,0,8,VERDE,Siniestro ocurrido en los primeros 30 dias de la poliza (+4 pts) | Asegurado con 2 siniestros recientes (+4 pts),0.08532795709281232,0
SIN-00175,POL-00225,ASG-00295,Salud,Robo,2025-11-24,2025-11-30,24863.96,26132.25,24645.86,Negativa,Oeste,El asegurado reporta que su vehiculo fue robado en un estacionamiento sin camaras.,False,Taller Norte,P003,22,343,6,2,Ambato,40882.58,0,23,AMARILLO,Siniestro ocurrido en los primeros 30 dias de la poliza (+4 pts) | Reporte con demora de 4 a 7 dias (+3 pts) | Asegurado con 2 siniestros recientes (+4 pts) | Documentos incompletos o faltantes (+4 pts) | Robo reportado con mas de 48 horas de demora (+8 pts),0.07170433484954214,0
SIN-00176,POL-00317,ASG-00090,Vehiculos,Robo,2025-06-05,2025-06-13,8886.19,7502.73,0.0,Cierre Sin Consecuencia,Sur,El vehiculo fue impactado por un tercero que se dio a la fuga sin dejar datos.,False,Clinica San Marcos,P002,10,355,8,3,Manta,9061.58,1,48,ROJO,Siniestro ocurrido en los primeros 10 dias de la poliza (+8 pts) | Reporte tardio: mas de 7 dias despues del evento (+5 pts) | Asegurado con 3 o mas siniestros en 18 meses (+8 pts) | Documentos incompletos o faltantes (+4 pts) | Proveedor en lista restrictiva (+10 pts) | Monto reclamado es el 98% de la suma asegurada (+5 pts) | Robo reportado con mas de 48 horas de demora (+8 pts),0.03895545079039853,0
SIN-00177,POL-00114,ASG-00270,Generales,Choque,2026-03-21,2026-03-24,39177.24,33389.23,33076.13,Cierre Sin Consecuencia,Oeste,Accidente en carretera con policia presente. Croquis firmado por ambas partes.,False,Grua Rapida,P007,15,350,3,3,Cuenca,48225.14,0,26,AMARILLO,Siniestro ocurrido en los primeros 30 dias de la poliza (+4 pts) | Asegurado con 3 o mas siniestros en 18 meses (+8 pts) | Documentos incompletos o faltantes (+4 pts) | Proveedor en lista restrictiva (+10 pts),0.00687697246163943,0
SIN-00178,POL-00366,ASG-00115,Salud,Robo,2024-08-24,2024-09-04,41028.84,40696.26,0.0,Reserva,Este,El asegurado reporta que su vehiculo fue robado en un estacionamiento sin camaras.,False,Grua Rapida,P007,10,355,11,4,Loja,41650.44,1,48,ROJO,Siniestro ocurrido en los primeros 10 dias de la poliza (+8 pts) | Reporte tardio: mas de 7 dias despues del evento (+5 pts) | Asegurado con 3 o mas siniestros en 18 meses (+8 pts) | Documentos incompletos o faltantes (+4 pts) | Proveedor en lista restrictiva (+10 pts) | Monto reclamado es el 99% de la suma asegurada (+5 pts) | Robo reportado con mas de 48 horas de demora (+8 pts),-0.02086595567314531,1
SIN-00179,POL-00145,ASG-00170,Vehiculos,Responsabilidad Civil,2025-02-02,2025-02-04,3942.91,3449.5,2484.81,Pago Parcial,Norte,Robo de autopartes reportado inmediatamente a la policia. Denuncia adjunta.,True,Taller Norte,P003,179,186,2,0,Loja,15709.82,0,0,VERDE,Sin alertas detectadas,0.07335063010428106,0
SIN-00180,POL-00002,ASG-00025,Vida,Incendio,2026-02-05,2026-02-05,16058.35,13630.28,9842.6,Reserva,Centro,Choque en parqueadero de centro comercial con camaras de seguridad.,True,Grua Rapida,P007,56,309,0,0,Cuenca,37966.3,0,10,VERDE,Proveedor en lista restrictiva (+10 pts),0.03904894263145198,0
SIN-00181,POL-00021,ASG-00164,Salud,Responsabilidad Civil,2025-09-30,2025-09-30,1962.71,1984.99,1646.34,Cierre Sin Consecuencia,Sur,Choque en parqueadero de centro comercial con camaras de seguridad.,True,Grua Rapida,P007,353,12,0,1,Guayaquil,9712.63,0,10,VERDE,Proveedor en lista restrictiva (+10 pts),-0.03012988642909875,1
SIN-00182,POL-00445,ASG-00081,Generales,Responsabilidad Civil,2026-02-27,2026-03-01,3658.09,3357.65,2904.03,Negativa,Sur,Colision leve en interseccion con semaforo. El tercero presento sus datos.,True,Grua Rapida,P007,6,359,2,0,Loja,19899.26,0,18,VERDE,Siniestro ocurrido en los primeros 10 dias de la poliza (+8 pts) | Proveedor en lista restrictiva (+10 pts),0.05931014562191356,0
SIN-00183,POL-00056,ASG-00185,Salud,Choque,2024-07-03,2024-07-05,6594.2,6207.01,6011.26,Pago Parcial,Norte,Colision leve en interseccion con semaforo. El tercero presento sus datos.,True,Taller Premium,P008,20,345,2,3,Guayaquil,8943.28,0,12,VERDE,Siniestro ocurrido en los primeros 30 dias de la poliza (+4 pts) | Asegurado con 3 o mas siniestros en 18 meses (+8 pts),0.0562920911803757,0
SIN-00184,POL-00558,ASG-00199,Vehiculos,Atencion medica,2026-10-29,2026-10-30,19135.63,16176.1,14703.13,Reserva,Norte,Choque en parqueadero de centro comercial con camaras de seguridad.,True,Taller Premium,P008,301,64,1,0,Manta,44847.17,0,0,VERDE,Sin alertas detectadas,-0.0026882296081026658,1
SIN-00185,POL-00353,ASG-00278,Vida,Dano parcial,2025-06-25,2025-06-28,12013.62,10687.98,8747.48,Cierre Sin Consecuencia,Norte,Dano por granizo en estacionamiento del trabajo. Evidencia fotografica adjunta.,True,Taller El Veloz,P001,4,361,3,1,Manta,39040.56,0,18,VERDE,Siniestro ocurrido en los primeros 10 dias de la poliza (+8 pts) | Proveedor en lista restrictiva (+10 pts),0.0746087174725113,0
SIN-00186,POL-00515,ASG-00293,Vehiculos,Incendio,2025-10-25,2025-10-26,19996.32,16253.06,11759.26,Cierre Sin Consecuencia,Este,Dano por granizo en estacionamiento del trabajo. Evidencia fotografica adjunta.,True,Taller Norte,P003,201,164,1,0,Quito,41020.27,0,0,VERDE,Sin alertas detectadas,0.0311260222249492,0
SIN-00187,POL-00207,ASG-00322,Vehiculos,Incendio,2025-02-08,2025-02-12,23855.4,19889.57,14815.6,Liquidado,Oeste,Choque en parqueadero de centro comercial con camaras de seguridad.,True,Clinica San Marcos,P002,21,344,4,3,Ambato,31777.14,0,25,AMARILLO,Siniestro ocurrido en los primeros 30 dias de la poliza (+4 pts) | Reporte con demora de 4 a 7 dias (+3 pts) | Asegurado con 3 o mas siniestros en 18 meses (+8 pts) | Proveedor en lista restrictiva (+10 pts),0.08866984302512487,0
SIN-00188,POL-00597,ASG-00389,Hogar,Dano parcial,2024-10-28,2024-10-30,2114.55,1715.41,1342.52,Pago Total,Oeste,Accidente en carretera con policia presente. Croquis firmado por ambas partes.,True,Clinica San Marcos,P002,52,313,2,1,Cuenca,9509.18,0,10,VERDE,Proveedor en lista restrictiva (+10 pts),0.07929920656981732,0
SIN-00189,POL-00412,ASG-00020,Vida,Robo,2026-02-28,2026-03-09,41346.81,45161.71,0.0,Negativa,Centro,Colision frontal con vehiculo desconocido en horas de la madrugada sin testigos.,False,Clinica San Marcos,P002,5,360,9,5,Cuenca,44553.09,1,43,ROJO,Siniestro ocurrido en los primeros 10 dias de la poliza (+8 pts) | Reporte tardio: mas de 7 dias despues del evento (+5 pts) | Asegurado con 3 o mas siniestros en 18 meses (+8 pts) | Documentos incompletos o faltantes (+4 pts) | Proveedor en lista restrictiva (+10 pts) | Robo reportado con mas de 48 horas de demora (+8 pts),-0.01349181765306906,1
SIN-00190,POL-00276,ASG-00374,Vida,Responsabilidad Civil,2026-08-19,2026-08-21,14282.53,11707.18,10687.14,Negativa,Sur,Choque en parqueadero de centro comercial con camaras de seguridad.,True,Peritajes Express,P004,186,179,2,0,Manta,34049.97,0,0,VERDE,Sin alertas detectadas,0.071198672071078,0
SIN-00191,POL-00537,ASG-00292,Salud,Robo,2026-03-03,2026-03-11,12681.57,11562.29,0.0,Liquidado,Este,El vehiculo fue impactado por un tercero que se dio a la fuga sin dejar datos.,False,Clinica San Marcos,P002,6,359,8,4,Manta,13674.36,1,43,ROJO,Siniestro ocurrido en los primeros 10 dias de la poliza (+8 pts) | Reporte tardio: mas de 7 dias despues del evento (+5 pts) | Asegurado con 3 o mas siniestros en 18 meses (+8 pts) | Documentos incompletos o faltantes (+4 pts) | Proveedor en lista restrictiva (+10 pts) | Robo reportado con mas de 48 horas de demora (+8 pts),0.04159634518064903,0
SIN-00192,POL-00182,ASG-00243,Vehiculos,Atencion medica,2026-05-08,2026-05-14,17133.71,17190.4,13420.98,Negativa,Oeste,Impacto en la parte trasera por vehiculo que huyo del lugar del accidente.,True,Taller Central,P005,16,349,6,2,Guayaquil,20739.2,0,11,VERDE,Siniestro ocurrido en los primeros 30 dias de la poliza (+4 pts) | Reporte con demora de 4 a 7 dias (+3 pts) | Asegurado con 2 siniestros recientes (+4 pts),0.09103552089913697,0
SIN-00193,POL-00021,ASG-00400,Salud,Dano parcial,2026-05-11,2026-05-15,28798.19,30395.79,25462.54,Pago Total,Este,Robo de autopartes reportado inmediatamente a la policia. Denuncia adjunta.,False,Taller Norte,P003,30,335,4,3,Guayaquil,35698.99,0,19,VERDE,Siniestro ocurrido en los primeros 30 dias de la poliza (+4 pts) | Reporte con demora de 4 a 7 dias (+3 pts) | Asegurado con 3 o mas siniestros en 18 meses (+8 pts) | Documentos incompletos o faltantes (+4 pts),0.059016921228222774,0
SIN-00194,POL-00310,ASG-00347,Generales,Responsabilidad Civil,2026-08-23,2026-08-25,6093.84,4991.78,4974.35,Cierre Sin Consecuencia,Centro,Colision leve en interseccion con semaforo. El tercero presento sus datos.,True,Taller El Veloz,P001,308,57,2,1,Cuenca,33062.27,0,10,VERDE,Proveedor en lista restrictiva (+10 pts),0.056122790402140965,0
SIN-00195,POL-00284,ASG-00134,Salud,Dano parcial,2026-02-20,2026-02-23,16614.83,16558.67,16546.1,Pago Parcial,Este,Dano por granizo en estacionamiento del trabajo. Evidencia fotografica adjunta.,True,Peritajes Express,P004,53,312,3,0,Quito,47848.45,0,0,VERDE,Sin alertas detectadas,0.027272444142791064,0
SIN-00196,POL-00415,ASG-00199,Hogar,Responsabilidad Civil,2025-01-22,2025-01-29,25851.6,27237.91,25935.71,Liquidado,Sur,Choque en parqueadero de centro comercial con camaras de seguridad.,False,Peritajes Express,P004,28,337,7,3,Loja,31236.07,0,19,VERDE,Siniestro ocurrido en los primeros 30 dias de la poliza (+4 pts) | Reporte con demora de 4 a 7 dias (+3 pts) | Asegurado con 3 o mas siniestros en 18 meses (+8 pts) | Documentos incompletos o faltantes (+4 pts),0.06462055398842331,0
SIN-00197,POL-00301,ASG-00050,Hogar,Responsabilidad Civil,2025-10-25,2025-11-01,32694.26,28711.05,22630.49,Reserva,Este,Dano por granizo en estacionamiento del trabajo. Evidencia fotografica adjunta.,False,Taller Norte,P003,18,347,7,3,Guayaquil,38341.35,0,19,VERDE,Siniestro ocurrido en los primeros 30 dias de la poliza (+4 pts) | Reporte con demora de 4 a 7 dias (+3 pts) | Asegurado con 3 o mas siniestros en 18 meses (+8 pts) | Documentos incompletos o faltantes (+4 pts),0.0673724161966226,0
SIN-00198,POL-00055,ASG-00325,Generales,Choque,2025-08-21,2025-08-26,29240.73,26398.56,26297.12,Negativa,Sur,El asegurado reporta que su vehiculo fue robado en un estacionamiento sin camaras.,True,Peritajes Express,P004,20,345,5,2,Loja,47493.54,0,11,VERDE,Siniestro ocurrido en los primeros 30 dias de la poliza (+4 pts) | Reporte con demora de 4 a 7 dias (+3 pts) | Asegurado con 2 siniestros recientes (+4 pts),0.05278677618822952,0
SIN-00199,POL-00324,ASG-00367,Hogar,Robo,2025-10-04,2025-10-12,8430.27,8298.29,0.0,Cierre Sin Consecuencia,Este,El vehiculo fue impactado por un tercero que se dio a la fuga sin dejar datos.,False,Taller El Veloz,P001,5,360,8,4,Guayaquil,8636.52,1,48,ROJO,Siniestro ocurrido en los primeros 10 dias de la poliza (+8 pts) | Reporte tardio: mas de 7 dias despues del evento (+5 pts) | Asegurado con 3 o mas siniestros en 18 meses (+8 pts) | Documentos incompletos o faltantes (+4 pts) | Proveedor en lista restrictiva (+10 pts) | Monto reclamado es el 98% de la suma asegurada (+5 pts) | Robo reportado con mas de 48 horas de demora (+8 pts),0.021119787662817746,0
SIN-00200,POL-00414,ASG-00220,Hogar,Choque,2025-09-01,2025-09-02,1291.84,1121.16,1079.78,Pago Parcial,Sur,Colision leve en interseccion con semaforo. El tercero presento sus datos.,True,Peritajes Express,P004,256,109,1,0,Cuenca,22249.24,0,0,VERDE,Sin alertas detectadas,0.03839433624483657,0
SIN-00201,POL-00106,ASG-00197,Hogar,Atencion medica,2025-11-25,2025-11-27,4602.72,5057.66,4284.11,Pago Total,Sur,Dano por granizo en estacionamiento del trabajo. Evidencia fotografica adjunta.,True,Taller El Veloz,P001,346,19,2,1,Manta,18775.18,0,10,VERDE,Proveedor en lista restrictiva (+10 pts),0.03959120901397206,0
SIN-00202,POL-00414,ASG-00010,Generales,Robo,2025-12-06,2025-12-17,37256.89,30344.64,0.0,Reserva,Este,El vehiculo fue impactado por un tercero que se dio a la fuga sin dejar datos.,False,Clinica San Marcos,P002,1,364,11,3,Quito,37722.6,1,48,ROJO,Siniestro ocurrido en los primeros 10 dias de la poliza (+8 pts) | Reporte tardio: mas de 7 dias despues del evento (+5 pts) | Asegurado con 3 o mas siniestros en 18 meses (+8 pts) | Documentos incompletos o faltantes (+4 pts) | Proveedor en lista restrictiva (+10 pts) | Monto reclamado es el 99% de la suma asegurada (+5 pts) | Robo reportado con mas de 48 horas de demora (+8 pts),0.007317989164295935,0
SIN-00203,POL-00455,ASG-00195,Vehiculos,Atencion medica,2026-07-13,2026-07-15,5407.4,5673.42,4149.96,Cierre Sin Consecuencia,Oeste,Dano por granizo en estacionamiento del trabajo. Evidencia fotografica adjunta.,True,Peritajes Express,P004,138,227,2,1,Manta,16373.22,0,0,VERDE,Sin alertas detectadas,0.09967243868570885,0
SIN-00204,POL-00121,ASG-00145,Hogar,Dano parcial,2026-03-03,2026-03-07,6324.06,5686.48,3985.21,Cierre Sin Consecuencia,Norte,Impacto en la parte trasera por vehiculo que huyo del lugar del accidente.,False,Peritajes Express,P004,24,341,4,3,Quito,9781.87,0,19,VERDE,Siniestro ocurrido en los primeros 30 dias de la poliza (+4 pts) | Reporte con demora de 4 a 7 dias (+3 pts) | Asegurado con 3 o mas siniestros en 18 meses (+8 pts) | Documentos incompletos o faltantes (+4 pts),0.05502801095743526,0
SIN-00205,POL-00114,ASG-00294,Vehiculos,Atencion medica,2025-03-25,2025-03-29,8603.74,9082.75,7339.45,Cierre Sin Consecuencia,Centro,El asegurado reporta que su vehiculo fue robado en un estacionamiento sin camaras.,True,Clinica San Marcos,P002,20,345,4,2,Loja,11711.5,0,21,AMARILLO,Siniestro ocurrido en los primeros 30 dias de la poliza (+4 pts) | Reporte con demora de 4 a 7 dias (+3 pts) | Asegurado con 2 siniestros recientes (+4 pts) | Proveedor en lista restrictiva (+10 pts),0.07226837014949966,0
SIN-00206,POL-00437,ASG-00379,Salud,Responsabilidad Civil,2024-09-15,2024-09-20,37978.38,39668.01,29943.83,Negativa,Este,Colision frontal con vehiculo desconocido en horas de la madrugada sin testigos.,False,Taller El Veloz,P001,22,343,5,3,Loja,43306.07,0,29,AMARILLO,Siniestro ocurrido en los primeros 30 dias de la poliza (+4 pts) | Reporte con demora de 4 a 7 dias (+3 pts) | Asegurado con 3 o mas siniestros en 18 meses (+8 pts) | Documentos incompletos o faltantes (+4 pts) | Proveedor en lista restrictiva (+10 pts),0.0507598825129833,0
SIN-00207,POL-00468,ASG-00140,Salud,Choque,2025-10-23,2025-10-23,17723.85,16391.16,14378.74,Liquidado,Este,Dano por granizo en estacionamiento del trabajo. Evidencia fotografica adjunta.,True,Grua Rapida,P007,72,293,0,0,Quito,36045.61,0,10,VERDE,Proveedor en lista restrictiva (+10 pts),0.025806174713826402,0
SIN-00208,POL-00186,ASG-00313,Vida,Incendio,2025-05-24,2025-05-27,1494.12,1200.84,1153.41,Liquidado,Oeste,Robo de autopartes reportado inmediatamente a la policia. Denuncia adjunta.,True,Taller Norte,P003,316,49,3,1,Guayaquil,21136.95,0,0,VERDE,Sin alertas detectadas,0.019326870855452816,0
SIN-00209,POL-00579,ASG-00115,Vida,Responsabilidad Civil,2025-06-23,2025-06-30,27978.25,22480.34,22037.73,Liquidado,Este,El asegurado reporta que su vehiculo fue robado en un estacionamiento sin camaras.,False,Clinica San Marcos,P002,22,343,7,2,Loja,35143.0,0,25,AMARILLO,Siniestro ocurrido en los primeros 30 dias de la poliza (+4 pts) | Reporte con demora de 4 a 7 dias (+3 pts) | Asegurado con 2 siniestros recientes (+4 pts) | Documentos incompletos o faltantes (+4 pts) | Proveedor en lista restrictiva (+10 pts),0.06646951692777953,0
SIN-00210,POL-00508,ASG-00085,Vehiculos,Dano parcial,2026-07-12,2026-07-15,6278.56,5887.58,5536.55,Negativa,Norte,Dano por granizo en estacionamiento del trabajo. Evidencia fotografica adjunta.,True,Taller Central,P005,346,19,3,0,Quito,27124.16,0,0,VERDE,Sin alertas detectadas,0.02395671563791557,0
SIN-00211,POL-00511,ASG-00229,Vehiculos,Robo,2025-07-05,2025-07-10,48274.87,43881.99,0.0,Reserva,Sur,Impacto en la parte trasera por vehiculo que huyo del lugar del accidente.,False,Grua Rapida,P007,9,356,5,5,Manta,49130.18,1,46,ROJO,Siniestro ocurrido en los primeros 10 dias de la poliza (+8 pts) | Reporte con demora de 4 a 7 dias (+3 pts) | Asegurado con 3 o mas siniestros en 18 meses (+8 pts) | Documentos incompletos o faltantes (+4 pts) | Proveedor en lista restrictiva (+10 pts) | Monto reclamado es el 98% de la suma asegurada (+5 pts) | Robo reportado con mas de 48 horas de demora (+8 pts),-0.05115118213884995,1
SIN-00212,POL-00466,ASG-00170,Vida,Choque,2026-01-27,2026-01-28,1676.97,1617.11,1313.36,Reserva,Norte,Robo de autopartes reportado inmediatamente a la policia. Denuncia adjunta.,True,Clinica del Sur,P006,251,114,1,1,Guayaquil,32889.11,0,0,VERDE,Sin alertas detectadas,0.0337932517954439,0
SIN-00213,POL-00169,ASG-00253,Hogar,Dano parcial,2024-11-04,2024-11-07,27293.49,28034.37,20015.14,Cierre Sin Consecuencia,Oeste,Dano por granizo en estacionamiento del trabajo. Evidencia fotografica adjunta.,True,Clinica San Marcos,P002,23,342,3,2,Quito,37258.53,0,18,VERDE,Siniestro ocurrido en los primeros 30 dias de la poliza (+4 pts) | Asegurado con 2 siniestros recientes (+4 pts) | Proveedor en lista restrictiva (+10 pts),0.07978109767167924,0
SIN-00214,POL-00127,ASG-00396,Vida,Choque,2026-08-07,2026-08-10,10935.66,11018.17,8286.71,Pago Total,Norte,Accidente en carretera con policia presente. Croquis firmado por ambas partes.,True,Taller Norte,P003,156,209,3,0,Ambato,25582.45,0,0,VERDE,Sin alertas detectadas,0.06668371954189461,0
SIN-00215,POL-00397,ASG-00337,Vida,Dano parcial,2025-02-08,2025-02-10,10243.04,9585.99,7093.74,Negativa,Oeste,Robo de autopartes reportado inmediatamente a la policia. Denuncia adjunta.,True,Grua Rapida,P007,91,274,2,1,Loja,44721.31,0,10,VERDE,Proveedor en lista restrictiva (+10 pts),0.07422827117060976,0
SIN-00216,POL-00525,ASG-00154,Salud,Robo,2026-04-03,2026-04-05,13774.09,13101.47,11899.98,Pago Parcial,Norte,Dano por granizo en estacionamiento del trabajo. Evidencia fotografica adjunta.,True,Peritajes Express,P004,157,208,2,0,Ambato,29651.27,0,0,VERDE,Sin alertas detectadas,0.06970108311346856,0
SIN-00217,POL-00361,ASG-00288,Generales,Atencion medica,2025-12-25,2025-12-25,1882.83,1884.86,1432.44,Pago Total,Centro,Dano por granizo en estacionamiento del trabajo. Evidencia fotografica adjunta.,True,Grua Rapida,P007,285,80,0,0,Manta,30678.72,0,10,VERDE,Proveedor en lista restrictiva (+10 pts),0.007480977005705269,0
SIN-00218,POL-00257,ASG-00075,Hogar,Incendio,2026-09-04,2026-09-05,13856.57,12072.93,11291.72,Cierre Sin Consecuencia,Centro,Choque en parqueadero de centro comercial con camaras de seguridad.,True,Taller El Veloz,P001,221,144,1,1,Guayaquil,36076.77,0,10,VERDE,Proveedor en lista restrictiva (+10 pts),0.06456981400985207,0
SIN-00219,POL-00049,ASG-00196,Generales,Choque,2025-06-14,2025-06-15,15821.12,16983.12,15478.22,Cierre Sin Consecuencia,Centro,Accidente en carretera con policia presente. Croquis firmado por ambas partes.,True,Clinica del Sur,P006,245,120,1,0,Guayaquil,48051.59,0,0,VERDE,Sin alertas detectadas,0.0233562214704629,0
SIN-00220,POL-00560,ASG-00379,Vida,Robo,2024-08-11,2024-08-24,36410.48,30886.23,0.0,Pago Parcial,Norte,El asegurado reporta que su vehiculo fue robado en un estacionamiento sin camaras.,False,Taller El Veloz,P001,3,362,13,4,Loja,39926.6,1,43,ROJO,Siniestro ocurrido en los primeros 10 dias de la poliza (+8 pts) | Reporte tardio: mas de 7 dias despues del evento (+5 pts) | Asegurado con 3 o mas siniestros en 18 meses (+8 pts) | Documentos incompletos o faltantes (+4 pts) | Proveedor en lista restrictiva (+10 pts) | Robo reportado con mas de 48 horas de demora (+8 pts),-0.0119845970444451,1
SIN-00221,POL-00339,ASG-00239,Generales,Choque,2025-11-22,2025-11-24,3239.84,2662.71,2429.2,Liquidado,Sur,Choque en parqueadero de centro comercial con camaras de seguridad.,True,Clinica del Sur,P006,115,250,2,1,Loja,11966.26,0,0,VERDE,Sin alertas detectadas,0.09132444977555015,0
SIN-00222,POL-00189,ASG-00267,Vehiculos,Atencion medica,2025-01-11,2025-01-13,5517.98,5987.52,5301.85,Negativa,Oeste,Robo de autopartes reportado inmediatamente a la policia. Denuncia adjunta.,True,Grua Rapida,P007,27,338,2,0,Quito,27731.32,0,14,VERDE,Siniestro ocurrido en los primeros 30 dias de la poliza (+4 pts) | Proveedor en lista restrictiva (+10 pts),0.07342794685830017,0
SIN-00223,POL-00010,ASG-00059,Vehiculos,Responsabilidad Civil,2025-03-17,2025-03-22,16897.39,16125.06,13748.56,Negativa,Norte,El vehiculo fue impactado por un tercero que se dio a la fuga sin dejar datos.,False,Peritajes Express,P004,14,351,5,3,Cuenca,25055.03,0,19,VERDE,Siniestro ocurrido en los primeros 30 dias de la poliza (+4 pts) | Reporte con demora de 4 a 7 dias (+3 pts) | Asegurado con 3 o mas siniestros en 18 meses (+8 pts) | Documentos incompletos o faltantes (+4 pts),0.09324892912403715,0
SIN-00224,POL-00304,ASG-00334,Generales,Dano parcial,2025-07-19,2025-07-20,9890.27,10391.7,7915.09,Cierre Sin Consecuencia,Este,Dano por granizo en estacionamiento del trabajo. Evidencia fotografica adjunta.,True,Taller Norte,P003,85,280,1,1,Guayaquil,28125.26,0,0,VERDE,Sin alertas detectadas,0.0924286176962541,0
SIN-00225,POL-00074,ASG-00383,Vehiculos,Choque,2026-01-31,2026-02-06,3765.3,3450.56,3067.77,Negativa,Centro,Colision leve en interseccion con semaforo. El tercero presento sus datos.,True,Taller El Veloz,P001,19,346,6,3,Guayaquil,6068.88,0,25,AMARILLO,Siniestro ocurrido en los primeros 30 dias de la poliza (+4 pts) | Reporte con demora de 4 a 7 dias (+3 pts) | Asegurado con 3 o mas siniestros en 18 meses (+8 pts) | Proveedor en lista restrictiva (+10 pts),0.022768150029938483,0
SIN-00226,POL-00018,ASG-00200,Generales,Choque,2026-06-01,2026-06-03,13592.61,14082.86,11131.17,Reserva,Centro,Colision leve en interseccion con semaforo. El tercero presento sus datos.,True,Clinica San Marcos,P002,251,114,2,1,Loja,29067.55,0,10,VERDE,Proveedor en lista restrictiva (+10 pts),0.05905698039587426,0
SIN-00227,POL-00449,ASG-00196,Salud,Responsabilidad Civil,2025-01-31,2025-02-02,16743.18,16796.54,16364.04,Cierre Sin Consecuencia,Centro,Dano por granizo en estacionamiento del trabajo. Evidencia fotografica adjunta.,True,Peritajes Express,P004,122,243,2,1,Manta,34732.54,0,0,VERDE,Sin alertas detectadas,0.08302169503645379,0
SIN-00228,POL-00012,ASG-00284,Generales,Dano parcial,2024-12-03,2024-12-06,8176.76,7083.01,6731.87,Pago Total,Norte,El asegurado reporta que su vehiculo fue robado en un estacionamiento sin camaras.,True,Grua Rapida,P007,22,343,3,2,Guayaquil,11361.82,0,18,VERDE,Siniestro ocurrido en los primeros 30 dias de la poliza (+4 pts) | Asegurado con 2 siniestros recientes (+4 pts) | Proveedor en lista restrictiva (+10 pts),0.07847926980493114,0
SIN-00229,POL-00186,ASG-00344,Generales,Choque,2025-04-23,2025-04-25,4083.31,4432.28,3577.48,Cierre Sin Consecuencia,Sur,Choque en parqueadero de centro comercial con camaras de seguridad.,True,Taller Premium,P008,190,175,2,1,Cuenca,43351.3,0,0,VERDE,Sin alertas detectadas,0.059711280377993836,0
SIN-00230,POL-00103,ASG-00146,Hogar,Dano parcial,2025-10-28,2025-10-31,34766.54,29572.14,23479.23,Pago Total,Este,Dano por granizo en estacionamiento del trabajo. Evidencia fotografica adjunta.,False,Taller Premium,P008,29,336,3,3,Loja,45505.34,0,16,VERDE,Siniestro ocurrido en los primeros 30 dias de la poliza (+4 pts) | Asegurado con 3 o mas siniestros en 18 meses (+8 pts) | Documentos incompletos o faltantes (+4 pts),0.02327675208377422,0
SIN-00231,POL-00284,ASG-00185,Vida,Atencion medica,2026-10-15,2026-10-15,4903.58,5161.2,4942.44,Pago Total,Oeste,Choque en parqueadero de centro comercial con camaras de seguridad.,True,Taller Premium,P008,315,50,0,0,Cuenca,37983.78,0,0,VERDE,Sin alertas detectadas,-0.0026534281343690846,1
SIN-00232,POL-00202,ASG-00135,Generales,Responsabilidad Civil,2025-11-11,2025-11-14,13151.0,12697.0,10958.03,Liquidado,Este,Dano por granizo en estacionamiento del trabajo. Evidencia fotografica adjunta.,True,Taller El Veloz,P001,326,39,3,0,Guayaquil,33197.85,0,10,VERDE,Proveedor en lista restrictiva (+10 pts),0.017227177857773612,0
SIN-00233,POL-00153,ASG-00188,Salud,Incendio,2024-11-06,2024-11-09,9642.79,10167.31,9577.22,Liquidado,Sur,Colision leve en interseccion con semaforo. El tercero presento sus datos.,True,Taller Central,P005,120,245,3,0,Ambato,45114.69,0,0,VERDE,Sin alertas detectadas,0.05405828740187946,0
SIN-00234,POL-00527,ASG-00072,Vida,Atencion medica,2026-06-13,2026-06-16,8075.03,8079.68,6911.08,Pago Parcial,Este,Impacto en la parte trasera por vehiculo que huyo del lugar del accidente.,False,Taller Norte,P003,26,339,3,2,Guayaquil,13061.53,0,12,VERDE,Siniestro ocurrido en los primeros 30 dias de la poliza (+4 pts) | Asegurado con 2 siniestros recientes (+4 pts) | Documentos incompletos o faltantes (+4 pts),0.08227724309863221,0
SIN-00235,POL-00481,ASG-00233,Generales,Responsabilidad Civil,2025-08-23,2025-08-25,2109.28,1925.77,1566.72,Liquidado,Norte,Choque en parqueadero de centro comercial con camaras de seguridad.,True,Clinica San Marcos,P002,200,165,2,0,Cuenca,6795.71,0,10,VERDE,Proveedor en lista restrictiva (+10 pts),0.041348122410640786,0
SIN-00236,POL-00530,ASG-00129,Hogar,Incendio,2026-06-26,2026-06-26,12640.01,10739.99,7766.37,Cierre Sin Consecuencia,Centro,Dano por granizo en estacionamiento del trabajo. Evidencia fotografica adjunta.,True,Clinica del Sur,P006,116,249,0,1,Manta,45825.91,0,0,VERDE,Sin alertas detectadas,0.043144820166519215,0
SIN-00237,POL-00217,ASG-00077,Salud,Incendio,2027-01-15,2027-01-18,7537.08,7365.52,6586.08,Negativa,Norte,Accidente en carretera con policia presente. Croquis firmado por ambas partes.,True,Clinica San Marcos,P002,262,103,3,0,Cuenca,21300.03,0,10,VERDE,Proveedor en lista restrictiva (+10 pts),0.05528146495231612,0
SIN-00238,POL-00250,ASG-00023,Generales,Robo,2025-08-15,2025-08-21,27790.14,24037.86,21200.38,Negativa,Este,Colision leve en interseccion con semaforo. El tercero presento sus datos.,True,Taller El Veloz,P001,16,349,6,2,Guayaquil,31655.64,0,29,AMARILLO,Siniestro ocurrido en los primeros 30 dias de la poliza (+4 pts) | Reporte con demora de 4 a 7 dias (+3 pts) | Asegurado con 2 siniestros recientes (+4 pts) | Proveedor en lista restrictiva (+10 pts) | Robo reportado con mas de 48 horas de demora (+8 pts),0.07600727097372639,0
SIN-00239,POL-00175,ASG-00113,Generales,Responsabilidad Civil,2025-07-17,2025-07-22,24765.0,22675.79,16611.63,Pago Total,Oeste,Impacto en la parte trasera por vehiculo que huyo del lugar del accidente.,True,Taller Norte,P003,21,344,5,3,Ambato,32037.74,0,15,VERDE,Siniestro ocurrido en los primeros 30 dias de la poliza (+4 pts) | Reporte con demora de 4 a 7 dias (+3 pts) | Asegurado con 3 o mas siniestros en 18 meses (+8 pts),0.08965108237455327,0
SIN-00240,POL-00517,ASG-00351,Generales,Dano parcial,2026-08-12,2026-08-12,1078.43,1152.94,1075.07,Cierre Sin Consecuencia,Este,Dano por granizo en estacionamiento del trabajo. Evidencia fotografica adjunta.,True,Taller Premium,P008,124,241,0,0,Guayaquil,11730.25,0,0,VERDE,Sin alertas detectadas,0.03130137719224091,0
SIN-00241,POL-00535,ASG-00216,Vida,Incendio,2026-09-28,2026-09-28,1679.36,1729.33,1682.68,Reserva,Centro,Robo de autopartes reportado inmediatamente a la policia. Denuncia adjunta.,True,Peritajes Express,P004,343,22,0,1,Cuenca,6954.72,0,0,VERDE,Sin alertas detectadas,-0.024795087670063887,1
SIN-00242,POL-00557,ASG-00210,Generales,Dano parcial,2026-06-03,2026-06-06,1807.53,1642.47,1225.99,Cierre Sin Consecuencia,Oeste,Robo de autopartes reportado inmediatamente a la policia. Denuncia adjunta.,True,Taller El Veloz,P001,234,131,3,1,Guayaquil,5246.13,0,10,VERDE,Proveedor en lista restrictiva (+10 pts),0.01721795792216463,0
SIN-00243,POL-00260,ASG-00134,Vida,Robo,2025-05-07,2025-05-10,3138.03,2749.33,2177.46,Pago Parcial,Este,Choque en parqueadero de centro comercial con camaras de seguridad.,True,Taller Central,P005,160,205,3,1,Manta,24060.27,0,8,VERDE,Robo reportado con mas de 48 horas de demora (+8 pts),0.07503814448336149,0
SIN-00244,POL-00142,ASG-00338,Vehiculos,Robo,2024-11-12,2024-11-14,6295.17,5339.7,5282.94,Reserva,Norte,Choque en parqueadero de centro comercial con camaras de seguridad.,True,Taller Norte,P003,88,277,2,0,Ambato,15339.71,0,0,VERDE,Sin alertas detectadas,0.07920580087289802,0
SIN-00245,POL-00149,ASG-00242,Hogar,Robo,2024-10-01,2024-10-12,23642.64,22027.65,0.0,Pago Total,Oeste,Colision frontal con vehiculo desconocido en horas de la madrugada sin testigos.,False,Grua Rapida,P007,7,358,11,6,Ambato,24591.98,1,48,ROJO,Siniestro ocurrido en los primeros 10 dias de la poliza (+8 pts) | Reporte tardio: mas de 7 dias despues del evento (+5 pts) | Asegurado con 3 o mas siniestros en 18 meses (+8 pts) | Documentos incompletos o faltantes (+4 pts) | Proveedor en lista restrictiva (+10 pts) | Monto reclamado es el 96% de la suma asegurada (+5 pts) | Robo reportado con mas de 48 horas de demora (+8 pts),-0.02459420257407463,1
SIN-00246,POL-00293,ASG-00100,Generales,Robo,2025-05-29,2025-06-13,28781.27,28807.13,0.0,Negativa,Oeste,Impacto en la parte trasera por vehiculo que huyo del lugar del accidente.,False,Taller El Veloz,P001,4,361,15,5,Loja,31978.17,1,43,ROJO,Siniestro ocurrido en los primeros 10 dias de la poliza (+8 pts) | Reporte tardio: mas de 7 dias despues del evento (+5 pts) | Asegurado con 3 o mas siniestros en 18 meses (+8 pts) | Documentos incompletos o faltantes (+4 pts) | Proveedor en lista restrictiva (+10 pts) | Robo reportado con mas de 48 horas de demora (+8 pts),-0.05318787389292989,1
SIN-00247,POL-00206,ASG-00266,Generales,Dano parcial,2025-04-11,2025-04-14,28444.81,27661.78,21530.06,Negativa,Oeste,Accidente en carretera con policia presente. Croquis firmado por ambas partes.,True,Taller Central,P005,19,346,3,3,Cuenca,36662.99,0,12,VERDE,Siniestro ocurrido en los primeros 30 dias de la poliza (+4 pts) | Asegurado con 3 o mas siniestros en 18 meses (+8 pts),0.07131035752829806,0
SIN-00248,POL-00110,ASG-00287,Generales,Dano parcial,2025-05-14,2025-05-17,5534.89,6024.02,5046.05,Negativa,Oeste,Dano por granizo en estacionamiento del trabajo. Evidencia fotografica adjunta.,True,Taller Central,P005,268,97,3,1,Cuenca,18241.33,0,0,VERDE,Sin alertas detectadas,0.05866627081009573,0
SIN-00249,POL-00029,ASG-00247,Salud,Atencion medica,2025-11-12,2025-11-12,2937.54,2603.21,2133.8,Cierre Sin Consecuencia,Centro,Robo de autopartes reportado inmediatamente a la policia. Denuncia adjunta.,True,Peritajes Express,P004,92,273,0,0,Manta,8039.94,0,0,VERDE,Sin alertas detectadas,0.03612189003363553,0
SIN-00250,POL-00078,ASG-00284,Salud,Responsabilidad Civil,2026-09-10,2026-09-11,7260.47,7410.24,7127.34,Pago Total,Sur,Dano por granizo en estacionamiento del trabajo. Evidencia fotografica adjunta.,True,Taller Central,P005,243,122,1,0,Loja,26445.0,0,0,VERDE,Sin alertas detectadas,0.06309341790302514,0
SIN-00251,POL-00208,ASG-00128,Vehiculos,Responsabilidad Civil,2026-02-12,2026-02-12,8280.47,8730.95,7083.93,Pago Parcial,Este,Choque en parqueadero de centro comercial con camaras de seguridad.,True,Clinica San Marcos,P002,233,132,0,0,Loja,21021.23,0,10,VERDE,Proveedor en lista restrictiva (+10 pts),0.04997779328380475,0
SIN-00252,POL-00589,ASG-00141,Vida,Robo,2024-10-10,2024-10-21,46725.99,43789.67,0.0,Reserva,Oeste,Impacto en la parte trasera por vehiculo que huyo del lugar del accidente.,False,Grua Rapida,P007,9,356,11,4,Ambato,49297.76,1,43,ROJO,Siniestro ocurrido en los primeros 10 dias de la poliza (+8 pts) | Reporte tardio: mas de 7 dias despues del evento (+5 pts) | Asegurado con 3 o mas siniestros en 18 meses (+8 pts) | Documentos incompletos o faltantes (+4 pts) | Proveedor en lista restrictiva (+10 pts) | Robo reportado con mas de 48 horas de demora (+8 pts),-0.05622414759658989,1
SIN-00253,POL-00472,ASG-00162,Hogar,Atencion medica,2026-04-01,2026-04-02,1642.16,1545.94,1366.5,Pago Parcial,Sur,Dano por granizo en estacionamiento del trabajo. Evidencia fotografica adjunta.,True,Clinica San Marcos,P002,255,110,1,1,Ambato,5531.9,0,10,VERDE,Proveedor en lista restrictiva (+10 pts),0.030998568307573304,0
SIN-00254,POL-00511,ASG-00218,Hogar,Incendio,2025-12-08,2025-12-09,15211.44,14703.41,14069.58,Pago Total,Sur,Robo de autopartes reportado inmediatamente a la policia. Denuncia adjunta.,True,Grua Rapida,P007,80,285,1,0,Quito,36532.07,0,10,VERDE,Proveedor en lista restrictiva (+10 pts),0.06538509403395032,0
SIN-00255,POL-00154,ASG-00243,Vida,Atencion medica,2025-05-11,2025-05-11,2968.57,2566.74,1992.53,Cierre Sin Consecuencia,Norte,Dano por granizo en estacionamiento del trabajo. Evidencia fotografica adjunta.,True,Clinica del Sur,P006,323,42,0,0,Cuenca,12947.33,0,0,VERDE,Sin alertas detectadas,0.0003938903538300842,0
SIN-00256,POL-00461,ASG-00382,Hogar,Robo,2024-06-21,2024-06-29,20344.39,20384.22,0.0,Negativa,Este,El asegurado reporta que su vehiculo fue robado en un estacionamiento sin camaras.,False,Grua Rapida,P007,10,355,8,5,Manta,21243.29,1,48,ROJO,Siniestro ocurrido en los primeros 10 dias de la poliza (+8 pts) | Reporte tardio: mas de 7 dias despues del evento (+5 pts) | Asegurado con 3 o mas siniestros en 18 meses (+8 pts) | Documentos incompletos o faltantes (+4 pts) | Proveedor en lista restrictiva (+10 pts) | Monto reclamado es el 96% de la suma asegurada (+5 pts) | Robo reportado con mas de 48 horas de demora (+8 pts),0.024057848199736,0
SIN-00257,POL-00081,ASG-00196,Hogar,Incendio,2025-12-18,2025-12-21,11175.48,9483.51,7287.75,Pago Parcial,Centro,Colision leve en interseccion con semaforo. El tercero presento sus datos.,True,Taller Norte,P003,53,312,3,0,Loja,25868.84,0,0,VERDE,Sin alertas detectadas,0.07082176086732261,0
SIN-00258,POL-00274,ASG-00310,Generales,Dano parcial,2026-05-08,2026-05-09,7474.28,7463.87,7330.5,Cierre Sin Consecuencia,Norte,Dano por granizo en estacionamiento del trabajo. Evidencia fotografica adjunta.,True,Clinica del Sur,P006,196,169,1,0,Manta,17206.16,0,0,VERDE,Sin alertas detectadas,0.06839330350854478,0
SIN-00259,POL-00216,ASG-00086,Generales,Choque,2026-10-20,2026-10-20,899.93,742.71,727.47,Negativa,Centro,Choque en parqueadero de centro comercial con camaras de seguridad.,True,Taller Premium,P008,293,72,0,0,Guayaquil,9299.92,0,0,VERDE,Sin alertas detectadas,-0.014783580159280163,1
SIN-00260,POL-00235,ASG-00127,Vehiculos,Choque,2024-11-18,2024-11-23,18344.66,15419.32,15181.03,Liquidado,Sur,Choque en parqueadero de centro comercial con camaras de seguridad.,False,Taller Norte,P003,21,344,5,3,Loja,24942.22,0,19,VERDE,Siniestro ocurrido en los primeros 30 dias de la poliza (+4 pts) | Reporte con demora de 4 a 7 dias (+3 pts) | Asegurado con 3 o mas siniestros en 18 meses (+8 pts) | Documentos incompletos o faltantes (+4 pts),0.09175662774061327,0
SIN-00261,POL-00468,ASG-00324,Hogar,Incendio,2026-03-25,2026-03-30,30658.03,27318.51,19123.71,Pago Total,Centro,Colision leve en interseccion con semaforo. El tercero presento sus datos.,False,Taller Central,P005,13,352,5,2,Ambato,44478.22,0,15,VERDE,Siniestro ocurrido en los primeros 30 dias de la poliza (+4 pts) | Reporte con demora de 4 a 7 dias (+3 pts) | Asegurado con 2 siniestros recientes (+4 pts) | Documentos incompletos o faltantes (+4 pts),0.0626987100709831,0
SIN-00262,POL-00294,ASG-00241,Hogar,Choque,2027-03-15,2027-03-16,14687.06,12580.51,12135.77,Negativa,Este,Choque en parqueadero de centro comercial con camaras de seguridad.,True,Taller Premium,P008,321,44,1,1,Manta,35949.65,0,0,VERDE,Sin alertas detectadas,0.027390182517161965,0
SIN-00263,POL-00256,ASG-00084,Hogar,Choque,2025-04-18,2025-04-20,6067.95,5606.0,5359.59,Pago Total,Sur,Choque en parqueadero de centro comercial con camaras de seguridad.,True,Peritajes Express,P004,238,127,2,1,Manta,34069.59,0,0,VERDE,Sin alertas detectadas,0.07537012677559046,0
SIN-00264,POL-00297,ASG-00057,Salud,Atencion medica,2025-08-12,2025-08-14,21447.21,17962.29,14936.09,Reserva,Sur,Colision leve en interseccion con semaforo. El tercero presento sus datos.,True,Taller Premium,P008,28,337,2,3,Guayaquil,32797.82,0,12,VERDE,Siniestro ocurrido en los primeros 30 dias de la poliza (+4 pts) | Asegurado con 3 o mas siniestros en 18 meses (+8 pts),0.06449002974520124,0
SIN-00265,POL-00093,ASG-00078,Hogar,Incendio,2025-10-06,2025-10-08,1272.0,1119.3,915.28,Liquidado,Este,Dano por granizo en estacionamiento del trabajo. Evidencia fotografica adjunta.,True,Taller Premium,P008,290,75,2,0,Loja,14773.46,0,0,VERDE,Sin alertas detectadas,0.030287358314888713,0
SIN-00266,POL-00186,ASG-00099,Vehiculos,Responsabilidad Civil,2026-01-29,2026-02-01,13228.94,13501.41,9831.57,Cierre Sin Consecuencia,Sur,Impacto en la parte trasera por vehiculo que huyo del lugar del accidente.,True,Taller El Veloz,P001,25,340,3,3,Quito,16253.58,0,22,AMARILLO,Siniestro ocurrido en los primeros 30 dias de la poliza (+4 pts) | Asegurado con 3 o mas siniestros en 18 meses (+8 pts) | Proveedor en lista restrictiva (+10 pts),0.08409033420750589,0
SIN-00267,POL-00485,ASG-00200,Generales,Dano parcial,2025-01-14,2025-01-17,13417.6,11683.91,9700.55,Reserva,Sur,Impacto en la parte trasera por vehiculo que huyo del lugar del accidente.,True,Taller El Veloz,P001,20,345,3,2,Guayaquil,19044.92,0,18,VERDE,Siniestro ocurrido en los primeros 30 dias de la poliza (+4 pts) | Asegurado con 2 siniestros recientes (+4 pts) | Proveedor en lista restrictiva (+10 pts),0.09993077045134768,0
SIN-00268,POL-00283,ASG-00300,Generales,Responsabilidad Civil,2026-12-09,2026-12-10,8796.23,7453.13,5421.56,Liquidado,Centro,Colision leve en interseccion con semaforo. El tercero presento sus datos.,True,Taller El Veloz,P001,209,156,1,0,Manta,40511.47,0,10,VERDE,Proveedor en lista restrictiva (+10 pts),0.06631381148137155,0
SIN-00269,POL-00062,ASG-00031,Salud,Incendio,2024-07-08,2024-07-15,9772.94,9839.15,7944.62,Pago Total,Centro,Impacto en la parte trasera por vehiculo que huyo del lugar del accidente.,False,Clinica San Marcos,P002,28,337,7,2,Quito,11926.33,0,25,AMARILLO,Siniestro ocurrido en los primeros 30 dias de la poliza (+4 pts) | Reporte con demora de 4 a 7 dias (+3 pts) | Asegurado con 2 siniestros recientes (+4 pts) | Documentos incompletos o faltantes (+4 pts) | Proveedor en lista restrictiva (+10 pts),0.05340713301279515,0
SIN-00270,POL-00041,ASG-00249,Salud,Dano parcial,2025-08-26,2025-08-28,11446.69,9393.87,7012.6,Pago Parcial,Centro,Robo de autopartes reportado inmediatamente a la policia. Denuncia adjunta.,True,Taller Premium,P008,279,86,2,0,Quito,30156.12,0,0,VERDE,Sin alertas detectadas,0.05070154266929927,0
SIN-00271,POL-00555,ASG-00188,Vehiculos,Dano parcial,2024-11-11,2024-11-12,7756.23,6646.79,6015.13,Liquidado,Sur,Colision leve en interseccion con semaforo. El tercero presento sus datos.,True,Taller Norte,P003,89,276,1,1,Cuenca,39916.31,0,0,VERDE,Sin alertas detectadas,0.0736599102702013,0
SIN-00272,POL-00290,ASG-00166,Vehiculos,Robo,2026-12-24,2026-12-25,1913.53,1549.09,1382.6,Negativa,Este,Dano por granizo en estacionamiento del trabajo. Evidencia fotografica adjunta.,True,Clinica San Marcos,P002,257,108,1,0,Quito,19491.08,0,10,VERDE,Proveedor en lista restrictiva (+10 pts),0.05302379643790306,0
SIN-00273,POL-00539,ASG-00320,Vehiculos,Robo,2025-01-21,2025-01-21,4304.83,4164.52,4087.36,Negativa,Centro,Colision leve en interseccion con semaforo. El tercero presento sus datos.,True,Clinica San Marcos,P002,145,220,0,1,Loja,16517.23,0,10,VERDE,Proveedor en lista restrictiva (+10 pts),0.07006654151798364,0
SIN-00274,POL-00060,ASG-00316,Vehiculos,Robo,2024-06-24,2024-07-07,6409.61,6601.16,0.0,Liquidado,Centro,Impacto en la parte trasera por vehiculo que huyo del lugar del accidente.,False,Taller El Veloz,P001,4,361,13,3,Ambato,6829.39,1,43,ROJO,Siniestro ocurrido en los primeros 10 dias de la poliza (+8 pts) | Reporte tardio: mas de 7 dias despues del evento (+5 pts) | Asegurado con 3 o mas siniestros en 18 meses (+8 pts) | Documentos incompletos o faltantes (+4 pts) | Proveedor en lista restrictiva (+10 pts) | Robo reportado con mas de 48 horas de demora (+8 pts),-0.02309146501662973,1
SIN-00275,POL-00470,ASG-00360,Generales,Incendio,2025-08-29,2025-09-04,39786.78,38395.21,38358.93,Pago Parcial,Este,Dano por granizo en estacionamiento del trabajo. Evidencia fotografica adjunta.,False,Taller Norte,P003,16,349,6,3,Ambato,44727.08,0,19,VERDE,Siniestro ocurrido en los primeros 30 dias de la poliza (+4 pts) | Reporte con demora de 4 a 7 dias (+3 pts) | Asegurado con 3 o mas siniestros en 18 meses (+8 pts) | Documentos incompletos o faltantes (+4 pts),0.04299171451163453,0
SIN-00276,POL-00441,ASG-00372,Generales,Responsabilidad Civil,2025-10-21,2025-10-26,13906.48,13610.67,11640.97,Pago Parcial,Norte,El vehiculo fue impactado por un tercero que se dio a la fuga sin dejar datos.,True,Grua Rapida,P007,25,340,5,3,Cuenca,15832.52,0,25,AMARILLO,Siniestro ocurrido en los primeros 30 dias de la poliza (+4 pts) | Reporte con demora de 4 a 7 dias (+3 pts) | Asegurado con 3 o mas siniestros en 18 meses (+8 pts) | Proveedor en lista restrictiva (+10 pts),0.07880985437168053,0
SIN-00277,POL-00308,ASG-00114,Generales,Dano parcial,2026-01-10,2026-01-11,1771.93,1500.53,1169.66,Liquidado,Sur,Accidente en carretera con policia presente. Croquis firmado por ambas partes.,True,Taller Central,P005,248,117,1,1,Ambato,19170.71,0,0,VERDE,Sin alertas detectadas,0.059942177600654345,0
SIN-00278,POL-00239,ASG-00132,Vehiculos,Responsabilidad Civil,2026-02-24,2026-02-25,2464.13,2411.32,1905.23,Cierre Sin Consecuencia,Oeste,Choque en parqueadero de centro comercial con camaras de seguridad.,True,Peritajes Express,P004,89,276,1,0,Cuenca,9135.73,0,0,VERDE,Sin alertas detectadas,0.06203657573895627,0
SIN-00279,POL-00391,ASG-00041,Vida,Choque,2026-10-23,2026-10-23,15583.8,13891.95,9896.0,Liquidado,Oeste,Accidente en carretera con policia presente. Croquis firmado por ambas partes.,True,Grua Rapida,P007,292,73,0,0,Quito,46484.22,0,10,VERDE,Proveedor en lista restrictiva (+10 pts),-0.008236396279581726,1
SIN-00280,POL-00154,ASG-00168,Vida,Dano parcial,2024-10-29,2024-10-30,3649.89,3064.65,2221.15,Liquidado,Norte,Accidente en carretera con policia presente. Croquis firmado por ambas partes.,True,Grua Rapida,P007,115,250,1,0,Ambato,14935.87,0,10,VERDE,Proveedor en lista restrictiva (+10 pts),0.07568299363296838,0
SIN-00281,POL-00562,ASG-00205,Salud,Incendio,2025-04-23,2025-04-30,17560.03,15450.67,12808.91,Cierre Sin Consecuencia,Oeste,Impacto en la parte trasera por vehiculo que huyo del lugar del accidente.,True,Taller Norte,P003,23,342,7,2,Ambato,22933.72,0,11,VERDE,Siniestro ocurrido en los primeros 30 dias de la poliza (+4 pts) | Reporte con demora de 4 a 7 dias (+3 pts) | Asegurado con 2 siniestros recientes (+4 pts),0.07982816045064095,0
SIN-00282,POL-00092,ASG-00058,Hogar,Robo,2025-09-28,2025-10-05,24029.62,25886.24,0.0,Pago Total,Sur,Impacto en la parte trasera por vehiculo que huyo del lugar del accidente.,False,Grua Rapida,P007,5,360,7,3,Loja,24059.33,1,46,ROJO,Siniestro ocurrido en los primeros 10 dias de la poliza (+8 pts) | Reporte con demora de 4 a 7 dias (+3 pts) | Asegurado con 3 o mas siniestros en 18 meses (+8 pts) | Documentos incompletos o faltantes (+4 pts) | Proveedor en lista restrictiva (+10 pts) | Monto reclamado es el 100% de la suma asegurada (+5 pts) | Robo reportado con mas de 48 horas de demora (+8 pts),0.07583927582804628,0
SIN-00283,POL-00383,ASG-00080,Salud,Dano parcial,2025-05-21,2025-05-23,2436.77,2278.42,1610.44,Pago Total,Oeste,Colision leve en interseccion con semaforo. El tercero presento sus datos.,True,Taller El Veloz,P001,271,94,2,1,Quito,43374.39,0,10,VERDE,Proveedor en lista restrictiva (+10 pts),0.022292633038975773,0
SIN-00284,POL-00217,ASG-00105,Vehiculos,Incendio,2025-12-31,2025-12-31,6394.66,5500.74,4999.94,Pago Parcial,Norte,Colision leve en interseccion con semaforo. El tercero presento sus datos.,True,Taller Norte,P003,236,129,0,1,Ambato,38765.98,0,0,VERDE,Sin alertas detectadas,0.03720048923695152,0
SIN-00285,POL-00477,ASG-00336,Vehiculos,Choque,2026-05-05,2026-05-08,1231.73,1319.38,1115.4,Liquidado,Oeste,Accidente en carretera con policia presente. Croquis firmado por ambas partes.,True,Clinica del Sur,P006,181,184,3,0,Cuenca,7996.9,0,0,VERDE,Sin alertas detectadas,0.029608891671572435,0
SIN-00286,POL-00091,ASG-00096,Vehiculos,Robo,2025-02-13,2025-02-18,39574.43,35878.71,28369.22,Liquidado,Centro,Dano por granizo en estacionamiento del trabajo. Evidencia fotografica adjunta.,True,Taller El Veloz,P001,26,339,5,3,Ambato,48505.61,0,33,AMARILLO,Siniestro ocurrido en los primeros 30 dias de la poliza (+4 pts) | Reporte con demora de 4 a 7 dias (+3 pts) | Asegurado con 3 o mas siniestros en 18 meses (+8 pts) | Proveedor en lista restrictiva (+10 pts) | Robo reportado con mas de 48 horas de demora (+8 pts),0.016566966162345875,0
SIN-00287,POL-00064,ASG-00321,Generales,Atencion medica,2025-11-28,2025-12-05,14346.16,13273.07,11572.39,Negativa,Centro,Choque en parqueadero de centro comercial con camaras de seguridad.,False,Taller El Veloz,P001,23,342,7,2,Quito,22422.68,0,25,AMARILLO,Siniestro ocurrido en los primeros 30 dias de la poliza (+4 pts) | Reporte con demora de 4 a 7 dias (+3 pts) | Asegurado con 2 siniestros recientes (+4 pts) | Documentos incompletos o faltantes (+4 pts) | Proveedor en lista restrictiva (+10 pts),0.08393151306750668,0
SIN-00288,POL-00338,ASG-00230,Salud,Atencion medica,2024-12-09,2024-12-10,3483.46,3118.56,2704.42,Cierre Sin Consecuencia,Norte,Dano por granizo en estacionamiento del trabajo. Evidencia fotografica adjunta.,True,Peritajes Express,P004,84,281,1,0,Loja,14304.08,0,0,VERDE,Sin alertas detectadas,0.08336652061516431,0
SIN-00289,POL-00189,ASG-00163,Vida,Incendio,2027-01-13,2027-01-15,1367.12,1147.65,812.37,Liquidado,Oeste,Dano por granizo en estacionamiento del trabajo. Evidencia fotografica adjunta.,True,Clinica del Sur,P006,268,97,2,0,Cuenca,11548.53,0,0,VERDE,Sin alertas detectadas,0.03963947183888061,0
SIN-00290,POL-00274,ASG-00311,Hogar,Choque,2026-04-10,2026-04-11,4248.63,4306.44,3497.64,Negativa,Este,Choque en parqueadero de centro comercial con camaras de seguridad.,True,Taller El Veloz,P001,202,163,1,1,Loja,15391.01,0,10,VERDE,Proveedor en lista restrictiva (+10 pts),0.08481748617395002,0
SIN-00291,POL-00486,ASG-00071,Hogar,Incendio,2025-12-03,2025-12-04,5936.27,6400.08,6372.48,Liquidado,Este,Colision leve en interseccion con semaforo. El tercero presento sus datos.,True,Taller El Veloz,P001,279,86,1,0,Quito,15182.29,0,10,VERDE,Proveedor en lista restrictiva (+10 pts),0.038754522141108416,0
SIN-00292,POL-00333,ASG-00235,Hogar,Incendio,2026-12-30,2026-12-30,6891.24,7222.73,5147.82,Pago Total,Oeste,Accidente en carretera con policia presente. Croquis firmado por ambas partes.,True,Grua Rapida,P007,298,67,0,1,Ambato,24240.01,0,10,VERDE,Proveedor en lista restrictiva (+10 pts),0.03816765706130887,0
SIN-00293,POL-00551,ASG-00203,Salud,Atencion medica,2024-11-09,2024-11-13,4965.06,4999.75,4855.27,Negativa,Este,Colision leve en interseccion con semaforo. El tercero presento sus datos.,False,Taller El Veloz,P001,20,345,4,2,Manta,6766.32,0,25,AMARILLO,Siniestro ocurrido en los primeros 30 dias de la poliza (+4 pts) | Reporte con demora de 4 a 7 dias (+3 pts) | Asegurado con 2 siniestros recientes (+4 pts) | Documentos incompletos o faltantes (+4 pts) | Proveedor en lista restrictiva (+10 pts),0.03648407027718026,0
SIN-00294,POL-00093,ASG-00370,Vida,Incendio,2025-08-13,2025-08-14,3326.83,2751.47,2193.53,Cierre Sin Consecuencia,Sur,Dano por granizo en estacionamiento del trabajo. Evidencia fotografica adjunta.,True,Taller Norte,P003,229,136,1,1,Cuenca,13089.71,0,0,VERDE,Sin alertas detectadas,0.07217291521638636,0
SIN-00295,POL-00127,ASG-00047,Generales,Dano parcial,2024-11-06,2024-11-08,20753.31,22011.91,16589.5,Cierre Sin Consecuencia,Norte,El asegurado reporta que su vehiculo fue robado en un estacionamiento sin camaras.,False,Grua Rapida,P007,23,342,2,2,Quito,25222.93,0,22,AMARILLO,Siniestro ocurrido en los primeros 30 dias de la poliza (+4 pts) | Asegurado con 2 siniestros recientes (+4 pts) | Documentos incompletos o faltantes (+4 pts) | Proveedor en lista restrictiva (+10 pts),0.09166838157451301,0
SIN-00296,POL-00430,ASG-00158,Vehiculos,Robo,2025-12-07,2025-12-12,37445.22,36571.2,0.0,Negativa,Este,Colision frontal con vehiculo desconocido en horas de la madrugada sin testigos.,False,Clinica San Marcos,P002,5,360,5,4,Quito,39588.37,1,41,ROJO,Siniestro ocurrido en los primeros 10 dias de la poliza (+8 pts) | Reporte con demora de 4 a 7 dias (+3 pts) | Asegurado con 3 o mas siniestros en 18 meses (+8 pts) | Documentos incompletos o faltantes (+4 pts) | Proveedor en lista restrictiva (+10 pts) | Robo reportado con mas de 48 horas de demora (+8 pts),0.016094055358833237,0
SIN-00297,POL-00420,ASG-00227,Generales,Responsabilidad Civil,2025-10-27,2025-10-28,2304.76,2295.5,1632.14,Reserva,Oeste,Dano por granizo en estacionamiento del trabajo. Evidencia fotografica adjunta.,True,Taller Central,P005,214,151,1,0,Ambato,32004.59,0,0,VERDE,Sin alertas detectadas,0.054677547819064864,0
SIN-00298,POL-00306,ASG-00170,Salud,Responsabilidad Civil,2025-06-11,2025-06-12,3493.9,3771.47,2745.4,Pago Parcial,Centro,Choque en parqueadero de centro comercial con camaras de seguridad.,True,Taller Norte,P003,52,313,1,1,Cuenca,7206.41,0,0,VERDE,Sin alertas detectadas,0.0640304632791997,0
SIN-00299,POL-00378,ASG-00195,Hogar,Robo,2025-04-15,2025-04-25,37279.25,36213.44,0.0,Cierre Sin Consecuencia,Oeste,El vehiculo fue impactado por un tercero que se dio a la fuga sin dejar datos.,False,Grua Rapida,P007,5,360,10,3,Quito,39129.89,1,48,ROJO,Siniestro ocurrido en los primeros 10 dias de la poliza (+8 pts) | Reporte tardio: mas de 7 dias despues del evento (+5 pts) | Asegurado con 3 o mas siniestros en 18 meses (+8 pts) | Documentos incompletos o faltantes (+4 pts) | Proveedor en lista restrictiva (+10 pts) | Monto reclamado es el 95% de la suma asegurada (+5 pts) | Robo reportado con mas de 48 horas de demora (+8 pts),0.029220399620278115,0
SIN-00300,POL-00090,ASG-00248,Vida,Dano parcial,2024-10-27,2024-11-02,22634.83,21452.19,16174.35,Liquidado,Sur,Accidente en carretera con policia presente. Croquis firmado por ambas partes.,True,Taller Central,P005,29,336,6,3,Cuenca,32215.01,0,15,VERDE,Siniestro ocurrido en los primeros 30 dias de la poliza (+4 pts) | Reporte con demora de 4 a 7 dias (+3 pts) | Asegurado con 3 o mas siniestros en 18 meses (+8 pts),0.071861511131381,0
SIN-00301,POL-00298,ASG-00100,Salud,Dano parcial,2024-06-14,2024-06-16,1260.52,1250.67,1134.36,Pago Parcial,Norte,Dano por granizo en estacionamiento del trabajo. Evidencia fotografica adjunta.,True,Clinica San Marcos,P002,13,352,2,0,Manta,6079.41,0,14,VERDE,Siniestro ocurrido en los primeros 30 dias de la poliza (+4 pts) | Proveedor en lista restrictiva (+10 pts),0.03014281995371748,0
SIN-00302,POL-00316,ASG-00154,Hogar,Incendio,2026-07-05,2026-07-05,8308.67,8725.33,8521.89,Negativa,Este,Dano por granizo en estacionamiento del trabajo. Evidencia fotografica adjunta.,True,Clinica del Sur,P006,175,190,0,1,Loja,19576.57,0,0,VERDE,Sin alertas detectadas,0.06574830162795259,0
SIN-00303,POL-00037,ASG-00331,Vida,Robo,2025-02-21,2025-03-02,11470.64,11927.87,0.0,Pago Parcial,Norte,Colision frontal con vehiculo desconocido en horas de la madrugada sin testigos.,False,Grua Rapida,P007,9,356,9,5,Loja,11992.38,1,48,ROJO,Siniestro ocurrido en los primeros 10 dias de la poliza (+8 pts) | Reporte tardio: mas de 7 dias despues del evento (+5 pts) | Asegurado con 3 o mas siniestros en 18 meses (+8 pts) | Documentos incompletos o faltantes (+4 pts) | Proveedor en lista restrictiva (+10 pts) | Monto reclamado es el 96% de la suma asegurada (+5 pts) | Robo reportado con mas de 48 horas de demora (+8 pts),0.020526673185077837,0
SIN-00304,POL-00153,ASG-00144,Generales,Dano parcial,2026-04-13,2026-04-17,16301.22,15064.95,12791.9,Pago Total,Centro,El vehiculo fue impactado por un tercero que se dio a la fuga sin dejar datos.,False,Taller Norte,P003,14,351,4,3,Manta,20261.86,0,19,VERDE,Siniestro ocurrido en los primeros 30 dias de la poliza (+4 pts) | Reporte con demora de 4 a 7 dias (+3 pts) | Asegurado con 3 o mas siniestros en 18 meses (+8 pts) | Documentos incompletos o faltantes (+4 pts),0.09790597540430485,0
SIN-00305,POL-00463,ASG-00155,Salud,Choque,2026-04-25,2026-04-28,8506.46,7673.12,6484.11,Liquidado,Centro,Dano por granizo en estacionamiento del trabajo. Evidencia fotografica adjunta.,True,Taller El Veloz,P001,344,21,3,0,Manta,18604.32,0,10,VERDE,Proveedor en lista restrictiva (+10 pts),0.0041997509602317296,0
SIN-00306,POL-00336,ASG-00074,Salud,Responsabilidad Civil,2026-01-22,2026-01-22,488.49,439.63,425.01,Reserva,Oeste,Colision leve en interseccion con semaforo. El tercero presento sus datos.,True,Taller Norte,P003,186,179,0,0,Guayaquil,9421.32,0,0,VERDE,Sin alertas detectadas,-0.0030940841260559404,1
SIN-00307,POL-00320,ASG-00012,Salud,Robo,2024-08-07,2024-08-12,15134.79,13350.26,9406.29,Liquidado,Oeste,El asegurado reporta que su vehiculo fue robado en un estacionamiento sin camaras.,False,Clinica del Sur,P006,21,344,5,2,Cuenca,19046.43,0,23,AMARILLO,Siniestro ocurrido en los primeros 30 dias de la poliza (+4 pts) | Reporte con demora de 4 a 7 dias (+3 pts) | Asegurado con 2 siniestros recientes (+4 pts) | Documentos incompletos o faltantes (+4 pts) | Robo reportado con mas de 48 horas de demora (+8 pts),0.08991834576173119,0
SIN-00308,POL-00527,ASG-00053,Hogar,Dano parcial,2024-12-22,2024-12-28,17831.37,14420.19,14001.83,Reserva,Norte,El vehiculo fue impactado por un tercero que se dio a la fuga sin dejar datos.,False,Taller Norte,P003,20,345,6,2,Quito,20764.32,0,15,VERDE,Siniestro ocurrido en los primeros 30 dias de la poliza (+4 pts) | Reporte con demora de 4 a 7 dias (+3 pts) | Asegurado con 2 siniestros recientes (+4 pts) | Documentos incompletos o faltantes (+4 pts),0.08440666207658609,0
SIN-00309,POL-00393,ASG-00028,Generales,Atencion medica,2025-01-02,2025-01-09,18560.29,15365.6,14454.5,Cierre Sin Consecuencia,Este,Accidente en carretera con policia presente. Croquis firmado por ambas partes.,True,Taller Premium,P008,17,348,7,2,Cuenca,22636.25,0,11,VERDE,Siniestro ocurrido en los primeros 30 dias de la poliza (+4 pts) | Reporte con demora de 4 a 7 dias (+3 pts) | Asegurado con 2 siniestros recientes (+4 pts),0.0823220089691627,0
SIN-00310,POL-00100,ASG-00234,Salud,Robo,2025-11-10,2025-11-12,15666.25,15821.1,14231.94,Pago Parcial,Este,Accidente en carretera con policia presente. Croquis firmado por ambas partes.,True,Taller Premium,P008,323,42,2,0,Quito,33998.84,0,0,VERDE,Sin alertas detectadas,0.022715210543054143,0
SIN-00311,POL-00500,ASG-00016,Hogar,Atencion medica,2024-12-01,2024-12-01,2344.17,2266.45,1634.74,Pago Parcial,Oeste,Colision leve en interseccion con semaforo. El tercero presento sus datos.,True,Taller Norte,P003,56,309,0,1,Ambato,10079.92,0,0,VERDE,Sin alertas detectadas,0.05359490109639703,0
SIN-00312,POL-00473,ASG-00206,Vida,Incendio,2025-03-27,2025-04-01,13020.68,11092.65,9993.16,Cierre Sin Consecuencia,Oeste,Dano por granizo en estacionamiento del trabajo. Evidencia fotografica adjunta.,False,Taller Norte,P003,29,336,5,2,Guayaquil,15735.89,0,15,VERDE,Siniestro ocurrido en los primeros 30 dias de la poliza (+4 pts) | Reporte con demora de 4 a 7 dias (+3 pts) | Asegurado con 2 siniestros recientes (+4 pts) | Documentos incompletos o faltantes (+4 pts),0.08247819606100781,0
SIN-00313,POL-00499,ASG-00059,Salud,Robo,2025-02-01,2025-02-16,25350.6,21935.46,0.0,Pago Total,Oeste,El vehiculo fue impactado por un tercero que se dio a la fuga sin dejar datos.,False,Clinica San Marcos,P002,2,363,15,3,Manta,25830.88,1,48,ROJO,Siniestro ocurrido en los primeros 10 dias de la poliza (+8 pts) | Reporte tardio: mas de 7 dias despues del evento (+5 pts) | Asegurado con 3 o mas siniestros en 18 meses (+8 pts) | Documentos incompletos o faltantes (+4 pts) | Proveedor en lista restrictiva (+10 pts) | Monto reclamado es el 98% de la suma asegurada (+5 pts) | Robo reportado con mas de 48 horas de demora (+8 pts),-0.03849963386460542,1
SIN-00314,POL-00001,ASG-00388,Generales,Dano parcial,2024-08-19,2024-08-23,8966.23,9836.73,8605.35,Liquidado,Oeste,Robo de autopartes reportado inmediatamente a la policia. Denuncia adjunta.,False,Grua Rapida,P007,21,344,4,3,Manta,11714.74,0,29,AMARILLO,Siniestro ocurrido en los primeros 30 dias de la poliza (+4 pts) | Reporte con demora de 4 a 7 dias (+3 pts) | Asegurado con 3 o mas siniestros en 18 meses (+8 pts) | Documentos incompletos o faltantes (+4 pts) | Proveedor en lista restrictiva (+10 pts),0.06871888378819324,0
SIN-00315,POL-00414,ASG-00066,Vehiculos,Responsabilidad Civil,2026-07-15,2026-07-17,775.88,675.46,615.12,Negativa,Centro,Robo de autopartes reportado inmediatamente a la policia. Denuncia adjunta.,True,Taller El Veloz,P001,284,81,2,0,Ambato,7808.48,0,10,VERDE,Proveedor en lista restrictiva (+10 pts),0.0017200948601172605,0
SIN-00316,POL-00392,ASG-00208,Salud,Robo,2026-03-21,2026-03-26,19039.32,15641.25,11022.58,Cierre Sin Consecuencia,Este,El asegurado reporta que su vehiculo fue robado en un estacionamiento sin camaras.,True,Taller Premium,P008,22,343,5,2,Ambato,29530.35,0,19,VERDE,Siniestro ocurrido en los primeros 30 dias de la poliza (+4 pts) | Reporte con demora de 4 a 7 dias (+3 pts) | Asegurado con 2 siniestros recientes (+4 pts) | Robo reportado con mas de 48 horas de demora (+8 pts),0.08668659954039865,0
SIN-00317,POL-00448,ASG-00070,Generales,Incendio,2024-10-11,2024-10-16,25767.91,22359.39,18500.86,Reserva,Oeste,Robo de autopartes reportado inmediatamente a la policia. Denuncia adjunta.,False,Taller Premium,P008,27,338,5,3,Ambato,33900.93,0,19,VERDE,Siniestro ocurrido en los primeros 30 dias de la poliza (+4 pts) | Reporte con demora de 4 a 7 dias (+3 pts) | Asegurado con 3 o mas siniestros en 18 meses (+8 pts) | Documentos incompletos o faltantes (+4 pts),0.08158234050135715,0
SIN-00318,POL-00511,ASG-00375,Vehiculos,Choque,2025-12-21,2025-12-23,2783.26,2345.25,2156.19,Pago Parcial,Este,Accidente en carretera con policia presente. Croquis firmado por ambas partes.,True,Clinica del Sur,P006,32,333,2,0,Ambato,27577.8,0,0,VERDE,Sin alertas detectadas,0.06372607762429783,0
SIN-00319,POL-00530,ASG-00041,Generales,Dano parcial,2026-03-12,2026-03-14,9436.25,8834.32,8585.34,Liquidado,Centro,Colision leve en interseccion con semaforo. El tercero presento sus datos.,True,Clinica San Marcos,P002,320,45,2,1,Cuenca,32453.18,0,10,VERDE,Proveedor en lista restrictiva (+10 pts),0.04534500161709282,0
SIN-00320,POL-00432,ASG-00181,Generales,Responsabilidad Civil,2026-06-29,2026-07-01,3176.95,3087.54,2769.2,Pago Parcial,Oeste,Accidente en carretera con policia presente. Croquis firmado por ambas partes.,True,Taller El Veloz,P001,206,159,2,0,Cuenca,40920.04,0,10,VERDE,Proveedor en lista restrictiva (+10 pts),0.044818299865184597,0
SIN-00321,POL-00028,ASG-00147,Hogar,Robo,2026-01-16,2026-01-18,8726.33,7949.08,5982.64,Cierre Sin Consecuencia,Sur,El asegurado reporta que su vehiculo fue robado en un estacionamiento sin camaras.,True,Taller Central,P005,19,346,2,3,Ambato,10706.96,0,12,VERDE,Siniestro ocurrido en los primeros 30 dias de la poliza (+4 pts) | Asegurado con 3 o mas siniestros en 18 meses (+8 pts),0.0675028813532258,0
SIN-00322,POL-00497,ASG-00093,Salud,Dano parcial,2026-02-12,2026-02-15,17370.24,17679.43,13262.84,Liquidado,Centro,Dano por granizo en estacionamiento del trabajo. Evidencia fotografica adjunta.,True,Clinica San Marcos,P002,149,216,3,1,Quito,43790.65,0,10,VERDE,Proveedor en lista restrictiva (+10 pts),0.05405569136802485,0
SIN-00323,POL-00056,ASG-00329,Vida,Incendio,2026-05-10,2026-05-11,9251.48,8130.09,6984.83,Negativa,Norte,Accidente en carretera con policia presente. Croquis firmado por ambas partes.,True,Taller Premium,P008,77,288,1,1,Cuenca,41878.9,0,0,VERDE,Sin alertas detectadas,0.07033361891228623,0
SIN-00324,POL-00296,ASG-00230,Vehiculos,Dano parcial,2025-10-07,2025-10-13,16636.85,14642.53,10681.48,Cierre Sin Consecuencia,Oeste,Dano por granizo en estacionamiento del trabajo. Evidencia fotografica adjunta.,False,Taller El Veloz,P001,24,341,6,3,Loja,19205.99,0,29,AMARILLO,Siniestro ocurrido en los primeros 30 dias de la poliza (+4 pts) | Reporte con demora de 4 a 7 dias (+3 pts) | Asegurado con 3 o mas siniestros en 18 meses (+8 pts) | Documentos incompletos o faltantes (+4 pts) | Proveedor en lista restrictiva (+10 pts),0.08031080986448846,0
SIN-00325,POL-00401,ASG-00237,Generales,Atencion medica,2026-02-23,2026-02-24,7392.33,7758.3,5458.65,Reserva,Oeste,Colision leve en interseccion con semaforo. El tercero presento sus datos.,True,Peritajes Express,P004,317,48,1,0,Loja,38709.09,0,0,VERDE,Sin alertas detectadas,0.027609653858581162,0
SIN-00326,POL-00107,ASG-00351,Vehiculos,Robo,2025-03-14,2025-03-29,14716.02,13432.6,0.0,Cierre Sin Consecuencia,Oeste,El vehiculo fue impactado por un tercero que se dio a la fuga sin dejar datos.,False,Taller El Veloz,P001,10,355,15,4,Ambato,14873.73,1,48,ROJO,Siniestro ocurrido en los primeros 10 dias de la poliza (+8 pts) | Reporte tardio: mas de 7 dias despues del evento (+5 pts) | Asegurado con 3 o mas siniestros en 18 meses (+8 pts) | Documentos incompletos o faltantes (+4 pts) | Proveedor en lista restrictiva (+10 pts) | Monto reclamado es el 99% de la suma asegurada (+5 pts) | Robo reportado con mas de 48 horas de demora (+8 pts),-0.04712915088649505,1
SIN-00327,POL-00190,ASG-00057,Vida,Atencion medica,2026-05-28,2026-05-30,2719.16,2809.25,2289.09,Pago Parcial,Norte,Colision leve en interseccion con semaforo. El tercero presento sus datos.,True,Clinica San Marcos,P002,171,194,2,1,Manta,16400.11,0,10,VERDE,Proveedor en lista restrictiva (+10 pts),0.0908371814352244,0
SIN-00328,POL-00265,ASG-00136,Generales,Incendio,2025-01-16,2025-01-16,932.05,917.31,671.36,Negativa,Centro,Accidente en carretera con policia presente. Croquis firmado por ambas partes.,True,Peritajes Express,P004,69,296,0,0,Quito,8122.93,0,0,VERDE,Sin alertas detectadas,0.0144070012417028,0
SIN-00329,POL-00106,ASG-00018,Vehiculos,Incendio,2026-05-16,2026-05-16,14427.86,12198.5,9745.98,Negativa,Oeste,Accidente en carretera con policia presente. Croquis firmado por ambas partes.,True,Taller Premium,P008,270,95,0,1,Quito,30710.51,0,0,VERDE,Sin alertas detectadas,0.022132321612871486,0
SIN-00330,POL-00004,ASG-00264,Vehiculos,Robo,2025-01-23,2025-01-29,37976.77,37584.92,0.0,Cierre Sin Consecuencia,Norte,Impacto en la parte trasera por vehiculo que huyo del lugar del accidente.,False,Clinica San Marcos,P002,8,357,6,3,Quito,39694.58,1,46,ROJO,Siniestro ocurrido en los primeros 10 dias de la poliza (+8 pts) | Reporte con demora de 4 a 7 dias (+3 pts) | Asegurado con 3 o mas siniestros en 18 meses (+8 pts) | Documentos incompletos o faltantes (+4 pts) | Proveedor en lista restrictiva (+10 pts) | Monto reclamado es el 96% de la suma asegurada (+5 pts) | Robo reportado con mas de 48 horas de demora (+8 pts),0.062436695163872735,0
SIN-00331,POL-00375,ASG-00274,Salud,Robo,2025-03-30,2025-04-14,18660.34,15403.34,0.0,Cierre Sin Consecuencia,Este,El asegurado reporta que su vehiculo fue robado en un estacionamiento sin camaras.,False,Grua Rapida,P007,7,358,15,6,Ambato,20302.83,1,43,ROJO,Siniestro ocurrido en los primeros 10 dias de la poliza (+8 pts) | Reporte tardio: mas de 7 dias despues del evento (+5 pts) | Asegurado con 3 o mas siniestros en 18 meses (+8 pts) | Documentos incompletos o faltantes (+4 pts) | Proveedor en lista restrictiva (+10 pts) | Robo reportado con mas de 48 horas de demora (+8 pts),-0.06661960079887863,1
SIN-00332,POL-00195,ASG-00072,Vida,Incendio,2026-06-26,2026-06-28,1688.01,1369.17,981.44,Cierre Sin Consecuencia,Norte,Accidente en carretera con policia presente. Croquis firmado por ambas partes.,True,Peritajes Express,P004,91,274,2,0,Guayaquil,6141.41,0,0,VERDE,Sin alertas detectadas,0.047211960640489326,0
SIN-00333,POL-00416,ASG-00061,Generales,Robo,2025-12-22,2026-01-03,33231.63,28302.54,0.0,Reserva,Centro,Colision frontal con vehiculo desconocido en horas de la madrugada sin testigos.,False,Clinica San Marcos,P002,3,362,12,3,Guayaquil,34423.25,1,48,ROJO,Siniestro ocurrido en los primeros 10 dias de la poliza (+8 pts) | Reporte tardio: mas de 7 dias despues del evento (+5 pts) | Asegurado con 3 o mas siniestros en 18 meses (+8 pts) | Documentos incompletos o faltantes (+4 pts) | Proveedor en lista restrictiva (+10 pts) | Monto reclamado es el 97% de la suma asegurada (+5 pts) | Robo reportado con mas de 48 horas de demora (+8 pts),0.0169123940080671,0
SIN-00334,POL-00100,ASG-00234,Vehiculos,Incendio,2026-02-16,2026-02-17,3339.1,3009.21,2861.06,Cierre Sin Consecuencia,Este,Dano por granizo en estacionamiento del trabajo. Evidencia fotografica adjunta.,True,Clinica San Marcos,P002,211,154,1,1,Ambato,42590.85,0,10,VERDE,Proveedor en lista restrictiva (+10 pts),0.03722454573276113,0
SIN-00335,POL-00333,ASG-00062,Vehiculos,Dano parcial,2026-03-16,2026-03-20,19817.49,19144.14,15920.24,Liquidado,Norte,El asegurado reporta que su vehiculo fue robado en un estacionamiento sin camaras.,False,Peritajes Express,P004,14,351,4,3,Quito,30918.52,0,19,VERDE,Siniestro ocurrido en los primeros 30 dias de la poliza (+4 pts) | Reporte con demora de 4 a 7 dias (+3 pts) | Asegurado con 3 o mas siniestros en 18 meses (+8 pts) | Documentos incompletos o faltantes (+4 pts),0.09578047990638133,0
SIN-00336,POL-00137,ASG-00052,Vehiculos,Robo,2025-09-15,2025-09-21,32467.85,27982.35,0.0,Cierre Sin Consecuencia,Centro,Impacto en la parte trasera por vehiculo que huyo del lugar del accidente.,False,Grua Rapida,P007,3,362,6,4,Guayaquil,33448.76,1,46,ROJO,Siniestro ocurrido en los primeros 10 dias de la poliza (+8 pts) | Reporte con demora de 4 a 7 dias (+3 pts) | Asegurado con 3 o mas siniestros en 18 meses (+8 pts) | Documentos incompletos o faltantes (+4 pts) | Proveedor en lista restrictiva (+10 pts) | Monto reclamado es el 97% de la suma asegurada (+5 pts) | Robo reportado con mas de 48 horas de demora (+8 pts),0.02578522747283063,0
SIN-00337,POL-00536,ASG-00231,Generales,Robo,2026-01-08,2026-01-08,15686.21,14519.72,12593.14,Pago Total,Norte,Robo de autopartes reportado inmediatamente a la policia. Denuncia adjunta.,True,Taller El Veloz,P001,114,251,0,1,Loja,47214.03,0,10,VERDE,Proveedor en lista restrictiva (+10 pts),0.024745646080239214,0
SIN-00338,POL-00543,ASG-00049,Vida,Responsabilidad Civil,2024-12-21,2024-12-24,27725.74,23647.2,21307.14,Reserva,Norte,Accidente en carretera con policia presente. Croquis firmado por ambas partes.,True,Peritajes Express,P004,12,353,3,3,Loja,43822.9,0,12,VERDE,Siniestro ocurrido en los primeros 30 dias de la poliza (+4 pts) | Asegurado con 3 o mas siniestros en 18 meses (+8 pts),0.0542965911586375,0
SIN-00339,POL-00373,ASG-00146,Vehiculos,Robo,2025-12-09,2025-12-16,14938.77,15184.08,0.0,Liquidado,Oeste,El vehiculo fue impactado por un tercero que se dio a la fuga sin dejar datos.,False,Taller El Veloz,P001,9,356,7,4,Loja,16312.18,1,41,ROJO,Siniestro ocurrido en los primeros 10 dias de la poliza (+8 pts) | Reporte con demora de 4 a 7 dias (+3 pts) | Asegurado con 3 o mas siniestros en 18 meses (+8 pts) | Documentos incompletos o faltantes (+4 pts) | Proveedor en lista restrictiva (+10 pts) | Robo reportado con mas de 48 horas de demora (+8 pts),0.049484566585667356,0
SIN-00340,POL-00334,ASG-00215,Hogar,Robo,2024-06-21,2024-06-24,25136.59,24521.44,17564.75,Negativa,Sur,Colision frontal con vehiculo desconocido en horas de la madrugada sin testigos.,True,Clinica San Marcos,P002,24,341,3,3,Guayaquil,35458.36,0,30,AMARILLO,Siniestro ocurrido en los primeros 30 dias de la poliza (+4 pts) | Asegurado con 3 o mas siniestros en 18 meses (+8 pts) | Proveedor en lista restrictiva (+10 pts) | Robo reportado con mas de 48 horas de demora (+8 pts),0.07639128821755409,0
SIN-00341,POL-00222,ASG-00313,Hogar,Atencion medica,2025-03-07,2025-03-14,17156.89,18109.02,15167.64,Pago Total,Centro,El asegurado reporta que su vehiculo fue robado en un estacionamiento sin camaras.,False,Peritajes Express,P004,12,353,7,2,Quito,22429.86,0,15,VERDE,Siniestro ocurrido en los primeros 30 dias de la poliza (+4 pts) | Reporte con demora de 4 a 7 dias (+3 pts) | Asegurado con 2 siniestros recientes (+4 pts) | Documentos incompletos o faltantes (+4 pts),0.0844381896120377,0
SIN-00342,POL-00226,ASG-00152,Generales,Robo,2025-02-18,2025-03-02,39971.11,40730.77,0.0,Cierre Sin Consecuencia,Sur,El asegurado reporta que su vehiculo fue robado en un estacionamiento sin camaras.,False,Taller El Veloz,P001,9,356,12,3,Quito,40529.61,1,48,ROJO,Siniestro ocurrido en los primeros 10 dias de la poliza (+8 pts) | Reporte tardio: mas de 7 dias despues del evento (+5 pts) | Asegurado con 3 o mas siniestros en 18 meses (+8 pts) | Documentos incompletos o faltantes (+4 pts) | Proveedor en lista restrictiva (+10 pts) | Monto reclamado es el 99% de la suma asegurada (+5 pts) | Robo reportado con mas de 48 horas de demora (+8 pts),-0.0011805421811538208,1
SIN-00343,POL-00254,ASG-00168,Generales,Choque,2026-12-15,2026-12-15,7445.21,6906.99,5651.96,Cierre Sin Consecuencia,Norte,Choque en parqueadero de centro comercial con camaras de seguridad.,True,Taller Norte,P003,270,95,0,0,Manta,15008.3,0,0,VERDE,Sin alertas detectadas,0.023313662681496816,0
SIN-00344,POL-00464,ASG-00254,Salud,Robo,2024-10-17,2024-10-19,22271.61,23549.48,21764.1,Reserva,Este,El asegurado reporta que su vehiculo fue robado en un estacionamiento sin camaras.,False,Grua Rapida,P007,13,352,2,3,Cuenca,30131.91,0,26,AMARILLO,Siniestro ocurrido en los primeros 30 dias de la poliza (+4 pts) | Asegurado con 3 o mas siniestros en 18 meses (+8 pts) | Documentos incompletos o faltantes (+4 pts) | Proveedor en lista restrictiva (+10 pts),0.0721302699603043,0
SIN-00345,POL-00475,ASG-00396,Vida,Robo,2025-10-28,2025-11-08,36250.6,36591.95,0.0,Liquidado,Oeste,Impacto en la parte trasera por vehiculo que huyo del lugar del accidente.,False,Clinica San Marcos,P002,2,363,11,5,Loja,36641.07,1,48,ROJO,Siniestro ocurrido en los primeros 10 dias de la poliza (+8 pts) | Reporte tardio: mas de 7 dias despues del evento (+5 pts) | Asegurado con 3 o mas siniestros en 18 meses (+8 pts) | Documentos incompletos o faltantes (+4 pts) | Proveedor en lista restrictiva (+10 pts) | Monto reclamado es el 99% de la suma asegurada (+5 pts) | Robo reportado con mas de 48 horas de demora (+8 pts),-0.012957721541147382,1
SIN-00346,POL-00590,ASG-00107,Generales,Responsabilidad Civil,2026-09-17,2026-09-17,1921.63,1748.05,1315.55,Liquidado,Norte,Accidente en carretera con policia presente. Croquis firmado por ambas partes.,True,Taller El Veloz,P001,271,94,0,0,Cuenca,8643.16,0,10,VERDE,Proveedor en lista restrictiva (+10 pts),0.007387599207179019,0
SIN-00347,POL-00575,ASG-00364,Vida,Responsabilidad Civil,2026-04-22,2026-04-23,4366.99,3955.68,3086.25,Cierre Sin Consecuencia,Este,Dano por granizo en estacionamiento del trabajo. Evidencia fotografica adjunta.,True,Clinica San Marcos,P002,96,269,1,1,Ambato,11228.26,0,10,VERDE,Proveedor en lista restrictiva (+10 pts),0.08573762469745966,0
SIN-00348,POL-00284,ASG-00028,Vida,Responsabilidad Civil,2026-01-01,2026-01-03,5203.42,4456.76,4301.64,Reserva,Norte,Robo de autopartes reportado inmediatamente a la policia. Denuncia adjunta.,True,Clinica San Marcos,P002,173,192,2,0,Ambato,20535.2,0,10,VERDE,Proveedor en lista restrictiva (+10 pts),0.08471692858185309,0
SIN-00349,POL-00401,ASG-00092,Vehiculos,Responsabilidad Civil,2026-03-17,2026-03-18,13660.56,12635.49,11431.59,Pago Total,Este,Colision leve en interseccion con semaforo. El tercero presento sus datos.,True,Taller Central,P005,249,116,1,1,Quito,48048.21,0,0,VERDE,Sin alertas detectadas,0.02598044642390651,0
SIN-00350,POL-00356,ASG-00216,Vehiculos,Robo,2025-01-20,2025-01-23,10557.53,10325.34,9386.34,Liquidado,Este,Robo de autopartes reportado inmediatamente a la policia. Denuncia adjunta.,True,Clinica San Marcos,P002,201,164,3,1,Ambato,34010.8,0,18,VERDE,Proveedor en lista restrictiva (+10 pts) | Robo reportado con mas de 48 horas de demora (+8 pts),0.07152458794351008,0
SIN-00351,POL-00469,ASG-00156,Salud,Incendio,2024-10-22,2024-10-22,5303.2,5763.86,5104.41,Pago Total,Oeste,Robo de autopartes reportado inmediatamente a la policia. Denuncia adjunta.,True,Taller Central,P005,8,357,0,1,Cuenca,45422.69,0,8,VERDE,Siniestro ocurrido en los primeros 10 dias de la poliza (+8 pts),0.010551432851378495,0
SIN-00352,POL-00293,ASG-00094,Salud,Robo,2025-01-12,2025-01-26,39033.86,39020.82,0.0,Pago Parcial,Sur,Colision frontal con vehiculo desconocido en horas de la madrugada sin testigos.,False,Clinica San Marcos,P002,6,359,14,3,Guayaquil,42769.93,1,43,ROJO,Siniestro ocurrido en los primeros 10 dias de la poliza (+8 pts) | Reporte tardio: mas de 7 dias despues del evento (+5 pts) | Asegurado con 3 o mas siniestros en 18 meses (+8 pts) | Documentos incompletos o faltantes (+4 pts) | Proveedor en lista restrictiva (+10 pts) | Robo reportado con mas de 48 horas de demora (+8 pts),-0.02494590451548695,1
SIN-00353,POL-00382,ASG-00230,Vida,Incendio,2025-10-31,2025-11-02,1480.79,1472.16,1161.04,Pago Parcial,Oeste,Choque en parqueadero de centro comercial con camaras de seguridad.,True,Taller El Veloz,P001,7,358,2,1,Quito,12316.89,0,18,VERDE,Siniestro ocurrido en los primeros 10 dias de la poliza (+8 pts) | Proveedor en lista restrictiva (+10 pts),0.06932910718497054,0
SIN-00354,POL-00151,ASG-00290,Vida,Choque,2026-02-08,2026-02-08,8772.21,8191.42,5961.26,Reserva,Oeste,Accidente en carretera con policia presente. Croquis firmado por ambas partes.,True,Clinica San Marcos,P002,130,235,0,0,Quito,46503.14,0,10,VERDE,Proveedor en lista restrictiva (+10 pts),0.026612564602140565,0
SIN-00355,POL-00200,ASG-00299,Vehiculos,Choque,2026-01-22,2026-01-22,19642.27,18603.97,16389.2,Liquidado,Norte,Accidente en carretera con policia presente. Croquis firmado por ambas partes.,True,Peritajes Express,P004,319,46,0,0,Ambato,40157.75,0,0,VERDE,Sin alertas detectadas,-0.03303441254463435,1
SIN-00356,POL-00370,ASG-00204,Vehiculos,Atencion medica,2026-04-24,2026-04-30,27155.76,24076.03,22672.44,Negativa,Este,Robo de autopartes reportado inmediatamente a la policia. Denuncia adjunta.,False,Clinica del Sur,P006,25,340,6,3,Cuenca,43421.18,0,19,VERDE,Siniestro ocurrido en los primeros 30 dias de la poliza (+4 pts) | Reporte con demora de 4 a 7 dias (+3 pts) | Asegurado con 3 o mas siniestros en 18 meses (+8 pts) | Documentos incompletos o faltantes (+4 pts),0.06002420923834839,0
SIN-00357,POL-00143,ASG-00301,Vehiculos,Robo,2025-12-25,2026-01-09,11365.65,9726.75,0.0,Negativa,Centro,Colision frontal con vehiculo desconocido en horas de la madrugada sin testigos.,False,Clinica San Marcos,P002,7,358,15,4,Manta,11463.77,1,48,ROJO,Siniestro ocurrido en los primeros 10 dias de la poliza (+8 pts) | Reporte tardio: mas de 7 dias despues del evento (+5 pts) | Asegurado con 3 o mas siniestros en 18 meses (+8 pts) | Documentos incompletos o faltantes (+4 pts) | Proveedor en lista restrictiva (+10 pts) | Monto reclamado es el 99% de la suma asegurada (+5 pts) | Robo reportado con mas de 48 horas de demora (+8 pts),-0.04796915834027726,1
SIN-00358,POL-00568,ASG-00252,Vida,Dano parcial,2025-07-07,2025-07-07,17127.61,15244.44,13600.58,Cierre Sin Consecuencia,Este,Dano por granizo en estacionamiento del trabajo. Evidencia fotografica adjunta.,True,Taller Central,P005,172,193,0,1,Loja,42181.17,0,0,VERDE,Sin alertas detectadas,0.022319871184352635,0
SIN-00359,POL-00128,ASG-00335,Vehiculos,Choque,2026-05-20,2026-05-20,5733.77,5559.88,5340.29,Cierre Sin Consecuencia,Este,Robo de autopartes reportado inmediatamente a la policia. Denuncia adjunta.,True,Peritajes Express,P004,195,170,0,1,Cuenca,17946.01,0,0,VERDE,Sin alertas detectadas,0.05987294286409972,0
SIN-00360,POL-00123,ASG-00192,Generales,Choque,2024-09-07,2024-09-11,19994.91,19812.44,19545.9,Reserva,Centro,Dano por granizo en estacionamiento del trabajo. Evidencia fotografica adjunta.,False,Taller Norte,P003,15,350,4,3,Quito,30886.87,0,19,VERDE,Siniestro ocurrido en los primeros 30 dias de la poliza (+4 pts) | Reporte con demora de 4 a 7 dias (+3 pts) | Asegurado con 3 o mas siniestros en 18 meses (+8 pts) | Documentos incompletos o faltantes (+4 pts),0.09436317922989707,0
SIN-00361,POL-00299,ASG-00272,Vehiculos,Dano parcial,2025-04-05,2025-04-07,3569.53,3589.64,3254.02,Reserva,Oeste,Robo de autopartes reportado inmediatamente a la policia. Denuncia adjunta.,True,Taller Norte,P003,217,148,2,1,Quito,8457.2,0,0,VERDE,Sin alertas detectadas,0.07110364199216379,0
SIN-00362,POL-00594,ASG-00181,Vida,Incendio,2025-01-31,2025-02-01,536.21,562.74,528.15,Liquidado,Oeste,Dano por granizo en estacionamiento del trabajo. Evidencia fotografica adjunta.,True,Clinica del Sur,P006,165,200,1,0,Cuenca,5580.39,0,0,VERDE,Sin alertas detectadas,2.7250008017509764e-05,0
SIN-00363,POL-00539,ASG-00273,Vida,Choque,2026-12-29,2026-12-29,9728.18,8188.25,6817.38,Liquidado,Oeste,Robo de autopartes reportado inmediatamente a la policia. Denuncia adjunta.,True,Grua Rapida,P007,305,60,0,1,Guayaquil,36601.92,0,10,VERDE,Proveedor en lista restrictiva (+10 pts),0.024258258395477683,0
SIN-00364,POL-00351,ASG-00089,Salud,Responsabilidad Civil,2024-11-20,2024-11-22,669.73,621.14,576.98,Reserva,Norte,Dano por granizo en estacionamiento del trabajo. Evidencia fotografica adjunta.,True,Peritajes Express,P004,36,329,2,0,Quito,6294.18,0,0,VERDE,Sin alertas detectadas,0.01976332949913162,0
SIN-00365,POL-00020,ASG-00397,Generales,Dano parcial,2026-05-04,2026-05-06,1695.66,1740.37,1626.74,Liquidado,Sur,Robo de autopartes reportado inmediatamente a la policia. Denuncia adjunta.,True,Taller El Veloz,P001,284,81,2,0,Guayaquil,24406.14,0,10,VERDE,Proveedor en lista restrictiva (+10 pts),0.03795493608879119,0
SIN-00366,POL-00205,ASG-00095,Generales,Atencion medica,2025-12-17,2025-12-24,4912.83,4709.69,4308.16,Pago Parcial,Sur,Colision frontal con vehiculo desconocido en horas de la madrugada sin testigos.,True,Taller Central,P005,27,338,7,2,Cuenca,6316.66,0,11,VERDE,Siniestro ocurrido en los primeros 30 dias de la poliza (+4 pts) | Reporte con demora de 4 a 7 dias (+3 pts) | Asegurado con 2 siniestros recientes (+4 pts),0.011776524213690798,0
SIN-00367,POL-00551,ASG-00003,Hogar,Responsabilidad Civil,2025-08-28,2025-08-31,7949.91,7586.4,6238.09,Pago Parcial,Norte,Robo de autopartes reportado inmediatamente a la policia. Denuncia adjunta.,False,Taller Premium,P008,14,351,3,2,Ambato,9440.86,0,12,VERDE,Siniestro ocurrido en los primeros 30 dias de la poliza (+4 pts) | Asegurado con 2 siniestros recientes (+4 pts) | Documentos incompletos o faltantes (+4 pts),0.06155924345247199,0
SIN-00368,POL-00478,ASG-00057,Generales,Robo,2024-11-09,2024-11-15,25631.45,22739.63,0.0,Negativa,Sur,Colision frontal con vehiculo desconocido en horas de la madrugada sin testigos.,False,Clinica San Marcos,P002,8,357,6,6,Guayaquil,27311.72,1,41,ROJO,Siniestro ocurrido en los primeros 10 dias de la poliza (+8 pts) | Reporte con demora de 4 a 7 dias (+3 pts) | Asegurado con 3 o mas siniestros en 18 meses (+8 pts) | Documentos incompletos o faltantes (+4 pts) | Proveedor en lista restrictiva (+10 pts) | Robo reportado con mas de 48 horas de demora (+8 pts),-0.020025626081118353,1
SIN-00369,POL-00072,ASG-00244,Vehiculos,Incendio,2025-06-17,2025-06-17,2232.05,2251.05,2235.9,Cierre Sin Consecuencia,Sur,Accidente en carretera con policia presente. Croquis firmado por ambas partes.,True,Taller Premium,P008,330,35,0,1,Manta,21534.86,0,0,VERDE,Sin alertas detectadas,0.0047137701471253735,0
SIN-00370,POL-00067,ASG-00187,Vehiculos,Robo,2025-02-08,2025-02-10,7977.33,8191.85,7702.76,Negativa,Centro,Choque en parqueadero de centro comercial con camaras de seguridad.,True,Grua Rapida,P007,144,221,2,1,Manta,20238.42,0,10,VERDE,Proveedor en lista restrictiva (+10 pts),0.09782010857818185,0
SIN-00371,POL-00488,ASG-00342,Salud,Robo,2024-09-24,2024-10-06,21415.47,20332.71,0.0,Reserva,Sur,El vehiculo fue impactado por un tercero que se dio a la fuga sin dejar datos.,False,Taller El Veloz,P001,8,357,12,3,Guayaquil,23199.96,1,43,ROJO,Siniestro ocurrido en los primeros 10 dias de la poliza (+8 pts) | Reporte tardio: mas de 7 dias despues del evento (+5 pts) | Asegurado con 3 o mas siniestros en 18 meses (+8 pts) | Documentos incompletos o faltantes (+4 pts) | Proveedor en lista restrictiva (+10 pts) | Robo reportado con mas de 48 horas de demora (+8 pts),0.016945261997177496,0
SIN-00372,POL-00392,ASG-00310,Vehiculos,Responsabilidad Civil,2025-07-29,2025-08-01,1672.56,1591.34,1372.9,Liquidado,Oeste,Accidente en carretera con policia presente. Croquis firmado por ambas partes.,True,Clinica San Marcos,P002,142,223,3,1,Ambato,11873.15,0,10,VERDE,Proveedor en lista restrictiva (+10 pts),0.07332081369018928,0
SIN-00373,POL-00019,ASG-00392,Vida,Atencion medica,2026-05-10,2026-05-10,1578.75,1682.02,1260.24,Negativa,Sur,Choque en parqueadero de centro comercial con camaras de seguridad.,True,Grua Rapida,P007,354,11,0,1,Manta,24368.29,0,10,VERDE,Proveedor en lista restrictiva (+10 pts),-0.02947043791081494,1
SIN-00374,POL-00320,ASG-00367,Generales,Responsabilidad Civil,2026-08-08,2026-08-11,11932.88,10947.41,9287.86,Negativa,Oeste,Dano por granizo en estacionamiento del trabajo. Evidencia fotografica adjunta.,True,Taller Premium,P008,113,252,3,0,Ambato,39380.5,0,0,VERDE,Sin alertas detectadas,0.0641547202145969,0
SIN-00375,POL-00362,ASG-00393,Salud,Atencion medica,2025-04-01,2025-04-01,7658.71,6350.64,5103.01,Pago Parcial,Este,Robo de autopartes reportado inmediatamente a la policia. Denuncia adjunta.,True,Taller El Veloz,P001,6,359,0,1,Cuenca,19421.73,0,18,VERDE,Siniestro ocurrido en los primeros 10 dias de la poliza (+8 pts) | Proveedor en lista restrictiva (+10 pts),0.067403616767372,0
SIN-00376,POL-00360,ASG-00029,Vehiculos,Atencion medica,2025-08-02,2025-08-08,11212.25,9866.62,8966.66,Liquidado,Norte,Robo de autopartes reportado inmediatamente a la policia. Denuncia adjunta.,False,Clinica San Marcos,P002,11,354,6,3,Guayaquil,16142.63,0,29,AMARILLO,Siniestro ocurrido en los primeros 30 dias de la poliza (+4 pts) | Reporte con demora de 4 a 7 dias (+3 pts) | Asegurado con 3 o mas siniestros en 18 meses (+8 pts) | Documentos incompletos o faltantes (+4 pts) | Proveedor en lista restrictiva (+10 pts),0.0961697192568658,0
SIN-00377,POL-00325,ASG-00194,Vehiculos,Responsabilidad Civil,2025-03-21,2025-03-27,16296.27,14813.31,12306.86,Negativa,Norte,El asegurado reporta que su vehiculo fue robado en un estacionamiento sin camaras.,False,Taller Premium,P008,26,339,6,3,Loja,19508.96,0,19,VERDE,Siniestro ocurrido en los primeros 30 dias de la poliza (+4 pts) | Reporte con demora de 4 a 7 dias (+3 pts) | Asegurado con 3 o mas siniestros en 18 meses (+8 pts) | Documentos incompletos o faltantes (+4 pts),0.07789783957210478,0
SIN-00378,POL-00549,ASG-00110,Salud,Dano parcial,2026-08-10,2026-08-10,2258.32,2190.41,1882.26,Negativa,Sur,Robo de autopartes reportado inmediatamente a la policia. Denuncia adjunta.,True,Grua Rapida,P007,344,21,0,0,Loja,7138.91,0,10,VERDE,Proveedor en lista restrictiva (+10 pts),-0.03999920155563841,1
SIN-00379,POL-00356,ASG-00040,Generales,Atencion medica,2025-10-26,2025-10-28,6155.36,6550.96,5819.57,Liquidado,Sur,Accidente en carretera con policia presente. Croquis firmado por ambas partes.,True,Grua Rapida,P007,342,23,2,0,Quito,18583.12,0,10,VERDE,Proveedor en lista restrictiva (+10 pts),0.0313701896147488,0
SIN-00380,POL-00591,ASG-00256,Hogar,Responsabilidad Civil,2026-09-30,2026-10-03,22727.09,20665.34,15381.69,Pago Total,Centro,Colision leve en interseccion con semaforo. El tercero presento sus datos.,True,Taller Premium,P008,183,182,3,0,Ambato,48295.27,0,0,VERDE,Sin alertas detectadas,-0.01644478154160456,1
SIN-00381,POL-00446,ASG-00211,Vida,Atencion medica,2027-01-01,2027-01-03,15210.7,13256.81,9876.17,Reserva,Sur,Dano por granizo en estacionamiento del trabajo. Evidencia fotografica adjunta.,True,Peritajes Express,P004,336,29,2,1,Cuenca,42359.65,0,0,VERDE,Sin alertas detectadas,0.008822196043099528,0
SIN-00382,POL-00318,ASG-00238,Salud,Robo,2025-03-06,2025-03-15,47914.92,50688.01,0.0,Reserva,Centro,El vehiculo fue impactado por un tercero que se dio a la fuga sin dejar datos.,False,Taller El Veloz,P001,5,360,9,3,Cuenca,49608.19,1,48,ROJO,Siniestro ocurrido en los primeros 10 dias de la poliza (+8 pts) | Reporte tardio: mas de 7 dias despues del evento (+5 pts) | Asegurado con 3 o mas siniestros en 18 meses (+8 pts) | Documentos incompletos o faltantes (+4 pts) | Proveedor en lista restrictiva (+10 pts) | Monto reclamado es el 97% de la suma asegurada (+5 pts) | Robo reportado con mas de 48 horas de demora (+8 pts),-0.04043812328592922,1
SIN-00383,POL-00306,ASG-00033,Vida,Responsabilidad Civil,2025-02-05,2025-02-12,17371.59,16484.52,11985.48,Liquidado,Norte,Choque en parqueadero de centro comercial con camaras de seguridad.,True,Clinica San Marcos,P002,29,336,7,3,Quito,23315.31,0,25,AMARILLO,Siniestro ocurrido en los primeros 30 dias de la poliza (+4 pts) | Reporte con demora de 4 a 7 dias (+3 pts) | Asegurado con 3 o mas siniestros en 18 meses (+8 pts) | Proveedor en lista restrictiva (+10 pts),0.0662873166517926,0
SIN-00384,POL-00321,ASG-00169,Vida,Robo,2024-09-02,2024-09-11,36035.8,32250.13,0.0,Negativa,Este,El asegurado reporta que su vehiculo fue robado en un estacionamiento sin camaras.,False,Clinica San Marcos,P002,4,361,9,3,Quito,38175.64,1,43,ROJO,Siniestro ocurrido en los primeros 10 dias de la poliza (+8 pts) | Reporte tardio: mas de 7 dias despues del evento (+5 pts) | Asegurado con 3 o mas siniestros en 18 meses (+8 pts) | Documentos incompletos o faltantes (+4 pts) | Proveedor en lista restrictiva (+10 pts) | Robo reportado con mas de 48 horas de demora (+8 pts),0.04436870435658419,0
SIN-00385,POL-00253,ASG-00143,Hogar,Choque,2026-08-03,2026-08-03,20217.35,17708.27,14439.45,Cierre Sin Consecuencia,Centro,Colision leve en interseccion con semaforo. El tercero presento sus datos.,True,Clinica del Sur,P006,271,94,0,0,Loja,47163.75,0,0,VERDE,Sin alertas detectadas,-0.031230903111515662,1
SIN-00386,POL-00125,ASG-00274,Hogar,Atencion medica,2026-06-26,2026-06-27,8014.36,7929.45,7642.72,Cierre Sin Consecuencia,Este,Dano por granizo en estacionamiento del trabajo. Evidencia fotografica adjunta.,True,Grua Rapida,P007,159,206,1,1,Guayaquil,43594.12,0,10,VERDE,Proveedor en lista restrictiva (+10 pts),0.06095024069296717,0
SIN-00387,POL-00035,ASG-00141,Vida,Atencion medica,2026-05-15,2026-05-15,17699.66,16028.05,14114.86,Liquidado,Centro,Robo de autopartes reportado inmediatamente a la policia. Denuncia adjunta.,True,Taller Premium,P008,305,60,0,0,Loja,42043.9,0,0,VERDE,Sin alertas detectadas,-0.014450113836010359,1
SIN-00388,POL-00465,ASG-00356,Salud,Choque,2025-10-08,2025-10-12,5633.08,5379.08,5330.13,Cierre Sin Consecuencia,Sur,El asegurado reporta que su vehiculo fue robado en un estacionamiento sin camaras.,True,Taller Premium,P008,20,345,4,2,Manta,7344.45,0,11,VERDE,Siniestro ocurrido en los primeros 30 dias de la poliza (+4 pts) | Reporte con demora de 4 a 7 dias (+3 pts) | Asegurado con 2 siniestros recientes (+4 pts),0.04219454176264592,0
SIN-00389,POL-00421,ASG-00164,Generales,Atencion medica,2025-06-08,2025-06-12,28921.8,31363.75,30640.3,Cierre Sin Consecuencia,Oeste,Impacto en la parte trasera por vehiculo que huyo del lugar del accidente.,False,Taller Norte,P003,24,341,4,2,Cuenca,44307.76,0,15,VERDE,Siniestro ocurrido en los primeros 30 dias de la poliza (+4 pts) | Reporte con demora de 4 a 7 dias (+3 pts) | Asegurado con 2 siniestros recientes (+4 pts) | Documentos incompletos o faltantes (+4 pts),0.06945998347514393,0
SIN-00390,POL-00235,ASG-00046,Vehiculos,Incendio,2027-02-07,2027-02-09,1631.14,1768.44,1300.17,Cierre Sin Consecuencia,Oeste,Robo de autopartes reportado inmediatamente a la policia. Denuncia adjunta.,True,Taller Norte,P003,260,105,2,0,Ambato,13921.98,0,0,VERDE,Sin alertas detectadas,0.050159502815651846,0
SIN-00391,POL-00446,ASG-00396,Salud,Responsabilidad Civil,2026-04-21,2026-04-25,20752.06,21932.88,19301.48,Pago Parcial,Sur,El asegurado reporta que su vehiculo fue robado en un estacionamiento sin camaras.,False,Clinica San Marcos,P002,19,346,4,3,Quito,25416.85,0,29,AMARILLO,Siniestro ocurrido en los primeros 30 dias de la poliza (+4 pts) | Reporte con demora de 4 a 7 dias (+3 pts) | Asegurado con 3 o mas siniestros en 18 meses (+8 pts) | Documentos incompletos o faltantes (+4 pts) | Proveedor en lista restrictiva (+10 pts),0.09464775183797036,0
SIN-00392,POL-00429,ASG-00093,Salud,Dano parcial,2026-05-30,2026-06-01,3612.58,2901.25,2146.81,Pago Parcial,Este,Accidente en carretera con policia presente. Croquis firmado por ambas partes.,True,Taller Central,P005,139,226,2,0,Manta,11567.43,0,0,VERDE,Sin alertas detectadas,0.07245838854220454,0
SIN-00393,POL-00218,ASG-00366,Vehiculos,Robo,2025-03-03,2025-03-15,23827.39,21224.3,0.0,Negativa,Centro,El asegurado reporta que su vehiculo fue robado en un estacionamiento sin camaras.,False,Grua Rapida,P007,4,361,12,6,Guayaquil,24048.09,1,48,ROJO,Siniestro ocurrido en los primeros 10 dias de la poliza (+8 pts) | Reporte tardio: mas de 7 dias despues del evento (+5 pts) | Asegurado con 3 o mas siniestros en 18 meses (+8 pts) | Documentos incompletos o faltantes (+4 pts) | Proveedor en lista restrictiva (+10 pts) | Monto reclamado es el 99% de la suma asegurada (+5 pts) | Robo reportado con mas de 48 horas de demora (+8 pts),-0.026478176570065015,1
SIN-00394,POL-00136,ASG-00287,Hogar,Robo,2025-10-03,2025-10-14,11949.93,12684.9,0.0,Pago Parcial,Centro,Colision frontal con vehiculo desconocido en horas de la madrugada sin testigos.,False,Taller El Veloz,P001,9,356,11,6,Quito,13071.75,1,43,ROJO,Siniestro ocurrido en los primeros 10 dias de la poliza (+8 pts) | Reporte tardio: mas de 7 dias despues del evento (+5 pts) | Asegurado con 3 o mas siniestros en 18 meses (+8 pts) | Documentos incompletos o faltantes (+4 pts) | Proveedor en lista restrictiva (+10 pts) | Robo reportado con mas de 48 horas de demora (+8 pts),-0.030274713603832493,1
SIN-00395,POL-00441,ASG-00145,Generales,Atencion medica,2026-04-21,2026-04-23,6427.8,6213.77,6069.96,Cierre Sin Consecuencia,Este,Accidente en carretera con policia presente. Croquis firmado por ambas partes.,True,Taller Central,P005,351,14,2,0,Manta,16844.74,0,0,VERDE,Sin alertas detectadas,0.031099134434881104,0
SIN-00396,POL-00055,ASG-00097,Salud,Responsabilidad Civil,2025-12-15,2025-12-18,1048.84,983.11,721.35,Cierre Sin Consecuencia,Sur,Robo de autopartes reportado inmediatamente a la policia. Denuncia adjunta.,True,Taller Central,P005,192,173,3,1,Manta,15343.72,0,0,VERDE,Sin alertas detectadas,0.05047459566003426,0
SIN-00397,POL-00127,ASG-00179,Generales,Atencion medica,2026-04-16,2026-04-17,13775.43,12741.25,9212.57,Negativa,Norte,Colision leve en interseccion con semaforo. El tercero presento sus datos.,True,Taller Norte,P003,266,99,1,0,Ambato,44067.79,0,0,VERDE,Sin alertas detectadas,0.03745818414833657,0
SIN-00398,POL-00337,ASG-00014,Generales,Choque,2026-05-08,2026-05-13,41338.82,40440.17,28378.55,Reserva,Oeste,Accidente en carretera con policia presente. Croquis firmado por ambas partes.,False,Clinica del Sur,P006,13,352,5,3,Cuenca,49160.05,0,19,VERDE,Siniestro ocurrido en los primeros 30 dias de la poliza (+4 pts) | Reporte con demora de 4 a 7 dias (+3 pts) | Asegurado con 3 o mas siniestros en 18 meses (+8 pts) | Documentos incompletos o faltantes (+4 pts),0.013400954367101536,0
SIN-00399,POL-00464,ASG-00167,Salud,Choque,2025-02-05,2025-02-12,31020.5,27190.99,20992.1,Negativa,Norte,Colision frontal con vehiculo desconocido en horas de la madrugada sin testigos.,False,Taller Norte,P003,12,353,7,3,Loja,49991.95,0,19,VERDE,Siniestro ocurrido en los primeros 30 dias de la poliza (+4 pts) | Reporte con demora de 4 a 7 dias (+3 pts) | Asegurado con 3 o mas siniestros en 18 meses (+8 pts) | Documentos incompletos o faltantes (+4 pts),0.023954835112881767,0
SIN-00400,POL-00022,ASG-00107,Vehiculos,Atencion medica,2025-03-08,2025-03-10,18302.45,16613.38,12108.39,Pago Parcial,Oeste,Choque en parqueadero de centro comercial con camaras de seguridad.,True,Taller Norte,P003,50,315,2,0,Manta,40077.16,0,0,VERDE,Sin alertas detectadas,0.05255365546273422,0
SIN-00401,POL-00205,ASG-00251,Vehiculos,Incendio,2025-03-13,2025-03-16,7498.69,7153.77,7096.41,Cierre Sin Consecuencia,Sur,Colision leve en interseccion con semaforo. El tercero presento sus datos.,True,Grua Rapida,P007,137,228,3,0,Cuenca,22464.03,0,10,VERDE,Proveedor en lista restrictiva (+10 pts),0.06953470896317054,0
SIN-00402,POL-00159,ASG-00254,Vida,Choque,2024-12-24,2024-12-31,29410.48,26135.46,18669.04,Reserva,Norte,Choque en parqueadero de centro comercial con camaras de seguridad.,True,Taller Premium,P008,15,350,7,3,Manta,34125.14,0,15,VERDE,Siniestro ocurrido en los primeros 30 dias de la poliza (+4 pts) | Reporte con demora de 4 a 7 dias (+3 pts) | Asegurado con 3 o mas siniestros en 18 meses (+8 pts),0.07503149648140589,0
SIN-00403,POL-00526,ASG-00056,Hogar,Robo,2026-04-13,2026-04-18,21496.01,17488.67,0.0,Negativa,Centro,Colision frontal con vehiculo desconocido en horas de la madrugada sin testigos.,False,Grua Rapida,P007,9,356,5,6,Ambato,23585.87,1,41,ROJO,Siniestro ocurrido en los primeros 10 dias de la poliza (+8 pts) | Reporte con demora de 4 a 7 dias (+3 pts) | Asegurado con 3 o mas siniestros en 18 meses (+8 pts) | Documentos incompletos o faltantes (+4 pts) | Proveedor en lista restrictiva (+10 pts) | Robo reportado con mas de 48 horas de demora (+8 pts),-0.01026568192035715,1
SIN-00404,POL-00322,ASG-00301,Hogar,Robo,2025-01-24,2025-01-28,33327.0,26720.06,19639.34,Pago Total,Este,Robo de autopartes reportado inmediatamente a la policia. Denuncia adjunta.,True,Taller Central,P005,30,335,4,2,Quito,39080.94,0,19,VERDE,Siniestro ocurrido en los primeros 30 dias de la poliza (+4 pts) | Reporte con demora de 4 a 7 dias (+3 pts) | Asegurado con 2 siniestros recientes (+4 pts) | Robo reportado con mas de 48 horas de demora (+8 pts),0.06045794098980656,0
SIN-00405,POL-00472,ASG-00355,Hogar,Dano parcial,2025-07-05,2025-07-09,21637.62,18036.55,12711.54,Pago Total,Norte,El vehiculo fue impactado por un tercero que se dio a la fuga sin dejar datos.,True,Taller Premium,P008,23,342,4,2,Ambato,34597.27,0,11,VERDE,Siniestro ocurrido en los primeros 30 dias de la poliza (+4 pts) | Reporte con demora de 4 a 7 dias (+3 pts) | Asegurado con 2 siniestros recientes (+4 pts),0.09044354884313766,0
SIN-00406,POL-00215,ASG-00247,Vehiculos,Robo,2024-12-10,2024-12-15,31213.2,33021.66,0.0,Liquidado,Sur,Impacto en la parte trasera por vehiculo que huyo del lugar del accidente.,False,Taller El Veloz,P001,7,358,5,3,Manta,34238.29,1,41,ROJO,Siniestro ocurrido en los primeros 10 dias de la poliza (+8 pts) | Reporte con demora de 4 a 7 dias (+3 pts) | Asegurado con 3 o mas siniestros en 18 meses (+8 pts) | Documentos incompletos o faltantes (+4 pts) | Proveedor en lista restrictiva (+10 pts) | Robo reportado con mas de 48 horas de demora (+8 pts),0.0762784985080111,0
SIN-00407,POL-00207,ASG-00151,Vehiculos,Responsabilidad Civil,2025-11-01,2025-11-04,18364.6,14895.62,12212.98,Liquidado,Oeste,Choque en parqueadero de centro comercial con camaras de seguridad.,True,Taller El Veloz,P001,143,222,3,1,Loja,42522.73,0,10,VERDE,Proveedor en lista restrictiva (+10 pts),0.056365069010963276,0
SIN-00408,POL-00500,ASG-00119,Generales,Choque,2025-07-16,2025-07-19,12951.51,12780.67,11424.05,Negativa,Este,Colision leve en interseccion con semaforo. El tercero presento sus datos.,True,Clinica del Sur,P006,54,311,3,1,Cuenca,28773.9,0,0,VERDE,Sin alertas detectadas,0.08653865712700087,0
SIN-00409,POL-00022,ASG-00083,Generales,Robo,2025-07-01,2025-07-03,6343.82,6755.86,6194.44,Negativa,Este,Accidente en carretera con policia presente. Croquis firmado por ambas partes.,True,Peritajes Express,P004,94,271,2,0,Ambato,13649.06,0,0,VERDE,Sin alertas detectadas,0.0788458221253967,0
SIN-00410,POL-00369,ASG-00242,Vehiculos,Robo,2025-11-01,2025-11-08,41308.48,35642.19,0.0,Reserva,Norte,El asegurado reporta que su vehiculo fue robado en un estacionamiento sin camaras.,False,Taller El Veloz,P001,4,361,7,4,Manta,43003.91,1,46,ROJO,Siniestro ocurrido en los primeros 10 dias de la poliza (+8 pts) | Reporte con demora de 4 a 7 dias (+3 pts) | Asegurado con 3 o mas siniestros en 18 meses (+8 pts) | Documentos incompletos o faltantes (+4 pts) | Proveedor en lista restrictiva (+10 pts) | Monto reclamado es el 96% de la suma asegurada (+5 pts) | Robo reportado con mas de 48 horas de demora (+8 pts),0.0009052725084720548,0
SIN-00411,POL-00368,ASG-00134,Vehiculos,Robo,2024-09-14,2024-09-20,11605.62,11965.72,0.0,Liquidado,Centro,El asegurado reporta que su vehiculo fue robado en un estacionamiento sin camaras.,False,Clinica San Marcos,P002,4,361,6,3,Manta,12137.25,1,46,ROJO,Siniestro ocurrido en los primeros 10 dias de la poliza (+8 pts) | Reporte con demora de 4 a 7 dias (+3 pts) | Asegurado con 3 o mas siniestros en 18 meses (+8 pts) | Documentos incompletos o faltantes (+4 pts) | Proveedor en lista restrictiva (+10 pts) | Monto reclamado es el 96% de la suma asegurada (+5 pts) | Robo reportado con mas de 48 horas de demora (+8 pts),0.06983989578078736,0
SIN-00412,POL-00155,ASG-00354,Vida,Incendio,2025-04-09,2025-04-09,13541.18,11511.55,8465.8,Pago Total,Centro,Colision leve en interseccion con semaforo. El tercero presento sus datos.,True,Taller El Veloz,P001,57,308,0,0,Guayaquil,32193.03,0,10,VERDE,Proveedor en lista restrictiva (+10 pts),0.056766992718219667,0
SIN-00413,POL-00161,ASG-00373,Salud,Responsabilidad Civil,2025-11-01,2025-11-03,21040.89,18381.21,17328.77,Pago Parcial,Centro,Robo de autopartes reportado inmediatamente a la policia. Denuncia adjunta.,False,Clinica San Marcos,P002,15,350,2,2,Cuenca,24868.31,0,22,AMARILLO,Siniestro ocurrido en los primeros 30 dias de la poliza (+4 pts) | Asegurado con 2 siniestros recientes (+4 pts) | Documentos incompletos o faltantes (+4 pts) | Proveedor en lista restrictiva (+10 pts),0.08635267720452133,0
SIN-00414,POL-00518,ASG-00088,Salud,Robo,2026-08-02,2026-08-03,2439.2,2623.13,2542.91,Liquidado,Centro,Accidente en carretera con policia presente. Croquis firmado por ambas partes.,True,Clinica del Sur,P006,275,90,1,1,Ambato,21759.64,0,0,VERDE,Sin alertas detectadas,0.06111361221916167,0
SIN-00415,POL-00031,ASG-00227,Vehiculos,Atencion medica,2025-03-24,2025-03-25,1336.5,1333.9,1190.43,Liquidado,Norte,Accidente en carretera con policia presente. Croquis firmado por ambas partes.,True,Clinica San Marcos,P002,29,336,1,0,Cuenca,5447.69,0,14,VERDE,Siniestro ocurrido en los primeros 30 dias de la poliza (+4 pts) | Proveedor en lista restrictiva (+10 pts),0.019355636839684776,0
SIN-00416,POL-00533,ASG-00152,Hogar,Atencion medica,2024-11-14,2024-11-15,16379.94,17465.5,15497.28,Liquidado,Este,Accidente en carretera con policia presente. Croquis firmado por ambas partes.,True,Taller Central,P005,122,243,1,0,Guayaquil,44860.23,0,0,VERDE,Sin alertas detectadas,0.05298808647267966,0
SIN-00417,POL-00354,ASG-00333,Generales,Atencion medica,2026-12-05,2026-12-06,3944.37,3408.41,2909.08,Pago Parcial,Oeste,Choque en parqueadero de centro comercial con camaras de seguridad.,True,Taller El Veloz,P001,241,124,1,1,Manta,13878.31,0,10,VERDE,Proveedor en lista restrictiva (+10 pts),0.07297294649973379,0
SIN-00418,POL-00349,ASG-00388,Salud,Atencion medica,2025-08-25,2025-08-25,2296.84,2269.5,1829.99,Reserva,Norte,Robo de autopartes reportado inmediatamente a la policia. Denuncia adjunta.,True,Taller Central,P005,53,312,0,1,Loja,6053.98,0,0,VERDE,Sin alertas detectadas,0.027818890727542955,0
SIN-00419,POL-00460,ASG-00153,Generales,Dano parcial,2026-01-09,2026-01-10,1086.97,1102.52,943.65,Pago Total,Norte,Robo de autopartes reportado inmediatamente a la policia. Denuncia adjunta.,True,Peritajes Express,P004,314,51,1,0,Loja,5234.6,0,0,VERDE,Sin alertas detectadas,-0.021342753265072623,1
SIN-00420,POL-00336,ASG-00265,Salud,Responsabilidad Civil,2025-08-07,2025-08-07,3846.05,3626.35,3023.83,Pago Parcial,Oeste,Accidente en carretera con policia presente. Croquis firmado por ambas partes.,True,Clinica San Marcos,P002,104,261,0,0,Manta,42027.92,0,10,VERDE,Proveedor en lista restrictiva (+10 pts),0.025657902206614902,0
SIN-00421,POL-00413,ASG-00302,Vida,Incendio,2026-03-22,2026-03-25,15188.77,12808.75,9454.61,Cierre Sin Consecuencia,Este,Accidente en carretera con policia presente. Croquis firmado por ambas partes.,True,Taller Premium,P008,272,93,3,0,Loja,40047.11,0,0,VERDE,Sin alertas detectadas,0.024622380004848288,0
SIN-00422,POL-00133,ASG-00361,Vida,Choque,2026-06-01,2026-06-05,24987.86,20896.35,18211.78,Reserva,Oeste,Robo de autopartes reportado inmediatamente a la policia. Denuncia adjunta.,True,Taller Premium,P008,28,337,4,2,Loja,28811.35,0,11,VERDE,Siniestro ocurrido en los primeros 30 dias de la poliza (+4 pts) | Reporte con demora de 4 a 7 dias (+3 pts) | Asegurado con 2 siniestros recientes (+4 pts),0.08270658802677139,0
SIN-00423,POL-00157,ASG-00061,Vehiculos,Robo,2026-08-08,2026-08-11,3565.6,3083.08,2915.78,Negativa,Norte,Robo de autopartes reportado inmediatamente a la policia. Denuncia adjunta.,True,Taller Premium,P008,352,13,3,1,Quito,49595.9,0,8,VERDE,Robo reportado con mas de 48 horas de demora (+8 pts),-0.047965703778777846,1
SIN-00424,POL-00126,ASG-00281,Generales,Incendio,2025-12-14,2025-12-17,18794.3,19331.54,16459.44,Negativa,Este,Choque en parqueadero de centro comercial con camaras de seguridad.,True,Taller Central,P005,237,128,3,0,Cuenca,44169.19,0,0,VERDE,Sin alertas detectadas,0.007145891957761608,0
SIN-00425,POL-00460,ASG-00077,Vida,Robo,2026-02-15,2026-02-22,16848.81,17053.74,14864.01,Cierre Sin Consecuencia,Centro,Colision frontal con vehiculo desconocido en horas de la madrugada sin testigos.,False,Grua Rapida,P007,12,353,7,2,Manta,19634.73,0,33,AMARILLO,Siniestro ocurrido en los primeros 30 dias de la poliza (+4 pts) | Reporte con demora de 4 a 7 dias (+3 pts) | Asegurado con 2 siniestros recientes (+4 pts) | Documentos incompletos o faltantes (+4 pts) | Proveedor en lista restrictiva (+10 pts) | Robo reportado con mas de 48 horas de demora (+8 pts),0.08340763810512619,0
SIN-00426,POL-00575,ASG-00331,Generales,Dano parcial,2025-12-23,2025-12-23,3141.62,3420.32,2676.36,Pago Total,Sur,Choque en parqueadero de centro comercial con camaras de seguridad.,True,Taller El Veloz,P001,99,266,0,0,Quito,30170.88,0,10,VERDE,Proveedor en lista restrictiva (+10 pts),0.05314221472256353,0
SIN-00427,POL-00594,ASG-00228,Vida,Choque,2026-01-16,2026-01-19,1764.52,1613.84,1173.76,Reserva,Oeste,Choque en parqueadero de centro comercial con camaras de seguridad.,True,Taller El Veloz,P001,112,253,3,1,Cuenca,29009.47,0,10,VERDE,Proveedor en lista restrictiva (+10 pts),0.05779514394555996,0
SIN-00428,POL-00173,ASG-00147,Vida,Robo,2025-09-09,2025-09-16,14894.79,12552.41,0.0,Pago Parcial,Centro,El vehiculo fue impactado por un tercero que se dio a la fuga sin dejar datos.,False,Taller El Veloz,P001,6,359,7,5,Quito,16499.95,1,41,ROJO,Siniestro ocurrido en los primeros 10 dias de la poliza (+8 pts) | Reporte con demora de 4 a 7 dias (+3 pts) | Asegurado con 3 o mas siniestros en 18 meses (+8 pts) | Documentos incompletos o faltantes (+4 pts) | Proveedor en lista restrictiva (+10 pts) | Robo reportado con mas de 48 horas de demora (+8 pts),0.0324301588918513,0
SIN-00429,POL-00385,ASG-00062,Vida,Dano parcial,2024-10-06,2024-10-10,9747.34,7989.29,5661.79,Cierre Sin Consecuencia,Sur,Choque en parqueadero de centro comercial con camaras de seguridad.,False,Peritajes Express,P004,14,351,4,3,Ambato,15783.03,0,19,VERDE,Siniestro ocurrido en los primeros 30 dias de la poliza (+4 pts) | Reporte con demora de 4 a 7 dias (+3 pts) | Asegurado con 3 o mas siniestros en 18 meses (+8 pts) | Documentos incompletos o faltantes (+4 pts),0.08259881010076903,0
SIN-00430,POL-00020,ASG-00138,Hogar,Dano parcial,2025-07-11,2025-07-12,12623.17,12145.15,9114.41,Pago Total,Oeste,Dano por granizo en estacionamiento del trabajo. Evidencia fotografica adjunta.,True,Taller Norte,P003,114,251,1,1,Manta,31377.77,0,0,VERDE,Sin alertas detectadas,0.08086234595307684,0
SIN-00431,POL-00434,ASG-00285,Salud,Choque,2027-01-12,2027-01-15,872.72,959.79,914.42,Pago Total,Oeste,Robo de autopartes reportado inmediatamente a la policia. Denuncia adjunta.,True,Taller Central,P005,293,72,3,1,Guayaquil,5045.05,0,0,VERDE,Sin alertas detectadas,-0.024520117033517752,1
SIN-00432,POL-00523,ASG-00145,Vehiculos,Robo,2025-09-30,2025-10-13,38258.72,41850.91,0.0,Cierre Sin Consecuencia,Este,El asegurado reporta que su vehiculo fue robado en un estacionamiento sin camaras.,False,Clinica San Marcos,P002,3,362,13,5,Loja,38263.23,1,48,ROJO,Siniestro ocurrido en los primeros 10 dias de la poliza (+8 pts) | Reporte tardio: mas de 7 dias despues del evento (+5 pts) | Asegurado con 3 o mas siniestros en 18 meses (+8 pts) | Documentos incompletos o faltantes (+4 pts) | Proveedor en lista restrictiva (+10 pts) | Monto reclamado es el 100% de la suma asegurada (+5 pts) | Robo reportado con mas de 48 horas de demora (+8 pts),-0.030463172323204613,1
SIN-00433,POL-00280,ASG-00126,Vehiculos,Responsabilidad Civil,2026-06-09,2026-06-09,6308.59,6320.02,5207.37,Cierre Sin Consecuencia,Este,Colision leve en interseccion con semaforo. El tercero presento sus datos.,True,Clinica del Sur,P006,303,62,0,0,Quito,19473.72,0,0,VERDE,Sin alertas detectadas,0.03533428192480048,0
SIN-00434,POL-00403,ASG-00276,Vida,Responsabilidad Civil,2026-02-20,2026-02-26,31286.05,29371.59,28809.84,Negativa,Norte,El vehiculo fue impactado por un tercero que se dio a la fuga sin dejar datos.,True,Taller El Veloz,P001,23,342,6,2,Guayaquil,44452.41,0,21,AMARILLO,Siniestro ocurrido en los primeros 30 dias de la poliza (+4 pts) | Reporte con demora de 4 a 7 dias (+3 pts) | Asegurado con 2 siniestros recientes (+4 pts) | Proveedor en lista restrictiva (+10 pts),0.05067362534100045,0
SIN-00435,POL-00227,ASG-00381,Salud,Choque,2026-01-21,2026-01-22,2743.26,2224.89,1886.38,Cierre Sin Consecuencia,Oeste,Accidente en carretera con policia presente. Croquis firmado por ambas partes.,True,Clinica del Sur,P006,187,178,1,1,Ambato,17651.05,0,0,VERDE,Sin alertas detectadas,0.0803866034619477,0
SIN-00436,POL-00215,ASG-00004,Generales,Dano parcial,2024-10-22,2024-10-29,34158.51,34971.21,25816.77,Liquidado,Sur,Colision frontal con vehiculo desconocido en horas de la madrugada sin testigos.,True,Taller Central,P005,17,348,7,2,Manta,41950.56,0,11,VERDE,Siniestro ocurrido en los primeros 30 dias de la poliza (+4 pts) | Reporte con demora de 4 a 7 dias (+3 pts) | Asegurado con 2 siniestros recientes (+4 pts),0.0335391178541552,0
SIN-00437,POL-00536,ASG-00374,Generales,Incendio,2025-08-28,2025-08-28,5920.09,6235.65,5126.1,Reserva,Oeste,Robo de autopartes reportado inmediatamente a la policia. Denuncia adjunta.,True,Taller Central,P005,364,1,0,1,Guayaquil,13633.32,0,0,VERDE,Sin alertas detectadas,-0.018838938140465,1
SIN-00438,POL-00478,ASG-00254,Vehiculos,Atencion medica,2025-03-04,2025-03-06,2048.71,1689.25,1472.26,Reserva,Sur,Dano por granizo en estacionamiento del trabajo. Evidencia fotografica adjunta.,True,Peritajes Express,P004,216,149,2,1,Manta,39155.98,0,0,VERDE,Sin alertas detectadas,0.04685067766428702,0
SIN-00439,POL-00434,ASG-00039,Vehiculos,Choque,2025-01-23,2025-01-23,4388.44,3836.14,3230.31,Pago Parcial,Norte,Robo de autopartes reportado inmediatamente a la policia. Denuncia adjunta.,True,Clinica San Marcos,P002,80,285,0,1,Manta,13859.46,0,10,VERDE,Proveedor en lista restrictiva (+10 pts),0.072520023576922,0
SIN-00440,POL-00342,ASG-00267,Vehiculos,Responsabilidad Civil,2025-05-22,2025-05-22,23185.77,20727.7,19780.6,Reserva,Sur,Colision leve en interseccion con semaforo. El tercero presento sus datos.,True,Taller Premium,P008,75,290,0,1,Manta,47459.64,0,0,VERDE,Sin alertas detectadas,-0.007366803837401736,1
SIN-00441,POL-00064,ASG-00227,Vehiculos,Dano parcial,2025-07-16,2025-07-21,20392.68,19088.03,16019.87,Negativa,Oeste,Impacto en la parte trasera por vehiculo que huyo del lugar del accidente.,False,Clinica San Marcos,P002,23,342,5,2,Guayaquil,32483.24,0,25,AMARILLO,Siniestro ocurrido en los primeros 30 dias de la poliza (+4 pts) | Reporte con demora de 4 a 7 dias (+3 pts) | Asegurado con 2 siniestros recientes (+4 pts) | Documentos incompletos o faltantes (+4 pts) | Proveedor en lista restrictiva (+10 pts),0.09408130649963303,0
SIN-00442,POL-00104,ASG-00174,Generales,Robo,2026-02-05,2026-02-11,33968.33,32080.36,0.0,Liquidado,Este,El asegurado reporta que su vehiculo fue robado en un estacionamiento sin camaras.,False,Taller El Veloz,P001,10,355,6,6,Guayaquil,35409.92,1,46,ROJO,Siniestro ocurrido en los primeros 10 dias de la poliza (+8 pts) | Reporte con demora de 4 a 7 dias (+3 pts) | Asegurado con 3 o mas siniestros en 18 meses (+8 pts) | Documentos incompletos o faltantes (+4 pts) | Proveedor en lista restrictiva (+10 pts) | Monto reclamado es el 96% de la suma asegurada (+5 pts) | Robo reportado con mas de 48 horas de demora (+8 pts),-0.04022084888558752,1
SIN-00443,POL-00191,ASG-00125,Generales,Responsabilidad Civil,2025-12-03,2025-12-06,4488.44,4087.39,2871.08,Liquidado,Sur,Dano por granizo en estacionamiento del trabajo. Evidencia fotografica adjunta.,False,Grua Rapida,P007,28,337,3,3,Cuenca,6983.19,0,26,AMARILLO,Siniestro ocurrido en los primeros 30 dias de la poliza (+4 pts) | Asegurado con 3 o mas siniestros en 18 meses (+8 pts) | Documentos incompletos o faltantes (+4 pts) | Proveedor en lista restrictiva (+10 pts),0.027791796289342696,0
SIN-00444,POL-00059,ASG-00122,Hogar,Robo,2025-11-15,2025-11-16,17176.6,17182.75,15609.4,Negativa,Oeste,Robo de autopartes reportado inmediatamente a la policia. Denuncia adjunta.,True,Grua Rapida,P007,71,294,1,0,Quito,42582.87,0,10,VERDE,Proveedor en lista restrictiva (+10 pts),0.044801340860927574,0
SIN-00445,POL-00340,ASG-00297,Salud,Choque,2026-05-15,2026-05-15,5491.98,5535.73,4649.8,Pago Total,Sur,Colision leve en interseccion con semaforo. El tercero presento sus datos.,True,Clinica del Sur,P006,119,246,0,0,Manta,20104.72,0,0,VERDE,Sin alertas detectadas,0.06179996142008265,0
SIN-00446,POL-00493,ASG-00377,Salud,Incendio,2025-12-18,2025-12-18,8884.6,7187.69,5279.77,Pago Parcial,Este,Colision leve en interseccion con semaforo. El tercero presento sus datos.,True,Grua Rapida,P007,135,230,0,1,Quito,41659.37,0,10,VERDE,Proveedor en lista restrictiva (+10 pts),0.0500007615703687,0
SIN-00447,POL-00200,ASG-00324,Salud,Robo,2025-01-06,2025-01-13,25663.23,20696.05,19720.53,Reserva,Norte,El asegurado reporta que su vehiculo fue robado en un estacionamiento sin camaras.,True,Taller El Veloz,P001,19,346,7,2,Cuenca,39448.97,0,29,AMARILLO,Siniestro ocurrido en los primeros 30 dias de la poliza (+4 pts) | Reporte con demora de 4 a 7 dias (+3 pts) | Asegurado con 2 siniestros recientes (+4 pts) | Proveedor en lista restrictiva (+10 pts) | Robo reportado con mas de 48 horas de demora (+8 pts),0.0681814458265193,0
SIN-00448,POL-00141,ASG-00195,Hogar,Incendio,2024-08-28,2024-09-04,29122.89,24560.2,24001.37,Pago Total,Sur,Colision frontal con vehiculo desconocido en horas de la madrugada sin testigos.,False,Peritajes Express,P004,22,343,7,2,Quito,44825.52,0,15,VERDE,Siniestro ocurrido en los primeros 30 dias de la poliza (+4 pts) | Reporte con demora de 4 a 7 dias (+3 pts) | Asegurado con 2 siniestros recientes (+4 pts) | Documentos incompletos o faltantes (+4 pts),0.040720437673077425,0
SIN-00449,POL-00546,ASG-00194,Vehiculos,Dano parcial,2024-07-04,2024-07-08,16005.81,15827.15,12408.83,Pago Total,Oeste,Impacto en la parte trasera por vehiculo que huyo del lugar del accidente.,False,Peritajes Express,P004,28,337,4,2,Ambato,19307.82,0,15,VERDE,Siniestro ocurrido en los primeros 30 dias de la poliza (+4 pts) | Reporte con demora de 4 a 7 dias (+3 pts) | Asegurado con 2 siniestros recientes (+4 pts) | Documentos incompletos o faltantes (+4 pts),0.09655054051296852,0
SIN-00450,POL-00599,ASG-00251,Salud,Dano parcial,2026-08-31,2026-09-02,2376.92,2131.02,1730.74,Cierre Sin Consecuencia,Este,Accidente en carretera con policia presente. Croquis firmado por ambas partes.,True,Clinica San Marcos,P002,131,234,2,0,Manta,8663.35,0,10,VERDE,Proveedor en lista restrictiva (+10 pts),0.06061348412701412,0
SIN-00451,POL-00507,ASG-00243,Salud,Robo,2026-06-03,2026-06-04,5257.28,5607.48,4886.42,Pago Parcial,Centro,Robo de autopartes reportado inmediatamente a la policia. Denuncia adjunta.,True,Taller El Veloz,P001,298,67,1,1,Quito,23042.57,0,10,VERDE,Proveedor en lista restrictiva (+10 pts),0.05241679748722927,0
SIN-00452,POL-00564,ASG-00044,Salud,Dano parcial,2025-06-10,2025-06-12,2122.84,1958.71,1843.83,Pago Parcial,Centro,Accidente en carretera con policia presente. Croquis firmado por ambas partes.,True,Clinica del Sur,P006,235,130,2,1,Guayaquil,8781.27,0,0,VERDE,Sin alertas detectadas,0.05666829005866081,0
SIN-00453,POL-00392,ASG-00013,Vehiculos,Atencion medica,2026-02-10,2026-02-10,6264.77,5234.69,4230.0,Liquidado,Sur,Dano por granizo en estacionamiento del trabajo. Evidencia fotografica adjunta.,True,Clinica del Sur,P006,279,86,0,0,Ambato,15520.57,0,0,VERDE,Sin alertas detectadas,0.028618489822437643,0
SIN-00454,POL-00342,ASG-00101,Salud,Responsabilidad Civil,2025-09-20,2025-09-22,874.96,915.81,856.23,Negativa,Este,Robo de autopartes reportado inmediatamente a la policia. Denuncia adjunta.,True,Taller Central,P005,63,302,2,1,Ambato,16251.06,0,0,VERDE,Sin alertas detectadas,0.06450506408262607,0
SIN-00455,POL-00594,ASG-00388,Vida,Robo,2024-11-23,2024-11-24,6914.21,7030.04,5894.13,Reserva,Centro,Choque en parqueadero de centro comercial con camaras de seguridad.,True,Taller Norte,P003,89,276,1,1,Quito,26240.18,0,0,VERDE,Sin alertas detectadas,0.09862475199428822,0
SIN-00456,POL-00193,ASG-00220,Generales,Robo,2025-12-29,2026-01-07,36201.13,33512.99,0.0,Cierre Sin Consecuencia,Este,El asegurado reporta que su vehiculo fue robado en un estacionamiento sin camaras.,False,Taller El Veloz,P001,3,362,9,4,Cuenca,36407.36,1,48,ROJO,Siniestro ocurrido en los primeros 10 dias de la poliza (+8 pts) | Reporte tardio: mas de 7 dias despues del evento (+5 pts) | Asegurado con 3 o mas siniestros en 18 meses (+8 pts) | Documentos incompletos o faltantes (+4 pts) | Proveedor en lista restrictiva (+10 pts) | Monto reclamado es el 99% de la suma asegurada (+5 pts) | Robo reportado con mas de 48 horas de demora (+8 pts),0.023254364208515566,0
SIN-00457,POL-00551,ASG-00154,Salud,Atencion medica,2026-06-12,2026-06-15,2968.95,2431.9,1984.26,Negativa,Norte,Dano por granizo en estacionamiento del trabajo. Evidencia fotografica adjunta.,True,Taller Norte,P003,230,135,3,1,Ambato,6045.79,0,0,VERDE,Sin alertas detectadas,0.030201526795817224,0
SIN-00458,POL-00337,ASG-00292,Vehiculos,Responsabilidad Civil,2024-11-16,2024-11-21,20515.81,18159.47,13981.19,Cierre Sin Consecuencia,Oeste,Colision frontal con vehiculo desconocido en horas de la madrugada sin testigos.,True,Taller Norte,P003,30,335,5,3,Ambato,33755.15,0,15,VERDE,Siniestro ocurrido en los primeros 30 dias de la poliza (+4 pts) | Reporte con demora de 4 a 7 dias (+3 pts) | Asegurado con 3 o mas siniestros en 18 meses (+8 pts),0.07970864922302284,0
SIN-00459,POL-00072,ASG-00233,Vida,Robo,2024-08-31,2024-09-12,27606.15,25664.34,0.0,Cierre Sin Consecuencia,Este,Colision frontal con vehiculo desconocido en horas de la madrugada sin testigos.,False,Clinica San Marcos,P002,7,358,12,5,Guayaquil,28333.93,1,48,ROJO,Siniestro ocurrido en los primeros 10 dias de la poliza (+8 pts) | Reporte tardio: mas de 7 dias despues del evento (+5 pts) | Asegurado con 3 o mas siniestros en 18 meses (+8 pts) | Documentos incompletos o faltantes (+4 pts) | Proveedor en lista restrictiva (+10 pts) | Monto reclamado es el 97% de la suma asegurada (+5 pts) | Robo reportado con mas de 48 horas de demora (+8 pts),-0.014036591208664295,1
SIN-00460,POL-00163,ASG-00310,Hogar,Robo,2025-08-21,2025-08-24,1494.12,1431.0,1392.49,Negativa,Este,Accidente en carretera con policia presente. Croquis firmado por ambas partes.,True,Taller Premium,P008,42,323,3,0,Guayaquil,18964.12,0,8,VERDE,Robo reportado con mas de 48 horas de demora (+8 pts),0.052107417228665964,0
SIN-00461,POL-00474,ASG-00295,Hogar,Responsabilidad Civil,2024-12-01,2024-12-04,2965.22,2593.8,2515.96,Cierre Sin Consecuencia,Este,Dano por granizo en estacionamiento del trabajo. Evidencia fotografica adjunta.,True,Taller Premium,P008,154,211,3,1,Loja,9099.62,0,0,VERDE,Sin alertas detectadas,0.0627288846250238,0
SIN-00462,POL-00469,ASG-00197,Vehiculos,Robo,2024-09-18,2024-09-22,10515.59,9709.92,9016.23,Reserva,Centro,Impacto en la parte trasera por vehiculo que huyo del lugar del accidente.,True,Grua Rapida,P007,28,337,4,3,Quito,13254.99,0,33,AMARILLO,Siniestro ocurrido en los primeros 30 dias de la poliza (+4 pts) | Reporte con demora de 4 a 7 dias (+3 pts) | Asegurado con 3 o mas siniestros en 18 meses (+8 pts) | Proveedor en lista restrictiva (+10 pts) | Robo reportado con mas de 48 horas de demora (+8 pts),0.07331865893996409,0
SIN-00463,POL-00079,ASG-00387,Salud,Atencion medica,2026-02-01,2026-02-04,2449.55,2212.18,1813.55,Pago Total,Este,Accidente en carretera con policia presente. Croquis firmado por ambas partes.,True,Taller Premium,P008,162,203,3,1,Quito,39494.26,0,0,VERDE,Sin alertas detectadas,0.04180390879331075,0
SIN-00464,POL-00039,ASG-00006,Vida,Robo,2025-03-12,2025-03-24,33736.21,28782.76,0.0,Reserva,Oeste,El vehiculo fue impactado por un tercero que se dio a la fuga sin dejar datos.,False,Clinica San Marcos,P002,4,361,12,3,Guayaquil,36909.48,1,43,ROJO,Siniestro ocurrido en los primeros 10 dias de la poliza (+8 pts) | Reporte tardio: mas de 7 dias despues del evento (+5 pts) | Asegurado con 3 o mas siniestros en 18 meses (+8 pts) | Documentos incompletos o faltantes (+4 pts) | Proveedor en lista restrictiva (+10 pts) | Robo reportado con mas de 48 horas de demora (+8 pts),0.019955430595751777,0
SIN-00465,POL-00401,ASG-00087,Vida,Atencion medica,2024-12-24,2024-12-31,29693.01,27234.0,21582.87,Reserva,Oeste,El vehiculo fue impactado por un tercero que se dio a la fuga sin dejar datos.,False,Taller Norte,P003,12,353,7,2,Quito,39361.51,0,15,VERDE,Siniestro ocurrido en los primeros 30 dias de la poliza (+4 pts) | Reporte con demora de 4 a 7 dias (+3 pts) | Asegurado con 2 siniestros recientes (+4 pts) | Documentos incompletos o faltantes (+4 pts),0.06365336459190563,0
SIN-00466,POL-00005,ASG-00025,Salud,Robo,2024-07-17,2024-07-22,36900.42,37535.23,0.0,Reserva,Este,El vehiculo fue impactado por un tercero que se dio a la fuga sin dejar datos.,False,Taller El Veloz,P001,1,364,5,4,Guayaquil,39520.14,1,41,ROJO,Siniestro ocurrido en los primeros 10 dias de la poliza (+8 pts) | Reporte con demora de 4 a 7 dias (+3 pts) | Asegurado con 3 o mas siniestros en 18 meses (+8 pts) | Documentos incompletos o faltantes (+4 pts) | Proveedor en lista restrictiva (+10 pts) | Robo reportado con mas de 48 horas de demora (+8 pts),-0.0012476707878409377,1
SIN-00467,POL-00525,ASG-00056,Generales,Robo,2025-04-25,2025-05-01,18264.58,16744.16,0.0,Negativa,Sur,El asegurado reporta que su vehiculo fue robado en un estacionamiento sin camaras.,False,Taller El Veloz,P001,4,361,6,3,Manta,19520.58,1,41,ROJO,Siniestro ocurrido en los primeros 10 dias de la poliza (+8 pts) | Reporte con demora de 4 a 7 dias (+3 pts) | Asegurado con 3 o mas siniestros en 18 meses (+8 pts) | Documentos incompletos o faltantes (+4 pts) | Proveedor en lista restrictiva (+10 pts) | Robo reportado con mas de 48 horas de demora (+8 pts),0.08283502887010485,0
SIN-00468,POL-00068,ASG-00337,Salud,Incendio,2026-05-28,2026-05-31,16863.35,14765.25,10755.35,Pago Parcial,Este,Colision leve en interseccion con semaforo. El tercero presento sus datos.,True,Clinica San Marcos,P002,308,57,3,0,Cuenca,34247.52,0,10,VERDE,Proveedor en lista restrictiva (+10 pts),0.005067163542468389,0
SIN-00469,POL-00137,ASG-00171,Vehiculos,Atencion medica,2026-03-12,2026-03-15,8722.18,7586.39,6713.23,Reserva,Centro,Dano por granizo en estacionamiento del trabajo. Evidencia fotografica adjunta.,True,Taller Premium,P008,272,93,3,0,Guayaquil,39277.23,0,0,VERDE,Sin alertas detectadas,0.03565582746354712,0
SIN-00470,POL-00243,ASG-00378,Hogar,Incendio,2024-09-12,2024-09-15,12547.27,10543.22,8384.62,Reserva,Oeste,Accidente en carretera con policia presente. Croquis firmado por ambas partes.,True,Taller Norte,P003,23,342,3,3,Cuenca,15959.56,0,12,VERDE,Siniestro ocurrido en los primeros 30 dias de la poliza (+4 pts) | Asegurado con 3 o mas siniestros en 18 meses (+8 pts),0.08764182842283103,0
SIN-00471,POL-00425,ASG-00332,Hogar,Robo,2025-03-19,2025-03-20,15923.0,15229.42,11499.18,Cierre Sin Consecuencia,Norte,Dano por granizo en estacionamiento del trabajo. Evidencia fotografica adjunta.,True,Clinica del Sur,P006,31,334,1,1,Quito,38774.79,0,0,VERDE,Sin alertas detectadas,0.07266358412380308,0
SIN-00472,POL-00067,ASG-00252,Salud,Robo,2025-10-23,2025-10-26,9132.75,8159.55,7478.24,Pago Total,Este,Robo de autopartes reportado inmediatamente a la policia. Denuncia adjunta.,True,Taller Norte,P003,28,337,3,3,Guayaquil,13660.95,0,20,AMARILLO,Siniestro ocurrido en los primeros 30 dias de la poliza (+4 pts) | Asegurado con 3 o mas siniestros en 18 meses (+8 pts) | Robo reportado con mas de 48 horas de demora (+8 pts),0.06658143478020173,0
SIN-00473,POL-00181,ASG-00311,Hogar,Incendio,2025-12-21,2025-12-23,4089.31,3812.93,3247.04,Cierre Sin Consecuencia,Este,Dano por granizo en estacionamiento del trabajo. Evidencia fotografica adjunta.,True,Peritajes Express,P004,225,140,2,1,Guayaquil,17840.88,0,0,VERDE,Sin alertas detectadas,0.0958053496327605,0
SIN-00474,POL-00160,ASG-00247,Generales,Dano parcial,2026-09-06,2026-09-07,3674.35,3439.49,2794.74,Liquidado,Este,Accidente en carretera con policia presente. Croquis firmado por ambas partes.,True,Taller Central,P005,160,205,1,1,Quito,22163.87,0,0,VERDE,Sin alertas detectadas,0.09678259658183885,0
SIN-00475,POL-00074,ASG-00171,Vehiculos,Choque,2026-03-01,2026-03-03,7081.63,7727.1,6273.97,Negativa,Centro,Accidente en carretera con policia presente. Croquis firmado por ambas partes.,True,Peritajes Express,P004,224,141,2,1,Ambato,26116.63,0,0,VERDE,Sin alertas detectadas,0.0937123039254163,0
SIN-00476,POL-00073,ASG-00210,Salud,Incendio,2026-02-11,2026-02-13,13871.57,13995.54,12529.81,Negativa,Sur,Accidente en carretera con policia presente. Croquis firmado por ambas partes.,True,Taller Norte,P003,166,199,2,1,Cuenca,49661.26,0,0,VERDE,Sin alertas detectadas,0.03675537192103473,0
SIN-00477,POL-00249,ASG-00245,Salud,Atencion medica,2026-03-08,2026-03-09,6838.74,5496.3,5118.66,Cierre Sin Consecuencia,Este,Choque en parqueadero de centro comercial con camaras de seguridad.,True,Taller El Veloz,P001,302,63,1,0,Ambato,41590.69,0,10,VERDE,Proveedor en lista restrictiva (+10 pts),0.03354007696488315,0
SIN-00478,POL-00408,ASG-00362,Vida,Robo,2024-11-11,2024-11-17,40108.04,41140.37,40206.33,Reserva,Norte,Colision leve en interseccion con semaforo. El tercero presento sus datos.,False,Peritajes Express,P004,20,345,6,3,Manta,45544.8,0,27,AMARILLO,Siniestro ocurrido en los primeros 30 dias de la poliza (+4 pts) | Reporte con demora de 4 a 7 dias (+3 pts) | Asegurado con 3 o mas siniestros en 18 meses (+8 pts) | Documentos incompletos o faltantes (+4 pts) | Robo reportado con mas de 48 horas de demora (+8 pts),0.04404758448086593,0
SIN-00479,POL-00587,ASG-00398,Vida,Robo,2025-01-08,2025-01-20,37482.81,31905.0,0.0,Pago Parcial,Sur,El asegurado reporta que su vehiculo fue robado en un estacionamiento sin camaras.,False,Taller El Veloz,P001,3,362,12,6,Cuenca,41640.26,1,43,ROJO,Siniestro ocurrido en los primeros 10 dias de la poliza (+8 pts) | Reporte tardio: mas de 7 dias despues del evento (+5 pts) | Asegurado con 3 o mas siniestros en 18 meses (+8 pts) | Documentos incompletos o faltantes (+4 pts) | Proveedor en lista restrictiva (+10 pts) | Robo reportado con mas de 48 horas de demora (+8 pts),-0.04928468523424112,1
SIN-00480,POL-00138,ASG-00102,Salud,Robo,2025-05-27,2025-05-28,4604.09,4549.08,4036.52,Cierre Sin Consecuencia,Sur,Accidente en carretera con policia presente. Croquis firmado por ambas partes.,True,Peritajes Express,P004,356,9,1,1,Guayaquil,27617.62,0,0,VERDE,Sin alertas detectadas,0.017952873417788284,0
SIN-00481,POL-00082,ASG-00151,Generales,Robo,2026-03-04,2026-03-04,575.93,575.7,539.29,Reserva,Norte,Robo de autopartes reportado inmediatamente a la policia. Denuncia adjunta.,True,Taller El Veloz,P001,287,78,0,0,Manta,10610.67,0,10,VERDE,Proveedor en lista restrictiva (+10 pts),-0.013214842595680731,1
SIN-00482,POL-00217,ASG-00268,Vida,Incendio,2025-09-08,2025-09-10,4750.16,4964.17,4876.29,Cierre Sin Consecuencia,Este,Robo de autopartes reportado inmediatamente a la policia. Denuncia adjunta.,True,Taller Central,P005,129,236,2,1,Cuenca,21904.96,0,0,VERDE,Sin alertas detectadas,0.10839753359200605,0
SIN-00483,POL-00388,ASG-00313,Vehiculos,Incendio,2026-11-21,2026-11-22,1293.99,1404.39,1299.67,Pago Total,Centro,Colision leve en interseccion con semaforo. El tercero presento sus datos.,True,Clinica San Marcos,P002,250,115,1,1,Loja,21021.32,0,10,VERDE,Proveedor en lista restrictiva (+10 pts),0.0499704556885211,0
SIN-00484,POL-00463,ASG-00317,Vehiculos,Robo,2025-11-06,2025-11-11,44009.18,40490.63,0.0,Liquidado,Norte,Colision frontal con vehiculo desconocido en horas de la madrugada sin testigos.,False,Grua Rapida,P007,6,359,5,6,Cuenca,44143.39,1,46,ROJO,Siniestro ocurrido en los primeros 10 dias de la poliza (+8 pts) | Reporte con demora de 4 a 7 dias (+3 pts) | Asegurado con 3 o mas siniestros en 18 meses (+8 pts) | Documentos incompletos o faltantes (+4 pts) | Proveedor en lista restrictiva (+10 pts) | Monto reclamado es el 100% de la suma asegurada (+5 pts) | Robo reportado con mas de 48 horas de demora (+8 pts),-0.06046170335963885,1
SIN-00485,POL-00357,ASG-00220,Vida,Atencion medica,2024-10-19,2024-10-25,40456.09,42035.75,33225.25,Cierre Sin Consecuencia,Oeste,El asegurado reporta que su vehiculo fue robado en un estacionamiento sin camaras.,True,Clinica San Marcos,P002,15,350,6,3,Ambato,47366.49,0,25,AMARILLO,Siniestro ocurrido en los primeros 30 dias de la poliza (+4 pts) | Reporte con demora de 4 a 7 dias (+3 pts) | Asegurado con 3 o mas siniestros en 18 meses (+8 pts) | Proveedor en lista restrictiva (+10 pts),0.03490941431050243,0
SIN-00486,POL-00479,ASG-00087,Salud,Robo,2026-02-27,2026-02-27,4675.93,5043.93,4024.81,Negativa,Centro,Colision leve en interseccion con semaforo. El tercero presento sus datos.,True,Peritajes Express,P004,37,328,0,0,Quito,47977.3,0,0,VERDE,Sin alertas detectadas,-0.009659600242908017,1
SIN-00487,POL-00226,ASG-00369,Salud,Dano parcial,2025-08-01,2025-08-01,10784.73,11642.48,10826.36,Liquidado,Norte,Robo de autopartes reportado inmediatamente a la policia. Denuncia adjunta.,True,Clinica San Marcos,P002,22,343,0,0,Loja,26433.6,0,14,VERDE,Siniestro ocurrido en los primeros 30 dias de la poliza (+4 pts) | Proveedor en lista restrictiva (+10 pts),0.053596083577798825,0
SIN-00488,POL-00352,ASG-00194,Salud,Robo,2024-06-07,2024-06-13,34932.79,36888.99,0.0,Negativa,Oeste,El asegurado reporta que su vehiculo fue robado en un estacionamiento sin camaras.,False,Grua Rapida,P007,2,363,6,4,Cuenca,38433.55,1,41,ROJO,Siniestro ocurrido en los primeros 10 dias de la poliza (+8 pts) | Reporte con demora de 4 a 7 dias (+3 pts) | Asegurado con 3 o mas siniestros en 18 meses (+8 pts) | Documentos incompletos o faltantes (+4 pts) | Proveedor en lista restrictiva (+10 pts) | Robo reportado con mas de 48 horas de demora (+8 pts),0.013004441664737243,0
SIN-00489,POL-00002,ASG-00160,Hogar,Atencion medica,2025-05-01,2025-05-02,8261.75,6873.58,4830.45,Negativa,Centro,Choque en parqueadero de centro comercial con camaras de seguridad.,True,Grua Rapida,P007,70,295,1,0,Loja,29102.14,0,10,VERDE,Proveedor en lista restrictiva (+10 pts),0.0793390784441036,0
SIN-00490,POL-00149,ASG-00152,Salud,Responsabilidad Civil,2026-03-04,2026-03-04,8783.74,7747.57,7393.51,Liquidado,Este,Robo de autopartes reportado inmediatamente a la policia. Denuncia adjunta.,True,Taller Central,P005,176,189,0,0,Loja,27492.47,0,0,VERDE,Sin alertas detectadas,0.06158417534487237,0
SIN-00491,POL-00221,ASG-00254,Salud,Responsabilidad Civil,2026-03-26,2026-03-27,17708.58,18718.56,17187.73,Pago Parcial,Sur,Colision leve en interseccion con semaforo. El tercero presento sus datos.,True,Clinica del Sur,P006,349,16,1,0,Quito,48492.31,0,0,VERDE,Sin alertas detectadas,-0.03912251311899606,1
SIN-00492,POL-00023,ASG-00281,Vida,Incendio,2026-02-18,2026-02-20,4251.25,3525.12,2809.61,Liquidado,Norte,Dano por granizo en estacionamiento del trabajo. Evidencia fotografica adjunta.,True,Clinica del Sur,P006,264,101,2,1,Guayaquil,24009.69,0,0,VERDE,Sin alertas detectadas,0.07072051843081784,0
SIN-00493,POL-00312,ASG-00235,Hogar,Robo,2024-11-19,2024-11-26,24432.6,22306.15,22190.38,Cierre Sin Consecuencia,Sur,Colision frontal con vehiculo desconocido en horas de la madrugada sin testigos.,False,Taller Premium,P008,17,348,7,2,Quito,30972.08,0,23,AMARILLO,Siniestro ocurrido en los primeros 30 dias de la poliza (+4 pts) | Reporte con demora de 4 a 7 dias (+3 pts) | Asegurado con 2 siniestros recientes (+4 pts) | Documentos incompletos o faltantes (+4 pts) | Robo reportado con mas de 48 horas de demora (+8 pts),0.07937105226040209,0
SIN-00494,POL-00058,ASG-00050,Generales,Responsabilidad Civil,2026-11-28,2026-11-29,8743.33,7083.83,5470.53,Negativa,Centro,Accidente en carretera con policia presente. Croquis firmado por ambas partes.,True,Clinica San Marcos,P002,304,61,1,0,Cuenca,26324.41,0,10,VERDE,Proveedor en lista restrictiva (+10 pts),0.04237664010301512,0
SIN-00495,POL-00177,ASG-00335,Vida,Responsabilidad Civil,2025-07-13,2025-07-17,24082.24,22800.23,20534.75,Liquidado,Sur,Colision frontal con vehiculo desconocido en horas de la madrugada sin testigos.,True,Clinica San Marcos,P002,25,340,4,2,Manta,39913.24,0,21,AMARILLO,Siniestro ocurrido en los primeros 30 dias de la poliza (+4 pts) | Reporte con demora de 4 a 7 dias (+3 pts) | Asegurado con 2 siniestros recientes (+4 pts) | Proveedor en lista restrictiva (+10 pts),0.09237058131904352,0
SIN-00496,POL-00024,ASG-00301,Generales,Robo,2024-08-08,2024-08-11,5669.49,5088.76,4651.79,Liquidado,Sur,Dano por granizo en estacionamiento del trabajo. Evidencia fotografica adjunta.,True,Clinica San Marcos,P002,54,311,3,0,Manta,30768.38,0,18,VERDE,Proveedor en lista restrictiva (+10 pts) | Robo reportado con mas de 48 horas de demora (+8 pts),0.07181546140934841,0
SIN-00497,POL-00416,ASG-00359,Vehiculos,Dano parcial,2025-07-16,2025-07-16,11681.2,9978.07,8778.02,Pago Total,Norte,Dano por granizo en estacionamiento del trabajo. Evidencia fotografica adjunta.,True,Taller Premium,P008,127,238,0,0,Ambato,30022.71,0,0,VERDE,Sin alertas detectadas,0.05865921981064226,0
SIN-00498,POL-00569,ASG-00229,Salud,Choque,2025-11-17,2025-11-19,9316.63,8635.73,8493.83,Reserva,Sur,Dano por granizo en estacionamiento del trabajo. Evidencia fotografica adjunta.,False,Peritajes Express,P004,12,353,2,2,Ambato,10537.04,0,12,VERDE,Siniestro ocurrido en los primeros 30 dias de la poliza (+4 pts) | Asegurado con 2 siniestros recientes (+4 pts) | Documentos incompletos o faltantes (+4 pts),0.06757897596248208,0
SIN-00499,POL-00308,ASG-00024,Salud,Dano parcial,2025-06-11,2025-06-13,9158.79,9217.21,8284.29,Reserva,Sur,Choque en parqueadero de centro comercial con camaras de seguridad.,True,Taller Premium,P008,323,42,2,0,Manta,28374.94,0,0,VERDE,Sin alertas detectadas,0.038471029970057025,0
SIN-00500,POL-00038,ASG-00097,Generales,Dano parcial,2025-03-28,2025-03-30,4692.8,3858.93,2996.42,Negativa,Sur,Choque en parqueadero de centro comercial con camaras de seguridad.,True,Taller Norte,P003,22,343,2,1,Quito,43523.83,0,4,VERDE,Siniestro ocurrido en los primeros 30 dias de la poliza (+4 pts),0.06528209734105422,0
SIN-00501,POL-00410,ASG-00234,Generales,Robo,2026-09-07,2026-09-09,8184.71,7931.74,7093.6,Liquidado,Oeste,Dano por granizo en estacionamiento del trabajo. Evidencia fotografica adjunta.,True,Taller Norte,P003,357,8,2,1,Guayaquil,16438.07,0,0,VERDE,Sin alertas detectadas,0.02371223098842601,0
SIN-00502,POL-00168,ASG-00215,Vehiculos,Robo,2025-07-03,2025-07-16,17524.18,15926.78,0.0,Pago Parcial,Centro,El asegurado reporta que su vehiculo fue robado en un estacionamiento sin camaras.,False,Grua Rapida,P007,2,363,13,3,Quito,19236.22,1,43,ROJO,Siniestro ocurrido en los primeros 10 dias de la poliza (+8 pts) | Reporte tardio: mas de 7 dias despues del evento (+5 pts) | Asegurado con 3 o mas siniestros en 18 meses (+8 pts) | Documentos incompletos o faltantes (+4 pts) | Proveedor en lista restrictiva (+10 pts) | Robo reportado con mas de 48 horas de demora (+8 pts),0.007499191088290225,0
SIN-00503,POL-00150,ASG-00116,Vida,Choque,2024-12-18,2024-12-24,7885.36,7965.29,7643.65,Liquidado,Centro,Colision frontal con vehiculo desconocido en horas de la madrugada sin testigos.,False,Peritajes Express,P004,20,345,6,3,Guayaquil,9407.61,0,19,VERDE,Siniestro ocurrido en los primeros 30 dias de la poliza (+4 pts) | Reporte con demora de 4 a 7 dias (+3 pts) | Asegurado con 3 o mas siniestros en 18 meses (+8 pts) | Documentos incompletos o faltantes (+4 pts),0.060455640392647836,0
SIN-00504,POL-00102,ASG-00025,Generales,Dano parcial,2026-03-05,2026-03-08,12592.52,10109.9,8634.56,Pago Total,Sur,Dano por granizo en estacionamiento del trabajo. Evidencia fotografica adjunta.,True,Clinica del Sur,P006,52,313,3,1,Ambato,47592.96,0,0,VERDE,Sin alertas detectadas,0.05362407232304123,0
SIN-00505,POL-00147,ASG-00194,Salud,Responsabilidad Civil,2025-12-14,2025-12-17,2254.94,2143.7,1677.97,Negativa,Oeste,Robo de autopartes reportado inmediatamente a la policia. Denuncia adjunta.,True,Clinica del Sur,P006,132,233,3,1,Ambato,17031.65,0,0,VERDE,Sin alertas detectadas,0.07877527950707175,0
SIN-00506,POL-00235,ASG-00157,Vehiculos,Robo,2025-10-24,2025-10-30,8168.32,8892.44,0.0,Negativa,Oeste,Impacto en la parte trasera por vehiculo que huyo del lugar del accidente.,False,Taller El Veloz,P001,4,361,6,3,Guayaquil,8912.4,1,41,ROJO,Siniestro ocurrido en los primeros 10 dias de la poliza (+8 pts) | Reporte con demora de 4 a 7 dias (+3 pts) | Asegurado con 3 o mas siniestros en 18 meses (+8 pts) | Documentos incompletos o faltantes (+4 pts) | Proveedor en lista restrictiva (+10 pts) | Robo reportado con mas de 48 horas de demora (+8 pts),0.0564597277367237,0
SIN-00507,POL-00140,ASG-00246,Vida,Choque,2025-10-03,2025-10-10,25914.18,25453.22,25183.27,Cierre Sin Consecuencia,Oeste,Impacto en la parte trasera por vehiculo que huyo del lugar del accidente.,False,Clinica San Marcos,P002,11,354,7,2,Ambato,35830.48,0,25,AMARILLO,Siniestro ocurrido en los primeros 30 dias de la poliza (+4 pts) | Reporte con demora de 4 a 7 dias (+3 pts) | Asegurado con 2 siniestros recientes (+4 pts) | Documentos incompletos o faltantes (+4 pts) | Proveedor en lista restrictiva (+10 pts),0.07126013130423547,0
SIN-00508,POL-00231,ASG-00090,Vida,Incendio,2025-02-22,2025-02-26,37002.12,32821.6,27732.2,Pago Parcial,Sur,Choque en parqueadero de centro comercial con camaras de seguridad.,True,Taller El Veloz,P001,14,351,4,2,Manta,42773.4,0,21,AMARILLO,Siniestro ocurrido en los primeros 30 dias de la poliza (+4 pts) | Reporte con demora de 4 a 7 dias (+3 pts) | Asegurado con 2 siniestros recientes (+4 pts) | Proveedor en lista restrictiva (+10 pts),0.04226101076162436,0
SIN-00509,POL-00003,ASG-00378,Vida,Robo,2024-07-13,2024-07-27,21487.27,22928.18,0.0,Pago Total,Este,El vehiculo fue impactado por un tercero que se dio a la fuga sin dejar datos.,False,Clinica San Marcos,P002,1,364,14,5,Manta,22712.97,1,43,ROJO,Siniestro ocurrido en los primeros 10 dias de la poliza (+8 pts) | Reporte tardio: mas de 7 dias despues del evento (+5 pts) | Asegurado con 3 o mas siniestros en 18 meses (+8 pts) | Documentos incompletos o faltantes (+4 pts) | Proveedor en lista restrictiva (+10 pts) | Robo reportado con mas de 48 horas de demora (+8 pts),-0.044271042648618475,1
SIN-00510,POL-00364,ASG-00005,Vida,Robo,2026-02-16,2026-02-24,25705.45,24701.09,0.0,Pago Parcial,Norte,Impacto en la parte trasera por vehiculo que huyo del lugar del accidente.,False,Clinica San Marcos,P002,5,360,8,4,Manta,27142.08,1,43,ROJO,Siniestro ocurrido en los primeros 10 dias de la poliza (+8 pts) | Reporte tardio: mas de 7 dias despues del evento (+5 pts) | Asegurado con 3 o mas siniestros en 18 meses (+8 pts) | Documentos incompletos o faltantes (+4 pts) | Proveedor en lista restrictiva (+10 pts) | Robo reportado con mas de 48 horas de demora (+8 pts),0.03388905466746506,0
SIN-00511,POL-00450,ASG-00337,Vehiculos,Atencion medica,2025-05-29,2025-06-02,7512.91,8041.06,6015.47,Pago Total,Este,Robo de autopartes reportado inmediatamente a la policia. Denuncia adjunta.,False,Grua Rapida,P007,17,348,4,3,Loja,12282.54,0,29,AMARILLO,Siniestro ocurrido en los primeros 30 dias de la poliza (+4 pts) | Reporte con demora de 4 a 7 dias (+3 pts) | Asegurado con 3 o mas siniestros en 18 meses (+8 pts) | Documentos incompletos o faltantes (+4 pts) | Proveedor en lista restrictiva (+10 pts),0.06508268787591764,0
SIN-00512,POL-00273,ASG-00061,Hogar,Incendio,2025-04-07,2025-04-10,3247.46,2720.84,2185.48,Reserva,Sur,Colision leve en interseccion con semaforo. El tercero presento sus datos.,True,Taller Norte,P003,178,187,3,0,Ambato,29755.57,0,0,VERDE,Sin alertas detectadas,0.0573660213402008,0
SIN-00513,POL-00054,ASG-00348,Vida,Incendio,2026-04-01,2026-04-06,16349.34,14303.06,13302.11,Pago Parcial,Sur,Choque en parqueadero de centro comercial con camaras de seguridad.,True,Taller El Veloz,P001,13,352,5,2,Cuenca,24334.93,0,21,AMARILLO,Siniestro ocurrido en los primeros 30 dias de la poliza (+4 pts) | Reporte con demora de 4 a 7 dias (+3 pts) | Asegurado con 2 siniestros recientes (+4 pts) | Proveedor en lista restrictiva (+10 pts),0.09085823855451985,0
SIN-00514,POL-00440,ASG-00102,Salud,Dano parcial,2025-08-31,2025-09-01,4191.46,3697.53,2801.45,Pago Total,Este,Accidente en carretera con policia presente. Croquis firmado por ambas partes.,True,Taller Norte,P003,50,315,1,0,Loja,40222.26,0,0,VERDE,Sin alertas detectadas,0.0444212525799112,0
SIN-00515,POL-00019,ASG-00316,Salud,Robo,2025-09-30,2025-09-30,12266.17,10217.92,8267.04,Pago Parcial,Este,Colision leve en interseccion con semaforo. El tercero presento sus datos.,True,Taller Central,P005,138,227,0,1,Cuenca,43895.75,0,0,VERDE,Sin alertas detectadas,0.04315956596069681,0
SIN-00516,POL-00253,ASG-00164,Salud,Atencion medica,2024-07-08,2024-07-10,9554.16,8601.46,6308.81,Cierre Sin Consecuencia,Norte,Accidente en carretera con policia presente. Croquis firmado por ambas partes.,False,Clinica del Sur,P006,30,335,2,3,Manta,13178.82,0,16,VERDE,Siniestro ocurrido en los primeros 30 dias de la poliza (+4 pts) | Asegurado con 3 o mas siniestros en 18 meses (+8 pts) | Documentos incompletos o faltantes (+4 pts),0.058239920855756466,0
SIN-00517,POL-00566,ASG-00395,Generales,Dano parcial,2025-01-07,2025-01-10,15315.64,15145.14,13336.06,Reserva,Oeste,Colision frontal con vehiculo desconocido en horas de la madrugada sin testigos.,True,Clinica del Sur,P006,19,346,3,2,Ambato,19904.53,0,8,VERDE,Siniestro ocurrido en los primeros 30 dias de la poliza (+4 pts) | Asegurado con 2 siniestros recientes (+4 pts),0.09860309979072379,0
SIN-00518,POL-00196,ASG-00099,Hogar,Responsabilidad Civil,2024-10-12,2024-10-13,13532.49,11344.96,9364.85,Cierre Sin Consecuencia,Centro,Dano por granizo en estacionamiento del trabajo. Evidencia fotografica adjunta.,True,Clinica del Sur,P006,136,229,1,0,Manta,46647.53,0,0,VERDE,Sin alertas detectadas,0.04394765600617895,0
SIN-00519,POL-00574,ASG-00178,Vehiculos,Incendio,2024-12-16,2024-12-16,3150.75,2794.39,2757.34,Reserva,Sur,Robo de autopartes reportado inmediatamente a la policia. Denuncia adjunta.,True,Grua Rapida,P007,93,272,0,0,Manta,25181.7,0,10,VERDE,Proveedor en lista restrictiva (+10 pts),0.060714710526307,0
SIN-00520,POL-00408,ASG-00254,Vida,Dano parcial,2025-11-11,2025-11-14,10174.02,8701.02,6508.37,Pago Total,Oeste,Robo de autopartes reportado inmediatamente a la policia. Denuncia adjunta.,True,Taller Norte,P003,341,24,3,0,Manta,44161.51,0,0,VERDE,Sin alertas detectadas,-0.0036683455246061536,1
SIN-00521,POL-00010,ASG-00263,Salud,Atencion medica,2024-08-22,2024-08-25,24502.31,24303.46,23880.92,Pago Parcial,Sur,Colision leve en interseccion con semaforo. El tercero presento sus datos.,True,Taller Central,P005,14,351,3,2,Loja,36848.93,0,8,VERDE,Siniestro ocurrido en los primeros 30 dias de la poliza (+4 pts) | Asegurado con 2 siniestros recientes (+4 pts),0.08628067925804406,0
SIN-00522,POL-00277,ASG-00027,Vehiculos,Responsabilidad Civil,2024-11-30,2024-12-02,3177.11,3229.93,2656.63,Liquidado,Centro,Choque en parqueadero de centro comercial con camaras de seguridad.,True,Clinica San Marcos,P002,0,365,2,1,Cuenca,16205.36,0,18,VERDE,Siniestro ocurrido en los primeros 10 dias de la poliza (+8 pts) | Proveedor en lista restrictiva (+10 pts),0.07075008494593044,0
SIN-00523,POL-00333,ASG-00030,Salud,Atencion medica,2025-06-01,2025-06-01,2051.57,2176.73,1937.92,Liquidado,Sur,Accidente en carretera con policia presente. Croquis firmado por ambas partes.,True,Taller Central,P005,85,280,0,1,Guayaquil,5468.37,0,0,VERDE,Sin alertas detectadas,0.026617413241587062,0
SIN-00524,POL-00453,ASG-00113,Salud,Incendio,2026-05-26,2026-05-29,3060.5,2903.77,2432.83,Pago Total,Sur,Accidente en carretera con policia presente. Croquis firmado por ambas partes.,True,Grua Rapida,P007,91,274,3,0,Quito,14176.34,0,10,VERDE,Proveedor en lista restrictiva (+10 pts),0.07666804721316223,0
SIN-00525,POL-00584,ASG-00252,Salud,Robo,2025-06-11,2025-06-12,1065.92,931.16,905.78,Negativa,Norte,Colision leve en interseccion con semaforo. El tercero presento sus datos.,True,Taller Central,P005,156,209,1,1,Manta,13118.3,0,0,VERDE,Sin alertas detectadas,0.056906916075094016,0
SIN-00526,POL-00540,ASG-00071,Vida,Choque,2025-05-10,2025-05-10,4528.08,3816.22,3389.63,Reserva,Norte,Colision leve en interseccion con semaforo. El tercero presento sus datos.,True,Grua Rapida,P007,254,111,0,1,Guayaquil,41359.67,0,10,VERDE,Proveedor en lista restrictiva (+10 pts),0.02043148884101631,0
SIN-00527,POL-00109,ASG-00278,Salud,Incendio,2026-11-01,2026-11-02,3809.32,3326.08,2870.6,Pago Parcial,Oeste,Accidente en carretera con policia presente. Croquis firmado por ambas partes.,True,Peritajes Express,P004,189,176,1,0,Ambato,20227.55,0,0,VERDE,Sin alertas detectadas,0.07615841695616055,0
SIN-00528,POL-00127,ASG-00011,Salud,Robo,2025-10-17,2025-10-28,8805.9,8344.0,0.0,Reserva,Sur,Impacto en la parte trasera por vehiculo que huyo del lugar del accidente.,False,Grua Rapida,P007,7,358,11,3,Quito,9626.69,1,43,ROJO,Siniestro ocurrido en los primeros 10 dias de la poliza (+8 pts) | Reporte tardio: mas de 7 dias despues del evento (+5 pts) | Asegurado con 3 o mas siniestros en 18 meses (+8 pts) | Documentos incompletos o faltantes (+4 pts) | Proveedor en lista restrictiva (+10 pts) | Robo reportado con mas de 48 horas de demora (+8 pts),0.014513422224073813,0
SIN-00529,POL-00105,ASG-00145,Vehiculos,Dano parcial,2025-04-16,2025-04-20,25311.03,24992.81,19646.89,Reserva,Centro,El asegurado reporta que su vehiculo fue robado en un estacionamiento sin camaras.,False,Clinica San Marcos,P002,27,338,4,3,Quito,32706.35,0,29,AMARILLO,Siniestro ocurrido en los primeros 30 dias de la poliza (+4 pts) | Reporte con demora de 4 a 7 dias (+3 pts) | Asegurado con 3 o mas siniestros en 18 meses (+8 pts) | Documentos incompletos o faltantes (+4 pts) | Proveedor en lista restrictiva (+10 pts),0.07745299609064765,0
SIN-00530,POL-00512,ASG-00339,Vehiculos,Robo,2026-05-01,2026-05-12,16005.57,13499.1,0.0,Pago Parcial,Sur,Impacto en la parte trasera por vehiculo que huyo del lugar del accidente.,False,Clinica San Marcos,P002,3,362,11,5,Loja,16943.04,1,43,ROJO,Siniestro ocurrido en los primeros 10 dias de la poliza (+8 pts) | Reporte tardio: mas de 7 dias despues del evento (+5 pts) | Asegurado con 3 o mas siniestros en 18 meses (+8 pts) | Documentos incompletos o faltantes (+4 pts) | Proveedor en lista restrictiva (+10 pts) | Robo reportado con mas de 48 horas de demora (+8 pts),0.006576283375570258,0
SIN-00531,POL-00187,ASG-00393,Generales,Robo,2024-09-01,2024-09-12,18243.2,17774.15,0.0,Negativa,Oeste,Impacto en la parte trasera por vehiculo que huyo del lugar del accidente.,False,Clinica San Marcos,P002,4,361,11,3,Cuenca,19369.21,1,43,ROJO,Siniestro ocurrido en los primeros 10 dias de la poliza (+8 pts) | Reporte tardio: mas de 7 dias despues del evento (+5 pts) | Asegurado con 3 o mas siniestros en 18 meses (+8 pts) | Documentos incompletos o faltantes (+4 pts) | Proveedor en lista restrictiva (+10 pts) | Robo reportado con mas de 48 horas de demora (+8 pts),0.035068510271347275,0
SIN-00532,POL-00592,ASG-00398,Hogar,Choque,2025-09-24,2025-09-24,8240.36,8868.86,6366.72,Pago Parcial,Centro,Accidente en carretera con policia presente. Croquis firmado por ambas partes.,True,Peritajes Express,P004,72,293,0,0,Quito,38672.76,0,0,VERDE,Sin alertas detectadas,0.05447211457490442,0
SIN-00533,POL-00143,ASG-00151,Salud,Robo,2026-05-07,2026-05-13,42424.75,38670.38,0.0,Cierre Sin Consecuencia,Norte,El vehiculo fue impactado por un tercero que se dio a la fuga sin dejar datos.,False,Grua Rapida,P007,3,362,6,6,Quito,42586.36,1,46,ROJO,Siniestro ocurrido en los primeros 10 dias de la poliza (+8 pts) | Reporte con demora de 4 a 7 dias (+3 pts) | Asegurado con 3 o mas siniestros en 18 meses (+8 pts) | Documentos incompletos o faltantes (+4 pts) | Proveedor en lista restrictiva (+10 pts) | Monto reclamado es el 100% de la suma asegurada (+5 pts) | Robo reportado con mas de 48 horas de demora (+8 pts),-0.05241559410350749,1
SIN-00534,POL-00596,ASG-00038,Hogar,Robo,2025-08-31,2025-09-06,26682.42,25106.27,18629.7,Liquidado,Centro,El asegurado reporta que su vehiculo fue robado en un estacionamiento sin camaras.,False,Taller Norte,P003,11,354,6,2,Guayaquil,31726.65,0,23,AMARILLO,Siniestro ocurrido en los primeros 30 dias de la poliza (+4 pts) | Reporte con demora de 4 a 7 dias (+3 pts) | Asegurado con 2 siniestros recientes (+4 pts) | Documentos incompletos o faltantes (+4 pts) | Robo reportado con mas de 48 horas de demora (+8 pts),0.07807826516688893,0
SIN-00535,POL-00482,ASG-00211,Hogar,Robo,2024-10-15,2024-10-29,24357.17,24453.89,0.0,Negativa,Oeste,Impacto en la parte trasera por vehiculo que huyo del lugar del accidente.,False,Grua Rapida,P007,1,364,14,6,Quito,24978.81,1,48,ROJO,Siniestro ocurrido en los primeros 10 dias de la poliza (+8 pts) | Reporte tardio: mas de 7 dias despues del evento (+5 pts) | Asegurado con 3 o mas siniestros en 18 meses (+8 pts) | Documentos incompletos o faltantes (+4 pts) | Proveedor en lista restrictiva (+10 pts) | Monto reclamado es el 98% de la suma asegurada (+5 pts) | Robo reportado con mas de 48 horas de demora (+8 pts),-0.06610295060194404,1
SIN-00536,POL-00265,ASG-00293,Hogar,Choque,2025-03-08,2025-03-15,24420.97,20882.57,19291.29,Liquidado,Oeste,Impacto en la parte trasera por vehiculo que huyo del lugar del accidente.,True,Taller Norte,P003,15,350,7,3,Ambato,36920.88,0,15,VERDE,Siniestro ocurrido en los primeros 30 dias de la poliza (+4 pts) | Reporte con demora de 4 a 7 dias (+3 pts) | Asegurado con 3 o mas siniestros en 18 meses (+8 pts),0.07949673186540679,0
SIN-00537,POL-00080,ASG-00355,Salud,Choque,2026-05-21,2026-05-22,3273.85,2975.31,2777.87,Pago Parcial,Norte,Colision leve en interseccion con semaforo. El tercero presento sus datos.,True,Grua Rapida,P007,240,125,1,0,Cuenca,19093.53,0,10,VERDE,Proveedor en lista restrictiva (+10 pts),0.06628527163527126,0
SIN-00538,POL-00246,ASG-00145,Hogar,Robo,2025-01-24,2025-01-27,6638.81,5406.74,3935.91,Pago Parcial,Norte,Accidente en carretera con policia presente. Croquis firmado por ambas partes.,True,Taller El Veloz,P001,12,353,3,2,Ambato,9790.9,0,26,AMARILLO,Siniestro ocurrido en los primeros 30 dias de la poliza (+4 pts) | Asegurado con 2 siniestros recientes (+4 pts) | Proveedor en lista restrictiva (+10 pts) | Robo reportado con mas de 48 horas de demora (+8 pts),0.05976506297125794,0
SIN-00539,POL-00366,ASG-00385,Hogar,Robo,2025-01-26,2025-01-28,5345.85,5082.05,4739.1,Reserva,Oeste,Choque en parqueadero de centro comercial con camaras de seguridad.,True,Grua Rapida,P007,145,220,2,0,Loja,22916.14,0,10,VERDE,Proveedor en lista restrictiva (+10 pts),0.08344274449966704,0
SIN-00540,POL-00392,ASG-00245,Vida,Robo,2025-10-13,2025-10-21,42506.8,44020.28,0.0,Pago Parcial,Centro,El asegurado reporta que su vehiculo fue robado en un estacionamiento sin camaras.,False,Grua Rapida,P007,4,361,8,6,Loja,43341.22,1,48,ROJO,Siniestro ocurrido en los primeros 10 dias de la poliza (+8 pts) | Reporte tardio: mas de 7 dias despues del evento (+5 pts) | Asegurado con 3 o mas siniestros en 18 meses (+8 pts) | Documentos incompletos o faltantes (+4 pts) | Proveedor en lista restrictiva (+10 pts) | Monto reclamado es el 98% de la suma asegurada (+5 pts) | Robo reportado con mas de 48 horas de demora (+8 pts),-0.051062751518800575,1
SIN-00541,POL-00369,ASG-00320,Salud,Robo,2026-07-21,2026-07-22,7441.69,7749.91,5756.53,Pago Parcial,Oeste,Accidente en carretera con policia presente. Croquis firmado por ambas partes.,True,Grua Rapida,P007,291,74,1,0,Ambato,24390.57,0,10,VERDE,Proveedor en lista restrictiva (+10 pts),0.051701394562291336,0
SIN-00542,POL-00090,ASG-00256,Vehiculos,Atencion medica,2025-10-09,2025-10-11,12463.82,13629.75,12661.27,Negativa,Sur,Colision leve en interseccion con semaforo. El tercero presento sus datos.,False,Taller Norte,P003,13,352,2,3,Ambato,19117.34,0,16,VERDE,Siniestro ocurrido en los primeros 30 dias de la poliza (+4 pts) | Asegurado con 3 o mas siniestros en 18 meses (+8 pts) | Documentos incompletos o faltantes (+4 pts),0.08864326104616393,0
SIN-00543,POL-00127,ASG-00292,Generales,Responsabilidad Civil,2025-03-05,2025-03-07,4659.02,4094.57,3941.68,Cierre Sin Consecuencia,Norte,Accidente en carretera con policia presente. Croquis firmado por ambas partes.,True,Grua Rapida,P007,171,194,2,1,Quito,21356.24,0,10,VERDE,Proveedor en lista restrictiva (+10 pts),0.10409930856542882,0
SIN-00544,POL-00059,ASG-00380,Vehiculos,Atencion medica,2026-04-11,2026-04-13,24253.38,22792.44,20347.84,Negativa,Norte,Colision frontal con vehiculo desconocido en horas de la madrugada sin testigos.,False,Taller Norte,P003,23,342,2,3,Manta,36488.54,0,16,VERDE,Siniestro ocurrido en los primeros 30 dias de la poliza (+4 pts) | Asegurado con 3 o mas siniestros en 18 meses (+8 pts) | Documentos incompletos o faltantes (+4 pts),0.07279353421285106,0
SIN-00545,POL-00088,ASG-00093,Salud,Robo,2024-10-03,2024-10-17,43908.0,35630.67,0.0,Pago Total,Este,El asegurado reporta que su vehiculo fue robado en un estacionamiento sin camaras.,False,Grua Rapida,P007,6,359,14,6,Cuenca,46285.72,1,43,ROJO,Siniestro ocurrido en los primeros 10 dias de la poliza (+8 pts) | Reporte tardio: mas de 7 dias despues del evento (+5 pts) | Asegurado con 3 o mas siniestros en 18 meses (+8 pts) | Documentos incompletos o faltantes (+4 pts) | Proveedor en lista restrictiva (+10 pts) | Robo reportado con mas de 48 horas de demora (+8 pts),-0.09735573798560027,1
SIN-00546,POL-00150,ASG-00328,Vehiculos,Atencion medica,2025-04-17,2025-04-18,2272.37,2001.85,1783.06,Reserva,Sur,Colision leve en interseccion con semaforo. El tercero presento sus datos.,True,Grua Rapida,P007,237,128,1,1,Manta,30569.3,0,10,VERDE,Proveedor en lista restrictiva (+10 pts),0.04482840874315763,0
SIN-00547,POL-00071,ASG-00141,Generales,Robo,2025-04-19,2025-04-20,7807.61,7047.19,6525.37,Pago Total,Sur,Colision leve en interseccion con semaforo. El tercero presento sus datos.,True,Grua Rapida,P007,8,357,1,1,Loja,18425.16,0,18,VERDE,Siniestro ocurrido en los primeros 10 dias de la poliza (+8 pts) | Proveedor en lista restrictiva (+10 pts),0.08640414023822507,0
SIN-00548,POL-00358,ASG-00215,Hogar,Responsabilidad Civil,2025-11-13,2025-11-19,24066.51,21590.54,21502.24,Cierre Sin Consecuencia,Centro,Colision frontal con vehiculo desconocido en horas de la madrugada sin testigos.,True,Grua Rapida,P007,11,354,6,2,Ambato,29097.78,0,21,AMARILLO,Siniestro ocurrido en los primeros 30 dias de la poliza (+4 pts) | Reporte con demora de 4 a 7 dias (+3 pts) | Asegurado con 2 siniestros recientes (+4 pts) | Proveedor en lista restrictiva (+10 pts),0.07896882320555992,0
SIN-00549,POL-00015,ASG-00078,Vehiculos,Responsabilidad Civil,2025-03-21,2025-03-26,41076.61,33310.9,30769.69,Pago Total,Este,Accidente en carretera con policia presente. Croquis firmado por ambas partes.,True,Clinica del Sur,P006,11,354,5,2,Manta,47021.87,0,11,VERDE,Siniestro ocurrido en los primeros 30 dias de la poliza (+4 pts) | Reporte con demora de 4 a 7 dias (+3 pts) | Asegurado con 2 siniestros recientes (+4 pts),0.015547090967467092,0
SIN-00550,POL-00560,ASG-00397,Generales,Choque,2026-10-06,2026-10-06,4087.4,4127.44,3692.71,Negativa,Este,Robo de autopartes reportado inmediatamente a la policia. Denuncia adjunta.,True,Peritajes Express,P004,176,189,0,0,Cuenca,21990.05,0,0,VERDE,Sin alertas detectadas,0.05763055817087437,0
SIN-00551,POL-00421,ASG-00181,Vehiculos,Robo,2026-05-12,2026-05-13,8786.22,8034.73,7661.34,Cierre Sin Consecuencia,Este,Dano por granizo en estacionamiento del trabajo. Evidencia fotografica adjunta.,True,Clinica del Sur,P006,146,219,1,1,Manta,29411.02,0,0,VERDE,Sin alertas detectadas,0.0885725822770419,0
SIN-00552,POL-00291,ASG-00360,Vehiculos,Robo,2025-11-27,2025-12-03,44282.78,46740.99,0.0,Pago Total,Sur,El vehiculo fue impactado por un tercero que se dio a la fuga sin dejar datos.,False,Grua Rapida,P007,7,358,6,5,Loja,46631.1,1,41,ROJO,Siniestro ocurrido en los primeros 10 dias de la poliza (+8 pts) | Reporte con demora de 4 a 7 dias (+3 pts) | Asegurado con 3 o mas siniestros en 18 meses (+8 pts) | Documentos incompletos o faltantes (+4 pts) | Proveedor en lista restrictiva (+10 pts) | Robo reportado con mas de 48 horas de demora (+8 pts),-0.03430771761160967,1
SIN-00553,POL-00466,ASG-00283,Hogar,Incendio,2026-03-12,2026-03-15,737.24,702.05,547.8,Cierre Sin Consecuencia,Centro,Robo de autopartes reportado inmediatamente a la policia. Denuncia adjunta.,True,Clinica San Marcos,P002,74,291,3,0,Manta,13800.21,0,10,VERDE,Proveedor en lista restrictiva (+10 pts),0.051711858395547594,0
SIN-00554,POL-00315,ASG-00213,Vehiculos,Choque,2026-11-09,2026-11-11,1041.52,908.78,901.55,Pago Total,Oeste,Choque en parqueadero de centro comercial con camaras de seguridad.,True,Taller El Veloz,P001,309,56,2,1,Quito,5187.09,0,10,VERDE,Proveedor en lista restrictiva (+10 pts),-0.005549408340813411,1
SIN-00555,POL-00403,ASG-00027,Salud,Incendio,2026-09-08,2026-09-11,4772.55,4722.12,4416.53,Cierre Sin Consecuencia,Centro,Dano por granizo en estacionamiento del trabajo. Evidencia fotografica adjunta.,True,Grua Rapida,P007,234,131,3,0,Cuenca,31003.41,0,10,VERDE,Proveedor en lista restrictiva (+10 pts),0.058249626264584686,0
SIN-00556,POL-00567,ASG-00082,Vehiculos,Responsabilidad Civil,2024-11-20,2024-11-27,10735.6,10979.32,8115.52,Negativa,Centro,Robo de autopartes reportado inmediatamente a la policia. Denuncia adjunta.,True,Grua Rapida,P007,30,335,7,2,Ambato,14169.32,0,21,AMARILLO,Siniestro ocurrido en los primeros 30 dias de la poliza (+4 pts) | Reporte con demora de 4 a 7 dias (+3 pts) | Asegurado con 2 siniestros recientes (+4 pts) | Proveedor en lista restrictiva (+10 pts),0.05960928937257082,0
SIN-00557,POL-00192,ASG-00123,Vida,Robo,2026-05-26,2026-06-02,14420.93,11999.99,0.0,Pago Parcial,Centro,Impacto en la parte trasera por vehiculo que huyo del lugar del accidente.,False,Grua Rapida,P007,2,363,7,3,Loja,14978.99,1,46,ROJO,Siniestro ocurrido en los primeros 10 dias de la poliza (+8 pts) | Reporte con demora de 4 a 7 dias (+3 pts) | Asegurado con 3 o mas siniestros en 18 meses (+8 pts) | Documentos incompletos o faltantes (+4 pts) | Proveedor en lista restrictiva (+10 pts) | Monto reclamado es el 96% de la suma asegurada (+5 pts) | Robo reportado con mas de 48 horas de demora (+8 pts),0.0637650755584177,0
SIN-00558,POL-00185,ASG-00048,Vida,Choque,2025-10-11,2025-10-14,3574.36,3596.52,2922.45,Pago Parcial,Este,Colision leve en interseccion con semaforo. El tercero presento sus datos.,True,Peritajes Express,P004,38,327,3,0,Manta,43008.06,0,0,VERDE,Sin alertas detectadas,0.033731984769893586,0
SIN-00559,POL-00165,ASG-00093,Vehiculos,Atencion medica,2025-10-15,2025-10-15,5537.85,4750.66,3367.58,Reserva,Oeste,Robo de autopartes reportado inmediatamente a la policia. Denuncia adjunta.,True,Taller El Veloz,P001,62,303,0,0,Cuenca,45663.72,0,10,VERDE,Proveedor en lista restrictiva (+10 pts),0.019826226954308468,0
SIN-00560,POL-00525,ASG-00390,Vehiculos,Atencion medica,2025-05-16,2025-05-20,29898.33,30269.82,27108.97,Negativa,Este,Colision frontal con vehiculo desconocido en horas de la madrugada sin testigos.,True,Peritajes Express,P004,15,350,4,3,Quito,44009.34,0,15,VERDE,Siniestro ocurrido en los primeros 30 dias de la poliza (+4 pts) | Reporte con demora de 4 a 7 dias (+3 pts) | Asegurado con 3 o mas siniestros en 18 meses (+8 pts),0.06331039702424396,0
SIN-00561,POL-00447,ASG-00263,Hogar,Incendio,2024-11-20,2024-11-22,5792.0,5386.8,4491.77,Liquidado,Centro,Dano por granizo en estacionamiento del trabajo. Evidencia fotografica adjunta.,True,Peritajes Express,P004,121,244,2,1,Guayaquil,46505.66,0,0,VERDE,Sin alertas detectadas,0.06241003623347141,0
SIN-00562,POL-00327,ASG-00319,Hogar,Responsabilidad Civil,2026-03-02,2026-03-02,10699.22,9501.36,9007.35,Cierre Sin Consecuencia,Oeste,Robo de autopartes reportado inmediatamente a la policia. Denuncia adjunta.,True,Clinica del Sur,P006,186,179,0,1,Guayaquil,22237.06,0,0,VERDE,Sin alertas detectadas,0.060730459452803975,0
SIN-00563,POL-00361,ASG-00204,Hogar,Robo,2026-04-17,2026-04-21,8408.24,7530.22,5295.78,Pago Parcial,Sur,Colision frontal con vehiculo desconocido en horas de la madrugada sin testigos.,False,Taller Norte,P003,22,343,4,2,Guayaquil,13095.69,0,23,AMARILLO,Siniestro ocurrido en los primeros 30 dias de la poliza (+4 pts) | Reporte con demora de 4 a 7 dias (+3 pts) | Asegurado con 2 siniestros recientes (+4 pts) | Documentos incompletos o faltantes (+4 pts) | Robo reportado con mas de 48 horas de demora (+8 pts),0.07912570009961545,0
SIN-00564,POL-00477,ASG-00291,Hogar,Dano parcial,2026-11-02,2026-11-02,13743.54,13361.26,11943.38,Cierre Sin Consecuencia,Este,Choque en parqueadero de centro comercial con camaras de seguridad.,True,Grua Rapida,P007,222,143,0,0,Quito,45443.48,0,10,VERDE,Proveedor en lista restrictiva (+10 pts),0.025267152986882757,0
SIN-00565,POL-00326,ASG-00164,Hogar,Robo,2026-05-25,2026-06-08,6747.7,6701.14,0.0,Liquidado,Norte,El asegurado reporta que su vehiculo fue robado en un estacionamiento sin camaras.,False,Clinica San Marcos,P002,3,362,14,3,Guayaquil,7234.69,1,43,ROJO,Siniestro ocurrido en los primeros 10 dias de la poliza (+8 pts) | Reporte tardio: mas de 7 dias despues del evento (+5 pts) | Asegurado con 3 o mas siniestros en 18 meses (+8 pts) | Documentos incompletos o faltantes (+4 pts) | Proveedor en lista restrictiva (+10 pts) | Robo reportado con mas de 48 horas de demora (+8 pts),-0.03327574693564184,1
SIN-00566,POL-00473,ASG-00146,Hogar,Robo,2025-12-26,2026-01-06,47165.96,45606.42,0.0,Pago Parcial,Este,Impacto en la parte trasera por vehiculo que huyo del lugar del accidente.,False,Clinica San Marcos,P002,2,363,11,3,Guayaquil,48508.41,1,48,ROJO,Siniestro ocurrido en los primeros 10 dias de la poliza (+8 pts) | Reporte tardio: mas de 7 dias despues del evento (+5 pts) | Asegurado con 3 o mas siniestros en 18 meses (+8 pts) | Documentos incompletos o faltantes (+4 pts) | Proveedor en lista restrictiva (+10 pts) | Monto reclamado es el 97% de la suma asegurada (+5 pts) | Robo reportado con mas de 48 horas de demora (+8 pts),-0.050905332190296027,1
SIN-00567,POL-00049,ASG-00202,Hogar,Robo,2026-05-09,2026-05-14,45034.32,38610.08,0.0,Pago Parcial,Oeste,Colision frontal con vehiculo desconocido en horas de la madrugada sin testigos.,False,Clinica San Marcos,P002,1,364,5,3,Guayaquil,49278.51,1,41,ROJO,Siniestro ocurrido en los primeros 10 dias de la poliza (+8 pts) | Reporte con demora de 4 a 7 dias (+3 pts) | Asegurado con 3 o mas siniestros en 18 meses (+8 pts) | Documentos incompletos o faltantes (+4 pts) | Proveedor en lista restrictiva (+10 pts) | Robo reportado con mas de 48 horas de demora (+8 pts),-0.028374579340136652,1
SIN-00568,POL-00006,ASG-00353,Vehiculos,Atencion medica,2024-12-19,2024-12-24,11317.65,9461.22,7529.24,Pago Total,Oeste,El asegurado reporta que su vehiculo fue robado en un estacionamiento sin camaras.,True,Clinica San Marcos,P002,30,335,5,3,Guayaquil,16685.95,0,25,AMARILLO,Siniestro ocurrido en los primeros 30 dias de la poliza (+4 pts) | Reporte con demora de 4 a 7 dias (+3 pts) | Asegurado con 3 o mas siniestros en 18 meses (+8 pts) | Proveedor en lista restrictiva (+10 pts),0.08011212138803969,0
SIN-00569,POL-00424,ASG-00327,Vida,Atencion medica,2025-03-03,2025-03-06,1593.08,1614.45,1301.09,Pago Total,Sur,Robo de autopartes reportado inmediatamente a la policia. Denuncia adjunta.,True,Taller Premium,P008,103,262,3,1,Cuenca,10506.8,0,0,VERDE,Sin alertas detectadas,0.06659168145112232,0
SIN-00570,POL-00080,ASG-00039,Vida,Incendio,2026-10-10,2026-10-12,1109.74,1140.98,905.42,Negativa,Sur,Choque en parqueadero de centro comercial con camaras de seguridad.,True,Peritajes Express,P004,263,102,2,1,Quito,7712.01,0,0,VERDE,Sin alertas detectadas,0.0331300770654851,0
SIN-00571,POL-00517,ASG-00055,Generales,Dano parcial,2025-10-10,2025-10-11,1200.8,1207.86,1190.28,Liquidado,Norte,Accidente en carretera con policia presente. Croquis firmado por ambas partes.,True,Taller Premium,P008,5,360,1,0,Quito,14845.32,0,8,VERDE,Siniestro ocurrido en los primeros 10 dias de la poliza (+8 pts),0.034699444537875546,0
SIN-00572,POL-00151,ASG-00237,Salud,Atencion medica,2026-01-30,2026-02-02,8028.11,7276.1,5556.17,Negativa,Oeste,Colision leve en interseccion con semaforo. El tercero presento sus datos.,True,Taller Premium,P008,192,173,3,0,Guayaquil,38526.17,0,0,VERDE,Sin alertas detectadas,0.060486582185099336,0
SIN-00573,POL-00442,ASG-00261,Vida,Responsabilidad Civil,2024-08-21,2024-08-26,16189.72,15470.66,11336.21,Reserva,Sur,Choque en parqueadero de centro comercial con camaras de seguridad.,False,Taller El Veloz,P001,17,348,5,3,Manta,24860.33,0,29,AMARILLO,Siniestro ocurrido en los primeros 30 dias de la poliza (+4 pts) | Reporte con demora de 4 a 7 dias (+3 pts) | Asegurado con 3 o mas siniestros en 18 meses (+8 pts) | Documentos incompletos o faltantes (+4 pts) | Proveedor en lista restrictiva (+10 pts),0.08623939074593101,0
SIN-00574,POL-00114,ASG-00113,Vehiculos,Dano parcial,2026-06-18,2026-06-25,36565.71,31664.68,29993.44,Cierre Sin Consecuencia,Centro,Robo de autopartes reportado inmediatamente a la policia. Denuncia adjunta.,False,Peritajes Express,P004,30,335,7,2,Guayaquil,45277.63,0,15,VERDE,Siniestro ocurrido en los primeros 30 dias de la poliza (+4 pts) | Reporte con demora de 4 a 7 dias (+3 pts) | Asegurado con 2 siniestros recientes (+4 pts) | Documentos incompletos o faltantes (+4 pts),0.002721295066522411,0
SIN-00575,POL-00508,ASG-00106,Vehiculos,Choque,2026-04-19,2026-04-22,5417.83,4846.43,3493.48,Pago Total,Centro,Dano por granizo en estacionamiento del trabajo. Evidencia fotografica adjunta.,True,Taller Central,P005,18,347,3,0,Quito,14160.9,0,4,VERDE,Siniestro ocurrido en los primeros 30 dias de la poliza (+4 pts),0.05620807787353477,0
SIN-00576,POL-00467,ASG-00073,Salud,Atencion medica,2024-12-16,2024-12-22,24554.18,26075.69,21949.75,Reserva,Norte,El vehiculo fue impactado por un tercero que se dio a la fuga sin dejar datos.,False,Taller El Veloz,P001,11,354,6,3,Guayaquil,34971.41,0,29,AMARILLO,Siniestro ocurrido en los primeros 30 dias de la poliza (+4 pts) | Reporte con demora de 4 a 7 dias (+3 pts) | Asegurado con 3 o mas siniestros en 18 meses (+8 pts) | Documentos incompletos o faltantes (+4 pts) | Proveedor en lista restrictiva (+10 pts),0.08928858861845401,0
SIN-00577,POL-00581,ASG-00349,Salud,Choque,2026-02-17,2026-02-22,31615.07,31584.17,24511.24,Negativa,Norte,Choque en parqueadero de centro comercial con camaras de seguridad.,False,Taller Norte,P003,21,344,5,3,Guayaquil,42591.16,0,19,VERDE,Siniestro ocurrido en los primeros 30 dias de la poliza (+4 pts) | Reporte con demora de 4 a 7 dias (+3 pts) | Asegurado con 3 o mas siniestros en 18 meses (+8 pts) | Documentos incompletos o faltantes (+4 pts),0.06490186153639749,0
SIN-00578,POL-00362,ASG-00155,Vehiculos,Atencion medica,2026-08-02,2026-08-02,5258.01,5246.5,3895.47,Negativa,Norte,Accidente en carretera con policia presente. Croquis firmado por ambas partes.,True,Taller Premium,P008,175,190,0,0,Loja,45111.76,0,0,VERDE,Sin alertas detectadas,0.01637415055094782,0
SIN-00579,POL-00251,ASG-00296,Salud,Robo,2025-10-25,2025-11-09,47230.69,43325.08,0.0,Negativa,Centro,El asegurado reporta que su vehiculo fue robado en un estacionamiento sin camaras.,False,Clinica San Marcos,P002,5,360,15,5,Loja,48798.08,1,48,ROJO,Siniestro ocurrido en los primeros 10 dias de la poliza (+8 pts) | Reporte tardio: mas de 7 dias despues del evento (+5 pts) | Asegurado con 3 o mas siniestros en 18 meses (+8 pts) | Documentos incompletos o faltantes (+4 pts) | Proveedor en lista restrictiva (+10 pts) | Monto reclamado es el 97% de la suma asegurada (+5 pts) | Robo reportado con mas de 48 horas de demora (+8 pts),-0.10888158292276129,1
SIN-00580,POL-00317,ASG-00098,Vida,Incendio,2025-12-21,2025-12-23,5106.49,5505.66,4096.98,Cierre Sin Consecuencia,Sur,Colision leve en interseccion con semaforo. El tercero presento sus datos.,True,Clinica San Marcos,P002,229,136,2,1,Ambato,28403.5,0,10,VERDE,Proveedor en lista restrictiva (+10 pts),0.08832735192631441,0
SIN-00581,POL-00536,ASG-00149,Vehiculos,Atencion medica,2025-05-25,2025-05-26,6188.8,5049.8,3998.16,Negativa,Centro,Choque en parqueadero de centro comercial con camaras de seguridad.,True,Taller Central,P005,197,168,1,0,Guayaquil,34894.41,0,0,VERDE,Sin alertas detectadas,0.07598748970932767,0
SIN-00582,POL-00001,ASG-00026,Vehiculos,Robo,2026-02-04,2026-02-15,19898.75,21488.27,0.0,Pago Total,Este,El vehiculo fue impactado por un tercero que se dio a la fuga sin dejar datos.,False,Taller El Veloz,P001,4,361,11,6,Cuenca,20759.82,1,48,ROJO,Siniestro ocurrido en los primeros 10 dias de la poliza (+8 pts) | Reporte tardio: mas de 7 dias despues del evento (+5 pts) | Asegurado con 3 o mas siniestros en 18 meses (+8 pts) | Documentos incompletos o faltantes (+4 pts) | Proveedor en lista restrictiva (+10 pts) | Monto reclamado es el 96% de la suma asegurada (+5 pts) | Robo reportado con mas de 48 horas de demora (+8 pts),-0.012583399968595477,1
SIN-00583,POL-00433,ASG-00205,Generales,Atencion medica,2024-12-11,2024-12-13,3879.22,3394.34,2799.97,Pago Total,Centro,Dano por granizo en estacionamiento del trabajo. Evidencia fotografica adjunta.,True,Taller Central,P005,114,251,2,0,Quito,9416.24,0,0,VERDE,Sin alertas detectadas,0.06562959284376901,0
SIN-00584,POL-00313,ASG-00044,Vida,Robo,2024-06-28,2024-07-08,44402.15,41736.5,0.0,Negativa,Este,El asegurado reporta que su vehiculo fue robado en un estacionamiento sin camaras.,False,Grua Rapida,P007,8,357,10,6,Guayaquil,46720.34,1,48,ROJO,Siniestro ocurrido en los primeros 10 dias de la poliza (+8 pts) | Reporte tardio: mas de 7 dias despues del evento (+5 pts) | Asegurado con 3 o mas siniestros en 18 meses (+8 pts) | Documentos incompletos o faltantes (+4 pts) | Proveedor en lista restrictiva (+10 pts) | Monto reclamado es el 95% de la suma asegurada (+5 pts) | Robo reportado con mas de 48 horas de demora (+8 pts),-0.08158670021846914,1
SIN-00585,POL-00029,ASG-00287,Generales,Atencion medica,2025-06-21,2025-06-23,4237.81,3458.31,3297.61,Pago Total,Este,Choque en parqueadero de centro comercial con camaras de seguridad.,True,Taller Norte,P003,124,241,2,1,Quito,39504.64,0,0,VERDE,Sin alertas detectadas,0.07888889389231296,0
SIN-00586,POL-00007,ASG-00237,Vehiculos,Choque,2025-04-08,2025-04-08,8877.2,8607.63,7808.65,Reserva,Norte,Colision leve en interseccion con semaforo. El tercero presento sus datos.,True,Taller El Veloz,P001,1,364,0,1,Cuenca,44370.99,0,18,VERDE,Siniestro ocurrido en los primeros 10 dias de la poliza (+8 pts) | Proveedor en lista restrictiva (+10 pts),0.02922672886978428,0
SIN-00587,POL-00599,ASG-00346,Generales,Robo,2025-03-26,2025-04-04,35877.53,29424.69,0.0,Pago Total,Oeste,Colision frontal con vehiculo desconocido en horas de la madrugada sin testigos.,False,Grua Rapida,P007,3,362,9,3,Manta,37262.81,1,48,ROJO,Siniestro ocurrido en los primeros 10 dias de la poliza (+8 pts) | Reporte tardio: mas de 7 dias despues del evento (+5 pts) | Asegurado con 3 o mas siniestros en 18 meses (+8 pts) | Documentos incompletos o faltantes (+4 pts) | Proveedor en lista restrictiva (+10 pts) | Monto reclamado es el 96% de la suma asegurada (+5 pts) | Robo reportado con mas de 48 horas de demora (+8 pts),0.03851622168381019,0
SIN-00588,POL-00124,ASG-00267,Vida,Choque,2026-04-25,2026-04-28,11892.19,11056.24,9849.55,Pago Total,Sur,Accidente en carretera con policia presente. Croquis firmado por ambas partes.,False,Taller Premium,P008,26,339,3,2,Guayaquil,14193.21,0,12,VERDE,Siniestro ocurrido en los primeros 30 dias de la poliza (+4 pts) | Asegurado con 2 siniestros recientes (+4 pts) | Documentos incompletos o faltantes (+4 pts),0.08895081604008248,0
SIN-00589,POL-00247,ASG-00088,Hogar,Robo,2025-08-19,2025-08-31,34175.14,31614.36,0.0,Negativa,Sur,El vehiculo fue impactado por un tercero que se dio a la fuga sin dejar datos.,False,Clinica San Marcos,P002,10,355,12,6,Loja,36483.29,1,43,ROJO,Siniestro ocurrido en los primeros 10 dias de la poliza (+8 pts) | Reporte tardio: mas de 7 dias despues del evento (+5 pts) | Asegurado con 3 o mas siniestros en 18 meses (+8 pts) | Documentos incompletos o faltantes (+4 pts) | Proveedor en lista restrictiva (+10 pts) | Robo reportado con mas de 48 horas de demora (+8 pts),-0.05433186882069985,1
SIN-00590,POL-00029,ASG-00146,Vehiculos,Responsabilidad Civil,2026-08-29,2026-09-01,2102.47,1977.1,1812.84,Pago Parcial,Norte,Robo de autopartes reportado inmediatamente a la policia. Denuncia adjunta.,True,Taller Central,P005,266,99,3,0,Loja,30389.41,0,0,VERDE,Sin alertas detectadas,0.03277170622500658,0
SIN-00591,POL-00163,ASG-00184,Generales,Choque,2025-07-12,2025-07-14,15099.81,14161.27,13560.82,Pago Total,Centro,Choque en parqueadero de centro comercial con camaras de seguridad.,True,Grua Rapida,P007,96,269,2,1,Quito,43746.0,0,10,VERDE,Proveedor en lista restrictiva (+10 pts),0.07978706774979227,0
SIN-00592,POL-00311,ASG-00202,Generales,Responsabilidad Civil,2025-04-15,2025-04-17,4629.38,4515.26,4284.83,Reserva,Norte,Robo de autopartes reportado inmediatamente a la policia. Denuncia adjunta.,True,Taller Premium,P008,51,314,2,1,Quito,42769.65,0,0,VERDE,Sin alertas detectadas,0.0713294269017633,0
SIN-00593,POL-00031,ASG-00376,Hogar,Robo,2026-02-18,2026-02-18,4250.8,4364.48,3605.13,Reserva,Norte,Dano por granizo en estacionamiento del trabajo. Evidencia fotografica adjunta.,True,Taller Premium,P008,146,219,0,1,Loja,9344.32,0,0,VERDE,Sin alertas detectadas,0.05355711112238354,0
SIN-00594,POL-00257,ASG-00059,Generales,Responsabilidad Civil,2024-07-22,2024-07-24,3814.55,3204.09,2855.55,Liquidado,Sur,Accidente en carretera con policia presente. Croquis firmado por ambas partes.,True,Clinica del Sur,P006,36,329,2,1,Guayaquil,38747.07,0,0,VERDE,Sin alertas detectadas,0.07042184912038607,0
SIN-00595,POL-00201,ASG-00130,Vida,Robo,2025-03-22,2025-04-06,35405.42,32143.46,0.0,Negativa,Oeste,Colision frontal con vehiculo desconocido en horas de la madrugada sin testigos.,False,Taller El Veloz,P001,1,364,15,3,Quito,35548.21,1,48,ROJO,Siniestro ocurrido en los primeros 10 dias de la poliza (+8 pts) | Reporte tardio: mas de 7 dias despues del evento (+5 pts) | Asegurado con 3 o mas siniestros en 18 meses (+8 pts) | Documentos incompletos o faltantes (+4 pts) | Proveedor en lista restrictiva (+10 pts) | Monto reclamado es el 100% de la suma asegurada (+5 pts) | Robo reportado con mas de 48 horas de demora (+8 pts),-0.03673120534992724,1
SIN-00596,POL-00560,ASG-00037,Salud,Robo,2025-11-13,2025-11-15,7513.25,7817.38,6501.43,Cierre Sin Consecuencia,Este,Choque en parqueadero de centro comercial con camaras de seguridad.,True,Taller Premium,P008,223,142,2,0,Ambato,35706.25,0,0,VERDE,Sin alertas detectadas,0.07926233840417629,0
SIN-00597,POL-00073,ASG-00292,Vida,Robo,2026-09-29,2026-10-01,2418.24,2217.84,1790.62,Pago Total,Centro,Robo de autopartes reportado inmediatamente a la policia. Denuncia adjunta.,True,Clinica San Marcos,P002,271,94,2,1,Guayaquil,40207.43,0,10,VERDE,Proveedor en lista restrictiva (+10 pts),0.0307306342425413,0
SIN-00598,POL-00077,ASG-00274,Vida,Dano parcial,2024-11-27,2024-11-27,13549.6,10970.87,9066.57,Pago Total,Centro,Robo de autopartes reportado inmediatamente a la policia. Denuncia adjunta.,True,Taller Central,P005,102,263,0,0,Guayaquil,43393.78,0,0,VERDE,Sin alertas detectadas,0.04397122379424945,0
SIN-00599,POL-00061,ASG-00072,Salud,Incendio,2025-10-10,2025-10-10,8585.96,8409.47,7431.7,Reserva,Oeste,Colision leve en interseccion con semaforo. El tercero presento sus datos.,True,Taller El Veloz,P001,21,344,0,1,Guayaquil,41754.31,0,14,VERDE,Siniestro ocurrido en los primeros 30 dias de la poliza (+4 pts) | Proveedor en lista restrictiva (+10 pts),0.0445169190391701,0
SIN-00600,POL-00491,ASG-00067,Hogar,Incendio,2025-09-26,2025-09-28,5984.58,6012.0,5539.32,Liquidado,Este,Impacto en la parte trasera por vehiculo que huyo del lugar del accidente.,True,Peritajes Express,P004,18,347,2,3,Manta,6878.34,0,12,VERDE,Siniestro ocurrido en los primeros 30 dias de la poliza (+4 pts) | Asegurado con 3 o mas siniestros en 18 meses (+8 pts),0.03988496268966135,0
SIN-00601,POL-00054,ASG-00199,Generales,Robo,2025-05-06,2025-05-08,7560.4,8130.61,6272.37,Reserva,Oeste,Robo de autopartes reportado inmediatamente a la policia. Denuncia adjunta.,True,Grua Rapida,P007,334,31,2,1,Guayaquil,36294.82,0,10,VERDE,Proveedor en lista restrictiva (+10 pts),0.03688305050547924,0
SIN-00602,POL-00011,ASG-00117,Vehiculos,Responsabilidad Civil,2025-05-07,2025-05-07,2934.14,2596.06,2061.89,Liquidado,Sur,Accidente en carretera con policia presente. Croquis firmado por ambas partes.,True,Taller El Veloz,P001,10,355,0,0,Quito,38865.61,0,18,VERDE,Siniestro ocurrido en los primeros 10 dias de la poliza (+8 pts) | Proveedor en lista restrictiva (+10 pts),0.010057217314795919,0
SIN-00603,POL-00300,ASG-00067,Vehiculos,Atencion medica,2025-10-30,2025-11-02,19338.9,20512.6,15861.61,Pago Parcial,Centro,Dano por granizo en estacionamiento del trabajo. Evidencia fotografica adjunta.,False,Clinica San Marcos,P002,22,343,3,3,Ambato,26541.56,0,26,AMARILLO,Siniestro ocurrido en los primeros 30 dias de la poliza (+4 pts) | Asegurado con 3 o mas siniestros en 18 meses (+8 pts) | Documentos incompletos o faltantes (+4 pts) | Proveedor en lista restrictiva (+10 pts),0.08451847665559215,0
SIN-00604,POL-00555,ASG-00258,Hogar,Choque,2026-04-15,2026-04-16,3856.52,3227.23,2960.9,Pago Total,Norte,Choque en parqueadero de centro comercial con camaras de seguridad.,True,Taller Premium,P008,363,2,1,0,Quito,20598.6,0,0,VERDE,Sin alertas detectadas,0.008868162232978594,0
SIN-00605,POL-00241,ASG-00358,Vida,Choque,2025-04-02,2025-04-06,33081.8,34946.7,28487.88,Reserva,Este,El vehiculo fue impactado por un tercero que se dio a la fuga sin dejar datos.,True,Taller El Veloz,P001,23,342,4,3,Cuenca,39388.64,0,25,AMARILLO,Siniestro ocurrido en los primeros 30 dias de la poliza (+4 pts) | Reporte con demora de 4 a 7 dias (+3 pts) | Asegurado con 3 o mas siniestros en 18 meses (+8 pts) | Proveedor en lista restrictiva (+10 pts),0.07333352364320705,0
SIN-00606,POL-00394,ASG-00228,Generales,Choque,2025-02-14,2025-02-18,12429.93,12767.72,10243.33,Liquidado,Este,Colision leve en interseccion con semaforo. El tercero presento sus datos.,False,Grua Rapida,P007,28,337,4,2,Loja,14257.86,0,25,AMARILLO,Siniestro ocurrido en los primeros 30 dias de la poliza (+4 pts) | Reporte con demora de 4 a 7 dias (+3 pts) | Asegurado con 2 siniestros recientes (+4 pts) | Documentos incompletos o faltantes (+4 pts) | Proveedor en lista restrictiva (+10 pts),0.08195514330061077,0
SIN-00607,POL-00438,ASG-00374,Hogar,Dano parcial,2025-05-14,2025-05-16,4785.25,4898.61,4787.89,Pago Total,Norte,Accidente en carretera con policia presente. Croquis firmado por ambas partes.,True,Grua Rapida,P007,277,88,2,1,Manta,38858.03,0,10,VERDE,Proveedor en lista restrictiva (+10 pts),0.054021375765331336,0
SIN-00608,POL-00288,ASG-00350,Hogar,Robo,2025-07-22,2025-08-01,8202.06,8618.72,0.0,Pago Total,Este,El asegurado reporta que su vehiculo fue robado en un estacionamiento sin camaras.,False,Clinica San Marcos,P002,5,360,10,5,Manta,8849.16,1,43,ROJO,Siniestro ocurrido en los primeros 10 dias de la poliza (+8 pts) | Reporte tardio: mas de 7 dias despues del evento (+5 pts) | Asegurado con 3 o mas siniestros en 18 meses (+8 pts) | Documentos incompletos o faltantes (+4 pts) | Proveedor en lista restrictiva (+10 pts) | Robo reportado con mas de 48 horas de demora (+8 pts),-0.007130456083325409,1
SIN-00609,POL-00474,ASG-00009,Generales,Robo,2025-03-29,2025-04-07,25722.2,22568.71,0.0,Pago Parcial,Centro,Impacto en la parte trasera por vehiculo que huyo del lugar del accidente.,False,Grua Rapida,P007,2,363,9,4,Manta,25989.78,1,48,ROJO,Siniestro ocurrido en los primeros 10 dias de la poliza (+8 pts) | Reporte tardio: mas de 7 dias despues del evento (+5 pts) | Asegurado con 3 o mas siniestros en 18 meses (+8 pts) | Documentos incompletos o faltantes (+4 pts) | Proveedor en lista restrictiva (+10 pts) | Monto reclamado es el 99% de la suma asegurada (+5 pts) | Robo reportado con mas de 48 horas de demora (+8 pts),0.01925756696316394,0
SIN-00610,POL-00507,ASG-00066,Salud,Robo,2024-06-19,2024-07-01,12312.35,9909.42,0.0,Pago Parcial,Oeste,El asegurado reporta que su vehiculo fue robado en un estacionamiento sin camaras.,False,Taller El Veloz,P001,9,356,12,5,Loja,12852.29,1,48,ROJO,Siniestro ocurrido en los primeros 10 dias de la poliza (+8 pts) | Reporte tardio: mas de 7 dias despues del evento (+5 pts) | Asegurado con 3 o mas siniestros en 18 meses (+8 pts) | Documentos incompletos o faltantes (+4 pts) | Proveedor en lista restrictiva (+10 pts) | Monto reclamado es el 96% de la suma asegurada (+5 pts) | Robo reportado con mas de 48 horas de demora (+8 pts),-0.009877718690863513,1
SIN-00611,POL-00046,ASG-00308,Generales,Choque,2025-07-26,2025-07-30,8330.84,8853.65,6577.59,Pago Parcial,Oeste,Colision frontal con vehiculo desconocido en horas de la madrugada sin testigos.,False,Clinica San Marcos,P002,29,336,4,3,Quito,9912.36,0,29,AMARILLO,Siniestro ocurrido en los primeros 30 dias de la poliza (+4 pts) | Reporte con demora de 4 a 7 dias (+3 pts) | Asegurado con 3 o mas siniestros en 18 meses (+8 pts) | Documentos incompletos o faltantes (+4 pts) | Proveedor en lista restrictiva (+10 pts),0.0464133839833486,0
SIN-00612,POL-00369,ASG-00172,Generales,Choque,2025-07-26,2025-07-29,39230.72,40894.51,34892.78,Cierre Sin Consecuencia,Oeste,Colision frontal con vehiculo desconocido en horas de la madrugada sin testigos.,True,Taller Central,P005,20,345,3,2,Quito,45382.65,0,8,VERDE,Siniestro ocurrido en los primeros 30 dias de la poliza (+4 pts) | Asegurado con 2 siniestros recientes (+4 pts),0.016771199137242898,0
SIN-00613,POL-00596,ASG-00365,Salud,Robo,2025-10-12,2025-10-20,14031.57,14000.13,0.0,Liquidado,Este,El vehiculo fue impactado por un tercero que se dio a la fuga sin dejar datos.,False,Grua Rapida,P007,2,363,8,6,Loja,14669.09,1,48,ROJO,Siniestro ocurrido en los primeros 10 dias de la poliza (+8 pts) | Reporte tardio: mas de 7 dias despues del evento (+5 pts) | Asegurado con 3 o mas siniestros en 18 meses (+8 pts) | Documentos incompletos o faltantes (+4 pts) | Proveedor en lista restrictiva (+10 pts) | Monto reclamado es el 96% de la suma asegurada (+5 pts) | Robo reportado con mas de 48 horas de demora (+8 pts),-0.02203298984926516,1
SIN-00614,POL-00325,ASG-00138,Salud,Atencion medica,2026-02-08,2026-02-08,11177.1,10155.11,8180.91,Liquidado,Norte,Accidente en carretera con policia presente. Croquis firmado por ambas partes.,True,Clinica del Sur,P006,111,254,0,1,Quito,30885.97,0,0,VERDE,Sin alertas detectadas,0.06722178330565809,0
SIN-00615,POL-00371,ASG-00335,Generales,Robo,2025-04-06,2025-04-13,11825.15,10671.86,7847.97,Negativa,Este,Colision leve en interseccion con semaforo. El tercero presento sus datos.,True,Peritajes Express,P004,24,341,7,3,Ambato,15365.74,0,23,AMARILLO,Siniestro ocurrido en los primeros 30 dias de la poliza (+4 pts) | Reporte con demora de 4 a 7 dias (+3 pts) | Asegurado con 3 o mas siniestros en 18 meses (+8 pts) | Robo reportado con mas de 48 horas de demora (+8 pts),0.07214514500709474,0
SIN-00616,POL-00518,ASG-00076,Vida,Robo,2026-03-19,2026-04-01,32502.38,26235.25,0.0,Pago Total,Norte,El vehiculo fue impactado por un tercero que se dio a la fuga sin dejar datos.,False,Clinica San Marcos,P002,5,360,13,6,Quito,33468.34,1,48,ROJO,Siniestro ocurrido en los primeros 10 dias de la poliza (+8 pts) | Reporte tardio: mas de 7 dias despues del evento (+5 pts) | Asegurado con 3 o mas siniestros en 18 meses (+8 pts) | Documentos incompletos o faltantes (+4 pts) | Proveedor en lista restrictiva (+10 pts) | Monto reclamado es el 97% de la suma asegurada (+5 pts) | Robo reportado con mas de 48 horas de demora (+8 pts),-0.05042640993737979,1
SIN-00617,POL-00136,ASG-00264,Salud,Incendio,2026-12-27,2026-12-29,4798.92,5270.37,3760.78,Cierre Sin Consecuencia,Centro,Robo de autopartes reportado inmediatamente a la policia. Denuncia adjunta.,True,Clinica del Sur,P006,266,99,2,0,Loja,46338.04,0,0,VERDE,Sin alertas detectadas,0.019628955038068163,0
SIN-00618,POL-00460,ASG-00210,Salud,Responsabilidad Civil,2025-06-06,2025-06-06,4542.86,4552.73,3806.35,Pago Parcial,Este,Colision leve en interseccion con semaforo. El tercero presento sus datos.,True,Taller Premium,P008,289,76,0,1,Quito,38331.39,0,0,VERDE,Sin alertas detectadas,0.014740666216054521,0
SIN-00619,POL-00181,ASG-00261,Hogar,Robo,2025-10-10,2025-10-23,16830.3,17287.92,0.0,Pago Total,Norte,Impacto en la parte trasera por vehiculo que huyo del lugar del accidente.,False,Clinica San Marcos,P002,9,356,13,5,Cuenca,17568.48,1,48,ROJO,Siniestro ocurrido en los primeros 10 dias de la poliza (+8 pts) | Reporte tardio: mas de 7 dias despues del evento (+5 pts) | Asegurado con 3 o mas siniestros en 18 meses (+8 pts) | Documentos incompletos o faltantes (+4 pts) | Proveedor en lista restrictiva (+10 pts) | Monto reclamado es el 96% de la suma asegurada (+5 pts) | Robo reportado con mas de 48 horas de demora (+8 pts),-0.001406387087780181,1
SIN-00620,POL-00216,ASG-00221,Hogar,Robo,2025-11-07,2025-11-19,29148.51,29146.47,0.0,Pago Total,Norte,El vehiculo fue impactado por un tercero que se dio a la fuga sin dejar datos.,False,Taller El Veloz,P001,5,360,12,4,Quito,30881.2,1,43,ROJO,Siniestro ocurrido en los primeros 10 dias de la poliza (+8 pts) | Reporte tardio: mas de 7 dias despues del evento (+5 pts) | Asegurado con 3 o mas siniestros en 18 meses (+8 pts) | Documentos incompletos o faltantes (+4 pts) | Proveedor en lista restrictiva (+10 pts) | Robo reportado con mas de 48 horas de demora (+8 pts),0.0014959066207650418,0
SIN-00621,POL-00212,ASG-00283,Generales,Robo,2024-07-21,2024-07-31,35863.64,31864.22,0.0,Reserva,Norte,Colision frontal con vehiculo desconocido en horas de la madrugada sin testigos.,False,Grua Rapida,P007,1,364,10,6,Quito,38968.91,1,43,ROJO,Siniestro ocurrido en los primeros 10 dias de la poliza (+8 pts) | Reporte tardio: mas de 7 dias despues del evento (+5 pts) | Asegurado con 3 o mas siniestros en 18 meses (+8 pts) | Documentos incompletos o faltantes (+4 pts) | Proveedor en lista restrictiva (+10 pts) | Robo reportado con mas de 48 horas de demora (+8 pts),-0.03984551438142048,1
SIN-00622,POL-00456,ASG-00222,Vehiculos,Atencion medica,2027-02-21,2027-02-22,3361.43,3200.48,2505.44,Cierre Sin Consecuencia,Oeste,Robo de autopartes reportado inmediatamente a la policia. Denuncia adjunta.,True,Taller Central,P005,357,8,1,0,Guayaquil,8908.87,0,0,VERDE,Sin alertas detectadas,-0.022371747017524868,1
SIN-00623,POL-00076,ASG-00362,Generales,Atencion medica,2025-03-01,2025-03-01,21543.59,18119.5,14728.67,Pago Total,Sur,Colision leve en interseccion con semaforo. El tercero presento sus datos.,True,Clinica San Marcos,P002,103,262,0,0,Quito,45152.26,0,10,VERDE,Proveedor en lista restrictiva (+10 pts),0.0025443427552088727,0
SIN-00624,POL-00272,ASG-00241,Salud,Robo,2025-05-04,2025-05-05,2141.1,2071.13,1579.37,Pago Total,Norte,Colision leve en interseccion con semaforo. El tercero presento sus datos.,True,Taller Central,P005,126,239,1,1,Loja,41624.1,0,0,VERDE,Sin alertas detectadas,0.0412571826864353,0
SIN-00625,POL-00429,ASG-00353,Vida,Dano parcial,2025-02-15,2025-02-17,9471.27,8969.92,7974.33,Liquidado,Centro,Robo de autopartes reportado inmediatamente a la policia. Denuncia adjunta.,True,Clinica del Sur,P006,100,265,2,1,Loja,22113.06,0,0,VERDE,Sin alertas detectadas,0.09821392985403998,0
SIN-00626,POL-00557,ASG-00247,Vida,Incendio,2026-05-30,2026-06-01,9670.0,9757.91,8893.8,Negativa,Este,Colision frontal con vehiculo desconocido en horas de la madrugada sin testigos.,False,Taller Central,P005,24,341,2,3,Cuenca,14851.87,0,16,VERDE,Siniestro ocurrido en los primeros 30 dias de la poliza (+4 pts) | Asegurado con 3 o mas siniestros en 18 meses (+8 pts) | Documentos incompletos o faltantes (+4 pts),0.07778512304899804,0
SIN-00627,POL-00422,ASG-00352,Vehiculos,Dano parcial,2025-02-09,2025-02-14,12908.54,11336.41,8121.29,Negativa,Sur,Robo de autopartes reportado inmediatamente a la policia. Denuncia adjunta.,False,Grua Rapida,P007,21,344,5,3,Cuenca,18091.86,0,29,AMARILLO,Siniestro ocurrido en los primeros 30 dias de la poliza (+4 pts) | Reporte con demora de 4 a 7 dias (+3 pts) | Asegurado con 3 o mas siniestros en 18 meses (+8 pts) | Documentos incompletos o faltantes (+4 pts) | Proveedor en lista restrictiva (+10 pts),0.09433116177184209,0
SIN-00628,POL-00348,ASG-00326,Generales,Robo,2024-12-01,2024-12-15,17617.22,18218.5,0.0,Pago Parcial,Centro,Impacto en la parte trasera por vehiculo que huyo del lugar del accidente.,False,Grua Rapida,P007,10,355,14,3,Loja,18882.98,1,43,ROJO,Siniestro ocurrido en los primeros 10 dias de la poliza (+8 pts) | Reporte tardio: mas de 7 dias despues del evento (+5 pts) | Asegurado con 3 o mas siniestros en 18 meses (+8 pts) | Documentos incompletos o faltantes (+4 pts) | Proveedor en lista restrictiva (+10 pts) | Robo reportado con mas de 48 horas de demora (+8 pts),-0.00015441671209948105,1
SIN-00629,POL-00567,ASG-00033,Salud,Dano parcial,2026-08-04,2026-08-05,5117.62,4603.05,3519.88,Cierre Sin Consecuencia,Sur,Dano por granizo en estacionamiento del trabajo. Evidencia fotografica adjunta.,True,Peritajes Express,P004,180,185,1,1,Manta,28339.2,0,0,VERDE,Sin alertas detectadas,0.07952494003196747,0
SIN-00630,POL-00014,ASG-00019,Vida,Choque,2025-11-16,2025-11-19,30527.61,31290.03,29534.62,Negativa,Este,El vehiculo fue impactado por un tercero que se dio a la fuga sin dejar datos.,True,Grua Rapida,P007,11,354,3,3,Quito,38980.48,0,22,AMARILLO,Siniestro ocurrido en los primeros 30 dias de la poliza (+4 pts) | Asegurado con 3 o mas siniestros en 18 meses (+8 pts) | Proveedor en lista restrictiva (+10 pts),0.07292707467622667,0
SIN-00631,POL-00135,ASG-00380,Vehiculos,Choque,2025-09-26,2025-09-27,4072.42,3495.3,3081.83,Pago Parcial,Centro,Choque en parqueadero de centro comercial con camaras de seguridad.,True,Grua Rapida,P007,197,168,1,1,Loja,43789.27,0,10,VERDE,Proveedor en lista restrictiva (+10 pts),0.041537135492282884,0
SIN-00632,POL-00436,ASG-00263,Hogar,Responsabilidad Civil,2024-09-28,2024-09-30,4524.46,4381.03,3701.99,Cierre Sin Consecuencia,Oeste,Dano por granizo en estacionamiento del trabajo. Evidencia fotografica adjunta.,True,Clinica San Marcos,P002,29,336,2,1,Ambato,18596.93,0,14,VERDE,Siniestro ocurrido en los primeros 30 dias de la poliza (+4 pts) | Proveedor en lista restrictiva (+10 pts),0.0935407068766223,0
SIN-00633,POL-00519,ASG-00126,Generales,Responsabilidad Civil,2026-09-25,2026-09-25,11369.86,10357.33,8999.96,Cierre Sin Consecuencia,Centro,Dano por granizo en estacionamiento del trabajo. Evidencia fotografica adjunta.,True,Clinica del Sur,P006,256,109,0,1,Guayaquil,49691.93,0,0,VERDE,Sin alertas detectadas,-0.004260638060493704,1
SIN-00634,POL-00341,ASG-00074,Salud,Incendio,2026-01-08,2026-01-13,38091.6,31146.74,26413.22,Negativa,Centro,Choque en parqueadero de centro comercial con camaras de seguridad.,False,Taller Norte,P003,15,350,5,2,Ambato,48911.78,0,15,VERDE,Siniestro ocurrido en los primeros 30 dias de la poliza (+4 pts) | Reporte con demora de 4 a 7 dias (+3 pts) | Asegurado con 2 siniestros recientes (+4 pts) | Documentos incompletos o faltantes (+4 pts),0.012328545581291706,0
SIN-00635,POL-00346,ASG-00078,Hogar,Responsabilidad Civil,2025-12-23,2025-12-26,10639.98,9539.29,8706.13,Liquidado,Oeste,Robo de autopartes reportado inmediatamente a la policia. Denuncia adjunta.,True,Taller El Veloz,P001,220,145,3,0,Quito,36004.89,0,10,VERDE,Proveedor en lista restrictiva (+10 pts),0.06264236473983803,0
SIN-00636,POL-00084,ASG-00054,Salud,Robo,2024-12-17,2024-12-29,8377.15,8275.36,0.0,Liquidado,Este,Impacto en la parte trasera por vehiculo que huyo del lugar del accidente.,False,Taller El Veloz,P001,4,361,12,4,Loja,8487.7,1,48,ROJO,Siniestro ocurrido en los primeros 10 dias de la poliza (+8 pts) | Reporte tardio: mas de 7 dias despues del evento (+5 pts) | Asegurado con 3 o mas siniestros en 18 meses (+8 pts) | Documentos incompletos o faltantes (+4 pts) | Proveedor en lista restrictiva (+10 pts) | Monto reclamado es el 99% de la suma asegurada (+5 pts) | Robo reportado con mas de 48 horas de demora (+8 pts),-0.008031486124731924,1
SIN-00637,POL-00144,ASG-00384,Vida,Atencion medica,2025-12-10,2025-12-12,6790.5,6580.97,4934.3,Pago Parcial,Oeste,Choque en parqueadero de centro comercial con camaras de seguridad.,True,Clinica San Marcos,P002,219,146,2,1,Loja,23816.63,0,10,VERDE,Proveedor en lista restrictiva (+10 pts),0.09131331522725938,0
SIN-00638,POL-00210,ASG-00315,Vida,Robo,2025-08-12,2025-08-13,2689.58,2408.0,1815.07,Negativa,Norte,Accidente en carretera con policia presente. Croquis firmado por ambas partes.,True,Taller Premium,P008,94,271,1,0,Cuenca,21706.4,0,0,VERDE,Sin alertas detectadas,0.08415355606443098,0
SIN-00639,POL-00006,ASG-00160,Hogar,Choque,2025-12-03,2025-12-04,1118.03,1010.13,711.37,Pago Total,Centro,Choque en parqueadero de centro comercial con camaras de seguridad.,True,Taller Premium,P008,137,228,1,0,Guayaquil,13967.04,0,0,VERDE,Sin alertas detectadas,0.06472131445020285,0
SIN-00640,POL-00292,ASG-00219,Hogar,Dano parcial,2025-03-30,2025-03-31,1591.95,1622.51,1272.04,Pago Parcial,Oeste,Dano por granizo en estacionamiento del trabajo. Evidencia fotografica adjunta.,True,Grua Rapida,P007,44,321,1,0,Ambato,18758.76,0,10,VERDE,Proveedor en lista restrictiva (+10 pts),0.0562048546371382,0
SIN-00641,POL-00105,ASG-00065,Generales,Dano parcial,2024-10-02,2024-10-09,27144.73,28095.05,28003.07,Reserva,Oeste,El asegurado reporta que su vehiculo fue robado en un estacionamiento sin camaras.,True,Clinica del Sur,P006,30,335,7,2,Ambato,31429.27,0,11,VERDE,Siniestro ocurrido en los primeros 30 dias de la poliza (+4 pts) | Reporte con demora de 4 a 7 dias (+3 pts) | Asegurado con 2 siniestros recientes (+4 pts),0.04856878975773604,0
SIN-00642,POL-00151,ASG-00074,Salud,Dano parcial,2024-11-02,2024-11-05,8746.89,7629.32,6240.59,Negativa,Este,Choque en parqueadero de centro comercial con camaras de seguridad.,True,Taller El Veloz,P001,86,279,3,0,Manta,44357.63,0,10,VERDE,Proveedor en lista restrictiva (+10 pts),0.05400914443194432,0
SIN-00643,POL-00364,ASG-00160,Salud,Responsabilidad Civil,2024-11-29,2024-12-02,5821.86,5854.52,5078.04,Negativa,Centro,Accidente en carretera con policia presente. Croquis firmado por ambas partes.,True,Peritajes Express,P004,82,283,3,1,Cuenca,19263.74,0,0,VERDE,Sin alertas detectadas,0.09024360298200013,0
SIN-00644,POL-00183,ASG-00013,Vida,Robo,2026-01-20,2026-01-21,9659.77,8295.34,6705.1,Pago Total,Norte,Dano por granizo en estacionamiento del trabajo. Evidencia fotografica adjunta.,True,Clinica del Sur,P006,113,252,1,0,Ambato,43491.75,0,0,VERDE,Sin alertas detectadas,0.059815837477663336,0
SIN-00645,POL-00318,ASG-00169,Generales,Atencion medica,2026-05-06,2026-05-09,4951.2,4889.71,4847.38,Reserva,Este,Robo de autopartes reportado inmediatamente a la policia. Denuncia adjunta.,True,Taller El Veloz,P001,343,22,3,1,Guayaquil,21599.03,0,10,VERDE,Proveedor en lista restrictiva (+10 pts),0.03138282185769159,0
SIN-00646,POL-00466,ASG-00252,Vehiculos,Atencion medica,2026-12-05,2026-12-06,14241.03,11746.68,11161.92,Reserva,Norte,Dano por granizo en estacionamiento del trabajo. Evidencia fotografica adjunta.,True,Clinica San Marcos,P002,315,50,1,0,Guayaquil,38747.12,0,10,VERDE,Proveedor en lista restrictiva (+10 pts),0.021600130810565665,0
SIN-00647,POL-00455,ASG-00327,Salud,Responsabilidad Civil,2025-10-11,2025-10-13,8168.71,8754.55,7669.46,Pago Parcial,Oeste,Robo de autopartes reportado inmediatamente a la policia. Denuncia adjunta.,True,Taller Central,P005,109,256,2,0,Ambato,19140.64,0,0,VERDE,Sin alertas detectadas,0.08114261524673494,0
SIN-00648,POL-00015,ASG-00341,Salud,Dano parcial,2025-07-03,2025-07-03,5450.87,5355.8,4855.65,Negativa,Sur,Colision leve en interseccion con semaforo. El tercero presento sus datos.,True,Clinica San Marcos,P002,284,81,0,1,Quito,42697.25,0,10,VERDE,Proveedor en lista restrictiva (+10 pts),0.019782176160534348,0
SIN-00649,POL-00004,ASG-00160,Generales,Robo,2024-06-14,2024-06-21,20218.8,17494.47,0.0,Pago Parcial,Este,Colision frontal con vehiculo desconocido en horas de la madrugada sin testigos.,False,Taller El Veloz,P001,2,363,7,3,Guayaquil,20780.82,1,46,ROJO,Siniestro ocurrido en los primeros 10 dias de la poliza (+8 pts) | Reporte con demora de 4 a 7 dias (+3 pts) | Asegurado con 3 o mas siniestros en 18 meses (+8 pts) | Documentos incompletos o faltantes (+4 pts) | Proveedor en lista restrictiva (+10 pts) | Monto reclamado es el 97% de la suma asegurada (+5 pts) | Robo reportado con mas de 48 horas de demora (+8 pts),0.06590677030249859,0
SIN-00650,POL-00084,ASG-00371,Salud,Atencion medica,2025-11-21,2025-11-24,12835.09,13484.32,10542.58,Pago Total,Sur,Robo de autopartes reportado inmediatamente a la policia. Denuncia adjunta.,False,Peritajes Express,P004,20,345,3,2,Guayaquil,18850.2,0,12,VERDE,Siniestro ocurrido en los primeros 30 dias de la poliza (+4 pts) | Asegurado con 2 siniestros recientes (+4 pts) | Documentos incompletos o faltantes (+4 pts),0.1024042684032676,0
SIN-00651,POL-00303,ASG-00133,Hogar,Responsabilidad Civil,2026-03-20,2026-03-21,1124.64,952.25,829.04,Cierre Sin Consecuencia,Este,Choque en parqueadero de centro comercial con camaras de seguridad.,True,Clinica del Sur,P006,320,45,1,1,Ambato,16904.53,0,0,VERDE,Sin alertas detectadas,0.020961603847722055,0
SIN-00652,POL-00356,ASG-00331,Vehiculos,Dano parcial,2026-01-18,2026-01-22,24871.71,23443.15,19696.33,Pago Parcial,Centro,Choque en parqueadero de centro comercial con camaras de seguridad.,True,Taller Central,P005,25,340,4,2,Quito,40832.21,0,11,VERDE,Siniestro ocurrido en los primeros 30 dias de la poliza (+4 pts) | Reporte con demora de 4 a 7 dias (+3 pts) | Asegurado con 2 siniestros recientes (+4 pts),0.08401057081093033,0
SIN-00653,POL-00578,ASG-00194,Hogar,Choque,2026-09-18,2026-09-20,9179.92,9858.73,7806.96,Negativa,Oeste,Colision leve en interseccion con semaforo. El tercero presento sus datos.,True,Clinica San Marcos,P002,220,145,2,0,Quito,45557.37,0,10,VERDE,Proveedor en lista restrictiva (+10 pts),0.05509654996749597,0
SIN-00654,POL-00191,ASG-00386,Vida,Incendio,2024-12-06,2024-12-12,28907.01,31544.19,30384.3,Liquidado,Norte,Colision leve en interseccion con semaforo. El tercero presento sus datos.,False,Grua Rapida,P007,22,343,6,2,Quito,41414.96,0,25,AMARILLO,Siniestro ocurrido en los primeros 30 dias de la poliza (+4 pts) | Reporte con demora de 4 a 7 dias (+3 pts) | Asegurado con 2 siniestros recientes (+4 pts) | Documentos incompletos o faltantes (+4 pts) | Proveedor en lista restrictiva (+10 pts),0.06040193426770957,0
SIN-00655,POL-00432,ASG-00219,Salud,Dano parcial,2026-12-09,2026-12-10,22918.41,19227.8,15381.17,Reserva,Norte,Choque en parqueadero de centro comercial con camaras de seguridad.,True,Taller El Veloz,P001,237,128,1,0,Quito,47929.19,0,10,VERDE,Proveedor en lista restrictiva (+10 pts),-0.014510652645591038,1
SIN-00656,POL-00317,ASG-00393,Vehiculos,Responsabilidad Civil,2026-04-01,2026-04-05,14179.67,13200.77,12108.28,Pago Total,Oeste,Impacto en la parte trasera por vehiculo que huyo del lugar del accidente.,True,Taller Premium,P008,16,349,4,2,Quito,20574.61,0,11,VERDE,Siniestro ocurrido en los primeros 30 dias de la poliza (+4 pts) | Reporte con demora de 4 a 7 dias (+3 pts) | Asegurado con 2 siniestros recientes (+4 pts),0.10332488749794311,0
SIN-00657,POL-00384,ASG-00003,Salud,Incendio,2026-02-11,2026-02-18,13751.17,12314.27,12075.11,Negativa,Centro,Robo de autopartes reportado inmediatamente a la policia. Denuncia adjunta.,True,Grua Rapida,P007,25,340,7,2,Loja,20512.03,0,21,AMARILLO,Siniestro ocurrido en los primeros 30 dias de la poliza (+4 pts) | Reporte con demora de 4 a 7 dias (+3 pts) | Asegurado con 2 siniestros recientes (+4 pts) | Proveedor en lista restrictiva (+10 pts),0.08300031830625382,0
SIN-00658,POL-00290,ASG-00346,Hogar,Incendio,2025-06-19,2025-06-19,3610.27,3719.85,3015.83,Pago Parcial,Oeste,Choque en parqueadero de centro comercial con camaras de seguridad.,True,Clinica San Marcos,P002,137,228,0,0,Loja,24106.66,0,10,VERDE,Proveedor en lista restrictiva (+10 pts),0.054822286220927774,0
SIN-00659,POL-00002,ASG-00313,Salud,Robo,2025-01-30,2025-02-10,20839.11,18616.15,0.0,Cierre Sin Consecuencia,Este,Colision frontal con vehiculo desconocido en horas de la madrugada sin testigos.,False,Clinica San Marcos,P002,5,360,11,5,Quito,22918.13,1,43,ROJO,Siniestro ocurrido en los primeros 10 dias de la poliza (+8 pts) | Reporte tardio: mas de 7 dias despues del evento (+5 pts) | Asegurado con 3 o mas siniestros en 18 meses (+8 pts) | Documentos incompletos o faltantes (+4 pts) | Proveedor en lista restrictiva (+10 pts) | Robo reportado con mas de 48 horas de demora (+8 pts),0.015642922531043935,0
SIN-00660,POL-00036,ASG-00134,Vida,Choque,2026-03-09,2026-03-09,8275.84,7020.11,5185.21,Liquidado,Este,Accidente en carretera con policia presente. Croquis firmado por ambas partes.,True,Clinica San Marcos,P002,69,296,0,0,Cuenca,23978.16,0,10,VERDE,Proveedor en lista restrictiva (+10 pts),0.0703666850257304,0
SIN-00661,POL-00466,ASG-00006,Hogar,Incendio,2025-07-15,2025-07-15,15501.72,16033.45,14648.27,Liquidado,Centro,Accidente en carretera con policia presente. Croquis firmado por ambas partes.,True,Taller El Veloz,P001,312,53,0,1,Cuenca,48196.45,0,10,VERDE,Proveedor en lista restrictiva (+10 pts),-0.020080907701224726,1
SIN-00662,POL-00115,ASG-00092,Salud,Choque,2026-05-30,2026-06-01,4018.71,3739.27,3138.85,Reserva,Norte,Choque en parqueadero de centro comercial con camaras de seguridad.,True,Clinica San Marcos,P002,273,92,2,1,Cuenca,28927.02,0,10,VERDE,Proveedor en lista restrictiva (+10 pts),0.06077975555796861,0
SIN-00663,POL-00502,ASG-00236,Vida,Atencion medica,2025-11-12,2025-11-18,30495.87,24556.97,19581.48,Cierre Sin Consecuencia,Norte,Dano por granizo en estacionamiento del trabajo. Evidencia fotografica adjunta.,False,Taller Central,P005,11,354,6,3,Loja,45012.47,0,19,VERDE,Siniestro ocurrido en los primeros 30 dias de la poliza (+4 pts) | Reporte con demora de 4 a 7 dias (+3 pts) | Asegurado con 3 o mas siniestros en 18 meses (+8 pts) | Documentos incompletos o faltantes (+4 pts),0.05804679053472395,0
SIN-00664,POL-00115,ASG-00183,Vehiculos,Robo,2024-09-04,2024-09-19,27442.79,22288.82,0.0,Pago Parcial,Centro,Colision frontal con vehiculo desconocido en horas de la madrugada sin testigos.,False,Clinica San Marcos,P002,3,362,15,6,Guayaquil,28907.08,1,43,ROJO,Siniestro ocurrido en los primeros 10 dias de la poliza (+8 pts) | Reporte tardio: mas de 7 dias despues del evento (+5 pts) | Asegurado con 3 o mas siniestros en 18 meses (+8 pts) | Documentos incompletos o faltantes (+4 pts) | Proveedor en lista restrictiva (+10 pts) | Robo reportado con mas de 48 horas de demora (+8 pts),-0.07347934332099237,1
SIN-00665,POL-00040,ASG-00076,Vida,Robo,2026-02-11,2026-02-22,35319.95,36665.41,0.0,Liquidado,Centro,Impacto en la parte trasera por vehiculo que huyo del lugar del accidente.,False,Taller El Veloz,P001,5,360,11,3,Loja,37571.46,1,43,ROJO,Siniestro ocurrido en los primeros 10 dias de la poliza (+8 pts) | Reporte tardio: mas de 7 dias despues del evento (+5 pts) | Asegurado con 3 o mas siniestros en 18 meses (+8 pts) | Documentos incompletos o faltantes (+4 pts) | Proveedor en lista restrictiva (+10 pts) | Robo reportado con mas de 48 horas de demora (+8 pts),0.02199730209949724,0
SIN-00666,POL-00311,ASG-00316,Hogar,Dano parcial,2024-09-10,2024-09-14,35473.55,34813.27,33870.66,Cierre Sin Consecuencia,Centro,Colision leve en interseccion con semaforo. El tercero presento sus datos.,True,Taller El Veloz,P001,24,341,4,2,Manta,43440.96,0,21,AMARILLO,Siniestro ocurrido en los primeros 30 dias de la poliza (+4 pts) | Reporte con demora de 4 a 7 dias (+3 pts) | Asegurado con 2 siniestros recientes (+4 pts) | Proveedor en lista restrictiva (+10 pts),0.04000456749660786,0
SIN-00667,POL-00280,ASG-00003,Hogar,Atencion medica,2026-04-17,2026-04-19,547.52,554.47,424.9,Liquidado,Centro,Dano por granizo en estacionamiento del trabajo. Evidencia fotografica adjunta.,True,Taller Norte,P003,32,333,2,0,Manta,5842.35,0,0,VERDE,Sin alertas detectadas,0.016536879890192924,0
SIN-00668,POL-00472,ASG-00302,Generales,Choque,2026-01-10,2026-01-15,20470.29,20509.1,15929.58,Reserva,Oeste,Impacto en la parte trasera por vehiculo que huyo del lugar del accidente.,False,Taller Premium,P008,22,343,5,2,Cuenca,31785.38,0,15,VERDE,Siniestro ocurrido en los primeros 30 dias de la poliza (+4 pts) | Reporte con demora de 4 a 7 dias (+3 pts) | Asegurado con 2 siniestros recientes (+4 pts) | Documentos incompletos o faltantes (+4 pts),0.0957588162030385,0
SIN-00669,POL-00081,ASG-00324,Hogar,Atencion medica,2024-11-04,2024-11-07,3122.32,3082.6,2680.22,Negativa,Norte,Choque en parqueadero de centro comercial con camaras de seguridad.,True,Clinica del Sur,P006,85,280,3,0,Cuenca,49322.62,0,0,VERDE,Sin alertas detectadas,0.0019632602458957704,0
SIN-00670,POL-00291,ASG-00285,Vida,Robo,2025-07-23,2025-07-31,49496.63,47765.29,0.0,Pago Parcial,Sur,Colision frontal con vehiculo desconocido en horas de la madrugada sin testigos.,False,Grua Rapida,P007,4,361,8,6,Guayaquil,49535.61,1,48,ROJO,Siniestro ocurrido en los primeros 10 dias de la poliza (+8 pts) | Reporte tardio: mas de 7 dias despues del evento (+5 pts) | Asegurado con 3 o mas siniestros en 18 meses (+8 pts) | Documentos incompletos o faltantes (+4 pts) | Proveedor en lista restrictiva (+10 pts) | Monto reclamado es el 100% de la suma asegurada (+5 pts) | Robo reportado con mas de 48 horas de demora (+8 pts),-0.09417130137803942,1
SIN-00671,POL-00429,ASG-00307,Generales,Dano parcial,2025-04-12,2025-04-17,32510.82,35019.78,26379.98,Pago Parcial,Norte,Accidente en carretera con policia presente. Croquis firmado por ambas partes.,False,Clinica del Sur,P006,23,342,5,2,Ambato,39672.49,0,15,VERDE,Siniestro ocurrido en los primeros 30 dias de la poliza (+4 pts) | Reporte con demora de 4 a 7 dias (+3 pts) | Asegurado con 2 siniestros recientes (+4 pts) | Documentos incompletos o faltantes (+4 pts),0.06802702326722565,0
SIN-00672,POL-00546,ASG-00172,Vida,Dano parcial,2025-12-06,2025-12-09,8101.52,6818.01,6040.59,Reserva,Oeste,Colision leve en interseccion con semaforo. El tercero presento sus datos.,True,Clinica San Marcos,P002,58,307,3,0,Loja,34528.58,0,10,VERDE,Proveedor en lista restrictiva (+10 pts),0.0679330007018229,0
SIN-00673,POL-00585,ASG-00375,Generales,Responsabilidad Civil,2026-06-06,2026-06-08,363.0,350.52,336.16,Pago Total,Este,Choque en parqueadero de centro comercial con camaras de seguridad.,True,Taller Norte,P003,98,267,2,1,Manta,6027.51,0,0,VERDE,Sin alertas detectadas,0.028543678342546897,0
SIN-00674,POL-00378,ASG-00371,Hogar,Robo,2024-09-09,2024-09-17,12340.25,13473.6,0.0,Liquidado,Norte,Colision frontal con vehiculo desconocido en horas de la madrugada sin testigos.,False,Clinica San Marcos,P002,1,364,8,4,Cuenca,12884.49,1,48,ROJO,Siniestro ocurrido en los primeros 10 dias de la poliza (+8 pts) | Reporte tardio: mas de 7 dias despues del evento (+5 pts) | Asegurado con 3 o mas siniestros en 18 meses (+8 pts) | Documentos incompletos o faltantes (+4 pts) | Proveedor en lista restrictiva (+10 pts) | Monto reclamado es el 96% de la suma asegurada (+5 pts) | Robo reportado con mas de 48 horas de demora (+8 pts),0.017747061962529176,0
SIN-00675,POL-00340,ASG-00082,Vida,Dano parcial,2025-03-23,2025-03-23,15085.66,15308.0,13503.08,Liquidado,Norte,Robo de autopartes reportado inmediatamente a la policia. Denuncia adjunta.,True,Taller El Veloz,P001,214,151,0,0,Manta,37492.08,0,10,VERDE,Proveedor en lista restrictiva (+10 pts),0.03435800092733443,0
SIN-00676,POL-00450,ASG-00247,Hogar,Incendio,2025-01-28,2025-01-31,1867.72,1575.97,1227.29,Liquidado,Norte,Colision leve en interseccion con semaforo. El tercero presento sus datos.,True,Taller El Veloz,P001,25,340,3,0,Loja,7690.38,0,14,VERDE,Siniestro ocurrido en los primeros 30 dias de la poliza (+4 pts) | Proveedor en lista restrictiva (+10 pts),0.03858575326568492,0
SIN-00677,POL-00174,ASG-00188,Salud,Atencion medica,2026-05-19,2026-05-24,17467.16,15768.18,14297.93,Pago Parcial,Este,Impacto en la parte trasera por vehiculo que huyo del lugar del accidente.,False,Taller Premium,P008,13,352,5,3,Guayaquil,20292.56,0,19,VERDE,Siniestro ocurrido en los primeros 30 dias de la poliza (+4 pts) | Reporte con demora de 4 a 7 dias (+3 pts) | Asegurado con 3 o mas siniestros en 18 meses (+8 pts) | Documentos incompletos o faltantes (+4 pts),0.09484889964019705,0
SIN-00678,POL-00265,ASG-00291,Vehiculos,Robo,2026-06-25,2026-06-27,1242.39,1171.06,974.27,Pago Parcial,Sur,Dano por granizo en estacionamiento del trabajo. Evidencia fotografica adjunta.,True,Taller Central,P005,267,98,2,1,Cuenca,6608.51,0,0,VERDE,Sin alertas detectadas,0.029404987378124248,0
SIN-00679,POL-00132,ASG-00076,Vehiculos,Robo,2024-07-29,2024-07-31,29481.74,32185.83,28746.95,Liquidado,Oeste,Accidente en carretera con policia presente. Croquis firmado por ambas partes.,False,Peritajes Express,P004,29,336,2,2,Ambato,43661.64,0,12,VERDE,Siniestro ocurrido en los primeros 30 dias de la poliza (+4 pts) | Asegurado con 2 siniestros recientes (+4 pts) | Documentos incompletos o faltantes (+4 pts),0.048673381282101635,0
SIN-00680,POL-00322,ASG-00268,Generales,Incendio,2024-11-06,2024-11-09,2478.61,2150.06,1638.19,Pago Total,Centro,Colision leve en interseccion con semaforo. El tercero presento sus datos.,True,Taller Norte,P003,137,228,3,1,Quito,43943.39,0,0,VERDE,Sin alertas detectadas,0.039885031750998334,0
SIN-00681,POL-00123,ASG-00333,Generales,Robo,2025-03-10,2025-03-15,21453.0,18909.58,18692.06,Cierre Sin Consecuencia,Oeste,Choque en parqueadero de centro comercial con camaras de seguridad.,False,Taller El Veloz,P001,12,353,5,2,Loja,27445.56,0,33,AMARILLO,Siniestro ocurrido en los primeros 30 dias de la poliza (+4 pts) | Reporte con demora de 4 a 7 dias (+3 pts) | Asegurado con 2 siniestros recientes (+4 pts) | Documentos incompletos o faltantes (+4 pts) | Proveedor en lista restrictiva (+10 pts) | Robo reportado con mas de 48 horas de demora (+8 pts),0.08739613733531842,0
SIN-00682,POL-00082,ASG-00029,Salud,Robo,2026-03-30,2026-03-31,1943.21,1876.35,1364.87,Pago Total,Norte,Choque en parqueadero de centro comercial con camaras de seguridad.,True,Taller Norte,P003,302,63,1,1,Loja,28532.7,0,0,VERDE,Sin alertas detectadas,0.022209947353450943,0
SIN-00683,POL-00136,ASG-00268,Vida,Choque,2026-09-02,2026-09-02,2776.13,2619.25,2180.71,Negativa,Sur,Colision leve en interseccion con semaforo. El tercero presento sus datos.,True,Taller Premium,P008,157,208,0,0,Ambato,14347.94,0,0,VERDE,Sin alertas detectadas,0.04970804389037242,0
SIN-00684,POL-00103,ASG-00278,Generales,Incendio,2025-04-13,2025-04-16,12763.8,14010.46,10865.45,Negativa,Oeste,Dano por granizo en estacionamiento del trabajo. Evidencia fotografica adjunta.,True,Taller El Veloz,P001,282,83,3,1,Guayaquil,31923.22,0,10,VERDE,Proveedor en lista restrictiva (+10 pts),0.0401744645934734,0
SIN-00685,POL-00278,ASG-00253,Hogar,Atencion medica,2025-07-19,2025-07-26,15094.21,16500.52,16231.71,Negativa,Norte,Accidente en carretera con policia presente. Croquis firmado por ambas partes.,False,Taller Central,P005,19,346,7,2,Ambato,19788.77,0,15,VERDE,Siniestro ocurrido en los primeros 30 dias de la poliza (+4 pts) | Reporte con demora de 4 a 7 dias (+3 pts) | Asegurado con 2 siniestros recientes (+4 pts) | Documentos incompletos o faltantes (+4 pts),0.08317410371612094,0
SIN-00686,POL-00327,ASG-00261,Hogar,Choque,2024-09-10,2024-09-13,8097.38,7224.16,5718.75,Liquidado,Este,Impacto en la parte trasera por vehiculo que huyo del lugar del accidente.,True,Grua Rapida,P007,28,337,3,2,Manta,12340.89,0,18,VERDE,Siniestro ocurrido en los primeros 30 dias de la poliza (+4 pts) | Asegurado con 2 siniestros recientes (+4 pts) | Proveedor en lista restrictiva (+10 pts),0.07506640928815755,0
SIN-00687,POL-00106,ASG-00351,Hogar,Robo,2025-05-02,2025-05-03,14059.81,12621.55,10790.67,Negativa,Oeste,Choque en parqueadero de centro comercial con camaras de seguridad.,True,Taller Norte,P003,118,247,1,0,Quito,32428.7,0,0,VERDE,Sin alertas detectadas,0.07039026610160759,0
SIN-00688,POL-00427,ASG-00400,Hogar,Robo,2025-10-12,2025-10-19,10574.05,10878.67,7633.58,Negativa,Norte,Robo de autopartes reportado inmediatamente a la policia. Denuncia adjunta.,False,Taller Central,P005,22,343,7,3,Cuenca,15292.56,0,27,AMARILLO,Siniestro ocurrido en los primeros 30 dias de la poliza (+4 pts) | Reporte con demora de 4 a 7 dias (+3 pts) | Asegurado con 3 o mas siniestros en 18 meses (+8 pts) | Documentos incompletos o faltantes (+4 pts) | Robo reportado con mas de 48 horas de demora (+8 pts),0.07646058094545105,0
SIN-00689,POL-00419,ASG-00182,Vehiculos,Responsabilidad Civil,2025-07-18,2025-07-22,9505.63,9859.96,7865.34,Liquidado,Sur,Dano por granizo en estacionamiento del trabajo. Evidencia fotografica adjunta.,True,Taller Central,P005,19,346,4,3,Quito,11296.86,0,15,VERDE,Siniestro ocurrido en los primeros 30 dias de la poliza (+4 pts) | Reporte con demora de 4 a 7 dias (+3 pts) | Asegurado con 3 o mas siniestros en 18 meses (+8 pts),0.06937627416976394,0
SIN-00690,POL-00221,ASG-00317,Salud,Atencion medica,2026-04-24,2026-04-27,20829.54,20961.61,20388.65,Negativa,Sur,Colision leve en interseccion con semaforo. El tercero presento sus datos.,True,Peritajes Express,P004,20,345,3,1,Loja,43538.15,0,4,VERDE,Siniestro ocurrido en los primeros 30 dias de la poliza (+4 pts),0.060905899191796786,0
SIN-00691,POL-00287,ASG-00311,Hogar,Dano parcial,2026-10-10,2026-10-12,766.65,687.96,641.57,Negativa,Sur,Dano por granizo en estacionamiento del trabajo. Evidencia fotografica adjunta.,True,Clinica del Sur,P006,297,68,2,0,Cuenca,7669.26,0,0,VERDE,Sin alertas detectadas,-0.007500066589596788,1
SIN-00692,POL-00155,ASG-00302,Hogar,Dano parcial,2027-01-22,2027-01-24,4206.97,3542.86,3298.3,Cierre Sin Consecuencia,Centro,Robo de autopartes reportado inmediatamente a la policia. Denuncia adjunta.,True,Peritajes Express,P004,262,103,2,0,Ambato,13999.74,0,0,VERDE,Sin alertas detectadas,0.060484970821019224,0
SIN-00693,POL-00370,ASG-00396,Salud,Incendio,2025-02-13,2025-02-17,34727.1,34472.62,28550.2,Negativa,Norte,El asegurado reporta que su vehiculo fue robado en un estacionamiento sin camaras.,True,Taller Premium,P008,19,346,4,2,Cuenca,44806.33,0,11,VERDE,Siniestro ocurrido en los primeros 30 dias de la poliza (+4 pts) | Reporte con demora de 4 a 7 dias (+3 pts) | Asegurado con 2 siniestros recientes (+4 pts),0.042028569650702785,0
SIN-00694,POL-00542,ASG-00031,Vehiculos,Dano parcial,2024-10-10,2024-10-13,4970.52,5071.57,4410.2,Liquidado,Norte,Robo de autopartes reportado inmediatamente a la policia. Denuncia adjunta.,True,Grua Rapida,P007,115,250,3,0,Cuenca,28051.78,0,10,VERDE,Proveedor en lista restrictiva (+10 pts),0.07314094801145848,0
SIN-00695,POL-00545,ASG-00082,Generales,Responsabilidad Civil,2026-03-18,2026-03-21,18008.46,19211.55,19178.98,Pago Total,Centro,Accidente en carretera con policia presente. Croquis firmado por ambas partes.,True,Taller Premium,P008,38,327,3,1,Quito,43083.47,0,0,VERDE,Sin alertas detectadas,0.06874867709823107,0
SIN-00696,POL-00075,ASG-00094,Vehiculos,Incendio,2024-12-02,2024-12-07,12285.91,10383.42,9933.53,Liquidado,Centro,Dano por granizo en estacionamiento del trabajo. Evidencia fotografica adjunta.,True,Grua Rapida,P007,30,335,5,3,Ambato,20291.44,0,25,AMARILLO,Siniestro ocurrido en los primeros 30 dias de la poliza (+4 pts) | Reporte con demora de 4 a 7 dias (+3 pts) | Asegurado con 3 o mas siniestros en 18 meses (+8 pts) | Proveedor en lista restrictiva (+10 pts),0.08080216134232154,0
SIN-00697,POL-00546,ASG-00235,Generales,Robo,2024-12-09,2024-12-10,2646.25,2540.47,2498.17,Reserva,Sur,Colision leve en interseccion con semaforo. El tercero presento sus datos.,True,Clinica del Sur,P006,29,336,1,0,Quito,14014.92,0,4,VERDE,Siniestro ocurrido en los primeros 30 dias de la poliza (+4 pts),0.06464729361650062,0
SIN-00698,POL-00554,ASG-00179,Salud,Robo,2025-10-15,2025-10-18,17200.25,14468.74,14029.81,Negativa,Norte,Dano por granizo en estacionamiento del trabajo. Evidencia fotografica adjunta.,True,Peritajes Express,P004,19,346,3,2,Cuenca,19735.75,0,16,VERDE,Siniestro ocurrido en los primeros 30 dias de la poliza (+4 pts) | Asegurado con 2 siniestros recientes (+4 pts) | Robo reportado con mas de 48 horas de demora (+8 pts),0.09381690195960751,0
SIN-00699,POL-00385,ASG-00014,Vehiculos,Incendio,2025-07-29,2025-08-03,29672.35,28248.4,24674.72,Liquidado,Norte,Colision frontal con vehiculo desconocido en horas de la madrugada sin testigos.,True,Grua Rapida,P007,17,348,5,2,Manta,38477.41,0,21,AMARILLO,Siniestro ocurrido en los primeros 30 dias de la poliza (+4 pts) | Reporte con demora de 4 a 7 dias (+3 pts) | Asegurado con 2 siniestros recientes (+4 pts) | Proveedor en lista restrictiva (+10 pts),0.08208687628244621,0
SIN-00700,POL-00167,ASG-00388,Hogar,Incendio,2025-03-12,2025-03-18,33338.23,36120.94,25459.61,Negativa,Este,Choque en parqueadero de centro comercial con camaras de seguridad.,False,Clinica del Sur,P006,13,352,6,2,Quito,47331.31,0,15,VERDE,Siniestro ocurrido en los primeros 30 dias de la poliza (+4 pts) | Reporte con demora de 4 a 7 dias (+3 pts) | Asegurado con 2 siniestros recientes (+4 pts) | Documentos incompletos o faltantes (+4 pts),0.03731252195439427,0
SIN-00701,POL-00410,ASG-00052,Hogar,Robo,2025-03-30,2025-04-11,42877.52,36583.42,0.0,Reserva,Sur,Colision frontal con vehiculo desconocido en horas de la madrugada sin testigos.,False,Clinica San Marcos,P002,7,358,12,4,Loja,47557.93,1,43,ROJO,Siniestro ocurrido en los primeros 10 dias de la poliza (+8 pts) | Reporte tardio: mas de 7 dias despues del evento (+5 pts) | Asegurado con 3 o mas siniestros en 18 meses (+8 pts) | Documentos incompletos o faltantes (+4 pts) | Proveedor en lista restrictiva (+10 pts) | Robo reportado con mas de 48 horas de demora (+8 pts),-0.03307318817408422,1
SIN-00702,POL-00532,ASG-00080,Hogar,Atencion medica,2026-11-05,2026-11-06,6238.88,6379.82,6016.78,Pago Total,Centro,Dano por granizo en estacionamiento del trabajo. Evidencia fotografica adjunta.,True,Peritajes Express,P004,164,201,1,0,Ambato,26141.57,0,0,VERDE,Sin alertas detectadas,0.08185262944127608,0
SIN-00703,POL-00113,ASG-00084,Hogar,Robo,2024-11-26,2024-12-06,12805.53,12316.9,0.0,Liquidado,Oeste,Impacto en la parte trasera por vehiculo que huyo del lugar del accidente.,False,Clinica San Marcos,P002,1,364,10,3,Cuenca,14183.46,1,43,ROJO,Siniestro ocurrido en los primeros 10 dias de la poliza (+8 pts) | Reporte tardio: mas de 7 dias despues del evento (+5 pts) | Asegurado con 3 o mas siniestros en 18 meses (+8 pts) | Documentos incompletos o faltantes (+4 pts) | Proveedor en lista restrictiva (+10 pts) | Robo reportado con mas de 48 horas de demora (+8 pts),0.018195722081833066,0
SIN-00704,POL-00174,ASG-00081,Vehiculos,Choque,2026-01-21,2026-01-24,9005.59,7567.59,6666.91,Cierre Sin Consecuencia,Norte,Choque en parqueadero de centro comercial con camaras de seguridad.,True,Grua Rapida,P007,198,167,3,1,Manta,20689.99,0,10,VERDE,Proveedor en lista restrictiva (+10 pts),0.07940148703007721,0
SIN-00705,POL-00319,ASG-00244,Generales,Robo,2025-08-01,2025-08-15,41962.41,42925.68,0.0,Cierre Sin Consecuencia,Este,Colision frontal con vehiculo desconocido en horas de la madrugada sin testigos.,False,Taller El Veloz,P001,8,357,14,3,Loja,45629.73,1,43,ROJO,Siniestro ocurrido en los primeros 10 dias de la poliza (+8 pts) | Reporte tardio: mas de 7 dias despues del evento (+5 pts) | Asegurado con 3 o mas siniestros en 18 meses (+8 pts) | Documentos incompletos o faltantes (+4 pts) | Proveedor en lista restrictiva (+10 pts) | Robo reportado con mas de 48 horas de demora (+8 pts),-0.04543805295244774,1
SIN-00706,POL-00290,ASG-00315,Hogar,Responsabilidad Civil,2025-08-06,2025-08-08,5949.85,5513.17,4952.81,Liquidado,Norte,Dano por granizo en estacionamiento del trabajo. Evidencia fotografica adjunta.,True,Taller Central,P005,363,2,2,1,Manta,15180.05,0,0,VERDE,Sin alertas detectadas,0.01743146694144293,0
SIN-00707,POL-00395,ASG-00324,Vehiculos,Robo,2024-10-24,2024-10-30,10281.95,9620.11,7354.1,Liquidado,Centro,Impacto en la parte trasera por vehiculo que huyo del lugar del accidente.,False,Taller Norte,P003,11,354,6,3,Quito,13905.33,0,27,AMARILLO,Siniestro ocurrido en los primeros 30 dias de la poliza (+4 pts) | Reporte con demora de 4 a 7 dias (+3 pts) | Asegurado con 3 o mas siniestros en 18 meses (+8 pts) | Documentos incompletos o faltantes (+4 pts) | Robo reportado con mas de 48 horas de demora (+8 pts),0.08547885606508432,0
SIN-00708,POL-00559,ASG-00226,Hogar,Robo,2024-11-03,2024-11-09,12866.14,10536.54,8530.66,Cierre Sin Consecuencia,Norte,Dano por granizo en estacionamiento del trabajo. Evidencia fotografica adjunta.,True,Clinica del Sur,P006,26,339,6,3,Cuenca,17568.73,0,23,AMARILLO,Siniestro ocurrido en los primeros 30 dias de la poliza (+4 pts) | Reporte con demora de 4 a 7 dias (+3 pts) | Asegurado con 3 o mas siniestros en 18 meses (+8 pts) | Robo reportado con mas de 48 horas de demora (+8 pts),0.08323560600626018,0
SIN-00709,POL-00557,ASG-00065,Generales,Robo,2024-12-27,2025-01-05,46203.14,38926.72,0.0,Cierre Sin Consecuencia,Sur,Impacto en la parte trasera por vehiculo que huyo del lugar del accidente.,False,Grua Rapida,P007,6,359,9,4,Cuenca,48878.95,1,43,ROJO,Siniestro ocurrido en los primeros 10 dias de la poliza (+8 pts) | Reporte tardio: mas de 7 dias despues del evento (+5 pts) | Asegurado con 3 o mas siniestros en 18 meses (+8 pts) | Documentos incompletos o faltantes (+4 pts) | Proveedor en lista restrictiva (+10 pts) | Robo reportado con mas de 48 horas de demora (+8 pts),-0.029920274975169914,1
SIN-00710,POL-00018,ASG-00102,Generales,Robo,2026-03-13,2026-03-23,19963.36,20045.59,0.0,Cierre Sin Consecuencia,Oeste,Colision frontal con vehiculo desconocido en horas de la madrugada sin testigos.,False,Grua Rapida,P007,9,356,10,3,Ambato,20927.14,1,48,ROJO,Siniestro ocurrido en los primeros 10 dias de la poliza (+8 pts) | Reporte tardio: mas de 7 dias despues del evento (+5 pts) | Asegurado con 3 o mas siniestros en 18 meses (+8 pts) | Documentos incompletos o faltantes (+4 pts) | Proveedor en lista restrictiva (+10 pts) | Monto reclamado es el 95% de la suma asegurada (+5 pts) | Robo reportado con mas de 48 horas de demora (+8 pts),0.041379149642450264,0
SIN-00711,POL-00232,ASG-00385,Salud,Atencion medica,2026-10-11,2026-10-14,5381.09,5747.67,4830.35,Pago Total,Centro,Choque en parqueadero de centro comercial con camaras de seguridad.,True,Grua Rapida,P007,281,84,3,1,Guayaquil,29336.97,0,10,VERDE,Proveedor en lista restrictiva (+10 pts),0.04566037234720527,0
SIN-00712,POL-00001,ASG-00039,Vehiculos,Robo,2025-11-14,2025-11-22,28182.24,29599.77,0.0,Reserva,Sur,Colision frontal con vehiculo desconocido en horas de la madrugada sin testigos.,False,Taller El Veloz,P001,3,362,8,4,Quito,30009.08,1,43,ROJO,Siniestro ocurrido en los primeros 10 dias de la poliza (+8 pts) | Reporte tardio: mas de 7 dias despues del evento (+5 pts) | Asegurado con 3 o mas siniestros en 18 meses (+8 pts) | Documentos incompletos o faltantes (+4 pts) | Proveedor en lista restrictiva (+10 pts) | Robo reportado con mas de 48 horas de demora (+8 pts),0.02918272339022654,0
SIN-00713,POL-00283,ASG-00072,Salud,Incendio,2026-04-04,2026-04-06,578.97,554.23,516.26,Liquidado,Este,Colision leve en interseccion con semaforo. El tercero presento sus datos.,True,Taller Norte,P003,202,163,2,1,Quito,10556.21,0,0,VERDE,Sin alertas detectadas,0.03128680622445901,0
SIN-00714,POL-00238,ASG-00339,Salud,Choque,2025-06-14,2025-06-16,29847.27,27691.5,20783.49,Cierre Sin Consecuencia,Este,Colision frontal con vehiculo desconocido en horas de la madrugada sin testigos.,False,Taller Premium,P008,19,346,2,3,Loja,42000.82,0,16,VERDE,Siniestro ocurrido en los primeros 30 dias de la poliza (+4 pts) | Asegurado con 3 o mas siniestros en 18 meses (+8 pts) | Documentos incompletos o faltantes (+4 pts),0.04563138771236863,0
SIN-00715,POL-00299,ASG-00116,Salud,Responsabilidad Civil,2026-08-12,2026-08-15,2154.37,2267.9,2085.86,Pago Parcial,Oeste,Colision leve en interseccion con semaforo. El tercero presento sus datos.,True,Clinica del Sur,P006,148,217,3,1,Manta,8985.78,0,0,VERDE,Sin alertas detectadas,0.06162513653077262,0
SIN-00716,POL-00337,ASG-00215,Vehiculos,Responsabilidad Civil,2024-12-22,2024-12-25,12578.85,12178.86,11584.82,Negativa,Oeste,Colision frontal con vehiculo desconocido en horas de la madrugada sin testigos.,False,Taller El Veloz,P001,26,339,3,3,Manta,16306.21,0,26,AMARILLO,Siniestro ocurrido en los primeros 30 dias de la poliza (+4 pts) | Asegurado con 3 o mas siniestros en 18 meses (+8 pts) | Documentos incompletos o faltantes (+4 pts) | Proveedor en lista restrictiva (+10 pts),0.08388873666582641,0
SIN-00717,POL-00532,ASG-00342,Generales,Choque,2025-06-26,2025-06-27,6809.97,7113.59,6512.4,Reserva,Centro,Choque en parqueadero de centro comercial con camaras de seguridad.,True,Clinica San Marcos,P002,311,54,1,1,Guayaquil,32074.8,0,10,VERDE,Proveedor en lista restrictiva (+10 pts),0.053722286960634746,0
SIN-00718,POL-00451,ASG-00236,Vehiculos,Robo,2024-09-13,2024-09-15,19532.4,20603.34,15989.31,Cierre Sin Consecuencia,Centro,El vehiculo fue impactado por un tercero que se dio a la fuga sin dejar datos.,False,Grua Rapida,P007,21,344,2,3,Ambato,28524.44,0,26,AMARILLO,Siniestro ocurrido en los primeros 30 dias de la poliza (+4 pts) | Asegurado con 3 o mas siniestros en 18 meses (+8 pts) | Documentos incompletos o faltantes (+4 pts) | Proveedor en lista restrictiva (+10 pts),0.08270362491368044,0
SIN-00719,POL-00361,ASG-00128,Salud,Robo,2025-05-22,2025-05-24,15435.01,16259.49,15560.23,Pago Parcial,Centro,Robo de autopartes reportado inmediatamente a la policia. Denuncia adjunta.,True,Taller Central,P005,53,312,2,0,Ambato,40266.94,0,0,VERDE,Sin alertas detectadas,0.0649635181256431,0
SIN-00720,POL-00552,ASG-00379,Vehiculos,Responsabilidad Civil,2025-12-09,2025-12-11,15984.45,13756.93,13162.53,Negativa,Centro,Dano por granizo en estacionamiento del trabajo. Evidencia fotografica adjunta.,True,Taller Central,P005,2,363,2,1,Guayaquil,48465.66,0,8,VERDE,Siniestro ocurrido en los primeros 10 dias de la poliza (+8 pts),0.037273341366928725,0
SIN-00721,POL-00346,ASG-00225,Vehiculos,Choque,2026-01-22,2026-01-24,15217.53,13990.87,12713.38,Pago Total,Norte,Choque en parqueadero de centro comercial con camaras de seguridad.,True,Clinica del Sur,P006,222,143,2,0,Quito,38964.69,0,0,VERDE,Sin alertas detectadas,0.06282782979368184,0
SIN-00722,POL-00093,ASG-00365,Salud,Responsabilidad Civil,2024-12-19,2024-12-22,4884.8,5146.15,4739.01,Pago Parcial,Oeste,Accidente en carretera con policia presente. Croquis firmado por ambas partes.,True,Taller Central,P005,81,284,3,0,Cuenca,44461.99,0,0,VERDE,Sin alertas detectadas,0.04530159324741234,0
SIN-00723,POL-00584,ASG-00043,Generales,Robo,2027-01-13,2027-01-13,4119.75,4377.4,3642.46,Pago Total,Sur,Dano por granizo en estacionamiento del trabajo. Evidencia fotografica adjunta.,True,Peritajes Express,P004,328,37,0,0,Loja,15117.12,0,0,VERDE,Sin alertas detectadas,0.0020231693964750663,0
SIN-00724,POL-00013,ASG-00152,Vida,Dano parcial,2024-10-30,2024-10-31,1397.92,1381.39,1335.23,Negativa,Centro,Choque en parqueadero de centro comercial con camaras de seguridad.,True,Taller Premium,P008,81,284,1,1,Ambato,5934.83,0,0,VERDE,Sin alertas detectadas,0.04842229430672279,0
SIN-00725,POL-00373,ASG-00135,Hogar,Robo,2025-05-22,2025-06-01,21103.39,20272.08,0.0,Reserva,Oeste,El vehiculo fue impactado por un tercero que se dio a la fuga sin dejar datos.,False,Grua Rapida,P007,3,362,10,6,Cuenca,21403.15,1,48,ROJO,Siniestro ocurrido en los primeros 10 dias de la poliza (+8 pts) | Reporte tardio: mas de 7 dias despues del evento (+5 pts) | Asegurado con 3 o mas siniestros en 18 meses (+8 pts) | Documentos incompletos o faltantes (+4 pts) | Proveedor en lista restrictiva (+10 pts) | Monto reclamado es el 99% de la suma asegurada (+5 pts) | Robo reportado con mas de 48 horas de demora (+8 pts),-0.016284720415379428,1
SIN-00726,POL-00234,ASG-00369,Vida,Atencion medica,2025-06-20,2025-06-23,12020.58,9849.63,9837.19,Reserva,Oeste,Accidente en carretera con policia presente. Croquis firmado por ambas partes.,True,Peritajes Express,P004,86,279,3,1,Ambato,36596.5,0,0,VERDE,Sin alertas detectadas,0.07997551269018982,0
SIN-00727,POL-00460,ASG-00287,Vehiculos,Robo,2026-04-28,2026-05-12,41923.52,45942.39,0.0,Pago Total,Este,Impacto en la parte trasera por vehiculo que huyo del lugar del accidente.,False,Grua Rapida,P007,5,360,14,4,Cuenca,45312.87,1,43,ROJO,Siniestro ocurrido en los primeros 10 dias de la poliza (+8 pts) | Reporte tardio: mas de 7 dias despues del evento (+5 pts) | Asegurado con 3 o mas siniestros en 18 meses (+8 pts) | Documentos incompletos o faltantes (+4 pts) | Proveedor en lista restrictiva (+10 pts) | Robo reportado con mas de 48 horas de demora (+8 pts),-0.049184134160259574,1
SIN-00728,POL-00318,ASG-00276,Salud,Dano parcial,2026-01-01,2026-01-01,9109.77,8893.27,8291.96,Reserva,Oeste,Colision leve en interseccion con semaforo. El tercero presento sus datos.,True,Grua Rapida,P007,239,126,0,1,Loja,18709.75,0,10,VERDE,Proveedor en lista restrictiva (+10 pts),0.04963994187575477,0
SIN-00729,POL-00066,ASG-00272,Salud,Choque,2026-04-01,2026-04-01,2442.35,2374.45,2338.14,Negativa,Este,Colision leve en interseccion con semaforo. El tercero presento sus datos.,True,Taller Norte,P003,38,327,0,1,Loja,12254.32,0,0,VERDE,Sin alertas detectadas,0.061117920778518076,0
SIN-00730,POL-00391,ASG-00357,Hogar,Robo,2025-08-11,2025-08-13,11853.74,10910.52,8379.19,Cierre Sin Consecuencia,Norte,Dano por granizo en estacionamiento del trabajo. Evidencia fotografica adjunta.,True,Taller Central,P005,237,128,2,1,Loja,43126.95,0,0,VERDE,Sin alertas detectadas,0.05240227512579648,0
SIN-00731,POL-00348,ASG-00232,Generales,Choque,2026-01-06,2026-01-08,25129.26,23003.98,16293.63,Liquidado,Oeste,El vehiculo fue impactado por un tercero que se dio a la fuga sin dejar datos.,True,Taller El Veloz,P001,16,349,2,3,Loja,28574.03,0,22,AMARILLO,Siniestro ocurrido en los primeros 30 dias de la poliza (+4 pts) | Asegurado con 3 o mas siniestros en 18 meses (+8 pts) | Proveedor en lista restrictiva (+10 pts),0.06761272526450063,0
SIN-00732,POL-00384,ASG-00036,Generales,Robo,2025-02-02,2025-02-16,12637.96,10225.41,0.0,Reserva,Oeste,Colision frontal con vehiculo desconocido en horas de la madrugada sin testigos.,False,Taller El Veloz,P001,3,362,14,6,Cuenca,13481.69,1,43,ROJO,Siniestro ocurrido en los primeros 10 dias de la poliza (+8 pts) | Reporte tardio: mas de 7 dias despues del evento (+5 pts) | Asegurado con 3 o mas siniestros en 18 meses (+8 pts) | Documentos incompletos o faltantes (+4 pts) | Proveedor en lista restrictiva (+10 pts) | Robo reportado con mas de 48 horas de demora (+8 pts),-0.05393947866152782,1
SIN-00733,POL-00124,ASG-00160,Vehiculos,Incendio,2026-04-01,2026-04-03,4649.32,4813.06,4732.22,Cierre Sin Consecuencia,Oeste,Choque en parqueadero de centro comercial con camaras de seguridad.,True,Taller Norte,P003,355,10,2,1,Quito,9849.87,0,0,VERDE,Sin alertas detectadas,0.0012671766690117714,0
SIN-00734,POL-00068,ASG-00174,Salud,Incendio,2024-10-26,2024-11-02,9148.98,9140.32,7277.21,Liquidado,Oeste,Choque en parqueadero de centro comercial con camaras de seguridad.,True,Taller Premium,P008,26,339,7,2,Guayaquil,11362.16,0,11,VERDE,Siniestro ocurrido en los primeros 30 dias de la poliza (+4 pts) | Reporte con demora de 4 a 7 dias (+3 pts) | Asegurado con 2 siniestros recientes (+4 pts),0.0525502253790221,0
SIN-00735,POL-00589,ASG-00360,Hogar,Atencion medica,2026-01-10,2026-01-11,4134.55,3847.37,2788.25,Reserva,Este,Accidente en carretera con policia presente. Croquis firmado por ambas partes.,True,Peritajes Express,P004,225,140,1,1,Quito,22738.32,0,0,VERDE,Sin alertas detectadas,0.08035448571933201,0
SIN-00736,POL-00107,ASG-00165,Vehiculos,Dano parcial,2024-07-02,2024-07-06,27852.03,26745.96,19100.96,Pago Parcial,Este,Dano por granizo en estacionamiento del trabajo. Evidencia fotografica adjunta.,True,Taller Central,P005,13,352,4,2,Guayaquil,32434.85,0,11,VERDE,Siniestro ocurrido en los primeros 30 dias de la poliza (+4 pts) | Reporte con demora de 4 a 7 dias (+3 pts) | Asegurado con 2 siniestros recientes (+4 pts),0.0868312650193846,0
SIN-00737,POL-00193,ASG-00181,Generales,Dano parcial,2025-11-20,2025-11-20,3383.92,3671.52,3552.95,Cierre Sin Consecuencia,Centro,Colision leve en interseccion con semaforo. El tercero presento sus datos.,True,Grua Rapida,P007,316,49,0,1,Quito,7359.59,0,10,VERDE,Proveedor en lista restrictiva (+10 pts),-0.007466480905057193,1
SIN-00738,POL-00075,ASG-00366,Vehiculos,Incendio,2024-09-22,2024-09-22,6664.42,6650.28,6481.19,Pago Parcial,Sur,Colision leve en interseccion con semaforo. El tercero presento sus datos.,True,Taller El Veloz,P001,18,347,0,0,Quito,14303.16,0,14,VERDE,Siniestro ocurrido en los primeros 30 dias de la poliza (+4 pts) | Proveedor en lista restrictiva (+10 pts),0.03608205277640464,0
SIN-00739,POL-00400,ASG-00117,Generales,Robo,2024-05-28,2024-05-31,15208.96,16457.34,14745.79,Pago Parcial,Este,Robo de autopartes reportado inmediatamente a la policia. Denuncia adjunta.,True,Taller Norte,P003,3,362,3,0,Ambato,42700.43,0,16,VERDE,Siniestro ocurrido en los primeros 10 dias de la poliza (+8 pts) | Robo reportado con mas de 48 horas de demora (+8 pts),0.03329423201874726,0
SIN-00740,POL-00011,ASG-00213,Vida,Robo,2025-08-18,2025-08-23,21303.02,17779.15,0.0,Negativa,Norte,El vehiculo fue impactado por un tercero que se dio a la fuga sin dejar datos.,False,Clinica San Marcos,P002,7,358,5,3,Ambato,21970.93,1,46,ROJO,Siniestro ocurrido en los primeros 10 dias de la poliza (+8 pts) | Reporte con demora de 4 a 7 dias (+3 pts) | Asegurado con 3 o mas siniestros en 18 meses (+8 pts) | Documentos incompletos o faltantes (+4 pts) | Proveedor en lista restrictiva (+10 pts) | Monto reclamado es el 97% de la suma asegurada (+5 pts) | Robo reportado con mas de 48 horas de demora (+8 pts),0.08262752918791577,0
SIN-00741,POL-00188,ASG-00275,Hogar,Dano parcial,2025-12-06,2025-12-10,29967.73,32516.87,28173.43,Negativa,Sur,Robo de autopartes reportado inmediatamente a la policia. Denuncia adjunta.,True,Grua Rapida,P007,29,336,4,2,Cuenca,47457.64,0,21,AMARILLO,Siniestro ocurrido en los primeros 30 dias de la poliza (+4 pts) | Reporte con demora de 4 a 7 dias (+3 pts) | Asegurado con 2 siniestros recientes (+4 pts) | Proveedor en lista restrictiva (+10 pts),0.0421468669894246,0
SIN-00742,POL-00131,ASG-00266,Vehiculos,Robo,2025-07-10,2025-07-18,24630.71,24602.71,0.0,Liquidado,Sur,Impacto en la parte trasera por vehiculo que huyo del lugar del accidente.,False,Clinica San Marcos,P002,2,363,8,3,Quito,26103.06,1,43,ROJO,Siniestro ocurrido en los primeros 10 dias de la poliza (+8 pts) | Reporte tardio: mas de 7 dias despues del evento (+5 pts) | Asegurado con 3 o mas siniestros en 18 meses (+8 pts) | Documentos incompletos o faltantes (+4 pts) | Proveedor en lista restrictiva (+10 pts) | Robo reportado con mas de 48 horas de demora (+8 pts),0.043862611992159406,0
SIN-00743,POL-00216,ASG-00372,Hogar,Robo,2025-07-21,2025-07-21,6917.47,6583.21,5053.08,Cierre Sin Consecuencia,Sur,Dano por granizo en estacionamiento del trabajo. Evidencia fotografica adjunta.,True,Clinica del Sur,P006,243,122,0,1,Cuenca,30596.06,0,0,VERDE,Sin alertas detectadas,0.04974693150414983,0
SIN-00744,POL-00344,ASG-00337,Generales,Dano parcial,2024-09-24,2024-09-25,1818.39,1515.46,1090.43,Liquidado,Oeste,Robo de autopartes reportado inmediatamente a la policia. Denuncia adjunta.,True,Peritajes Express,P004,120,245,1,0,Cuenca,6138.94,0,0,VERDE,Sin alertas detectadas,0.03586984057440146,0
SIN-00745,POL-00018,ASG-00317,Salud,Choque,2024-12-29,2024-12-31,28683.27,29505.13,20965.12,Liquidado,Norte,Colision frontal con vehiculo desconocido en horas de la madrugada sin testigos.,False,Taller El Veloz,P001,23,342,2,2,Loja,37583.57,0,22,AMARILLO,Siniestro ocurrido en los primeros 30 dias de la poliza (+4 pts) | Asegurado con 2 siniestros recientes (+4 pts) | Documentos incompletos o faltantes (+4 pts) | Proveedor en lista restrictiva (+10 pts),0.06604086117876001,0
SIN-00746,POL-00021,ASG-00333,Hogar,Responsabilidad Civil,2026-05-26,2026-06-02,19624.89,18520.77,17957.24,Negativa,Oeste,Dano por granizo en estacionamiento del trabajo. Evidencia fotografica adjunta.,False,Grua Rapida,P007,18,347,7,3,Ambato,26439.27,0,29,AMARILLO,Siniestro ocurrido en los primeros 30 dias de la poliza (+4 pts) | Reporte con demora de 4 a 7 dias (+3 pts) | Asegurado con 3 o mas siniestros en 18 meses (+8 pts) | Documentos incompletos o faltantes (+4 pts) | Proveedor en lista restrictiva (+10 pts),0.08181337482989509,0
SIN-00747,POL-00369,ASG-00115,Hogar,Robo,2025-01-03,2025-01-06,13886.95,13025.68,11895.13,Liquidado,Sur,Dano por granizo en estacionamiento del trabajo. Evidencia fotografica adjunta.,True,Grua Rapida,P007,173,192,3,0,Cuenca,33669.19,0,18,VERDE,Proveedor en lista restrictiva (+10 pts) | Robo reportado con mas de 48 horas de demora (+8 pts),0.0649130861762856,0
SIN-00748,POL-00412,ASG-00065,Vida,Incendio,2025-01-14,2025-01-17,5399.82,5397.73,3993.97,Liquidado,Sur,Robo de autopartes reportado inmediatamente a la policia. Denuncia adjunta.,True,Grua Rapida,P007,233,132,3,1,Loja,20882.36,0,10,VERDE,Proveedor en lista restrictiva (+10 pts),0.07149899887754585,0
SIN-00749,POL-00252,ASG-00112,Vida,Dano parcial,2024-08-01,2024-08-04,21829.83,19430.65,18456.52,Liquidado,Este,Colision frontal con vehiculo desconocido en horas de la madrugada sin testigos.,False,Clinica del Sur,P006,20,345,3,3,Manta,30577.4,0,16,VERDE,Siniestro ocurrido en los primeros 30 dias de la poliza (+4 pts) | Asegurado con 3 o mas siniestros en 18 meses (+8 pts) | Documentos incompletos o faltantes (+4 pts),0.0827720455644243,0
SIN-00750,POL-00053,ASG-00103,Generales,Incendio,2026-01-25,2026-01-25,10805.62,9530.51,8804.2,Liquidado,Sur,Accidente en carretera con policia presente. Croquis firmado por ambas partes.,True,Grua Rapida,P007,238,127,0,0,Quito,29826.19,0,10,VERDE,Proveedor en lista restrictiva (+10 pts),0.05077318741433606,0
SIN-00751,POL-00412,ASG-00295,Salud,Responsabilidad Civil,2025-06-02,2025-06-05,2673.2,2680.84,2509.5,Reserva,Norte,Choque en parqueadero de centro comercial con camaras de seguridad.,True,Taller Premium,P008,209,156,3,0,Quito,13901.44,0,0,VERDE,Sin alertas detectadas,0.0619676132714313,0
SIN-00752,POL-00009,ASG-00028,Salud,Responsabilidad Civil,2026-09-14,2026-09-16,3875.14,3778.4,3583.72,Negativa,Centro,Robo de autopartes reportado inmediatamente a la policia. Denuncia adjunta.,True,Clinica del Sur,P006,209,156,2,1,Quito,9047.61,0,0,VERDE,Sin alertas detectadas,0.07571334942695068,0
SIN-00753,POL-00180,ASG-00149,Salud,Incendio,2024-07-18,2024-07-21,4983.02,5032.64,3947.45,Pago Total,Norte,Choque en parqueadero de centro comercial con camaras de seguridad.,True,Taller Norte,P003,21,344,3,1,Guayaquil,41105.12,0,4,VERDE,Siniestro ocurrido en los primeros 30 dias de la poliza (+4 pts),0.05771665790372754,0
SIN-00754,POL-00151,ASG-00228,Vida,Incendio,2025-10-22,2025-10-24,3175.57,2966.62,2094.31,Negativa,Oeste,Choque en parqueadero de centro comercial con camaras de seguridad.,True,Taller Premium,P008,36,329,2,0,Quito,6772.03,0,0,VERDE,Sin alertas detectadas,0.046843041478606406,0
SIN-00755,POL-00353,ASG-00174,Generales,Atencion medica,2025-08-01,2025-08-03,39861.48,40396.52,39775.57,Reserva,Centro,Dano por granizo en estacionamiento del trabajo. Evidencia fotografica adjunta.,True,Taller Norte,P003,15,350,2,3,Loja,44892.08,0,12,VERDE,Siniestro ocurrido en los primeros 30 dias de la poliza (+4 pts) | Asegurado con 3 o mas siniestros en 18 meses (+8 pts),0.007882004518075192,0
SIN-00756,POL-00507,ASG-00009,Hogar,Robo,2026-03-31,2026-04-02,23420.45,23658.27,18428.23,Negativa,Centro,El vehiculo fue impactado por un tercero que se dio a la fuga sin dejar datos.,True,Clinica del Sur,P006,27,338,2,2,Ambato,31564.52,0,8,VERDE,Siniestro ocurrido en los primeros 30 dias de la poliza (+4 pts) | Asegurado con 2 siniestros recientes (+4 pts),0.08279657783915428,0
SIN-00757,POL-00042,ASG-00140,Hogar,Robo,2026-04-17,2026-04-22,38149.5,34868.84,0.0,Reserva,Centro,Colision frontal con vehiculo desconocido en horas de la madrugada sin testigos.,False,Taller El Veloz,P001,10,355,5,6,Guayaquil,39189.43,1,46,ROJO,Siniestro ocurrido en los primeros 10 dias de la poliza (+8 pts) | Reporte con demora de 4 a 7 dias (+3 pts) | Asegurado con 3 o mas siniestros en 18 meses (+8 pts) | Documentos incompletos o faltantes (+4 pts) | Proveedor en lista restrictiva (+10 pts) | Monto reclamado es el 97% de la suma asegurada (+5 pts) | Robo reportado con mas de 48 horas de demora (+8 pts),-0.03721675695359583,1
SIN-00758,POL-00385,ASG-00172,Vida,Robo,2026-04-08,2026-04-17,26809.99,28837.71,0.0,Reserva,Centro,El vehiculo fue impactado por un tercero que se dio a la fuga sin dejar datos.,False,Clinica San Marcos,P002,6,359,9,6,Cuenca,28066.29,1,48,ROJO,Siniestro ocurrido en los primeros 10 dias de la poliza (+8 pts) | Reporte tardio: mas de 7 dias despues del evento (+5 pts) | Asegurado con 3 o mas siniestros en 18 meses (+8 pts) | Documentos incompletos o faltantes (+4 pts) | Proveedor en lista restrictiva (+10 pts) | Monto reclamado es el 96% de la suma asegurada (+5 pts) | Robo reportado con mas de 48 horas de demora (+8 pts),-0.012617853875075302,1
SIN-00759,POL-00522,ASG-00059,Vehiculos,Robo,2026-03-15,2026-03-23,10545.21,8930.46,0.0,Cierre Sin Consecuencia,Este,El asegurado reporta que su vehiculo fue robado en un estacionamiento sin camaras.,False,Taller El Veloz,P001,10,355,8,3,Cuenca,10783.66,1,48,ROJO,Siniestro ocurrido en los primeros 10 dias de la poliza (+8 pts) | Reporte tardio: mas de 7 dias despues del evento (+5 pts) | Asegurado con 3 o mas siniestros en 18 meses (+8 pts) | Documentos incompletos o faltantes (+4 pts) | Proveedor en lista restrictiva (+10 pts) | Monto reclamado es el 98% de la suma asegurada (+5 pts) | Robo reportado con mas de 48 horas de demora (+8 pts),0.052773996595807005,0
SIN-00760,POL-00339,ASG-00341,Vehiculos,Robo,2025-03-13,2025-03-13,542.58,442.2,320.07,Pago Parcial,Oeste,Dano por granizo en estacionamiento del trabajo. Evidencia fotografica adjunta.,True,Peritajes Express,P004,12,353,0,0,Guayaquil,10489.03,0,4,VERDE,Siniestro ocurrido en los primeros 30 dias de la poliza (+4 pts),-0.009866981795019547,1
SIN-00761,POL-00198,ASG-00244,Vida,Atencion medica,2026-11-01,2026-11-01,9185.68,7567.78,7509.18,Pago Parcial,Sur,Choque en parqueadero de centro comercial con camaras de seguridad.,True,Taller Norte,P003,266,99,0,0,Loja,36870.69,0,0,VERDE,Sin alertas detectadas,0.04033904485773088,0
SIN-00762,POL-00556,ASG-00295,Salud,Robo,2026-08-29,2026-08-30,4492.63,4404.87,3752.93,Pago Parcial,Sur,Choque en parqueadero de centro comercial con camaras de seguridad.,True,Clinica San Marcos,P002,278,87,1,1,Cuenca,36498.52,0,10,VERDE,Proveedor en lista restrictiva (+10 pts),0.050700448795854725,0
SIN-00763,POL-00437,ASG-00129,Hogar,Robo,2026-05-17,2026-05-27,37724.25,41238.28,0.0,Cierre Sin Consecuencia,Norte,Impacto en la parte trasera por vehiculo que huyo del lugar del accidente.,False,Taller El Veloz,P001,8,357,10,3,Guayaquil,38094.94,1,48,ROJO,Siniestro ocurrido en los primeros 10 dias de la poliza (+8 pts) | Reporte tardio: mas de 7 dias despues del evento (+5 pts) | Asegurado con 3 o mas siniestros en 18 meses (+8 pts) | Documentos incompletos o faltantes (+4 pts) | Proveedor en lista restrictiva (+10 pts) | Monto reclamado es el 99% de la suma asegurada (+5 pts) | Robo reportado con mas de 48 horas de demora (+8 pts),0.02135328973115691,0
SIN-00764,POL-00327,ASG-00302,Generales,Atencion medica,2026-05-05,2026-05-08,9744.91,9256.77,8599.76,Pago Parcial,Oeste,Accidente en carretera con policia presente. Croquis firmado por ambas partes.,True,Clinica San Marcos,P002,65,300,3,1,Loja,46151.45,0,10,VERDE,Proveedor en lista restrictiva (+10 pts),0.04988008169893643,0
SIN-00765,POL-00195,ASG-00117,Vida,Atencion medica,2025-09-16,2025-09-19,1754.45,1624.41,1149.02,Pago Total,Centro,Dano por granizo en estacionamiento del trabajo. Evidencia fotografica adjunta.,True,Taller Premium,P008,77,288,3,1,Manta,6921.48,0,0,VERDE,Sin alertas detectadas,0.058132466614044365,0
SIN-00766,POL-00391,ASG-00324,Salud,Dano parcial,2024-10-12,2024-10-17,15812.99,12753.24,10427.94,Pago Parcial,Oeste,Dano por granizo en estacionamiento del trabajo. Evidencia fotografica adjunta.,False,Taller Norte,P003,11,354,5,2,Quito,21456.95,0,15,VERDE,Siniestro ocurrido en los primeros 30 dias de la poliza (+4 pts) | Reporte con demora de 4 a 7 dias (+3 pts) | Asegurado con 2 siniestros recientes (+4 pts) | Documentos incompletos o faltantes (+4 pts),0.0872157019526359,0
SIN-00767,POL-00285,ASG-00117,Salud,Robo,2025-01-06,2025-01-12,32155.12,30728.36,0.0,Negativa,Sur,Colision frontal con vehiculo desconocido en horas de la madrugada sin testigos.,False,Grua Rapida,P007,2,363,6,4,Loja,32307.12,1,46,ROJO,Siniestro ocurrido en los primeros 10 dias de la poliza (+8 pts) | Reporte con demora de 4 a 7 dias (+3 pts) | Asegurado con 3 o mas siniestros en 18 meses (+8 pts) | Documentos incompletos o faltantes (+4 pts) | Proveedor en lista restrictiva (+10 pts) | Monto reclamado es el 100% de la suma asegurada (+5 pts) | Robo reportado con mas de 48 horas de demora (+8 pts),0.022917664321702946,0
SIN-00768,POL-00427,ASG-00252,Generales,Robo,2026-01-04,2026-01-17,17505.98,14336.3,0.0,Negativa,Centro,El asegurado reporta que su vehiculo fue robado en un estacionamiento sin camaras.,False,Grua Rapida,P007,3,362,13,6,Ambato,18860.35,1,43,ROJO,Siniestro ocurrido en los primeros 10 dias de la poliza (+8 pts) | Reporte tardio: mas de 7 dias despues del evento (+5 pts) | Asegurado con 3 o mas siniestros en 18 meses (+8 pts) | Documentos incompletos o faltantes (+4 pts) | Proveedor en lista restrictiva (+10 pts) | Robo reportado con mas de 48 horas de demora (+8 pts),-0.029216735793728077,1
SIN-00769,POL-00428,ASG-00127,Vida,Atencion medica,2024-10-18,2024-10-25,12916.72,13077.29,11544.84,Pago Total,Este,Dano por granizo en estacionamiento del trabajo. Evidencia fotografica adjunta.,True,Clinica del Sur,P006,21,344,7,2,Ambato,19679.03,0,11,VERDE,Siniestro ocurrido en los primeros 30 dias de la poliza (+4 pts) | Reporte con demora de 4 a 7 dias (+3 pts) | Asegurado con 2 siniestros recientes (+4 pts),0.0852544887615338,0
SIN-00770,POL-00577,ASG-00241,Salud,Robo,2026-02-15,2026-02-27,18346.44,18956.09,0.0,Pago Parcial,Sur,Impacto en la parte trasera por vehiculo que huyo del lugar del accidente.,False,Grua Rapida,P007,8,357,12,6,Cuenca,19105.7,1,48,ROJO,Siniestro ocurrido en los primeros 10 dias de la poliza (+8 pts) | Reporte tardio: mas de 7 dias despues del evento (+5 pts) | Asegurado con 3 o mas siniestros en 18 meses (+8 pts) | Documentos incompletos o faltantes (+4 pts) | Proveedor en lista restrictiva (+10 pts) | Monto reclamado es el 96% de la suma asegurada (+5 pts) | Robo reportado con mas de 48 horas de demora (+8 pts),-0.0310010601253069,1
SIN-00771,POL-00373,ASG-00399,Hogar,Dano parcial,2026-04-27,2026-04-29,7734.3,7590.68,6534.76,Cierre Sin Consecuencia,Sur,Accidente en carretera con policia presente. Croquis firmado por ambas partes.,True,Clinica del Sur,P006,272,93,2,1,Manta,16096.35,0,0,VERDE,Sin alertas detectadas,0.05596347698309162,0
SIN-00772,POL-00124,ASG-00152,Salud,Incendio,2026-07-24,2026-07-24,7016.74,6236.7,4419.61,Cierre Sin Consecuencia,Este,Dano por granizo en estacionamiento del trabajo. Evidencia fotografica adjunta.,True,Taller Central,P005,180,185,0,0,Manta,38097.27,0,0,VERDE,Sin alertas detectadas,0.04654488299812082,0
SIN-00773,POL-00081,ASG-00189,Generales,Robo,2026-01-19,2026-01-21,4524.54,3994.2,3642.27,Negativa,Centro,Robo de autopartes reportado inmediatamente a la policia. Denuncia adjunta.,True,Grua Rapida,P007,350,15,2,1,Ambato,45941.3,0,10,VERDE,Proveedor en lista restrictiva (+10 pts),0.001645988957376887,0
SIN-00774,POL-00167,ASG-00301,Generales,Robo,2024-12-21,2025-01-03,43344.57,42647.79,0.0,Reserva,Centro,Colision frontal con vehiculo desconocido en horas de la madrugada sin testigos.,False,Clinica San Marcos,P002,7,358,13,5,Cuenca,48024.75,1,43,ROJO,Siniestro ocurrido en los primeros 10 dias de la poliza (+8 pts) | Reporte tardio: mas de 7 dias despues del evento (+5 pts) | Asegurado con 3 o mas siniestros en 18 meses (+8 pts) | Documentos incompletos o faltantes (+4 pts) | Proveedor en lista restrictiva (+10 pts) | Robo reportado con mas de 48 horas de demora (+8 pts),-0.05181083334754499,1
SIN-00775,POL-00332,ASG-00290,Vida,Robo,2025-12-17,2025-12-30,6205.6,5594.02,0.0,Negativa,Centro,El asegurado reporta que su vehiculo fue robado en un estacionamiento sin camaras.,False,Grua Rapida,P007,2,363,13,5,Guayaquil,6772.17,1,43,ROJO,Siniestro ocurrido en los primeros 10 dias de la poliza (+8 pts) | Reporte tardio: mas de 7 dias despues del evento (+5 pts) | Asegurado con 3 o mas siniestros en 18 meses (+8 pts) | Documentos incompletos o faltantes (+4 pts) | Proveedor en lista restrictiva (+10 pts) | Robo reportado con mas de 48 horas de demora (+8 pts),-0.05635426685903,1
SIN-00776,POL-00072,ASG-00253,Salud,Dano parcial,2025-06-04,2025-06-07,947.91,826.37,738.3,Liquidado,Norte,Robo de autopartes reportado inmediatamente a la policia. Denuncia adjunta.,True,Grua Rapida,P007,123,242,3,0,Guayaquil,7796.77,0,10,VERDE,Proveedor en lista restrictiva (+10 pts),0.03457555216469821,0
SIN-00777,POL-00054,ASG-00330,Salud,Robo,2025-04-04,2025-04-06,3399.09,3239.58,2549.2,Reserva,Este,Accidente en carretera con policia presente. Croquis firmado por ambas partes.,True,Peritajes Express,P004,283,82,2,0,Quito,15148.39,0,0,VERDE,Sin alertas detectadas,0.0443855196200143,0
SIN-00778,POL-00564,ASG-00035,Vehiculos,Robo,2025-05-25,2025-06-07,31215.26,33542.68,0.0,Cierre Sin Consecuencia,Oeste,Colision frontal con vehiculo desconocido en horas de la madrugada sin testigos.,False,Taller El Veloz,P001,6,359,13,3,Loja,31535.09,1,48,ROJO,Siniestro ocurrido en los primeros 10 dias de la poliza (+8 pts) | Reporte tardio: mas de 7 dias despues del evento (+5 pts) | Asegurado con 3 o mas siniestros en 18 meses (+8 pts) | Documentos incompletos o faltantes (+4 pts) | Proveedor en lista restrictiva (+10 pts) | Monto reclamado es el 99% de la suma asegurada (+5 pts) | Robo reportado con mas de 48 horas de demora (+8 pts),0.005138637442497207,0
SIN-00779,POL-00289,ASG-00137,Generales,Atencion medica,2025-01-13,2025-01-18,17761.03,16582.82,16422.31,Cierre Sin Consecuencia,Oeste,Accidente en carretera con policia presente. Croquis firmado por ambas partes.,False,Peritajes Express,P004,19,346,5,2,Cuenca,27989.58,0,15,VERDE,Siniestro ocurrido en los primeros 30 dias de la poliza (+4 pts) | Reporte con demora de 4 a 7 dias (+3 pts) | Asegurado con 2 siniestros recientes (+4 pts) | Documentos incompletos o faltantes (+4 pts),0.0892027620261529,0
SIN-00780,POL-00416,ASG-00105,Salud,Dano parcial,2026-10-09,2026-10-10,3086.7,2898.82,2592.56,Pago Total,Oeste,Robo de autopartes reportado inmediatamente a la policia. Denuncia adjunta.,True,Peritajes Express,P004,230,135,1,1,Loja,6874.7,0,0,VERDE,Sin alertas detectadas,0.05166706309182578,0
SIN-00781,POL-00259,ASG-00112,Hogar,Robo,2025-10-21,2025-10-24,7085.38,6947.53,5207.71,Negativa,Este,Accidente en carretera con policia presente. Croquis firmado por ambas partes.,True,Taller Norte,P003,9,356,3,1,Manta,18945.57,0,16,VERDE,Siniestro ocurrido en los primeros 10 dias de la poliza (+8 pts) | Robo reportado con mas de 48 horas de demora (+8 pts),0.08615156653112194,0
SIN-00782,POL-00575,ASG-00306,Vehiculos,Dano parcial,2025-03-31,2025-03-31,16238.21,17521.81,13860.35,Negativa,Oeste,Colision leve en interseccion con semaforo. El tercero presento sus datos.,True,Peritajes Express,P004,256,109,0,1,Guayaquil,49405.15,0,0,VERDE,Sin alertas detectadas,-0.017149551453955025,1
SIN-00783,POL-00164,ASG-00050,Hogar,Choque,2025-06-29,2025-06-29,2700.72,2405.3,1873.29,Pago Total,Norte,Colision leve en interseccion con semaforo. El tercero presento sus datos.,True,Grua Rapida,P007,341,24,0,0,Cuenca,14688.89,0,10,VERDE,Proveedor en lista restrictiva (+10 pts),-0.010697518417120522,1
SIN-00784,POL-00032,ASG-00244,Generales,Responsabilidad Civil,2025-03-28,2025-04-04,7684.05,6297.44,5689.14,Reserva,Norte,El asegurado reporta que su vehiculo fue robado en un estacionamiento sin camaras.,True,Taller Premium,P008,11,354,7,2,Ambato,10066.4,0,11,VERDE,Siniestro ocurrido en los primeros 30 dias de la poliza (+4 pts) | Reporte con demora de 4 a 7 dias (+3 pts) | Asegurado con 2 siniestros recientes (+4 pts),0.04323438335583385,0
SIN-00785,POL-00510,ASG-00222,Vehiculos,Atencion medica,2024-08-27,2024-08-30,19614.42,17073.28,14245.89,Reserva,Norte,Colision leve en interseccion con semaforo. El tercero presento sus datos.,True,Taller El Veloz,P001,26,339,3,2,Loja,23559.09,0,18,VERDE,Siniestro ocurrido en los primeros 30 dias de la poliza (+4 pts) | Asegurado con 2 siniestros recientes (+4 pts) | Proveedor en lista restrictiva (+10 pts),0.09576576516434321,0
SIN-00786,POL-00577,ASG-00223,Hogar,Atencion medica,2025-06-29,2025-07-02,15360.84,14008.78,13596.17,Cierre Sin Consecuencia,Oeste,Choque en parqueadero de centro comercial con camaras de seguridad.,True,Taller El Veloz,P001,364,1,3,0,Guayaquil,36632.61,0,10,VERDE,Proveedor en lista restrictiva (+10 pts),-0.009711740143591552,1
SIN-00787,POL-00554,ASG-00075,Hogar,Incendio,2026-05-14,2026-05-15,14061.55,12769.27,10592.28,Liquidado,Centro,Accidente en carretera con policia presente. Croquis firmado por ambas partes.,True,Grua Rapida,P007,142,223,1,1,Cuenca,33769.14,0,10,VERDE,Proveedor en lista restrictiva (+10 pts),0.08148698402763277,0
SIN-00788,POL-00141,ASG-00171,Vehiculos,Atencion medica,2027-02-21,2027-02-22,10876.19,11477.96,10010.02,Pago Total,Este,Choque en parqueadero de centro comercial con camaras de seguridad.,True,Taller Norte,P003,310,55,1,0,Ambato,34045.89,0,0,VERDE,Sin alertas detectadas,0.04193455749583175,0
SIN-00789,POL-00084,ASG-00215,Generales,Choque,2025-03-17,2025-03-18,18979.9,15849.67,14574.67,Pago Parcial,Oeste,Robo de autopartes reportado inmediatamente a la policia. Denuncia adjunta.,True,Clinica San Marcos,P002,158,207,1,1,Cuenca,49572.68,0,10,VERDE,Proveedor en lista restrictiva (+10 pts),0.0072969736244344885,0
SIN-00790,POL-00405,ASG-00268,Vehiculos,Robo,2026-10-07,2026-10-08,9647.66,10303.27,10208.32,Reserva,Este,Dano por granizo en estacionamiento del trabajo. Evidencia fotografica adjunta.,True,Grua Rapida,P007,353,12,1,0,Loja,22675.99,0,10,VERDE,Proveedor en lista restrictiva (+10 pts),0.011253526124851754,0
SIN-00791,POL-00148,ASG-00037,Salud,Robo,2024-10-17,2024-10-22,16946.0,13897.53,0.0,Negativa,Norte,Colision frontal con vehiculo desconocido en horas de la madrugada sin testigos.,False,Clinica San Marcos,P002,4,361,5,3,Loja,18795.02,1,41,ROJO,Siniestro ocurrido en los primeros 10 dias de la poliza (+8 pts) | Reporte con demora de 4 a 7 dias (+3 pts) | Asegurado con 3 o mas siniestros en 18 meses (+8 pts) | Documentos incompletos o faltantes (+4 pts) | Proveedor en lista restrictiva (+10 pts) | Robo reportado con mas de 48 horas de demora (+8 pts),0.07849279872843462,0
SIN-00792,POL-00433,ASG-00184,Vida,Atencion medica,2025-01-29,2025-02-04,4745.53,4508.25,3631.17,Pago Parcial,Este,Accidente en carretera con policia presente. Croquis firmado por ambas partes.,True,Clinica del Sur,P006,30,335,6,2,Quito,5475.58,0,11,VERDE,Siniestro ocurrido en los primeros 30 dias de la poliza (+4 pts) | Reporte con demora de 4 a 7 dias (+3 pts) | Asegurado con 2 siniestros recientes (+4 pts),0.016698654818553815,0
SIN-00793,POL-00393,ASG-00386,Vida,Robo,2025-04-11,2025-04-17,8916.15,8349.14,0.0,Cierre Sin Consecuencia,Centro,Colision frontal con vehiculo desconocido en horas de la madrugada sin testigos.,False,Grua Rapida,P007,8,357,6,3,Manta,9410.31,1,41,ROJO,Siniestro ocurrido en los primeros 10 dias de la poliza (+8 pts) | Reporte con demora de 4 a 7 dias (+3 pts) | Asegurado con 3 o mas siniestros en 18 meses (+8 pts) | Documentos incompletos o faltantes (+4 pts) | Proveedor en lista restrictiva (+10 pts) | Robo reportado con mas de 48 horas de demora (+8 pts),0.06430031248456153,0
SIN-00794,POL-00248,ASG-00310,Salud,Robo,2025-12-10,2025-12-24,6455.54,5696.51,0.0,Liquidado,Este,Colision frontal con vehiculo desconocido en horas de la madrugada sin testigos.,False,Taller El Veloz,P001,3,362,14,6,Manta,6545.4,1,48,ROJO,Siniestro ocurrido en los primeros 10 dias de la poliza (+8 pts) | Reporte tardio: mas de 7 dias despues del evento (+5 pts) | Asegurado con 3 o mas siniestros en 18 meses (+8 pts) | Documentos incompletos o faltantes (+4 pts) | Proveedor en lista restrictiva (+10 pts) | Monto reclamado es el 99% de la suma asegurada (+5 pts) | Robo reportado con mas de 48 horas de demora (+8 pts),-0.08662226029253706,1
SIN-00795,POL-00549,ASG-00335,Salud,Incendio,2026-02-27,2026-02-27,2961.27,2466.45,1841.05,Reserva,Sur,Robo de autopartes reportado inmediatamente a la policia. Denuncia adjunta.,True,Taller Premium,P008,250,115,0,1,Cuenca,16394.19,0,0,VERDE,Sin alertas detectadas,0.051331752547290166,0
SIN-00796,POL-00494,ASG-00249,Vida,Choque,2025-03-25,2025-04-01,17252.92,17986.61,17706.24,Reserva,Norte,Impacto en la parte trasera por vehiculo que huyo del lugar del accidente.,False,Taller Norte,P003,21,344,7,3,Cuenca,22428.67,0,19,VERDE,Siniestro ocurrido en los primeros 30 dias de la poliza (+4 pts) | Reporte con demora de 4 a 7 dias (+3 pts) | Asegurado con 3 o mas siniestros en 18 meses (+8 pts) | Documentos incompletos o faltantes (+4 pts),0.08196589453944525,0
SIN-00797,POL-00169,ASG-00072,Vida,Incendio,2026-02-26,2026-03-01,2905.57,2877.82,2106.27,Negativa,Norte,Choque en parqueadero de centro comercial con camaras de seguridad.,True,Taller El Veloz,P001,35,330,3,1,Cuenca,49045.86,0,10,VERDE,Proveedor en lista restrictiva (+10 pts),0.012092742176997517,0
SIN-00798,POL-00286,ASG-00224,Hogar,Incendio,2025-12-30,2025-12-31,10992.14,8873.22,6441.19,Pago Total,Sur,Dano por granizo en estacionamiento del trabajo. Evidencia fotografica adjunta.,True,Taller Central,P005,163,202,1,0,Manta,24001.49,0,0,VERDE,Sin alertas detectadas,0.0720253003285739,0
SIN-00799,POL-00457,ASG-00338,Salud,Robo,2025-04-11,2025-04-19,20060.65,16409.58,0.0,Reserva,Norte,El vehiculo fue impactado por un tercero que se dio a la fuga sin dejar datos.,False,Clinica San Marcos,P002,1,364,8,5,Manta,21799.26,1,43,ROJO,Siniestro ocurrido en los primeros 10 dias de la poliza (+8 pts) | Reporte tardio: mas de 7 dias despues del evento (+5 pts) | Asegurado con 3 o mas siniestros en 18 meses (+8 pts) | Documentos incompletos o faltantes (+4 pts) | Proveedor en lista restrictiva (+10 pts) | Robo reportado con mas de 48 horas de demora (+8 pts),0.002437755489894,0
SIN-00800,POL-00538,ASG-00341,Hogar,Robo,2025-06-26,2025-06-27,10071.5,8704.16,6543.14,Liquidado,Oeste,Accidente en carretera con policia presente. Croquis firmado por ambas partes.,True,Taller Norte,P003,170,195,1,1,Manta,28873.37,0,0,VERDE,Sin alertas detectadas,0.08378263319914764,0
SIN-00801,POL-00073,ASG-00075,Vida,Dano parcial,2026-09-25,2026-09-26,14481.59,15658.69,14850.59,Negativa,Norte,Accidente en carretera con policia presente. Croquis firmado por ambas partes.,True,Clinica San Marcos,P002,265,100,1,1,Guayaquil,43603.05,0,10,VERDE,Proveedor en lista restrictiva (+10 pts),0.037707782036819903,0
SIN-00802,POL-00443,ASG-00022,Vida,Incendio,2026-05-22,2026-05-23,15524.64,15283.52,14322.8,Negativa,Sur,Dano por granizo en estacionamiento del trabajo. Evidencia fotografica adjunta.,True,Clinica del Sur,P006,102,263,1,1,Ambato,40128.44,0,0,VERDE,Sin alertas detectadas,0.07813688787571488,0
SIN-00803,POL-00248,ASG-00307,Vida,Robo,2025-12-25,2026-01-09,24743.25,22047.45,0.0,Liquidado,Oeste,Impacto en la parte trasera por vehiculo que huyo del lugar del accidente.,False,Clinica San Marcos,P002,3,362,15,5,Ambato,27371.01,1,43,ROJO,Siniestro ocurrido en los primeros 10 dias de la poliza (+8 pts) | Reporte tardio: mas de 7 dias despues del evento (+5 pts) | Asegurado con 3 o mas siniestros en 18 meses (+8 pts) | Documentos incompletos o faltantes (+4 pts) | Proveedor en lista restrictiva (+10 pts) | Robo reportado con mas de 48 horas de demora (+8 pts),-0.04550748984435582,1
SIN-00804,POL-00335,ASG-00158,Vida,Atencion medica,2026-07-28,2026-07-30,7575.36,6632.06,5176.08,Pago Parcial,Centro,Choque en parqueadero de centro comercial con camaras de seguridad.,True,Taller Norte,P003,302,63,2,0,Guayaquil,26146.03,0,0,VERDE,Sin alertas detectadas,0.05269824412523394,0
SIN-00805,POL-00526,ASG-00117,Hogar,Atencion medica,2026-03-16,2026-03-19,8023.59,8030.85,6075.38,Liquidado,Sur,Choque en parqueadero de centro comercial con camaras de seguridad.,True,Peritajes Express,P004,161,204,3,1,Quito,45761.49,0,0,VERDE,Sin alertas detectadas,0.04995120102929734,0
SIN-00806,POL-00303,ASG-00098,Salud,Incendio,2024-08-08,2024-08-08,7997.78,6891.85,6457.55,Pago Parcial,Sur,Robo de autopartes reportado inmediatamente a la policia. Denuncia adjunta.,True,Clinica del Sur,P006,50,315,0,0,Ambato,21266.91,0,0,VERDE,Sin alertas detectadas,0.05954703729618299,0
SIN-00807,POL-00509,ASG-00192,Generales,Atencion medica,2025-11-21,2025-11-25,17044.17,13652.04,10330.2,Pago Parcial,Este,Choque en parqueadero de centro comercial con camaras de seguridad.,False,Taller Premium,P008,13,352,4,3,Quito,26795.45,0,19,VERDE,Siniestro ocurrido en los primeros 30 dias de la poliza (+4 pts) | Reporte con demora de 4 a 7 dias (+3 pts) | Asegurado con 3 o mas siniestros en 18 meses (+8 pts) | Documentos incompletos o faltantes (+4 pts),0.09861408217680184,0
SIN-00808,POL-00466,ASG-00282,Hogar,Choque,2025-02-23,2025-02-26,5552.95,5086.87,3743.09,Pago Total,Norte,Accidente en carretera con policia presente. Croquis firmado por ambas partes.,True,Peritajes Express,P004,160,205,3,1,Manta,17469.12,0,0,VERDE,Sin alertas detectadas,0.08767410218731997,0
SIN-00809,POL-00371,ASG-00390,Vehiculos,Dano parcial,2024-07-26,2024-08-02,5955.75,4782.21,3831.9,Liquidado,Centro,El vehiculo fue impactado por un tercero que se dio a la fuga sin dejar datos.,True,Taller Central,P005,14,351,7,2,Ambato,7452.6,0,11,VERDE,Siniestro ocurrido en los primeros 30 dias de la poliza (+4 pts) | Reporte con demora de 4 a 7 dias (+3 pts) | Asegurado con 2 siniestros recientes (+4 pts),0.03059965163788425,0
SIN-00810,POL-00292,ASG-00221,Generales,Atencion medica,2026-04-18,2026-04-24,10322.16,8886.78,7863.81,Pago Total,Norte,El asegurado reporta que su vehiculo fue robado en un estacionamiento sin camaras.,True,Taller Central,P005,28,337,6,3,Quito,14919.69,0,15,VERDE,Siniestro ocurrido en los primeros 30 dias de la poliza (+4 pts) | Reporte con demora de 4 a 7 dias (+3 pts) | Asegurado con 3 o mas siniestros en 18 meses (+8 pts),0.07932596812260967,0
SIN-00811,POL-00585,ASG-00380,Vehiculos,Robo,2025-01-02,2025-01-08,31646.12,26336.41,20322.0,Pago Parcial,Este,Impacto en la parte trasera por vehiculo que huyo del lugar del accidente.,True,Clinica San Marcos,P002,25,340,6,3,Manta,48833.87,0,33,AMARILLO,Siniestro ocurrido en los primeros 30 dias de la poliza (+4 pts) | Reporte con demora de 4 a 7 dias (+3 pts) | Asegurado con 3 o mas siniestros en 18 meses (+8 pts) | Proveedor en lista restrictiva (+10 pts) | Robo reportado con mas de 48 horas de demora (+8 pts),0.029314757118819257,0
SIN-00812,POL-00594,ASG-00308,Vida,Responsabilidad Civil,2025-05-10,2025-05-13,10852.61,10444.33,8162.42,Cierre Sin Consecuencia,Este,Accidente en carretera con policia presente. Croquis firmado por ambas partes.,True,Clinica San Marcos,P002,296,69,3,0,Manta,25077.43,0,10,VERDE,Proveedor en lista restrictiva (+10 pts),0.03507864067097932,0
SIN-00813,POL-00448,ASG-00269,Vida,Dano parcial,2025-06-27,2025-07-03,4999.15,4309.96,3423.24,Negativa,Centro,El asegurado reporta que su vehiculo fue robado en un estacionamiento sin camaras.,False,Grua Rapida,P007,13,352,6,3,Quito,5932.21,0,29,AMARILLO,Siniestro ocurrido en los primeros 30 dias de la poliza (+4 pts) | Reporte con demora de 4 a 7 dias (+3 pts) | Asegurado con 3 o mas siniestros en 18 meses (+8 pts) | Documentos incompletos o faltantes (+4 pts) | Proveedor en lista restrictiva (+10 pts),0.03198516621922487,0
SIN-00845,POL-00277,ASG-00092,Generales,Choque,2025-05-26,2025-05-28,10211.16,9251.03,7552.21,Pago Total,Oeste,Robo de autopartes reportado inmediatamente a la policia. Denuncia adjunta.,True,Taller Premium,P008,25,340,2,0,Manta,25308.12,0,4,VERDE,Siniestro ocurrido en los primeros 30 dias de la poliza (+4 pts),0.07761918296302245,0
SIN-00814,POL-00255,ASG-00367,Vehiculos,Responsabilidad Civil,2026-03-05,2026-03-10,12416.74,11272.61,7960.13,Negativa,Este,Robo de autopartes reportado inmediatamente a la policia. Denuncia adjunta.,True,Taller Premium,P008,13,352,5,3,Ambato,15390.3,0,15,VERDE,Siniestro ocurrido en los primeros 30 dias de la poliza (+4 pts) | Reporte con demora de 4 a 7 dias (+3 pts) | Asegurado con 3 o mas siniestros en 18 meses (+8 pts),0.08815646858176751,0
SIN-00815,POL-00435,ASG-00046,Vida,Robo,2024-07-13,2024-07-20,15502.33,14097.38,13085.37,Reserva,Sur,El vehiculo fue impactado por un tercero que se dio a la fuga sin dejar datos.,True,Taller Central,P005,29,336,7,3,Quito,20670.35,0,23,AMARILLO,Siniestro ocurrido en los primeros 30 dias de la poliza (+4 pts) | Reporte con demora de 4 a 7 dias (+3 pts) | Asegurado con 3 o mas siniestros en 18 meses (+8 pts) | Robo reportado con mas de 48 horas de demora (+8 pts),0.06750033765062108,0
SIN-00816,POL-00095,ASG-00316,Vida,Robo,2025-05-18,2025-05-27,7159.37,6845.45,0.0,Pago Total,Norte,El asegurado reporta que su vehiculo fue robado en un estacionamiento sin camaras.,False,Taller El Veloz,P001,7,358,9,4,Cuenca,7252.93,1,48,ROJO,Siniestro ocurrido en los primeros 10 dias de la poliza (+8 pts) | Reporte tardio: mas de 7 dias despues del evento (+5 pts) | Asegurado con 3 o mas siniestros en 18 meses (+8 pts) | Documentos incompletos o faltantes (+4 pts) | Proveedor en lista restrictiva (+10 pts) | Monto reclamado es el 99% de la suma asegurada (+5 pts) | Robo reportado con mas de 48 horas de demora (+8 pts),0.010256090691319386,0
SIN-00817,POL-00054,ASG-00294,Hogar,Dano parcial,2024-12-31,2025-01-01,6298.03,5165.74,3773.33,Pago Total,Oeste,Dano por granizo en estacionamiento del trabajo. Evidencia fotografica adjunta.,True,Taller Norte,P003,53,312,1,0,Manta,40291.83,0,0,VERDE,Sin alertas detectadas,0.05418140727228088,0
SIN-00818,POL-00128,ASG-00399,Generales,Robo,2026-03-14,2026-03-16,17066.22,16217.58,15705.94,Negativa,Sur,Robo de autopartes reportado inmediatamente a la policia. Denuncia adjunta.,True,Taller Norte,P003,152,213,2,0,Quito,39238.71,0,0,VERDE,Sin alertas detectadas,0.05745767743884894,0
SIN-00819,POL-00172,ASG-00025,Generales,Atencion medica,2024-10-28,2024-11-04,27229.66,22331.65,18160.71,Reserva,Centro,El asegurado reporta que su vehiculo fue robado en un estacionamiento sin camaras.,True,Clinica del Sur,P006,16,349,7,2,Manta,43094.17,0,11,VERDE,Siniestro ocurrido en los primeros 30 dias de la poliza (+4 pts) | Reporte con demora de 4 a 7 dias (+3 pts) | Asegurado con 2 siniestros recientes (+4 pts),0.05222310091151222,0
SIN-00820,POL-00472,ASG-00271,Generales,Incendio,2025-12-30,2026-01-01,14332.91,14698.25,12597.0,Negativa,Sur,Choque en parqueadero de centro comercial con camaras de seguridad.,True,Grua Rapida,P007,266,99,2,1,Loja,35488.64,0,10,VERDE,Proveedor en lista restrictiva (+10 pts),0.05314589333952563,0
SIN-00821,POL-00516,ASG-00256,Hogar,Choque,2026-04-13,2026-04-16,1455.05,1301.34,988.51,Reserva,Sur,Robo de autopartes reportado inmediatamente a la policia. Denuncia adjunta.,True,Clinica del Sur,P006,99,266,3,0,Ambato,6638.75,0,0,VERDE,Sin alertas detectadas,0.037472171983127134,0
SIN-00822,POL-00446,ASG-00397,Hogar,Robo,2025-06-19,2025-07-01,10754.35,10098.22,0.0,Negativa,Norte,El asegurado reporta que su vehiculo fue robado en un estacionamiento sin camaras.,False,Clinica San Marcos,P002,4,361,12,4,Quito,11622.66,1,43,ROJO,Siniestro ocurrido en los primeros 10 dias de la poliza (+8 pts) | Reporte tardio: mas de 7 dias despues del evento (+5 pts) | Asegurado con 3 o mas siniestros en 18 meses (+8 pts) | Documentos incompletos o faltantes (+4 pts) | Proveedor en lista restrictiva (+10 pts) | Robo reportado con mas de 48 horas de demora (+8 pts),0.0024012978445482336,0
SIN-00823,POL-00252,ASG-00075,Hogar,Incendio,2025-10-28,2025-10-31,3961.74,4145.28,3587.67,Reserva,Este,Robo de autopartes reportado inmediatamente a la policia. Denuncia adjunta.,True,Taller El Veloz,P001,176,189,3,1,Manta,46523.6,0,10,VERDE,Proveedor en lista restrictiva (+10 pts),0.023533989623927942,0
SIN-00824,POL-00070,ASG-00181,Vehiculos,Robo,2025-12-28,2025-12-30,1459.37,1443.61,1171.32,Negativa,Este,Choque en parqueadero de centro comercial con camaras de seguridad.,True,Taller El Veloz,P001,280,85,2,0,Loja,18965.38,0,10,VERDE,Proveedor en lista restrictiva (+10 pts),0.0388467959208425,0
SIN-00825,POL-00343,ASG-00314,Generales,Dano parcial,2026-09-17,2026-09-20,8081.15,8080.31,6984.6,Cierre Sin Consecuencia,Oeste,Choque en parqueadero de centro comercial con camaras de seguridad.,True,Taller El Veloz,P001,222,143,3,0,Guayaquil,32979.77,0,10,VERDE,Proveedor en lista restrictiva (+10 pts),0.07036518449574453,0
SIN-00826,POL-00519,ASG-00035,Vida,Responsabilidad Civil,2026-04-21,2026-04-22,1356.52,1336.26,1045.93,Pago Total,Norte,Dano por granizo en estacionamiento del trabajo. Evidencia fotografica adjunta.,True,Clinica del Sur,P006,208,157,1,0,Loja,11899.85,0,0,VERDE,Sin alertas detectadas,0.05206631825312791,0
SIN-00827,POL-00046,ASG-00156,Vida,Robo,2025-12-11,2025-12-13,5443.88,5973.61,4474.34,Reserva,Centro,Dano por granizo en estacionamiento del trabajo. Evidencia fotografica adjunta.,True,Peritajes Express,P004,198,167,2,0,Manta,10982.39,0,0,VERDE,Sin alertas detectadas,0.05751457479165012,0
SIN-00828,POL-00495,ASG-00034,Vehiculos,Choque,2026-09-30,2026-10-02,15127.02,16438.54,12779.73,Liquidado,Oeste,Robo de autopartes reportado inmediatamente a la policia. Denuncia adjunta.,True,Taller Premium,P008,136,229,2,1,Loja,46181.03,0,0,VERDE,Sin alertas detectadas,0.06472895465086187,0
SIN-00829,POL-00339,ASG-00324,Generales,Robo,2026-03-03,2026-03-06,7678.57,7292.05,6688.87,Negativa,Norte,Robo de autopartes reportado inmediatamente a la policia. Denuncia adjunta.,True,Taller Central,P005,257,108,3,1,Quito,28701.91,0,8,VERDE,Robo reportado con mas de 48 horas de demora (+8 pts),0.05922614415825611,0
SIN-00830,POL-00308,ASG-00132,Salud,Incendio,2025-08-26,2025-08-28,2747.85,2665.34,2104.89,Pago Total,Sur,Accidente en carretera con policia presente. Croquis firmado por ambas partes.,True,Peritajes Express,P004,130,235,2,1,Quito,11658.74,0,0,VERDE,Sin alertas detectadas,0.08837044457438054,0
SIN-00831,POL-00493,ASG-00340,Vida,Incendio,2026-06-23,2026-06-23,3829.51,3417.46,2891.02,Negativa,Este,Robo de autopartes reportado inmediatamente a la policia. Denuncia adjunta.,True,Grua Rapida,P007,36,329,0,0,Quito,19128.07,0,10,VERDE,Proveedor en lista restrictiva (+10 pts),0.0557437378424247,0
SIN-00832,POL-00220,ASG-00208,Hogar,Robo,2025-02-13,2025-02-15,9802.81,9431.39,7995.88,Reserva,Sur,El vehiculo fue impactado por un tercero que se dio a la fuga sin dejar datos.,True,Taller Norte,P003,23,342,2,2,Ambato,15580.01,0,8,VERDE,Siniestro ocurrido en los primeros 30 dias de la poliza (+4 pts) | Asegurado con 2 siniestros recientes (+4 pts),0.08603156542179374,0
SIN-00833,POL-00053,ASG-00002,Hogar,Robo,2026-05-11,2026-05-20,6037.36,6259.91,0.0,Negativa,Este,El vehiculo fue impactado por un tercero que se dio a la fuga sin dejar datos.,False,Taller El Veloz,P001,3,362,9,4,Ambato,6470.81,1,43,ROJO,Siniestro ocurrido en los primeros 10 dias de la poliza (+8 pts) | Reporte tardio: mas de 7 dias despues del evento (+5 pts) | Asegurado con 3 o mas siniestros en 18 meses (+8 pts) | Documentos incompletos o faltantes (+4 pts) | Proveedor en lista restrictiva (+10 pts) | Robo reportado con mas de 48 horas de demora (+8 pts),-0.005440718880977968,1
SIN-00834,POL-00111,ASG-00137,Salud,Choque,2024-11-21,2024-11-23,3950.4,3748.63,2875.71,Pago Parcial,Norte,Choque en parqueadero de centro comercial con camaras de seguridad.,True,Taller Central,P005,167,198,2,0,Manta,32694.58,0,0,VERDE,Sin alertas detectadas,0.07396921718785854,0
SIN-00835,POL-00403,ASG-00174,Generales,Atencion medica,2025-05-26,2025-05-29,8635.6,8634.53,6589.56,Negativa,Sur,Dano por granizo en estacionamiento del trabajo. Evidencia fotografica adjunta.,True,Clinica del Sur,P006,129,236,3,1,Cuenca,36270.89,0,0,VERDE,Sin alertas detectadas,0.07551278612195078,0
SIN-00836,POL-00159,ASG-00019,Vida,Robo,2025-11-16,2025-11-18,12473.43,12667.92,10521.98,Reserva,Oeste,Robo de autopartes reportado inmediatamente a la policia. Denuncia adjunta.,True,Clinica San Marcos,P002,241,124,2,0,Quito,31445.74,0,10,VERDE,Proveedor en lista restrictiva (+10 pts),0.06132371046166646,0
SIN-00837,POL-00310,ASG-00364,Vida,Robo,2024-11-11,2024-11-20,24690.1,20736.5,0.0,Pago Parcial,Este,El asegurado reporta que su vehiculo fue robado en un estacionamiento sin camaras.,False,Clinica San Marcos,P002,1,364,9,6,Cuenca,26295.27,1,43,ROJO,Siniestro ocurrido en los primeros 10 dias de la poliza (+8 pts) | Reporte tardio: mas de 7 dias despues del evento (+5 pts) | Asegurado con 3 o mas siniestros en 18 meses (+8 pts) | Documentos incompletos o faltantes (+4 pts) | Proveedor en lista restrictiva (+10 pts) | Robo reportado con mas de 48 horas de demora (+8 pts),-0.029407392845565816,1
SIN-00838,POL-00323,ASG-00385,Hogar,Incendio,2026-04-24,2026-04-26,4257.9,4061.34,3446.48,Pago Parcial,Sur,Dano por granizo en estacionamiento del trabajo. Evidencia fotografica adjunta.,True,Taller Norte,P003,341,24,2,0,Guayaquil,36493.49,0,0,VERDE,Sin alertas detectadas,0.010877568637302049,0
SIN-00839,POL-00185,ASG-00214,Generales,Robo,2024-07-22,2024-08-04,4982.85,4636.45,0.0,Cierre Sin Consecuencia,Norte,Impacto en la parte trasera por vehiculo que huyo del lugar del accidente.,False,Taller El Veloz,P001,8,357,13,4,Cuenca,5415.13,1,43,ROJO,Siniestro ocurrido en los primeros 10 dias de la poliza (+8 pts) | Reporte tardio: mas de 7 dias despues del evento (+5 pts) | Asegurado con 3 o mas siniestros en 18 meses (+8 pts) | Documentos incompletos o faltantes (+4 pts) | Proveedor en lista restrictiva (+10 pts) | Robo reportado con mas de 48 horas de demora (+8 pts),-0.054799323927777976,1
SIN-00840,POL-00466,ASG-00369,Vehiculos,Robo,2025-04-16,2025-05-01,17995.65,19380.0,0.0,Liquidado,Sur,Impacto en la parte trasera por vehiculo que huyo del lugar del accidente.,False,Taller El Veloz,P001,10,355,15,4,Cuenca,18058.7,1,48,ROJO,Siniestro ocurrido en los primeros 10 dias de la poliza (+8 pts) | Reporte tardio: mas de 7 dias despues del evento (+5 pts) | Asegurado con 3 o mas siniestros en 18 meses (+8 pts) | Documentos incompletos o faltantes (+4 pts) | Proveedor en lista restrictiva (+10 pts) | Monto reclamado es el 100% de la suma asegurada (+5 pts) | Robo reportado con mas de 48 horas de demora (+8 pts),-0.04411756848275383,1
SIN-00841,POL-00461,ASG-00136,Generales,Atencion medica,2024-07-10,2024-07-13,21009.27,16821.6,12016.16,Reserva,Centro,Impacto en la parte trasera por vehiculo que huyo del lugar del accidente.,False,Peritajes Express,P004,27,338,3,3,Manta,34342.46,0,16,VERDE,Siniestro ocurrido en los primeros 30 dias de la poliza (+4 pts) | Asegurado con 3 o mas siniestros en 18 meses (+8 pts) | Documentos incompletos o faltantes (+4 pts),0.07445826748070383,0
SIN-00842,POL-00549,ASG-00280,Generales,Responsabilidad Civil,2026-03-06,2026-03-07,1665.23,1721.69,1646.92,Negativa,Oeste,Choque en parqueadero de centro comercial con camaras de seguridad.,True,Taller Central,P005,339,26,1,1,Guayaquil,5735.45,0,0,VERDE,Sin alertas detectadas,-0.00554577133405898,1
SIN-00843,POL-00337,ASG-00091,Hogar,Responsabilidad Civil,2025-01-22,2025-01-22,1327.69,1324.02,1193.66,Negativa,Sur,Robo de autopartes reportado inmediatamente a la policia. Denuncia adjunta.,True,Clinica San Marcos,P002,56,309,0,0,Quito,14011.57,0,10,VERDE,Proveedor en lista restrictiva (+10 pts),0.03938709105556526,0
SIN-00844,POL-00437,ASG-00105,Hogar,Dano parcial,2026-12-13,2026-12-13,1792.62,1892.84,1326.88,Pago Total,Norte,Dano por granizo en estacionamiento del trabajo. Evidencia fotografica adjunta.,True,Taller Central,P005,325,40,0,0,Loja,21264.33,0,0,VERDE,Sin alertas detectadas,0.0025252660536906335,0
SIN-00846,POL-00257,ASG-00372,Vehiculos,Robo,2026-01-02,2026-01-09,34828.43,31417.13,25660.99,Negativa,Norte,Dano por granizo en estacionamiento del trabajo. Evidencia fotografica adjunta.,False,Clinica San Marcos,P002,27,338,7,2,Quito,46124.59,0,33,AMARILLO,Siniestro ocurrido en los primeros 30 dias de la poliza (+4 pts) | Reporte con demora de 4 a 7 dias (+3 pts) | Asegurado con 2 siniestros recientes (+4 pts) | Documentos incompletos o faltantes (+4 pts) | Proveedor en lista restrictiva (+10 pts) | Robo reportado con mas de 48 horas de demora (+8 pts),0.008250010956150522,0
SIN-00847,POL-00525,ASG-00398,Generales,Robo,2025-12-13,2025-12-28,14459.83,12431.61,0.0,Reserva,Norte,El asegurado reporta que su vehiculo fue robado en un estacionamiento sin camaras.,False,Clinica San Marcos,P002,4,361,15,5,Loja,14556.2,1,48,ROJO,Siniestro ocurrido en los primeros 10 dias de la poliza (+8 pts) | Reporte tardio: mas de 7 dias despues del evento (+5 pts) | Asegurado con 3 o mas siniestros en 18 meses (+8 pts) | Documentos incompletos o faltantes (+4 pts) | Proveedor en lista restrictiva (+10 pts) | Monto reclamado es el 99% de la suma asegurada (+5 pts) | Robo reportado con mas de 48 horas de demora (+8 pts),-0.036086596049898056,1
SIN-00848,POL-00464,ASG-00097,Hogar,Incendio,2026-08-26,2026-08-28,9193.32,9679.71,8502.6,Liquidado,Norte,Colision leve en interseccion con semaforo. El tercero presento sus datos.,True,Clinica del Sur,P006,314,51,2,0,Loja,20993.97,0,0,VERDE,Sin alertas detectadas,0.04234250992222077,0
SIN-00849,POL-00140,ASG-00243,Vehiculos,Dano parcial,2026-10-22,2026-10-24,8007.9,7111.3,6809.76,Reserva,Centro,Choque en parqueadero de centro comercial con camaras de seguridad.,True,Clinica del Sur,P006,262,103,2,1,Guayaquil,49826.11,0,0,VERDE,Sin alertas detectadas,0.020756540537534507,0
SIN-00850,POL-00141,ASG-00357,Vida,Choque,2026-01-08,2026-01-12,17978.52,19675.26,15707.27,Cierre Sin Consecuencia,Norte,El vehiculo fue impactado por un tercero que se dio a la fuga sin dejar datos.,False,Clinica del Sur,P006,26,339,4,2,Ambato,22081.15,0,15,VERDE,Siniestro ocurrido en los primeros 30 dias de la poliza (+4 pts) | Reporte con demora de 4 a 7 dias (+3 pts) | Asegurado con 2 siniestros recientes (+4 pts) | Documentos incompletos o faltantes (+4 pts),0.09864850610209314,0
SIN-00851,POL-00141,ASG-00269,Hogar,Atencion medica,2025-05-08,2025-05-09,13402.76,11653.11,9123.85,Liquidado,Oeste,Choque en parqueadero de centro comercial con camaras de seguridad.,True,Clinica San Marcos,P002,175,190,1,0,Cuenca,43320.65,0,10,VERDE,Proveedor en lista restrictiva (+10 pts),0.05180515125706403,0
SIN-00852,POL-00082,ASG-00365,Generales,Robo,2025-09-01,2025-09-06,28849.43,24264.32,0.0,Reserva,Oeste,El asegurado reporta que su vehiculo fue robado en un estacionamiento sin camaras.,False,Clinica San Marcos,P002,7,358,5,3,Cuenca,30981.28,1,41,ROJO,Siniestro ocurrido en los primeros 10 dias de la poliza (+8 pts) | Reporte con demora de 4 a 7 dias (+3 pts) | Asegurado con 3 o mas siniestros en 18 meses (+8 pts) | Documentos incompletos o faltantes (+4 pts) | Proveedor en lista restrictiva (+10 pts) | Robo reportado con mas de 48 horas de demora (+8 pts),0.07985391253268947,0
SIN-00853,POL-00005,ASG-00055,Generales,Choque,2026-01-16,2026-01-19,4312.6,4266.25,3007.94,Pago Total,Sur,El asegurado reporta que su vehiculo fue robado en un estacionamiento sin camaras.,True,Grua Rapida,P007,28,337,3,2,Cuenca,6913.62,0,18,VERDE,Siniestro ocurrido en los primeros 30 dias de la poliza (+4 pts) | Asegurado con 2 siniestros recientes (+4 pts) | Proveedor en lista restrictiva (+10 pts),0.040583797135980815,0
SIN-00854,POL-00174,ASG-00378,Vehiculos,Responsabilidad Civil,2025-02-09,2025-02-10,11919.79,11072.49,9787.83,Negativa,Sur,Dano por granizo en estacionamiento del trabajo. Evidencia fotografica adjunta.,True,Grua Rapida,P007,246,119,1,0,Ambato,43872.14,0,10,VERDE,Proveedor en lista restrictiva (+10 pts),0.04988557953739964,0
SIN-00855,POL-00541,ASG-00150,Hogar,Robo,2026-01-05,2026-01-05,8541.34,6836.79,5020.82,Liquidado,Sur,Robo de autopartes reportado inmediatamente a la policia. Denuncia adjunta.,True,Taller Central,P005,215,150,0,1,Ambato,23203.43,0,0,VERDE,Sin alertas detectadas,0.060358779963380405,0
SIN-00856,POL-00260,ASG-00354,Salud,Robo,2025-01-31,2025-02-05,12938.78,14075.06,0.0,Liquidado,Norte,Colision frontal con vehiculo desconocido en horas de la madrugada sin testigos.,False,Grua Rapida,P007,4,361,5,5,Loja,13296.11,1,46,ROJO,Siniestro ocurrido en los primeros 10 dias de la poliza (+8 pts) | Reporte con demora de 4 a 7 dias (+3 pts) | Asegurado con 3 o mas siniestros en 18 meses (+8 pts) | Documentos incompletos o faltantes (+4 pts) | Proveedor en lista restrictiva (+10 pts) | Monto reclamado es el 97% de la suma asegurada (+5 pts) | Robo reportado con mas de 48 horas de demora (+8 pts),0.013530764687268881,0
SIN-00857,POL-00216,ASG-00368,Salud,Robo,2024-06-22,2024-07-02,33878.21,35820.34,0.0,Pago Total,Sur,Impacto en la parte trasera por vehiculo que huyo del lugar del accidente.,False,Clinica San Marcos,P002,2,363,10,4,Quito,36330.09,1,43,ROJO,Siniestro ocurrido en los primeros 10 dias de la poliza (+8 pts) | Reporte tardio: mas de 7 dias despues del evento (+5 pts) | Asegurado con 3 o mas siniestros en 18 meses (+8 pts) | Documentos incompletos o faltantes (+4 pts) | Proveedor en lista restrictiva (+10 pts) | Robo reportado con mas de 48 horas de demora (+8 pts),0.01251738429979643,0
SIN-00858,POL-00399,ASG-00181,Vida,Incendio,2024-11-13,2024-11-15,1796.28,1470.11,1421.13,Reserva,Este,Accidente en carretera con policia presente. Croquis firmado por ambas partes.,True,Peritajes Express,P004,73,292,2,0,Cuenca,34963.56,0,0,VERDE,Sin alertas detectadas,0.06063054481650143,0
SIN-00859,POL-00537,ASG-00149,Hogar,Robo,2026-09-16,2026-09-19,4023.01,3926.24,3158.08,Cierre Sin Consecuencia,Sur,Choque en parqueadero de centro comercial con camaras de seguridad.,True,Taller Central,P005,217,148,3,0,Manta,9968.74,0,8,VERDE,Robo reportado con mas de 48 horas de demora (+8 pts),0.0456931777723798,0
SIN-00860,POL-00461,ASG-00103,Hogar,Robo,2024-09-21,2024-09-23,14383.2,15763.24,13643.46,Cierre Sin Consecuencia,Sur,Robo de autopartes reportado inmediatamente a la policia. Denuncia adjunta.,False,Grua Rapida,P007,15,350,2,2,Manta,17402.7,0,22,AMARILLO,Siniestro ocurrido en los primeros 30 dias de la poliza (+4 pts) | Asegurado con 2 siniestros recientes (+4 pts) | Documentos incompletos o faltantes (+4 pts) | Proveedor en lista restrictiva (+10 pts),0.08853232869745237,0
SIN-00861,POL-00113,ASG-00138,Generales,Atencion medica,2026-06-28,2026-06-28,8696.11,9301.64,7214.63,Pago Total,Oeste,Colision leve en interseccion con semaforo. El tercero presento sus datos.,True,Taller Central,P005,78,287,0,0,Loja,28491.27,0,0,VERDE,Sin alertas detectadas,0.06981154223655794,0
SIN-00862,POL-00589,ASG-00272,Salud,Choque,2024-07-15,2024-07-18,10156.91,8714.89,6384.0,Pago Parcial,Este,Colision leve en interseccion con semaforo. El tercero presento sus datos.,True,Taller El Veloz,P001,47,318,3,1,Cuenca,33238.37,0,10,VERDE,Proveedor en lista restrictiva (+10 pts),0.08902723126187839,0
SIN-00863,POL-00258,ASG-00357,Vehiculos,Incendio,2026-06-02,2026-06-03,6154.04,5793.51,4474.62,Pago Parcial,Este,Robo de autopartes reportado inmediatamente a la policia. Denuncia adjunta.,True,Clinica del Sur,P006,88,277,1,1,Manta,31378.66,0,0,VERDE,Sin alertas detectadas,0.09511629948960837,0
SIN-00864,POL-00234,ASG-00221,Salud,Incendio,2026-05-09,2026-05-15,5101.34,5180.56,3969.45,Pago Total,Sur,Colision frontal con vehiculo desconocido en horas de la madrugada sin testigos.,True,Taller Norte,P003,24,341,6,3,Guayaquil,5739.41,0,15,VERDE,Siniestro ocurrido en los primeros 30 dias de la poliza (+4 pts) | Reporte con demora de 4 a 7 dias (+3 pts) | Asegurado con 3 o mas siniestros en 18 meses (+8 pts),0.027093485186221566,0
SIN-00865,POL-00380,ASG-00050,Hogar,Responsabilidad Civil,2025-02-17,2025-02-18,508.8,421.31,326.56,Liquidado,Oeste,Dano por granizo en estacionamiento del trabajo. Evidencia fotografica adjunta.,True,Clinica San Marcos,P002,222,143,1,0,Ambato,5526.4,0,10,VERDE,Proveedor en lista restrictiva (+10 pts),-0.0012396913249038688,1
SIN-00866,POL-00247,ASG-00023,Vida,Robo,2025-09-20,2025-09-20,1570.78,1692.43,1325.68,Negativa,Centro,Choque en parqueadero de centro comercial con camaras de seguridad.,True,Taller El Veloz,P001,263,102,0,0,Manta,17468.67,0,10,VERDE,Proveedor en lista restrictiva (+10 pts),0.031166488494442923,0
SIN-00867,POL-00366,ASG-00386,Generales,Choque,2025-11-13,2025-11-16,24257.16,25425.95,19305.76,Pago Parcial,Este,El asegurado reporta que su vehiculo fue robado en un estacionamiento sin camaras.,True,Clinica San Marcos,P002,16,349,3,2,Loja,36317.26,0,18,VERDE,Siniestro ocurrido en los primeros 30 dias de la poliza (+4 pts) | Asegurado con 2 siniestros recientes (+4 pts) | Proveedor en lista restrictiva (+10 pts),0.08738382257968591,0
SIN-00868,POL-00063,ASG-00339,Hogar,Responsabilidad Civil,2025-05-21,2025-05-24,3916.66,3689.96,2591.41,Pago Parcial,Norte,Colision leve en interseccion con semaforo. El tercero presento sus datos.,True,Peritajes Express,P004,216,149,3,0,Cuenca,32839.08,0,0,VERDE,Sin alertas detectadas,0.06175221685649346,0
SIN-00869,POL-00546,ASG-00090,Salud,Choque,2025-05-13,2025-05-16,6920.11,7017.75,6415.04,Cierre Sin Consecuencia,Oeste,Dano por granizo en estacionamiento del trabajo. Evidencia fotografica adjunta.,True,Taller Norte,P003,260,105,3,1,Quito,45180.52,0,0,VERDE,Sin alertas detectadas,0.03309123565720484,0
SIN-00870,POL-00600,ASG-00169,Vida,Incendio,2025-03-28,2025-03-31,2122.1,2287.34,2148.93,Reserva,Sur,Robo de autopartes reportado inmediatamente a la policia. Denuncia adjunta.,True,Peritajes Express,P004,25,340,3,0,Quito,12082.87,0,4,VERDE,Siniestro ocurrido en los primeros 30 dias de la poliza (+4 pts),0.05068861236674782,0
SIN-00871,POL-00416,ASG-00152,Salud,Choque,2026-07-04,2026-07-04,8787.58,7169.34,5405.24,Pago Total,Sur,Accidente en carretera con policia presente. Croquis firmado por ambas partes.,True,Clinica San Marcos,P002,202,163,0,0,Quito,29095.15,0,10,VERDE,Proveedor en lista restrictiva (+10 pts),0.061293243720968504,0
SIN-00872,POL-00247,ASG-00026,Generales,Dano parcial,2025-07-25,2025-07-27,21819.35,22876.13,16315.38,Negativa,Sur,Choque en parqueadero de centro comercial con camaras de seguridad.,False,Peritajes Express,P004,28,337,2,2,Guayaquil,32310.56,0,12,VERDE,Siniestro ocurrido en los primeros 30 dias de la poliza (+4 pts) | Asegurado con 2 siniestros recientes (+4 pts) | Documentos incompletos o faltantes (+4 pts),0.08515507775253683,0
SIN-00873,POL-00144,ASG-00113,Vehiculos,Incendio,2026-02-09,2026-02-09,3446.35,2927.3,2291.76,Pago Parcial,Norte,Robo de autopartes reportado inmediatamente a la policia. Denuncia adjunta.,True,Taller Premium,P008,201,164,0,1,Loja,9022.24,0,0,VERDE,Sin alertas detectadas,0.049095528934936516,0
SIN-00874,POL-00034,ASG-00392,Vehiculos,Choque,2025-01-16,2025-01-18,3886.97,3621.47,3506.63,Cierre Sin Consecuencia,Centro,Accidente en carretera con policia presente. Croquis firmado por ambas partes.,True,Taller El Veloz,P001,29,336,2,2,Cuenca,6229.48,0,18,VERDE,Siniestro ocurrido en los primeros 30 dias de la poliza (+4 pts) | Asegurado con 2 siniestros recientes (+4 pts) | Proveedor en lista restrictiva (+10 pts),0.03546279031183186,0
SIN-00875,POL-00059,ASG-00323,Hogar,Robo,2025-11-24,2025-12-09,29931.17,29335.67,0.0,Liquidado,Oeste,El vehiculo fue impactado por un tercero que se dio a la fuga sin dejar datos.,False,Clinica San Marcos,P002,9,356,15,4,Loja,32219.18,1,43,ROJO,Siniestro ocurrido en los primeros 10 dias de la poliza (+8 pts) | Reporte tardio: mas de 7 dias despues del evento (+5 pts) | Asegurado con 3 o mas siniestros en 18 meses (+8 pts) | Documentos incompletos o faltantes (+4 pts) | Proveedor en lista restrictiva (+10 pts) | Robo reportado con mas de 48 horas de demora (+8 pts),-0.04492981168561683,1
SIN-00876,POL-00489,ASG-00148,Hogar,Dano parcial,2025-09-26,2025-09-28,10146.0,9539.21,6803.78,Reserva,Norte,Colision leve en interseccion con semaforo. El tercero presento sus datos.,True,Taller Norte,P003,265,100,2,1,Ambato,45961.41,0,0,VERDE,Sin alertas detectadas,0.04703655091691128,0
SIN-00877,POL-00268,ASG-00126,Generales,Robo,2025-11-13,2025-11-16,24220.03,26574.22,21548.23,Reserva,Centro,Choque en parqueadero de centro comercial con camaras de seguridad.,False,Taller Central,P005,14,351,3,2,Manta,33650.06,0,20,AMARILLO,Siniestro ocurrido en los primeros 30 dias de la poliza (+4 pts) | Asegurado con 2 siniestros recientes (+4 pts) | Documentos incompletos o faltantes (+4 pts) | Robo reportado con mas de 48 horas de demora (+8 pts),0.09033265502787241,0
SIN-00878,POL-00318,ASG-00088,Vida,Choque,2024-12-12,2024-12-18,18567.84,19156.63,17884.33,Liquidado,Sur,Dano por granizo en estacionamiento del trabajo. Evidencia fotografica adjunta.,False,Taller El Veloz,P001,24,341,6,2,Manta,21889.65,0,25,AMARILLO,Siniestro ocurrido en los primeros 30 dias de la poliza (+4 pts) | Reporte con demora de 4 a 7 dias (+3 pts) | Asegurado con 2 siniestros recientes (+4 pts) | Documentos incompletos o faltantes (+4 pts) | Proveedor en lista restrictiva (+10 pts),0.08319317455951847,0
SIN-00879,POL-00129,ASG-00034,Hogar,Dano parcial,2026-04-12,2026-04-12,6891.71,6645.29,5595.95,Pago Total,Oeste,Robo de autopartes reportado inmediatamente a la policia. Denuncia adjunta.,True,Grua Rapida,P007,143,222,0,0,Guayaquil,41089.72,0,10,VERDE,Proveedor en lista restrictiva (+10 pts),0.043563689595496724,0
SIN-00880,POL-00199,ASG-00194,Hogar,Robo,2025-08-05,2025-08-06,4887.41,4974.39,4260.65,Cierre Sin Consecuencia,Centro,Choque en parqueadero de centro comercial con camaras de seguridad.,True,Grua Rapida,P007,101,264,1,1,Quito,13445.78,0,10,VERDE,Proveedor en lista restrictiva (+10 pts),0.08723702491602248,0
SIN-00881,POL-00418,ASG-00153,Hogar,Responsabilidad Civil,2026-12-11,2026-12-14,2328.52,1920.22,1847.32,Negativa,Centro,Robo de autopartes reportado inmediatamente a la policia. Denuncia adjunta.,True,Taller Norte,P003,200,165,3,1,Loja,15922.23,0,0,VERDE,Sin alertas detectadas,0.06492782035907141,0
SIN-00882,POL-00400,ASG-00081,Salud,Incendio,2025-06-22,2025-06-24,7867.72,6746.58,6474.29,Cierre Sin Consecuencia,Norte,Dano por granizo en estacionamiento del trabajo. Evidencia fotografica adjunta.,True,Taller El Veloz,P001,52,313,2,1,Quito,38763.18,0,10,VERDE,Proveedor en lista restrictiva (+10 pts),0.08548024417392408,0
SIN-00883,POL-00087,ASG-00241,Generales,Dano parcial,2026-09-15,2026-09-15,9340.73,8149.16,7409.39,Liquidado,Sur,Colision leve en interseccion con semaforo. El tercero presento sus datos.,True,Taller Central,P005,236,129,0,1,Ambato,23503.62,0,0,VERDE,Sin alertas detectadas,0.054878407892957615,0
SIN-00884,POL-00283,ASG-00170,Hogar,Choque,2025-08-17,2025-08-17,5486.56,4726.08,3614.7,Pago Parcial,Sur,Robo de autopartes reportado inmediatamente a la policia. Denuncia adjunta.,True,Taller El Veloz,P001,158,207,0,0,Cuenca,11041.42,0,10,VERDE,Proveedor en lista restrictiva (+10 pts),0.036250886974362295,0
SIN-00885,POL-00539,ASG-00132,Salud,Robo,2026-01-24,2026-02-05,42636.09,41697.9,0.0,Cierre Sin Consecuencia,Sur,Colision frontal con vehiculo desconocido en horas de la madrugada sin testigos.,False,Grua Rapida,P007,10,355,12,4,Guayaquil,44756.61,1,48,ROJO,Siniestro ocurrido en los primeros 10 dias de la poliza (+8 pts) | Reporte tardio: mas de 7 dias despues del evento (+5 pts) | Asegurado con 3 o mas siniestros en 18 meses (+8 pts) | Documentos incompletos o faltantes (+4 pts) | Proveedor en lista restrictiva (+10 pts) | Monto reclamado es el 95% de la suma asegurada (+5 pts) | Robo reportado con mas de 48 horas de demora (+8 pts),-0.037257869536012955,1
SIN-00886,POL-00505,ASG-00111,Vida,Robo,2024-06-06,2024-06-20,33170.32,36096.67,0.0,Negativa,Oeste,El vehiculo fue impactado por un tercero que se dio a la fuga sin dejar datos.,False,Clinica San Marcos,P002,2,363,14,6,Loja,33981.27,1,48,ROJO,Siniestro ocurrido en los primeros 10 dias de la poliza (+8 pts) | Reporte tardio: mas de 7 dias despues del evento (+5 pts) | Asegurado con 3 o mas siniestros en 18 meses (+8 pts) | Documentos incompletos o faltantes (+4 pts) | Proveedor en lista restrictiva (+10 pts) | Monto reclamado es el 98% de la suma asegurada (+5 pts) | Robo reportado con mas de 48 horas de demora (+8 pts),-0.058931394854835784,1
SIN-00887,POL-00538,ASG-00005,Generales,Choque,2026-02-02,2026-02-02,3960.34,3458.63,2812.51,Negativa,Este,Choque en parqueadero de centro comercial con camaras de seguridad.,True,Taller El Veloz,P001,43,322,0,0,Cuenca,13317.3,0,10,VERDE,Proveedor en lista restrictiva (+10 pts),0.05019862975760242,0
SIN-00888,POL-00271,ASG-00374,Vehiculos,Dano parcial,2024-08-21,2024-08-27,40701.19,36361.16,26226.35,Reserva,Oeste,El vehiculo fue impactado por un tercero que se dio a la fuga sin dejar datos.,True,Grua Rapida,P007,22,343,6,2,Loja,49055.08,0,21,AMARILLO,Siniestro ocurrido en los primeros 30 dias de la poliza (+4 pts) | Reporte con demora de 4 a 7 dias (+3 pts) | Asegurado con 2 siniestros recientes (+4 pts) | Proveedor en lista restrictiva (+10 pts),0.0038274536730448228,0
SIN-00889,POL-00589,ASG-00147,Hogar,Robo,2025-01-13,2025-01-21,16645.52,14515.6,0.0,Pago Parcial,Centro,Colision frontal con vehiculo desconocido en horas de la madrugada sin testigos.,False,Grua Rapida,P007,7,358,8,3,Ambato,18150.96,1,43,ROJO,Siniestro ocurrido en los primeros 10 dias de la poliza (+8 pts) | Reporte tardio: mas de 7 dias despues del evento (+5 pts) | Asegurado con 3 o mas siniestros en 18 meses (+8 pts) | Documentos incompletos o faltantes (+4 pts) | Proveedor en lista restrictiva (+10 pts) | Robo reportado con mas de 48 horas de demora (+8 pts),0.06827636386026864,0
SIN-00890,POL-00346,ASG-00215,Salud,Dano parcial,2026-02-03,2026-02-03,6976.88,6078.92,5961.46,Negativa,Este,Colision leve en interseccion con semaforo. El tercero presento sus datos.,True,Taller Central,P005,263,102,0,1,Ambato,16481.63,0,0,VERDE,Sin alertas detectadas,0.04531988070647264,0
SIN-00891,POL-00048,ASG-00266,Vehiculos,Robo,2025-08-27,2025-08-28,2177.62,2276.6,2114.55,Negativa,Sur,Accidente en carretera con policia presente. Croquis firmado por ambas partes.,True,Taller El Veloz,P001,164,201,1,0,Guayaquil,10243.07,0,10,VERDE,Proveedor en lista restrictiva (+10 pts),0.05528616224117394,0
SIN-00892,POL-00467,ASG-00038,Salud,Atencion medica,2024-08-23,2024-08-29,29268.51,28914.76,24449.77,Liquidado,Sur,Colision frontal con vehiculo desconocido en horas de la madrugada sin testigos.,False,Taller Norte,P003,24,341,6,3,Cuenca,38532.26,0,19,VERDE,Siniestro ocurrido en los primeros 30 dias de la poliza (+4 pts) | Reporte con demora de 4 a 7 dias (+3 pts) | Asegurado con 3 o mas siniestros en 18 meses (+8 pts) | Documentos incompletos o faltantes (+4 pts),0.0769556545881186,0
SIN-00893,POL-00216,ASG-00269,Salud,Robo,2025-10-26,2025-11-07,17670.98,16296.83,0.0,Pago Total,Sur,Impacto en la parte trasera por vehiculo que huyo del lugar del accidente.,False,Clinica San Marcos,P002,9,356,12,4,Ambato,18068.04,1,48,ROJO,Siniestro ocurrido en los primeros 10 dias de la poliza (+8 pts) | Reporte tardio: mas de 7 dias despues del evento (+5 pts) | Asegurado con 3 o mas siniestros en 18 meses (+8 pts) | Documentos incompletos o faltantes (+4 pts) | Proveedor en lista restrictiva (+10 pts) | Monto reclamado es el 98% de la suma asegurada (+5 pts) | Robo reportado con mas de 48 horas de demora (+8 pts),0.008401204691036446,0
SIN-00894,POL-00384,ASG-00315,Vehiculos,Dano parcial,2025-06-05,2025-06-05,3046.19,3291.37,3009.62,Negativa,Centro,Robo de autopartes reportado inmediatamente a la policia. Denuncia adjunta.,True,Taller Premium,P008,338,27,0,0,Guayaquil,7403.02,0,0,VERDE,Sin alertas detectadas,-0.03041767360932235,1
SIN-00895,POL-00597,ASG-00085,Generales,Dano parcial,2025-10-06,2025-10-08,13515.09,11175.58,9573.71,Pago Total,Oeste,Choque en parqueadero de centro comercial con camaras de seguridad.,True,Grua Rapida,P007,61,304,2,1,Manta,31903.27,0,10,VERDE,Proveedor en lista restrictiva (+10 pts),0.10314990514490996,0
SIN-00896,POL-00375,ASG-00297,Generales,Robo,2025-08-17,2025-08-26,45777.61,48146.87,0.0,Pago Total,Centro,El vehiculo fue impactado por un tercero que se dio a la fuga sin dejar datos.,False,Taller El Veloz,P001,9,356,9,4,Cuenca,47837.08,1,48,ROJO,Siniestro ocurrido en los primeros 10 dias de la poliza (+8 pts) | Reporte tardio: mas de 7 dias despues del evento (+5 pts) | Asegurado con 3 o mas siniestros en 18 meses (+8 pts) | Documentos incompletos o faltantes (+4 pts) | Proveedor en lista restrictiva (+10 pts) | Monto reclamado es el 96% de la suma asegurada (+5 pts) | Robo reportado con mas de 48 horas de demora (+8 pts),-0.030388880998584167,1
SIN-00897,POL-00145,ASG-00398,Vida,Robo,2026-01-25,2026-02-06,21230.03,21072.52,0.0,Pago Total,Sur,Impacto en la parte trasera por vehiculo que huyo del lugar del accidente.,False,Grua Rapida,P007,9,356,12,3,Loja,23189.55,1,43,ROJO,Siniestro ocurrido en los primeros 10 dias de la poliza (+8 pts) | Reporte tardio: mas de 7 dias despues del evento (+5 pts) | Asegurado con 3 o mas siniestros en 18 meses (+8 pts) | Documentos incompletos o faltantes (+4 pts) | Proveedor en lista restrictiva (+10 pts) | Robo reportado con mas de 48 horas de demora (+8 pts),0.020505416676808497,0
SIN-00898,POL-00317,ASG-00288,Hogar,Responsabilidad Civil,2026-03-22,2026-03-24,12880.54,12844.19,11153.2,Reserva,Centro,Choque en parqueadero de centro comercial con camaras de seguridad.,True,Peritajes Express,P004,145,220,2,0,Loja,37598.06,0,0,VERDE,Sin alertas detectadas,0.07284766700642842,0
SIN-00899,POL-00004,ASG-00177,Generales,Dano parcial,2024-08-01,2024-08-04,32249.43,29999.83,23394.21,Liquidado,Este,Choque en parqueadero de centro comercial con camaras de seguridad.,False,Taller Norte,P003,28,337,3,2,Manta,44927.72,0,12,VERDE,Siniestro ocurrido en los primeros 30 dias de la poliza (+4 pts) | Asegurado con 2 siniestros recientes (+4 pts) | Documentos incompletos o faltantes (+4 pts),0.04444008972647612,0
SIN-00900,POL-00587,ASG-00194,Vehiculos,Dano parcial,2025-08-12,2025-08-12,11758.31,12254.15,9731.12,Pago Parcial,Norte,Dano por granizo en estacionamiento del trabajo. Evidencia fotografica adjunta.,True,Peritajes Express,P004,195,170,0,0,Manta,33365.88,0,0,VERDE,Sin alertas detectadas,0.0486077671747564,0
SIN-00901,POL-00258,ASG-00099,Generales,Atencion medica,2026-08-20,2026-08-20,9741.28,9991.63,6997.07,Cierre Sin Consecuencia,Oeste,Dano por granizo en estacionamiento del trabajo. Evidencia fotografica adjunta.,True,Taller Central,P005,118,247,0,1,Loja,22940.17,0,0,VERDE,Sin alertas detectadas,0.06656827410389032,0
SIN-00902,POL-00445,ASG-00308,Vehiculos,Incendio,2025-12-05,2025-12-12,29415.08,31874.27,25899.67,Reserva,Oeste,El vehiculo fue impactado por un tercero que se dio a la fuga sin dejar datos.,False,Taller El Veloz,P001,13,352,7,2,Ambato,44835.52,0,25,AMARILLO,Siniestro ocurrido en los primeros 30 dias de la poliza (+4 pts) | Reporte con demora de 4 a 7 dias (+3 pts) | Asegurado con 2 siniestros recientes (+4 pts) | Documentos incompletos o faltantes (+4 pts) | Proveedor en lista restrictiva (+10 pts),0.03885832804651712,0
SIN-00903,POL-00286,ASG-00042,Vehiculos,Incendio,2025-10-29,2025-10-30,14284.56,14114.48,10093.12,Pago Parcial,Sur,Accidente en carretera con policia presente. Croquis firmado por ambas partes.,True,Clinica del Sur,P006,361,4,1,1,Manta,32294.02,0,0,VERDE,Sin alertas detectadas,-0.0007594992574638804,1
SIN-00904,POL-00287,ASG-00139,Vida,Robo,2025-06-11,2025-06-14,12236.79,12254.14,10770.09,Pago Parcial,Norte,Accidente en carretera con policia presente. Croquis firmado por ambas partes.,True,Taller Central,P005,356,9,3,1,Guayaquil,27287.1,0,8,VERDE,Robo reportado con mas de 48 horas de demora (+8 pts),0.008714336717921656,0
SIN-00905,POL-00569,ASG-00048,Vida,Choque,2025-04-11,2025-04-11,10751.85,9882.92,8471.58,Liquidado,Centro,Robo de autopartes reportado inmediatamente a la policia. Denuncia adjunta.,True,Taller Premium,P008,2,363,0,0,Quito,27144.23,0,8,VERDE,Siniestro ocurrido en los primeros 10 dias de la poliza (+8 pts),0.03491062429646774,0
SIN-00906,POL-00069,ASG-00100,Hogar,Atencion medica,2025-12-06,2025-12-07,5215.31,4903.21,4796.08,Negativa,Norte,Accidente en carretera con policia presente. Croquis firmado por ambas partes.,True,Taller Norte,P003,292,73,1,0,Loja,25423.99,0,0,VERDE,Sin alertas detectadas,0.04552034792512227,0
SIN-00907,POL-00210,ASG-00085,Vehiculos,Robo,2026-06-15,2026-06-22,5908.71,5393.44,4083.46,Negativa,Norte,Accidente en carretera con policia presente. Croquis firmado por ambas partes.,False,Grua Rapida,P007,27,338,7,3,Manta,8536.76,0,37,AMARILLO,Siniestro ocurrido en los primeros 30 dias de la poliza (+4 pts) | Reporte con demora de 4 a 7 dias (+3 pts) | Asegurado con 3 o mas siniestros en 18 meses (+8 pts) | Documentos incompletos o faltantes (+4 pts) | Proveedor en lista restrictiva (+10 pts) | Robo reportado con mas de 48 horas de demora (+8 pts),0.034915021559752346,0
SIN-00908,POL-00559,ASG-00152,Generales,Robo,2026-05-25,2026-06-03,30114.25,26228.07,0.0,Pago Total,Centro,El asegurado reporta que su vehiculo fue robado en un estacionamiento sin camaras.,False,Taller El Veloz,P001,7,358,9,3,Guayaquil,31664.98,1,48,ROJO,Siniestro ocurrido en los primeros 10 dias de la poliza (+8 pts) | Reporte tardio: mas de 7 dias despues del evento (+5 pts) | Asegurado con 3 o mas siniestros en 18 meses (+8 pts) | Documentos incompletos o faltantes (+4 pts) | Proveedor en lista restrictiva (+10 pts) | Monto reclamado es el 95% de la suma asegurada (+5 pts) | Robo reportado con mas de 48 horas de demora (+8 pts),0.051766996778594476,0
SIN-00909,POL-00105,ASG-00204,Vida,Responsabilidad Civil,2025-05-25,2025-05-27,5963.75,6370.95,5585.4,Pago Total,Norte,Colision frontal con vehiculo desconocido en horas de la madrugada sin testigos.,True,Taller Premium,P008,16,349,2,3,Ambato,9872.72,0,12,VERDE,Siniestro ocurrido en los primeros 30 dias de la poliza (+4 pts) | Asegurado con 3 o mas siniestros en 18 meses (+8 pts),0.04768660094082,0
SIN-00910,POL-00199,ASG-00134,Vida,Responsabilidad Civil,2027-03-01,2027-03-02,19089.08,20291.56,19366.73,Pago Total,Oeste,Dano por granizo en estacionamiento del trabajo. Evidencia fotografica adjunta.,True,Clinica del Sur,P006,304,61,1,0,Loja,48815.53,0,0,VERDE,Sin alertas detectadas,-0.02095901874546724,1
SIN-00911,POL-00327,ASG-00210,Vida,Responsabilidad Civil,2026-01-08,2026-01-11,3538.35,3338.42,2398.08,Negativa,Sur,Colision leve en interseccion con semaforo. El tercero presento sus datos.,True,Taller El Veloz,P001,232,133,3,1,Ambato,15300.87,0,10,VERDE,Proveedor en lista restrictiva (+10 pts),0.06946793758530012,0
SIN-00912,POL-00415,ASG-00266,Vehiculos,Robo,2025-09-21,2025-09-28,10694.65,10733.41,0.0,Cierre Sin Consecuencia,Centro,El vehiculo fue impactado por un tercero que se dio a la fuga sin dejar datos.,False,Clinica San Marcos,P002,3,362,7,6,Ambato,11594.49,1,41,ROJO,Siniestro ocurrido en los primeros 10 dias de la poliza (+8 pts) | Reporte con demora de 4 a 7 dias (+3 pts) | Asegurado con 3 o mas siniestros en 18 meses (+8 pts) | Documentos incompletos o faltantes (+4 pts) | Proveedor en lista restrictiva (+10 pts) | Robo reportado con mas de 48 horas de demora (+8 pts),-0.02573338460742358,1
SIN-00913,POL-00016,ASG-00398,Vida,Dano parcial,2024-12-28,2024-12-29,4095.52,3678.67,3014.23,Negativa,Oeste,Choque en parqueadero de centro comercial con camaras de seguridad.,True,Taller Central,P005,172,193,1,0,Quito,49499.3,0,0,VERDE,Sin alertas detectadas,0.006995486623844194,0
SIN-00914,POL-00041,ASG-00286,Generales,Dano parcial,2025-05-14,2025-05-16,34850.46,36227.59,35699.39,Cierre Sin Consecuencia,Sur,El vehiculo fue impactado por un tercero que se dio a la fuga sin dejar datos.,True,Grua Rapida,P007,28,337,2,3,Ambato,39765.69,0,22,AMARILLO,Siniestro ocurrido en los primeros 30 dias de la poliza (+4 pts) | Asegurado con 3 o mas siniestros en 18 meses (+8 pts) | Proveedor en lista restrictiva (+10 pts),0.025401782381472615,0
SIN-00915,POL-00556,ASG-00222,Salud,Atencion medica,2025-10-05,2025-10-11,24276.04,21946.36,19484.41,Liquidado,Este,Colision frontal con vehiculo desconocido en horas de la madrugada sin testigos.,True,Taller Central,P005,30,335,6,3,Ambato,31920.03,0,15,VERDE,Siniestro ocurrido en los primeros 30 dias de la poliza (+4 pts) | Reporte con demora de 4 a 7 dias (+3 pts) | Asegurado con 3 o mas siniestros en 18 meses (+8 pts),0.07032858443562212,0
SIN-00916,POL-00037,ASG-00356,Generales,Incendio,2024-09-26,2024-10-02,7510.22,6627.54,6190.62,Liquidado,Norte,El vehiculo fue impactado por un tercero que se dio a la fuga sin dejar datos.,True,Peritajes Express,P004,17,348,6,3,Manta,9124.96,0,15,VERDE,Siniestro ocurrido en los primeros 30 dias de la poliza (+4 pts) | Reporte con demora de 4 a 7 dias (+3 pts) | Asegurado con 3 o mas siniestros en 18 meses (+8 pts),0.06380303151553263,0
SIN-00917,POL-00473,ASG-00254,Generales,Incendio,2026-05-06,2026-05-07,5270.69,4997.52,4622.35,Cierre Sin Consecuencia,Oeste,Choque en parqueadero de centro comercial con camaras de seguridad.,True,Grua Rapida,P007,307,58,1,0,Loja,27161.2,0,10,VERDE,Proveedor en lista restrictiva (+10 pts),0.03952288123421677,0
SIN-00918,POL-00326,ASG-00349,Hogar,Choque,2024-06-27,2024-07-04,19713.36,20074.24,16050.62,Negativa,Oeste,Robo de autopartes reportado inmediatamente a la policia. Denuncia adjunta.,False,Peritajes Express,P004,11,354,7,3,Loja,22936.71,0,19,VERDE,Siniestro ocurrido en los primeros 30 dias de la poliza (+4 pts) | Reporte con demora de 4 a 7 dias (+3 pts) | Asegurado con 3 o mas siniestros en 18 meses (+8 pts) | Documentos incompletos o faltantes (+4 pts),0.09061685299006011,0
SIN-00919,POL-00040,ASG-00016,Hogar,Atencion medica,2026-05-09,2026-05-14,9211.35,8344.62,7882.06,Pago Parcial,Sur,Impacto en la parte trasera por vehiculo que huyo del lugar del accidente.,False,Taller Norte,P003,27,338,5,2,Cuenca,12556.38,0,15,VERDE,Siniestro ocurrido en los primeros 30 dias de la poliza (+4 pts) | Reporte con demora de 4 a 7 dias (+3 pts) | Asegurado con 2 siniestros recientes (+4 pts) | Documentos incompletos o faltantes (+4 pts),0.06770370634704298,0
SIN-00920,POL-00253,ASG-00325,Vida,Robo,2025-04-10,2025-04-10,7262.0,5983.03,5409.61,Pago Parcial,Sur,Dano por granizo en estacionamiento del trabajo. Evidencia fotografica adjunta.,True,Taller Central,P005,247,118,0,1,Quito,35758.65,0,0,VERDE,Sin alertas detectadas,0.04384410189340682,0
SIN-00921,POL-00546,ASG-00390,Vida,Robo,2026-04-21,2026-04-24,42183.81,35040.67,33573.69,Liquidado,Norte,Dano por granizo en estacionamiento del trabajo. Evidencia fotografica adjunta.,True,Clinica del Sur,P006,29,336,3,3,Ambato,49522.15,0,20,AMARILLO,Siniestro ocurrido en los primeros 30 dias de la poliza (+4 pts) | Asegurado con 3 o mas siniestros en 18 meses (+8 pts) | Robo reportado con mas de 48 horas de demora (+8 pts),-0.03044837152707469,1
SIN-00922,POL-00574,ASG-00364,Generales,Atencion medica,2025-08-15,2025-08-17,1224.03,1263.08,993.02,Pago Parcial,Sur,Robo de autopartes reportado inmediatamente a la policia. Denuncia adjunta.,True,Taller Premium,P008,212,153,2,1,Manta,21461.19,0,0,VERDE,Sin alertas detectadas,0.06498853283569428,0
SIN-00923,POL-00008,ASG-00100,Vehiculos,Incendio,2026-09-08,2026-09-08,4613.36,4063.17,2890.16,Pago Parcial,Sur,Robo de autopartes reportado inmediatamente a la policia. Denuncia adjunta.,True,Clinica San Marcos,P002,134,231,0,0,Ambato,33043.11,0,10,VERDE,Proveedor en lista restrictiva (+10 pts),0.04949532723563116,0
SIN-00924,POL-00404,ASG-00158,Salud,Choque,2026-09-01,2026-09-03,5987.4,5644.66,5383.67,Liquidado,Norte,Dano por granizo en estacionamiento del trabajo. Evidencia fotografica adjunta.,True,Clinica del Sur,P006,199,166,2,1,Quito,18214.25,0,0,VERDE,Sin alertas detectadas,0.09200269409832973,0
SIN-00925,POL-00244,ASG-00219,Salud,Responsabilidad Civil,2025-10-12,2025-10-14,9209.27,9512.26,7164.61,Negativa,Oeste,Colision leve en interseccion con semaforo. El tercero presento sus datos.,True,Taller Central,P005,208,157,2,0,Loja,19279.41,0,0,VERDE,Sin alertas detectadas,0.0709071814725683,0
SIN-00926,POL-00542,ASG-00063,Vida,Choque,2025-05-02,2025-05-08,21504.63,22946.64,22500.38,Liquidado,Este,Robo de autopartes reportado inmediatamente a la policia. Denuncia adjunta.,False,Taller Norte,P003,18,347,6,2,Cuenca,28567.44,0,15,VERDE,Siniestro ocurrido en los primeros 30 dias de la poliza (+4 pts) | Reporte con demora de 4 a 7 dias (+3 pts) | Asegurado con 2 siniestros recientes (+4 pts) | Documentos incompletos o faltantes (+4 pts),0.0819044747719338,0
SIN-00927,POL-00427,ASG-00030,Vida,Dano parcial,2025-10-30,2025-11-02,32599.01,35694.16,34550.21,Pago Parcial,Oeste,Choque en parqueadero de centro comercial con camaras de seguridad.,False,Grua Rapida,P007,16,349,3,3,Manta,43881.55,0,26,AMARILLO,Siniestro ocurrido en los primeros 30 dias de la poliza (+4 pts) | Asegurado con 3 o mas siniestros en 18 meses (+8 pts) | Documentos incompletos o faltantes (+4 pts) | Proveedor en lista restrictiva (+10 pts),0.04694434290780192,0
SIN-00928,POL-00348,ASG-00376,Generales,Atencion medica,2025-12-30,2026-01-01,23287.32,24305.57,20135.52,Pago Parcial,Norte,Colision leve en interseccion con semaforo. El tercero presento sus datos.,True,Clinica del Sur,P006,109,256,2,0,Quito,48404.09,0,0,VERDE,Sin alertas detectadas,-0.001654789740111573,1
SIN-00929,POL-00140,ASG-00004,Salud,Dano parcial,2025-03-06,2025-03-06,3335.16,3467.88,3331.06,Reserva,Sur,Dano por granizo en estacionamiento del trabajo. Evidencia fotografica adjunta.,True,Clinica del Sur,P006,268,97,0,0,Loja,6929.37,0,0,VERDE,Sin alertas detectadas,0.008870261068236407,0
SIN-00930,POL-00006,ASG-00166,Generales,Responsabilidad Civil,2026-04-05,2026-04-07,1215.87,1113.43,986.49,Cierre Sin Consecuencia,Este,Choque en parqueadero de centro comercial con camaras de seguridad.,True,Grua Rapida,P007,242,123,2,1,Quito,6520.52,0,10,VERDE,Proveedor en lista restrictiva (+10 pts),0.03215927892295711,0
SIN-00931,POL-00148,ASG-00256,Vida,Responsabilidad Civil,2026-05-31,2026-06-02,12241.44,10269.6,9795.03,Cierre Sin Consecuencia,Sur,Dano por granizo en estacionamiento del trabajo. Evidencia fotografica adjunta.,True,Grua Rapida,P007,101,264,2,0,Manta,36066.23,0,10,VERDE,Proveedor en lista restrictiva (+10 pts),0.08037295226912405,0
SIN-00932,POL-00378,ASG-00148,Generales,Robo,2024-08-15,2024-08-22,44290.7,40443.92,0.0,Reserva,Norte,El vehiculo fue impactado por un tercero que se dio a la fuga sin dejar datos.,False,Taller El Veloz,P001,2,363,7,3,Loja,48141.12,1,41,ROJO,Siniestro ocurrido en los primeros 10 dias de la poliza (+8 pts) | Reporte con demora de 4 a 7 dias (+3 pts) | Asegurado con 3 o mas siniestros en 18 meses (+8 pts) | Documentos incompletos o faltantes (+4 pts) | Proveedor en lista restrictiva (+10 pts) | Robo reportado con mas de 48 horas de demora (+8 pts),-0.005735205853138914,1
SIN-00933,POL-00533,ASG-00126,Hogar,Choque,2026-03-13,2026-03-18,20283.19,21014.94,20383.56,Negativa,Este,Accidente en carretera con policia presente. Croquis firmado por ambas partes.,True,Taller Premium,P008,26,339,5,2,Ambato,27029.2,0,11,VERDE,Siniestro ocurrido en los primeros 30 dias de la poliza (+4 pts) | Reporte con demora de 4 a 7 dias (+3 pts) | Asegurado con 2 siniestros recientes (+4 pts),0.09284820038085423,0
SIN-00934,POL-00329,ASG-00134,Salud,Incendio,2025-07-11,2025-07-11,4192.82,3996.92,3727.75,Cierre Sin Consecuencia,Este,Choque en parqueadero de centro comercial con camaras de seguridad.,True,Taller Premium,P008,288,77,0,0,Quito,21343.43,0,0,VERDE,Sin alertas detectadas,0.03428477305744959,0
SIN-00935,POL-00392,ASG-00337,Vida,Choque,2026-06-01,2026-06-01,9674.09,9024.66,8258.99,Pago Total,Oeste,Dano por granizo en estacionamiento del trabajo. Evidencia fotografica adjunta.,True,Taller Norte,P003,208,157,0,0,Loja,37830.03,0,0,VERDE,Sin alertas detectadas,0.05220177781355667,0
SIN-00936,POL-00597,ASG-00096,Salud,Dano parcial,2025-07-29,2025-07-30,17897.0,18252.1,17153.7,Cierre Sin Consecuencia,Oeste,Dano por granizo en estacionamiento del trabajo. Evidencia fotografica adjunta.,True,Taller Norte,P003,140,225,1,0,Ambato,46673.92,0,0,VERDE,Sin alertas detectadas,0.029658568309293143,0
SIN-00937,POL-00078,ASG-00328,Hogar,Responsabilidad Civil,2024-06-21,2024-06-22,12112.14,10853.22,10656.87,Pago Parcial,Este,Choque en parqueadero de centro comercial con camaras de seguridad.,True,Taller Norte,P003,15,350,1,0,Cuenca,29891.14,0,4,VERDE,Siniestro ocurrido en los primeros 30 dias de la poliza (+4 pts),0.05470327211875525,0
SIN-00938,POL-00126,ASG-00251,Salud,Robo,2024-06-07,2024-06-13,17993.93,15369.3,12818.73,Liquidado,Este,Accidente en carretera con policia presente. Croquis firmado por ambas partes.,False,Taller Premium,P008,11,354,6,2,Manta,25836.24,0,23,AMARILLO,Siniestro ocurrido en los primeros 30 dias de la poliza (+4 pts) | Reporte con demora de 4 a 7 dias (+3 pts) | Asegurado con 2 siniestros recientes (+4 pts) | Documentos incompletos o faltantes (+4 pts) | Robo reportado con mas de 48 horas de demora (+8 pts),0.08067688004226864,0
SIN-00939,POL-00003,ASG-00096,Salud,Responsabilidad Civil,2026-09-03,2026-09-06,9263.8,9378.45,8864.98,Pago Total,Oeste,Dano por granizo en estacionamiento del trabajo. Evidencia fotografica adjunta.,True,Clinica del Sur,P006,184,181,3,1,Ambato,24806.38,0,0,VERDE,Sin alertas detectadas,0.07814477596318892,0
SIN-00940,POL-00572,ASG-00266,Salud,Atencion medica,2025-01-28,2025-01-28,3474.79,3700.69,2885.03,Liquidado,Este,Dano por granizo en estacionamiento del trabajo. Evidencia fotografica adjunta.,True,Clinica San Marcos,P002,180,185,0,0,Manta,11715.78,0,10,VERDE,Proveedor en lista restrictiva (+10 pts),0.041604198685868066,0
SIN-00941,POL-00477,ASG-00266,Hogar,Responsabilidad Civil,2025-03-12,2025-03-19,33123.04,26670.71,26494.6,Pago Total,Este,El vehiculo fue impactado por un tercero que se dio a la fuga sin dejar datos.,True,Peritajes Express,P004,18,347,7,2,Ambato,43863.04,0,11,VERDE,Siniestro ocurrido en los primeros 30 dias de la poliza (+4 pts) | Reporte con demora de 4 a 7 dias (+3 pts) | Asegurado con 2 siniestros recientes (+4 pts),0.03749207213008865,0
SIN-00942,POL-00084,ASG-00294,Hogar,Robo,2026-06-22,2026-06-22,1857.98,1920.72,1765.01,Liquidado,Centro,Dano por granizo en estacionamiento del trabajo. Evidencia fotografica adjunta.,True,Clinica San Marcos,P002,81,284,0,0,Quito,30823.35,0,10,VERDE,Proveedor en lista restrictiva (+10 pts),0.04442719170772491,0
SIN-00943,POL-00025,ASG-00048,Vehiculos,Dano parcial,2026-03-14,2026-03-17,13160.99,13240.38,11253.79,Liquidado,Norte,Colision leve en interseccion con semaforo. El tercero presento sus datos.,True,Peritajes Express,P004,344,21,3,0,Quito,26508.59,0,0,VERDE,Sin alertas detectadas,0.006983979017317399,0
SIN-00944,POL-00149,ASG-00204,Salud,Choque,2027-01-28,2027-01-31,2765.8,2308.2,2149.89,Cierre Sin Consecuencia,Norte,Dano por granizo en estacionamiento del trabajo. Evidencia fotografica adjunta.,True,Peritajes Express,P004,337,28,3,0,Loja,11791.93,0,0,VERDE,Sin alertas detectadas,-0.00035686044449190213,1
SIN-00945,POL-00119,ASG-00058,Vehiculos,Robo,2024-11-04,2024-11-14,9374.52,7603.74,0.0,Liquidado,Sur,Colision frontal con vehiculo desconocido en horas de la madrugada sin testigos.,False,Grua Rapida,P007,3,362,10,4,Loja,9702.75,1,48,ROJO,Siniestro ocurrido en los primeros 10 dias de la poliza (+8 pts) | Reporte tardio: mas de 7 dias despues del evento (+5 pts) | Asegurado con 3 o mas siniestros en 18 meses (+8 pts) | Documentos incompletos o faltantes (+4 pts) | Proveedor en lista restrictiva (+10 pts) | Monto reclamado es el 97% de la suma asegurada (+5 pts) | Robo reportado con mas de 48 horas de demora (+8 pts),-0.0003772854509254131,1
SIN-00946,POL-00442,ASG-00195,Hogar,Robo,2025-07-12,2025-07-19,26506.61,28042.75,0.0,Liquidado,Centro,Colision frontal con vehiculo desconocido en horas de la madrugada sin testigos.,False,Clinica San Marcos,P002,5,360,7,5,Guayaquil,29126.68,1,41,ROJO,Siniestro ocurrido en los primeros 10 dias de la poliza (+8 pts) | Reporte con demora de 4 a 7 dias (+3 pts) | Asegurado con 3 o mas siniestros en 18 meses (+8 pts) | Documentos incompletos o faltantes (+4 pts) | Proveedor en lista restrictiva (+10 pts) | Robo reportado con mas de 48 horas de demora (+8 pts),0.016789427564224302,0
SIN-00947,POL-00138,ASG-00077,Hogar,Atencion medica,2026-03-20,2026-03-27,17815.01,14937.19,13568.47,Negativa,Norte,Impacto en la parte trasera por vehiculo que huyo del lugar del accidente.,True,Peritajes Express,P004,13,352,7,3,Loja,21900.96,0,15,VERDE,Siniestro ocurrido en los primeros 30 dias de la poliza (+4 pts) | Reporte con demora de 4 a 7 dias (+3 pts) | Asegurado con 3 o mas siniestros en 18 meses (+8 pts),0.09195062079398808,0
SIN-00948,POL-00100,ASG-00118,Hogar,Dano parcial,2025-01-26,2025-01-29,1945.08,2049.92,1594.44,Reserva,Sur,Dano por granizo en estacionamiento del trabajo. Evidencia fotografica adjunta.,True,Grua Rapida,P007,89,276,3,0,Cuenca,10339.26,0,10,VERDE,Proveedor en lista restrictiva (+10 pts),0.05467116476104361,0
SIN-00949,POL-00027,ASG-00073,Generales,Robo,2026-01-09,2026-01-13,28934.54,26890.79,25777.22,Reserva,Este,Accidente en carretera con policia presente. Croquis firmado por ambas partes.,True,Clinica del Sur,P006,26,339,4,2,Manta,46858.34,0,19,VERDE,Siniestro ocurrido en los primeros 30 dias de la poliza (+4 pts) | Reporte con demora de 4 a 7 dias (+3 pts) | Asegurado con 2 siniestros recientes (+4 pts) | Robo reportado con mas de 48 horas de demora (+8 pts),0.05240027738144226,0
SIN-00950,POL-00234,ASG-00067,Hogar,Atencion medica,2025-06-14,2025-06-15,7462.52,7539.83,7237.76,Reserva,Sur,Colision leve en interseccion con semaforo. El tercero presento sus datos.,True,Clinica San Marcos,P002,62,303,1,0,Cuenca,17662.95,0,10,VERDE,Proveedor en lista restrictiva (+10 pts),0.07174451524538589,0
SIN-00951,POL-00061,ASG-00064,Generales,Responsabilidad Civil,2026-01-05,2026-01-11,13207.64,11695.54,11146.45,Pago Total,Centro,Dano por granizo en estacionamiento del trabajo. Evidencia fotografica adjunta.,False,Taller Premium,P008,20,345,6,3,Manta,21343.4,0,19,VERDE,Siniestro ocurrido en los primeros 30 dias de la poliza (+4 pts) | Reporte con demora de 4 a 7 dias (+3 pts) | Asegurado con 3 o mas siniestros en 18 meses (+8 pts) | Documentos incompletos o faltantes (+4 pts),0.09176875786298166,0
SIN-00952,POL-00492,ASG-00055,Vehiculos,Robo,2025-02-14,2025-02-27,37816.93,35351.18,0.0,Pago Parcial,Norte,Colision frontal con vehiculo desconocido en horas de la madrugada sin testigos.,False,Taller El Veloz,P001,2,363,13,3,Ambato,41453.95,1,43,ROJO,Siniestro ocurrido en los primeros 10 dias de la poliza (+8 pts) | Reporte tardio: mas de 7 dias despues del evento (+5 pts) | Asegurado con 3 o mas siniestros en 18 meses (+8 pts) | Documentos incompletos o faltantes (+4 pts) | Proveedor en lista restrictiva (+10 pts) | Robo reportado con mas de 48 horas de demora (+8 pts),-0.009760780783012013,1
SIN-00953,POL-00501,ASG-00083,Hogar,Robo,2024-12-23,2024-12-29,6900.2,6572.5,0.0,Negativa,Este,El vehiculo fue impactado por un tercero que se dio a la fuga sin dejar datos.,False,Grua Rapida,P007,1,364,6,4,Guayaquil,6918.05,1,46,ROJO,Siniestro ocurrido en los primeros 10 dias de la poliza (+8 pts) | Reporte con demora de 4 a 7 dias (+3 pts) | Asegurado con 3 o mas siniestros en 18 meses (+8 pts) | Documentos incompletos o faltantes (+4 pts) | Proveedor en lista restrictiva (+10 pts) | Monto reclamado es el 100% de la suma asegurada (+5 pts) | Robo reportado con mas de 48 horas de demora (+8 pts),-0.002921147126304535,1
SIN-00954,POL-00105,ASG-00127,Hogar,Atencion medica,2025-01-23,2025-01-26,6861.52,5724.3,4344.55,Reserva,Oeste,Accidente en carretera con policia presente. Croquis firmado por ambas partes.,True,Taller El Veloz,P001,66,299,3,0,Ambato,37067.96,0,10,VERDE,Proveedor en lista restrictiva (+10 pts),0.06575222062873093,0
SIN-00955,POL-00446,ASG-00094,Vida,Responsabilidad Civil,2026-06-09,2026-06-12,2767.04,2490.69,2490.51,Pago Total,Oeste,Colision leve en interseccion con semaforo. El tercero presento sus datos.,True,Taller Premium,P008,132,233,3,0,Manta,43673.2,0,0,VERDE,Sin alertas detectadas,0.035665152064448535,0
SIN-00956,POL-00413,ASG-00081,Vida,Incendio,2025-02-20,2025-02-20,9690.41,10167.25,9250.6,Negativa,Norte,Colision leve en interseccion con semaforo. El tercero presento sus datos.,True,Taller Central,P005,132,233,0,0,Manta,46375.53,0,0,VERDE,Sin alertas detectadas,0.02768163369647092,0
SIN-00957,POL-00033,ASG-00030,Hogar,Robo,2025-02-16,2025-02-22,20937.88,16984.92,0.0,Cierre Sin Consecuencia,Centro,El vehiculo fue impactado por un tercero que se dio a la fuga sin dejar datos.,False,Grua Rapida,P007,2,363,6,5,Ambato,23134.3,1,41,ROJO,Siniestro ocurrido en los primeros 10 dias de la poliza (+8 pts) | Reporte con demora de 4 a 7 dias (+3 pts) | Asegurado con 3 o mas siniestros en 18 meses (+8 pts) | Documentos incompletos o faltantes (+4 pts) | Proveedor en lista restrictiva (+10 pts) | Robo reportado con mas de 48 horas de demora (+8 pts),0.007981330713209833,0
SIN-00958,POL-00600,ASG-00121,Generales,Choque,2025-10-26,2025-10-30,39195.39,40855.3,32246.62,Liquidado,Este,Colision leve en interseccion con semaforo. El tercero presento sus datos.,True,Taller Central,P005,13,352,4,2,Cuenca,47366.45,0,11,VERDE,Siniestro ocurrido en los primeros 30 dias de la poliza (+4 pts) | Reporte con demora de 4 a 7 dias (+3 pts) | Asegurado con 2 siniestros recientes (+4 pts),0.017576344427595814,0
SIN-00959,POL-00405,ASG-00311,Salud,Incendio,2025-05-22,2025-05-22,11309.73,9394.05,9134.99,Reserva,Sur,Accidente en carretera con policia presente. Croquis firmado por ambas partes.,True,Clinica San Marcos,P002,72,293,0,1,Ambato,27177.1,0,10,VERDE,Proveedor en lista restrictiva (+10 pts),0.07760972398464389,0
SIN-00960,POL-00222,ASG-00249,Salud,Robo,2024-08-26,2024-08-29,954.25,930.26,905.69,Liquidado,Este,Choque en parqueadero de centro comercial con camaras de seguridad.,True,Taller Central,P005,46,319,3,1,Quito,7209.69,0,8,VERDE,Robo reportado con mas de 48 horas de demora (+8 pts),0.04776450280928102,0
SIN-00961,POL-00016,ASG-00035,Salud,Choque,2024-09-04,2024-09-07,19269.39,16026.49,13193.37,Pago Total,Norte,Choque en parqueadero de centro comercial con camaras de seguridad.,True,Grua Rapida,P007,59,306,3,0,Quito,45998.19,0,10,VERDE,Proveedor en lista restrictiva (+10 pts),0.020313587489833806,0
SIN-00962,POL-00266,ASG-00049,Salud,Atencion medica,2026-10-07,2026-10-10,20759.23,22685.76,22430.68,Cierre Sin Consecuencia,Oeste,Colision leve en interseccion con semaforo. El tercero presento sus datos.,True,Clinica San Marcos,P002,209,156,3,0,Loja,45587.14,0,10,VERDE,Proveedor en lista restrictiva (+10 pts),0.007838766619364002,0
SIN-00963,POL-00516,ASG-00321,Vehiculos,Dano parcial,2025-06-27,2025-06-29,5245.83,4906.88,4730.49,Pago Parcial,Oeste,Dano por granizo en estacionamiento del trabajo. Evidencia fotografica adjunta.,True,Taller El Veloz,P001,319,46,2,0,Manta,18039.5,0,10,VERDE,Proveedor en lista restrictiva (+10 pts),0.039819813089274736,0
SIN-00964,POL-00526,ASG-00378,Vida,Choque,2025-03-31,2025-04-04,23227.66,21880.05,15931.06,Pago Total,Sur,Accidente en carretera con policia presente. Croquis firmado por ambas partes.,False,Clinica del Sur,P006,11,354,4,3,Ambato,30698.94,0,19,VERDE,Siniestro ocurrido en los primeros 30 dias de la poliza (+4 pts) | Reporte con demora de 4 a 7 dias (+3 pts) | Asegurado con 3 o mas siniestros en 18 meses (+8 pts) | Documentos incompletos o faltantes (+4 pts),0.0929097116712233,0
SIN-00965,POL-00390,ASG-00289,Salud,Dano parcial,2025-10-19,2025-10-21,12918.12,12503.53,10645.58,Negativa,Este,Choque en parqueadero de centro comercial con camaras de seguridad.,True,Clinica San Marcos,P002,59,306,2,1,Manta,31805.62,0,10,VERDE,Proveedor en lista restrictiva (+10 pts),0.09890381336896681,0
SIN-00966,POL-00593,ASG-00344,Vehiculos,Dano parcial,2025-05-24,2025-05-28,22827.87,20690.79,14756.8,Liquidado,Sur,Robo de autopartes reportado inmediatamente a la policia. Denuncia adjunta.,True,Taller Central,P005,14,351,4,2,Cuenca,26471.11,0,11,VERDE,Siniestro ocurrido en los primeros 30 dias de la poliza (+4 pts) | Reporte con demora de 4 a 7 dias (+3 pts) | Asegurado con 2 siniestros recientes (+4 pts),0.08258981713496044,0
SIN-00967,POL-00182,ASG-00250,Hogar,Responsabilidad Civil,2025-08-15,2025-08-21,37594.47,37293.7,36004.47,Negativa,Centro,El asegurado reporta que su vehiculo fue robado en un estacionamiento sin camaras.,False,Peritajes Express,P004,25,340,6,3,Manta,45219.33,0,19,VERDE,Siniestro ocurrido en los primeros 30 dias de la poliza (+4 pts) | Reporte con demora de 4 a 7 dias (+3 pts) | Asegurado con 3 o mas siniestros en 18 meses (+8 pts) | Documentos incompletos o faltantes (+4 pts),0.04106416584667083,0
SIN-00968,POL-00386,ASG-00197,Vehiculos,Atencion medica,2025-03-12,2025-03-13,2961.17,2867.15,2094.92,Pago Total,Sur,Colision leve en interseccion con semaforo. El tercero presento sus datos.,True,Grua Rapida,P007,230,135,1,0,Manta,37415.97,0,10,VERDE,Proveedor en lista restrictiva (+10 pts),0.035923529454275016,0
SIN-00969,POL-00365,ASG-00297,Vehiculos,Dano parcial,2025-11-10,2025-11-11,7151.03,7038.22,6785.55,Pago Total,Centro,Accidente en carretera con policia presente. Croquis firmado por ambas partes.,True,Taller Norte,P003,234,131,1,0,Ambato,42148.39,0,0,VERDE,Sin alertas detectadas,0.054744157391907966,0
SIN-00970,POL-00405,ASG-00246,Vida,Choque,2025-08-14,2025-08-14,9143.9,8923.98,8272.59,Cierre Sin Consecuencia,Sur,Dano por granizo en estacionamiento del trabajo. Evidencia fotografica adjunta.,True,Clinica San Marcos,P002,225,140,0,0,Ambato,49438.54,0,10,VERDE,Proveedor en lista restrictiva (+10 pts),0.010902574656527886,0
SIN-00971,POL-00367,ASG-00339,Vida,Choque,2025-05-28,2025-05-30,22361.49,20044.06,17103.86,Negativa,Centro,El vehiculo fue impactado por un tercero que se dio a la fuga sin dejar datos.,True,Peritajes Express,P004,24,341,2,3,Quito,31986.05,0,12,VERDE,Siniestro ocurrido en los primeros 30 dias de la poliza (+4 pts) | Asegurado con 3 o mas siniestros en 18 meses (+8 pts),0.06985086459173728,0
SIN-00972,POL-00023,ASG-00085,Salud,Atencion medica,2027-01-27,2027-01-30,9271.44,9355.85,7317.02,Liquidado,Este,Colision leve en interseccion con semaforo. El tercero presento sus datos.,True,Taller Premium,P008,363,2,3,0,Guayaquil,48026.67,0,0,VERDE,Sin alertas detectadas,-0.030769051270265746,1
SIN-00973,POL-00412,ASG-00033,Generales,Robo,2025-07-31,2025-08-06,31356.02,33233.92,27867.22,Liquidado,Sur,Choque en parqueadero de centro comercial con camaras de seguridad.,True,Clinica San Marcos,P002,28,337,6,2,Loja,38315.1,0,29,AMARILLO,Siniestro ocurrido en los primeros 30 dias de la poliza (+4 pts) | Reporte con demora de 4 a 7 dias (+3 pts) | Asegurado con 2 siniestros recientes (+4 pts) | Proveedor en lista restrictiva (+10 pts) | Robo reportado con mas de 48 horas de demora (+8 pts),0.05197955482376698,0
SIN-00974,POL-00100,ASG-00140,Salud,Atencion medica,2024-12-09,2024-12-16,12190.45,12006.87,10344.17,Pago Total,Oeste,Choque en parqueadero de centro comercial con camaras de seguridad.,False,Clinica San Marcos,P002,23,342,7,3,Ambato,17189.15,0,29,AMARILLO,Siniestro ocurrido en los primeros 30 dias de la poliza (+4 pts) | Reporte con demora de 4 a 7 dias (+3 pts) | Asegurado con 3 o mas siniestros en 18 meses (+8 pts) | Documentos incompletos o faltantes (+4 pts) | Proveedor en lista restrictiva (+10 pts),0.08098863345072899,0
SIN-00975,POL-00406,ASG-00357,Generales,Atencion medica,2026-05-21,2026-05-21,4896.04,5354.65,5039.12,Reserva,Norte,Choque en parqueadero de centro comercial con camaras de seguridad.,True,Grua Rapida,P007,111,254,0,1,Loja,24815.6,0,10,VERDE,Proveedor en lista restrictiva (+10 pts),0.06920728406625515,0
SIN-00976,POL-00128,ASG-00315,Hogar,Robo,2026-01-30,2026-01-30,6649.81,5476.66,4955.45,Reserva,Sur,Colision leve en interseccion con semaforo. El tercero presento sus datos.,True,Taller Premium,P008,233,132,0,1,Loja,31959.87,0,0,VERDE,Sin alertas detectadas,0.05527062383427428,0
SIN-00977,POL-00551,ASG-00386,Salud,Incendio,2025-10-08,2025-10-08,11640.71,10613.03,7606.82,Negativa,Norte,Robo de autopartes reportado inmediatamente a la policia. Denuncia adjunta.,True,Clinica del Sur,P006,87,278,0,1,Loja,41337.68,0,0,VERDE,Sin alertas detectadas,0.05542805595023753,0
SIN-00978,POL-00051,ASG-00013,Hogar,Dano parcial,2025-09-24,2025-09-28,29744.73,27644.81,22755.5,Pago Parcial,Este,Colision leve en interseccion con semaforo. El tercero presento sus datos.,False,Taller Norte,P003,12,353,4,3,Ambato,34309.73,0,19,VERDE,Siniestro ocurrido en los primeros 30 dias de la poliza (+4 pts) | Reporte con demora de 4 a 7 dias (+3 pts) | Asegurado con 3 o mas siniestros en 18 meses (+8 pts) | Documentos incompletos o faltantes (+4 pts),0.08590022402322084,0
SIN-00979,POL-00269,ASG-00083,Hogar,Incendio,2025-02-04,2025-02-10,29645.62,25426.64,21661.63,Liquidado,Norte,Dano por granizo en estacionamiento del trabajo. Evidencia fotografica adjunta.,False,Grua Rapida,P007,11,354,6,2,Manta,40572.63,0,25,AMARILLO,Siniestro ocurrido en los primeros 30 dias de la poliza (+4 pts) | Reporte con demora de 4 a 7 dias (+3 pts) | Asegurado con 2 siniestros recientes (+4 pts) | Documentos incompletos o faltantes (+4 pts) | Proveedor en lista restrictiva (+10 pts),0.06421836126373232,0
SIN-00980,POL-00436,ASG-00067,Vida,Robo,2024-12-31,2025-01-04,32287.87,31958.12,28158.14,Pago Parcial,Sur,Colision frontal con vehiculo desconocido en horas de la madrugada sin testigos.,True,Grua Rapida,P007,24,341,4,3,Loja,40200.37,0,33,AMARILLO,Siniestro ocurrido en los primeros 30 dias de la poliza (+4 pts) | Reporte con demora de 4 a 7 dias (+3 pts) | Asegurado con 3 o mas siniestros en 18 meses (+8 pts) | Proveedor en lista restrictiva (+10 pts) | Robo reportado con mas de 48 horas de demora (+8 pts),0.07293847638369316,0
SIN-00981,POL-00055,ASG-00005,Vehiculos,Robo,2026-03-22,2026-03-27,31128.45,28649.72,26619.68,Liquidado,Norte,Accidente en carretera con policia presente. Croquis firmado por ambas partes.,False,Taller Norte,P003,25,340,5,3,Quito,35387.04,0,27,AMARILLO,Siniestro ocurrido en los primeros 30 dias de la poliza (+4 pts) | Reporte con demora de 4 a 7 dias (+3 pts) | Asegurado con 3 o mas siniestros en 18 meses (+8 pts) | Documentos incompletos o faltantes (+4 pts) | Robo reportado con mas de 48 horas de demora (+8 pts),0.072469464993549,0
SIN-00982,POL-00400,ASG-00015,Vehiculos,Atencion medica,2026-07-17,2026-07-19,3758.69,4127.09,2896.54,Liquidado,Norte,Choque en parqueadero de centro comercial con camaras de seguridad.,True,Clinica San Marcos,P002,204,161,2,1,Ambato,12959.49,0,10,VERDE,Proveedor en lista restrictiva (+10 pts),0.08378288967419145,0
SIN-00983,POL-00111,ASG-00243,Generales,Robo,2026-09-06,2026-09-07,15249.97,16458.04,15950.8,Pago Parcial,Este,Robo de autopartes reportado inmediatamente a la policia. Denuncia adjunta.,True,Taller Premium,P008,198,167,1,1,Quito,49189.03,0,0,VERDE,Sin alertas detectadas,0.02519743112482964,0
SIN-00984,POL-00139,ASG-00368,Vehiculos,Robo,2025-08-16,2025-08-21,15499.81,14399.71,0.0,Cierre Sin Consecuencia,Oeste,El asegurado reporta que su vehiculo fue robado en un estacionamiento sin camaras.,False,Clinica San Marcos,P002,3,362,5,4,Loja,16840.5,1,41,ROJO,Siniestro ocurrido en los primeros 10 dias de la poliza (+8 pts) | Reporte con demora de 4 a 7 dias (+3 pts) | Asegurado con 3 o mas siniestros en 18 meses (+8 pts) | Documentos incompletos o faltantes (+4 pts) | Proveedor en lista restrictiva (+10 pts) | Robo reportado con mas de 48 horas de demora (+8 pts),0.034276579195430035,0
SIN-00985,POL-00396,ASG-00386,Hogar,Atencion medica,2026-02-14,2026-02-16,20469.62,21771.39,17604.54,Pago Parcial,Norte,Choque en parqueadero de centro comercial con camaras de seguridad.,True,Taller Norte,P003,15,350,2,3,Ambato,25754.19,0,12,VERDE,Siniestro ocurrido en los primeros 30 dias de la poliza (+4 pts) | Asegurado con 3 o mas siniestros en 18 meses (+8 pts),0.08366496122146833,0
SIN-00986,POL-00033,ASG-00347,Vida,Robo,2025-12-18,2025-12-24,14989.09,15058.81,0.0,Liquidado,Norte,El asegurado reporta que su vehiculo fue robado en un estacionamiento sin camaras.,False,Taller El Veloz,P001,4,361,6,6,Loja,16450.91,1,41,ROJO,Siniestro ocurrido en los primeros 10 dias de la poliza (+8 pts) | Reporte con demora de 4 a 7 dias (+3 pts) | Asegurado con 3 o mas siniestros en 18 meses (+8 pts) | Documentos incompletos o faltantes (+4 pts) | Proveedor en lista restrictiva (+10 pts) | Robo reportado con mas de 48 horas de demora (+8 pts),-0.005944906917206061,1
SIN-00987,POL-00462,ASG-00225,Salud,Robo,2025-04-16,2025-04-29,21494.53,21419.65,0.0,Reserva,Norte,El asegurado reporta que su vehiculo fue robado en un estacionamiento sin camaras.,False,Taller El Veloz,P001,9,356,13,3,Quito,22916.48,1,43,ROJO,Siniestro ocurrido en los primeros 10 dias de la poliza (+8 pts) | Reporte tardio: mas de 7 dias despues del evento (+5 pts) | Asegurado con 3 o mas siniestros en 18 meses (+8 pts) | Documentos incompletos o faltantes (+4 pts) | Proveedor en lista restrictiva (+10 pts) | Robo reportado con mas de 48 horas de demora (+8 pts),0.006163350988713456,0
SIN-00988,POL-00397,ASG-00127,Vehiculos,Incendio,2025-11-22,2025-11-23,3232.6,2844.78,2754.14,Pago Parcial,Sur,Choque en parqueadero de centro comercial con camaras de seguridad.,True,Peritajes Express,P004,157,208,1,0,Ambato,16471.85,0,0,VERDE,Sin alertas detectadas,0.07711801312818162,0
SIN-00989,POL-00313,ASG-00007,Generales,Choque,2026-11-16,2026-11-19,12230.55,12875.93,10347.12,Pago Total,Centro,Robo de autopartes reportado inmediatamente a la policia. Denuncia adjunta.,True,Clinica San Marcos,P002,213,152,3,0,Loja,46437.46,0,10,VERDE,Proveedor en lista restrictiva (+10 pts),0.039350759353579234,0
SIN-00990,POL-00261,ASG-00131,Vehiculos,Dano parcial,2025-08-04,2025-08-06,17269.46,16148.69,15103.6,Reserva,Norte,Accidente en carretera con policia presente. Croquis firmado por ambas partes.,True,Grua Rapida,P007,149,216,2,0,Quito,47998.02,0,10,VERDE,Proveedor en lista restrictiva (+10 pts),0.031075724630345913,0
SIN-00991,POL-00329,ASG-00124,Generales,Responsabilidad Civil,2025-11-14,2025-11-17,5218.84,5560.36,5167.24,Liquidado,Norte,Choque en parqueadero de centro comercial con camaras de seguridad.,True,Taller Central,P005,191,174,3,0,Manta,10549.98,0,0,VERDE,Sin alertas detectadas,0.0458429746210432,0
SIN-00992,POL-00314,ASG-00162,Hogar,Robo,2024-07-14,2024-07-22,33108.11,27799.57,0.0,Pago Total,Oeste,Colision frontal con vehiculo desconocido en horas de la madrugada sin testigos.,False,Taller El Veloz,P001,7,358,8,5,Loja,36638.49,1,43,ROJO,Siniestro ocurrido en los primeros 10 dias de la poliza (+8 pts) | Reporte tardio: mas de 7 dias despues del evento (+5 pts) | Asegurado con 3 o mas siniestros en 18 meses (+8 pts) | Documentos incompletos o faltantes (+4 pts) | Proveedor en lista restrictiva (+10 pts) | Robo reportado con mas de 48 horas de demora (+8 pts),0.007668209835536177,0
SIN-00993,POL-00232,ASG-00304,Salud,Choque,2025-05-09,2025-05-12,1808.65,1980.51,1693.58,Liquidado,Norte,Dano por granizo en estacionamiento del trabajo. Evidencia fotografica adjunta.,True,Clinica San Marcos,P002,214,151,3,0,Loja,28465.86,0,10,VERDE,Proveedor en lista restrictiva (+10 pts),0.047392339205193534,0
SIN-00994,POL-00592,ASG-00286,Vehiculos,Robo,2025-07-22,2025-07-24,7759.56,7090.85,5059.98,Reserva,Oeste,Accidente en carretera con policia presente. Croquis firmado por ambas partes.,False,Clinica San Marcos,P002,11,354,2,3,Quito,12550.25,0,26,AMARILLO,Siniestro ocurrido en los primeros 30 dias de la poliza (+4 pts) | Asegurado con 3 o mas siniestros en 18 meses (+8 pts) | Documentos incompletos o faltantes (+4 pts) | Proveedor en lista restrictiva (+10 pts),0.05981177585872438,0
SIN-00995,POL-00572,ASG-00347,Hogar,Robo,2024-11-28,2024-12-02,13828.84,14915.33,13348.66,Cierre Sin Consecuencia,Norte,Choque en parqueadero de centro comercial con camaras de seguridad.,True,Clinica San Marcos,P002,13,352,4,3,Cuenca,22380.52,0,33,AMARILLO,Siniestro ocurrido en los primeros 30 dias de la poliza (+4 pts) | Reporte con demora de 4 a 7 dias (+3 pts) | Asegurado con 3 o mas siniestros en 18 meses (+8 pts) | Proveedor en lista restrictiva (+10 pts) | Robo reportado con mas de 48 horas de demora (+8 pts),0.09819500852781071,0
SIN-00996,POL-00523,ASG-00387,Salud,Atencion medica,2025-07-12,2025-07-14,11339.15,9083.74,8357.05,Reserva,Este,Colision leve en interseccion con semaforo. El tercero presento sus datos.,True,Taller Norte,P003,178,187,2,0,Cuenca,26716.45,0,0,VERDE,Sin alertas detectadas,0.07485510533527673,0
SIN-00997,POL-00414,ASG-00094,Generales,Incendio,2024-10-12,2024-10-14,2456.56,2284.25,2213.59,Negativa,Este,Colision leve en interseccion con semaforo. El tercero presento sus datos.,True,Clinica del Sur,P006,20,345,2,1,Manta,41781.64,0,4,VERDE,Siniestro ocurrido en los primeros 30 dias de la poliza (+4 pts),0.048253146968454896,0
SIN-00998,POL-00276,ASG-00048,Hogar,Robo,2024-11-25,2024-12-04,41159.23,42465.12,0.0,Negativa,Norte,Impacto en la parte trasera por vehiculo que huyo del lugar del accidente.,False,Clinica San Marcos,P002,4,361,9,5,Loja,45724.42,1,43,ROJO,Siniestro ocurrido en los primeros 10 dias de la poliza (+8 pts) | Reporte tardio: mas de 7 dias despues del evento (+5 pts) | Asegurado con 3 o mas siniestros en 18 meses (+8 pts) | Documentos incompletos o faltantes (+4 pts) | Proveedor en lista restrictiva (+10 pts) | Robo reportado con mas de 48 horas de demora (+8 pts),-0.019542713770947406,1
SIN-00999,POL-00536,ASG-00315,Vida,Dano parcial,2025-10-26,2025-10-31,30035.71,29497.47,27594.1,Liquidado,Sur,El asegurado reporta que su vehiculo fue robado en un estacionamiento sin camaras.,False,Grua Rapida,P007,15,350,5,3,Quito,39785.25,0,29,AMARILLO,Siniestro ocurrido en los primeros 30 dias de la poliza (+4 pts) | Reporte con demora de 4 a 7 dias (+3 pts) | Asegurado con 3 o mas siniestros en 18 meses (+8 pts) | Documentos incompletos o faltantes (+4 pts) | Proveedor en lista restrictiva (+10 pts),0.08418506630376155,0
SIN-01000,POL-00553,ASG-00222,Vida,Dano parcial,2026-01-21,2026-01-24,11409.42,9232.39,8686.34,Negativa,Sur,Colision leve en interseccion con semaforo. El tercero presento sus datos.,True,Clinica San Marcos,P002,79,286,3,1,Loja,28401.76,0,10,VERDE,Proveedor en lista restrictiva (+10 pts),0.07971149059078891,0
