id_documento,id_siniestro,tipo_documento,entregado,legible,fecha_emision,inconsistencia_detectada,observacion
DOC-000001,SIN-00001,Factura taller,False,True,2025-08-26,False,Sin observaciones
DOC-000002,SIN-00001,Cedula asegurado,False,True,2025-08-27,False,Sin observaciones
DOC-000003,SIN-00001,Denuncia policial,False,True,2025-08-27,False,Sin observaciones
DOC-000004,SIN-00002,Cedula asegurado,True,True,2024-11-28,False,Sin observaciones
DOC-000005,SIN-00002,Informe perito,True,True,2024-11-25,False,Sin observaciones
DOC-000006,SIN-00002,Denuncia policial,True,True,2024-11-25,False,Sin observaciones
DOC-000007,SIN-00003,Cedula asegurado,True,True,2026-06-27,False,Sin observaciones
DOC-000008,SIN-00003,Foto evidencia,True,True,2026-07-02,False,Sin observaciones
DOC-000009,SIN-00003,Factura taller,True,True,2026-06-27,False,Sin observaciones
DOC-000010,SIN-00004,Cedula asegurado,False,False,2024-12-24,True,Fecha previa al evento detectada
DOC-000011,SIN-00004,Factura taller,False,False,2024-12-21,True,Fecha previa al evento detectada
DOC-000012,SIN-00004,Foto evidencia,False,True,2024-12-24,False,Sin observaciones
DOC-000013,SIN-00005,Denuncia policial,True,True,2024-08-21,False,Sin observaciones
DOC-000014,SIN-00005,Informe perito,True,True,2024-08-20,False,Sin observaciones
DOC-000015,SIN-00005,Factura taller,True,True,2024-08-19,False,Sin observaciones
DOC-000016,SIN-00005,Foto evidencia,True,True,2024-08-23,False,Sin observaciones
DOC-000017,SIN-00006,Informe perito,True,True,2025-10-29,False,Sin observaciones
DOC-000018,SIN-00006,Foto evidencia,True,True,2025-10-31,False,Sin observaciones
DOC-000019,SIN-00006,Cedula asegurado,True,True,2025-10-27,False,Sin observaciones
DOC-000020,SIN-00007,Denuncia policial,False,False,2026-03-24,True,Fecha previa al evento detectada
DOC-000021,SIN-00007,Informe perito,False,False,2026-03-27,True,Fecha previa al evento detectada
DOC-000022,SIN-00007,Foto evidencia,False,False,2026-03-25,True,Fecha previa al evento detectada
DOC-000023,SIN-00007,Factura taller,False,True,2026-03-22,False,Sin observaciones
DOC-000024,SIN-00007,Cedula asegurado,False,False,2026-03-22,True,Fecha previa al evento detectada
DOC-000025,SIN-00008,Informe perito,False,True,2025-08-06,False,Sin observaciones
DOC-000026,SIN-00008,Foto evidencia,False,True,2025-08-05,False,Sin observaciones
DOC-000027,SIN-00008,Cedula asegurado,False,True,2025-08-06,False,Sin observaciones
DOC-000028,SIN-00008,Denuncia policial,False,True,2025-08-10,False,Sin observaciones
DOC-000029,SIN-00008,Factura taller,False,True,2025-08-08,False,Sin observaciones
DOC-000030,SIN-00009,Informe perito,False,True,2024-07-10,False,Sin observaciones
DOC-000031,SIN-00009,Denuncia policial,False,True,2024-07-07,False,Sin observaciones
DOC-000032,SIN-00009,Cedula asegurado,False,True,2024-07-07,False,Sin observaciones
DOC-000033,SIN-00009,Foto evidencia,False,False,2024-07-09,True,Fecha previa al evento detectada
DOC-000034,SIN-00010,Foto evidencia,True,True,2025-10-21,False,Sin observaciones
DOC-000035,SIN-00010,Cedula asegurado,True,True,2025-10-20,False,Sin observaciones
DOC-000036,SIN-00010,Factura taller,True,True,2025-10-20,False,Sin observaciones
DOC-000037,SIN-00010,Denuncia policial,True,True,2025-10-17,False,Sin observaciones
DOC-000038,SIN-00011,Informe perito,True,True,2026-04-02,False,Sin observaciones
DOC-000039,SIN-00011,Factura taller,True,True,2026-03-29,False,Sin observaciones
DOC-000040,SIN-00011,Foto evidencia,True,True,2026-04-01,False,Sin observaciones
DOC-000041,SIN-00011,Cedula asegurado,True,True,2026-04-03,False,Sin observaciones
DOC-000042,SIN-00012,Foto evidencia,False,False,2025-01-12,True,Fecha previa al evento detectada
DOC-000043,SIN-00012,Cedula asegurado,False,False,2025-01-07,True,Fecha previa al evento detectada
DOC-000044,SIN-00013,Factura taller,True,True,2026-08-02,False,Sin observaciones
DOC-000045,SIN-00013,Informe perito,True,True,2026-08-01,False,Sin observaciones
DOC-000046,SIN-00013,Denuncia policial,True,True,2026-07-28,False,Sin observaciones
DOC-000047,SIN-00014,Denuncia policial,True,True,2026-02-18,False,Sin observaciones
DOC-000048,SIN-00014,Factura taller,True,True,2026-02-17,False,Sin observaciones
DOC-000049,SIN-00015,Foto evidencia,True,True,2026-08-13,False,Sin observaciones
DOC-000050,SIN-00015,Denuncia policial,True,True,2026-08-10,False,Sin observaciones
DOC-000051,SIN-00015,Factura taller,True,True,2026-08-13,False,Sin observaciones
DOC-000052,SIN-00016,Foto evidencia,True,True,2024-12-29,False,Sin observaciones
DOC-000053,SIN-00016,Factura taller,True,True,2024-12-28,False,Sin observaciones
DOC-000054,SIN-00016,Informe perito,True,True,2024-12-30,False,Sin observaciones
DOC-000055,SIN-00016,Cedula asegurado,True,True,2024-12-31,False,Sin observaciones
DOC-000056,SIN-00017,Factura taller,False,True,2025-04-09,False,Sin observaciones
DOC-000057,SIN-00017,Denuncia policial,False,True,2025-04-10,False,Sin observaciones
DOC-000058,SIN-00018,Foto evidencia,True,True,2025-07-23,False,Sin observaciones
DOC-000059,SIN-00018,Informe perito,True,True,2025-07-22,False,Sin observaciones
DOC-000060,SIN-00018,Factura taller,True,True,2025-07-24,False,Sin observaciones
DOC-000061,SIN-00018,Cedula asegurado,True,True,2025-07-25,False,Sin observaciones
DOC-000062,SIN-00019,Factura taller,False,True,2024-08-11,False,Sin observaciones
DOC-000063,SIN-00019,Foto evidencia,False,False,2024-08-09,True,Fecha previa al evento detectada
DOC-000064,SIN-00020,Cedula asegurado,True,True,2025-11-02,False,Sin observaciones
DOC-000065,SIN-00020,Denuncia policial,True,True,2025-10-30,False,Sin observaciones
DOC-000066,SIN-00020,Foto evidencia,True,True,2025-10-30,False,Sin observaciones
DOC-000067,SIN-00020,Factura taller,True,True,2025-10-31,False,Sin observaciones
DOC-000068,SIN-00021,Denuncia policial,True,True,2024-08-30,False,Sin observaciones
DOC-000069,SIN-00021,Foto evidencia,True,True,2024-09-02,False,Sin observaciones
DOC-000070,SIN-00021,Informe perito,True,True,2024-08-30,False,Sin observaciones
DOC-000071,SIN-00021,Factura taller,True,True,2024-09-03,False,Sin observaciones
DOC-000072,SIN-00021,Cedula asegurado,True,True,2024-08-31,False,Sin observaciones
DOC-000073,SIN-00022,Cedula asegurado,True,True,2026-04-03,False,Sin observaciones
DOC-000074,SIN-00022,Denuncia policial,True,True,2026-04-06,False,Sin observaciones
DOC-000075,SIN-00022,Informe perito,True,True,2026-04-03,False,Sin observaciones
DOC-000076,SIN-00022,Factura taller,True,True,2026-04-04,False,Sin observaciones
DOC-000077,SIN-00023,Denuncia policial,False,True,2025-11-26,False,Sin observaciones
DOC-000078,SIN-00023,Foto evidencia,False,True,2025-11-26,False,Sin observaciones
DOC-000079,SIN-00023,Informe perito,False,True,2025-11-27,False,Sin observaciones
DOC-000080,SIN-00023,Factura taller,False,True,2025-11-28,False,Sin observaciones
DOC-000081,SIN-00024,Foto evidencia,True,True,2026-06-29,False,Sin observaciones
DOC-000082,SIN-00024,Informe perito,True,True,2026-06-28,False,Sin observaciones
DOC-000083,SIN-00024,Denuncia policial,True,True,2026-06-30,False,Sin observaciones
DOC-000084,SIN-00024,Factura taller,True,True,2026-06-28,False,Sin observaciones
DOC-000085,SIN-00025,Foto evidencia,True,True,2026-05-22,False,Sin observaciones
DOC-000086,SIN-00025,Factura taller,True,True,2026-05-24,False,Sin observaciones
DOC-000087,SIN-00025,Cedula asegurado,True,True,2026-05-23,False,Sin observaciones
DOC-000088,SIN-00025,Denuncia policial,True,True,2026-05-21,False,Sin observaciones
DOC-000089,SIN-00025,Informe perito,True,True,2026-05-22,False,Sin observaciones
DOC-000090,SIN-00026,Factura taller,True,True,2025-09-18,False,Sin observaciones
DOC-000091,SIN-00026,Foto evidencia,True,True,2025-09-21,False,Sin observaciones
DOC-000092,SIN-00026,Cedula asegurado,True,True,2025-09-20,False,Sin observaciones
DOC-000093,SIN-00026,Informe perito,True,True,2025-09-19,False,Sin observaciones
DOC-000094,SIN-00026,Denuncia policial,True,True,2025-09-21,False,Sin observaciones
DOC-000095,SIN-00027,Cedula asegurado,True,True,2026-06-03,False,Sin observaciones
DOC-000096,SIN-00027,Factura taller,True,True,2026-06-02,False,Sin observaciones
DOC-000097,SIN-00027,Foto evidencia,True,True,2026-06-02,False,Sin observaciones
DOC-000098,SIN-00027,Denuncia policial,True,True,2026-06-03,False,Sin observaciones
DOC-000099,SIN-00028,Denuncia policial,True,True,2025-10-08,False,Sin observaciones
DOC-000100,SIN-00028,Foto evidencia,True,True,2025-10-08,False,Sin observaciones
DOC-000101,SIN-00028,Cedula asegurado,True,True,2025-10-06,False,Sin observaciones
DOC-000102,SIN-00029,Cedula asegurado,True,True,2025-08-31,False,Sin observaciones
DOC-000103,SIN-00029,Denuncia policial,True,True,2025-08-30,False,Sin observaciones
DOC-000104,SIN-00030,Factura taller,True,True,2025-01-13,False,Sin observaciones
DOC-000105,SIN-00030,Cedula asegurado,True,True,2025-01-12,False,Sin observaciones
DOC-000106,SIN-00030,Denuncia policial,True,True,2025-01-12,False,Sin observaciones
DOC-000107,SIN-00030,Informe perito,True,True,2025-01-13,False,Sin observaciones
DOC-000108,SIN-00030,Foto evidencia,True,True,2025-01-11,False,Sin observaciones
DOC-000109,SIN-00031,Informe perito,True,True,2025-01-27,False,Sin observaciones
DOC-000110,SIN-00031,Cedula asegurado,True,True,2025-01-27,False,Sin observaciones
DOC-000111,SIN-00031,Denuncia policial,True,True,2025-01-31,False,Sin observaciones
DOC-000112,SIN-00031,Foto evidencia,True,True,2025-01-30,False,Sin observaciones
DOC-000113,SIN-00031,Factura taller,True,True,2025-01-28,False,Sin observaciones
DOC-000114,SIN-00032,Denuncia policial,True,True,2025-06-14,False,Sin observaciones
DOC-000115,SIN-00032,Factura taller,True,True,2025-06-12,False,Sin observaciones
DOC-000116,SIN-00032,Foto evidencia,True,True,2025-06-10,False,Sin observaciones
DOC-000117,SIN-00032,Cedula asegurado,True,True,2025-06-13,False,Sin observaciones
DOC-000118,SIN-00033,Foto evidencia,False,True,2024-07-23,False,Sin observaciones
DOC-000119,SIN-00033,Informe perito,False,True,2024-07-18,False,Sin observaciones
DOC-000120,SIN-00033,Factura taller,False,True,2024-07-18,False,Sin observaciones
DOC-000121,SIN-00033,Denuncia policial,False,True,2024-07-22,False,Sin observaciones
DOC-000122,SIN-00034,Informe perito,False,False,2026-05-12,True,Fecha previa al evento detectada
DOC-000123,SIN-00034,Foto evidencia,False,True,2026-05-14,False,Sin observaciones
DOC-000124,SIN-00034,Factura taller,False,False,2026-05-13,True,Fecha previa al evento detectada
DOC-000125,SIN-00034,Denuncia policial,False,False,2026-05-13,True,Fecha previa al evento detectada
DOC-000126,SIN-00034,Cedula asegurado,False,True,2026-05-12,False,Sin observaciones
DOC-000127,SIN-00035,Cedula asegurado,True,True,2024-12-13,False,Sin observaciones
DOC-000128,SIN-00035,Informe perito,True,True,2024-12-10,False,Sin observaciones
DOC-000129,SIN-00035,Denuncia policial,True,True,2024-12-14,False,Sin observaciones
DOC-000130,SIN-00035,Foto evidencia,True,True,2024-12-14,False,Sin observaciones
DOC-000131,SIN-00035,Factura taller,True,True,2024-12-09,False,Sin observaciones
DOC-000132,SIN-00036,Foto evidencia,True,True,2025-08-28,False,Sin observaciones
DOC-000133,SIN-00036,Factura taller,True,True,2025-08-25,False,Sin observaciones
DOC-000134,SIN-00036,Cedula asegurado,True,True,2025-08-25,False,Sin observaciones
DOC-000135,SIN-00036,Denuncia policial,True,True,2025-08-29,False,Sin observaciones
DOC-000136,SIN-00036,Informe perito,True,True,2025-08-27,False,Sin observaciones
DOC-000137,SIN-00037,Denuncia policial,True,True,2027-01-17,False,Sin observaciones
DOC-000138,SIN-00037,Foto evidencia,True,True,2027-01-16,False,Sin observaciones
DOC-000139,SIN-00038,Informe perito,True,True,2025-05-10,False,Sin observaciones
DOC-000140,SIN-00038,Denuncia policial,True,True,2025-05-09,False,Sin observaciones
DOC-000141,SIN-00038,Foto evidencia,True,True,2025-05-07,False,Sin observaciones
DOC-000142,SIN-00038,Factura taller,True,True,2025-05-10,False,Sin observaciones
DOC-000143,SIN-00038,Cedula asegurado,True,True,2025-05-11,False,Sin observaciones
DOC-000144,SIN-00039,Informe perito,True,True,2025-06-28,False,Sin observaciones
DOC-000145,SIN-00039,Denuncia policial,True,True,2025-06-27,False,Sin observaciones
DOC-000146,SIN-00039,Factura taller,True,True,2025-06-25,False,Sin observaciones
DOC-000147,SIN-00040,Cedula asegurado,True,True,2027-02-19,False,Sin observaciones
DOC-000148,SIN-00040,Foto evidencia,True,True,2027-02-19,False,Sin observaciones
DOC-000149,SIN-00040,Denuncia policial,True,True,2027-02-20,False,Sin observaciones
DOC-000150,SIN-00041,Foto evidencia,False,False,2024-08-29,True,Fecha previa al evento detectada
DOC-000151,SIN-00041,Cedula asegurado,False,True,2024-08-29,False,Sin observaciones
DOC-000152,SIN-00041,Denuncia policial,False,True,2024-08-25,False,Sin observaciones
DOC-000153,SIN-00041,Informe perito,False,False,2024-08-28,True,Fecha previa al evento detectada
DOC-000154,SIN-00041,Factura taller,False,False,2024-08-25,True,Fecha previa al evento detectada
DOC-000155,SIN-00042,Denuncia policial,True,True,2025-12-21,False,Sin observaciones
DOC-000156,SIN-00042,Foto evidencia,True,True,2025-12-22,False,Sin observaciones
DOC-000157,SIN-00042,Factura taller,True,True,2025-12-23,False,Sin observaciones
DOC-000158,SIN-00042,Cedula asegurado,True,True,2025-12-23,False,Sin observaciones
DOC-000159,SIN-00043,Factura taller,True,True,2025-01-13,False,Sin observaciones
DOC-000160,SIN-00043,Denuncia policial,True,True,2025-01-13,False,Sin observaciones
DOC-000161,SIN-00043,Informe perito,True,True,2025-01-15,False,Sin observaciones
DOC-000162,SIN-00044,Informe perito,False,True,2025-08-03,False,Sin observaciones
DOC-000163,SIN-00044,Factura taller,False,True,2025-08-06,False,Sin observaciones
DOC-000164,SIN-00044,Denuncia policial,False,True,2025-08-04,False,Sin observaciones
DOC-000165,SIN-00044,Foto evidencia,False,False,2025-08-03,True,Fecha previa al evento detectada
DOC-000166,SIN-00044,Cedula asegurado,False,False,2025-08-06,True,Fecha previa al evento detectada
DOC-000167,SIN-00045,Foto evidencia,True,True,2025-07-23,False,Sin observaciones
DOC-000168,SIN-00045,Cedula asegurado,True,True,2025-07-19,False,Sin observaciones
DOC-000169,SIN-00045,Denuncia policial,True,True,2025-07-21,False,Sin observaciones
DOC-000170,SIN-00046,Factura taller,True,True,2026-06-20,False,Sin observaciones
DOC-000171,SIN-00046,Informe perito,True,True,2026-06-21,False,Sin observaciones
DOC-000172,SIN-00046,Denuncia policial,True,True,2026-06-22,False,Sin observaciones
DOC-000173,SIN-00047,Cedula asegurado,True,True,2025-10-06,False,Sin observaciones
DOC-000174,SIN-00047,Denuncia policial,True,True,2025-10-01,False,Sin observaciones
DOC-000175,SIN-00047,Informe perito,True,True,2025-10-01,False,Sin observaciones
DOC-000176,SIN-00047,Foto evidencia,True,True,2025-10-03,False,Sin observaciones
DOC-000177,SIN-00048,Informe perito,True,True,2027-02-04,False,Sin observaciones
DOC-000178,SIN-00048,Factura taller,True,True,2027-01-30,False,Sin observaciones
DOC-000179,SIN-00048,Denuncia policial,True,True,2027-01-31,False,Sin observaciones
DOC-000180,SIN-00048,Cedula asegurado,True,True,2027-02-02,False,Sin observaciones
DOC-000181,SIN-00049,Informe perito,True,True,2025-11-30,False,Sin observaciones
DOC-000182,SIN-00049,Cedula asegurado,True,True,2025-11-29,False,Sin observaciones
DOC-000183,SIN-00049,Foto evidencia,True,True,2025-11-29,False,Sin observaciones
DOC-000184,SIN-00049,Factura taller,True,True,2025-11-30,False,Sin observaciones
DOC-000185,SIN-00049,Denuncia policial,True,True,2025-11-29,False,Sin observaciones
DOC-000186,SIN-00050,Informe perito,True,True,2027-01-15,False,Sin observaciones
DOC-000187,SIN-00050,Foto evidencia,True,True,2027-01-13,False,Sin observaciones
DOC-000188,SIN-00051,Denuncia policial,False,True,2024-09-03,False,Sin observaciones
DOC-000189,SIN-00051,Cedula asegurado,False,True,2024-09-02,False,Sin observaciones
DOC-000190,SIN-00051,Informe perito,False,True,2024-09-04,False,Sin observaciones
DOC-000191,SIN-00051,Factura taller,False,False,2024-09-03,True,Fecha previa al evento detectada
DOC-000192,SIN-00052,Cedula asegurado,False,True,2025-02-22,False,Sin observaciones
DOC-000193,SIN-00052,Informe perito,False,True,2025-02-21,False,Sin observaciones
DOC-000194,SIN-00052,Factura taller,False,True,2025-02-18,False,Sin observaciones
DOC-000195,SIN-00052,Foto evidencia,False,True,2025-02-22,False,Sin observaciones
DOC-000196,SIN-00052,Denuncia policial,False,True,2025-02-20,False,Sin observaciones
DOC-000197,SIN-00053,Factura taller,False,True,2024-06-23,False,Sin observaciones
DOC-000198,SIN-00053,Cedula asegurado,False,True,2024-06-23,False,Sin observaciones
DOC-000199,SIN-00053,Foto evidencia,False,True,2024-06-23,False,Sin observaciones
DOC-000200,SIN-00053,Denuncia policial,False,True,2024-06-23,False,Sin observaciones
DOC-000201,SIN-00053,Informe perito,False,True,2024-06-20,False,Sin observaciones
DOC-000202,SIN-00054,Factura taller,True,True,2025-09-30,False,Sin observaciones
DOC-000203,SIN-00054,Denuncia policial,True,True,2025-09-29,False,Sin observaciones
DOC-000204,SIN-00054,Foto evidencia,True,True,2025-10-02,False,Sin observaciones
DOC-000205,SIN-00055,Denuncia policial,True,True,2025-11-30,False,Sin observaciones
DOC-000206,SIN-00055,Foto evidencia,True,True,2025-12-03,False,Sin observaciones
DOC-000207,SIN-00056,Denuncia policial,True,True,2026-02-09,False,Sin observaciones
DOC-000208,SIN-00056,Factura taller,True,True,2026-02-10,False,Sin observaciones
DOC-000209,SIN-00056,Informe perito,True,True,2026-02-09,False,Sin observaciones
DOC-000210,SIN-00056,Foto evidencia,True,True,2026-02-07,False,Sin observaciones
DOC-000211,SIN-00056,Cedula asegurado,True,True,2026-02-07,False,Sin observaciones
DOC-000212,SIN-00057,Factura taller,True,True,2025-07-22,False,Sin observaciones
DOC-000213,SIN-00057,Foto evidencia,True,True,2025-07-20,False,Sin observaciones
DOC-000214,SIN-00057,Denuncia policial,True,True,2025-07-20,False,Sin observaciones
DOC-000215,SIN-00058,Informe perito,True,True,2025-09-05,False,Sin observaciones
DOC-000216,SIN-00058,Cedula asegurado,True,True,2025-09-07,False,Sin observaciones
DOC-000217,SIN-00059,Denuncia policial,False,True,2024-06-14,False,Sin observaciones
DOC-000218,SIN-00059,Informe perito,False,True,2024-06-16,False,Sin observaciones
DOC-000219,SIN-00059,Foto evidencia,False,True,2024-06-16,False,Sin observaciones
DOC-000220,SIN-00059,Cedula asegurado,False,True,2024-06-14,False,Sin observaciones
DOC-000221,SIN-00060,Factura taller,True,True,2026-09-15,False,Sin observaciones
DOC-000222,SIN-00060,Denuncia policial,True,True,2026-09-17,False,Sin observaciones
DOC-000223,SIN-00060,Informe perito,True,True,2026-09-14,False,Sin observaciones
DOC-000224,SIN-00060,Cedula asegurado,True,True,2026-09-18,False,Sin observaciones
DOC-000225,SIN-00061,Cedula asegurado,True,True,2025-05-03,False,Sin observaciones
DOC-000226,SIN-00061,Informe perito,True,True,2025-05-08,False,Sin observaciones
DOC-000227,SIN-00061,Denuncia policial,True,True,2025-05-05,False,Sin observaciones
DOC-000228,SIN-00061,Foto evidencia,True,True,2025-05-06,False,Sin observaciones
DOC-000229,SIN-00062,Cedula asegurado,True,True,2026-03-26,False,Sin observaciones
DOC-000230,SIN-00062,Factura taller,True,True,2026-03-25,False,Sin observaciones
DOC-000231,SIN-00062,Foto evidencia,True,True,2026-03-21,False,Sin observaciones
DOC-000232,SIN-00062,Informe perito,True,True,2026-03-23,False,Sin observaciones
DOC-000233,SIN-00063,Cedula asegurado,False,True,2026-01-16,False,Sin observaciones
DOC-000234,SIN-00063,Foto evidencia,False,True,2026-01-18,False,Sin observaciones
DOC-000235,SIN-00063,Informe perito,False,True,2026-01-18,False,Sin observaciones
DOC-000236,SIN-00063,Factura taller,False,True,2026-01-20,False,Sin observaciones
DOC-000237,SIN-00064,Denuncia policial,True,True,2026-07-24,False,Sin observaciones
DOC-000238,SIN-00064,Foto evidencia,True,True,2026-07-22,False,Sin observaciones
DOC-000239,SIN-00064,Cedula asegurado,True,True,2026-07-24,False,Sin observaciones
DOC-000240,SIN-00064,Informe perito,True,True,2026-07-26,False,Sin observaciones
DOC-000241,SIN-00065,Informe perito,False,False,2025-03-30,True,Fecha previa al evento detectada
DOC-000242,SIN-00065,Factura taller,False,False,2025-04-03,True,Fecha previa al evento detectada
DOC-000243,SIN-00065,Denuncia policial,False,False,2025-03-30,True,Fecha previa al evento detectada
DOC-000244,SIN-00065,Foto evidencia,False,False,2025-03-31,True,Fecha previa al evento detectada
DOC-000245,SIN-00066,Cedula asegurado,True,True,2026-06-24,False,Sin observaciones
DOC-000246,SIN-00066,Foto evidencia,True,True,2026-06-26,False,Sin observaciones
DOC-000247,SIN-00067,Cedula asegurado,True,True,2026-06-02,False,Sin observaciones
DOC-000248,SIN-00067,Denuncia policial,True,True,2026-05-30,False,Sin observaciones
DOC-000249,SIN-00068,Factura taller,True,True,2025-03-08,False,Sin observaciones
DOC-000250,SIN-00068,Cedula asegurado,True,True,2025-03-04,False,Sin observaciones
DOC-000251,SIN-00068,Informe perito,True,True,2025-03-04,False,Sin observaciones
DOC-000252,SIN-00068,Foto evidencia,True,True,2025-03-06,False,Sin observaciones
DOC-000253,SIN-00069,Denuncia policial,True,True,2025-02-08,False,Sin observaciones
DOC-000254,SIN-00069,Factura taller,True,True,2025-02-09,False,Sin observaciones
DOC-000255,SIN-00070,Foto evidencia,True,True,2026-08-29,False,Sin observaciones
DOC-000256,SIN-00070,Denuncia policial,True,True,2026-08-30,False,Sin observaciones
DOC-000257,SIN-00070,Factura taller,True,True,2026-08-30,False,Sin observaciones
DOC-000258,SIN-00070,Cedula asegurado,True,True,2026-08-29,False,Sin observaciones
DOC-000259,SIN-00071,Denuncia policial,False,True,2025-05-29,False,Sin observaciones
DOC-000260,SIN-00071,Foto evidencia,False,True,2025-05-27,False,Sin observaciones
DOC-000261,SIN-00071,Informe perito,False,True,2025-05-27,False,Sin observaciones
DOC-000262,SIN-00071,Cedula asegurado,False,True,2025-05-26,False,Sin observaciones
DOC-000263,SIN-00071,Factura taller,False,True,2025-05-31,False,Sin observaciones
DOC-000264,SIN-00072,Cedula asegurado,True,True,2025-09-06,False,Sin observaciones
DOC-000265,SIN-00072,Foto evidencia,True,True,2025-09-08,False,Sin observaciones
DOC-000266,SIN-00072,Denuncia policial,True,True,2025-09-05,False,Sin observaciones
DOC-000267,SIN-00072,Informe perito,True,True,2025-09-09,False,Sin observaciones
DOC-000268,SIN-00072,Factura taller,True,True,2025-09-10,False,Sin observaciones
DOC-000269,SIN-00073,Denuncia policial,True,True,2025-03-10,False,Sin observaciones
DOC-000270,SIN-00073,Foto evidencia,True,True,2025-03-06,False,Sin observaciones
DOC-000271,SIN-00073,Informe perito,True,True,2025-03-07,False,Sin observaciones
DOC-000272,SIN-00073,Cedula asegurado,True,True,2025-03-09,False,Sin observaciones
DOC-000273,SIN-00074,Cedula asegurado,True,True,2025-12-04,False,Sin observaciones
DOC-000274,SIN-00074,Informe perito,True,True,2025-12-05,False,Sin observaciones
DOC-000275,SIN-00074,Denuncia policial,True,True,2025-12-08,False,Sin observaciones
DOC-000276,SIN-00074,Foto evidencia,True,True,2025-12-08,False,Sin observaciones
DOC-000277,SIN-00074,Factura taller,True,True,2025-12-03,False,Sin observaciones
DOC-000278,SIN-00075,Foto evidencia,True,True,2026-02-24,False,Sin observaciones
DOC-000279,SIN-00075,Denuncia policial,True,True,2026-02-23,False,Sin observaciones
DOC-000280,SIN-00076,Denuncia policial,True,True,2025-10-30,False,Sin observaciones
DOC-000281,SIN-00076,Informe perito,True,True,2025-10-30,False,Sin observaciones
DOC-000282,SIN-00076,Foto evidencia,True,True,2025-10-28,False,Sin observaciones
DOC-000283,SIN-00077,Denuncia policial,False,True,2025-08-28,False,Sin observaciones
DOC-000284,SIN-00077,Factura taller,False,True,2025-08-27,False,Sin observaciones
DOC-000285,SIN-00077,Informe perito,False,True,2025-08-26,False,Sin observaciones
DOC-000286,SIN-00078,Informe perito,True,True,2025-05-31,False,Sin observaciones
DOC-000287,SIN-00078,Foto evidencia,True,True,2025-06-01,False,Sin observaciones
DOC-000288,SIN-00079,Foto evidencia,True,True,2026-04-02,False,Sin observaciones
DOC-000289,SIN-00079,Factura taller,True,True,2026-04-04,False,Sin observaciones
DOC-000290,SIN-00080,Foto evidencia,True,True,2024-12-23,False,Sin observaciones
DOC-000291,SIN-00080,Cedula asegurado,True,True,2024-12-19,False,Sin observaciones
DOC-000292,SIN-00081,Foto evidencia,False,True,2025-01-22,False,Sin observaciones
DOC-000293,SIN-00081,Denuncia policial,False,True,2025-01-22,False,Sin observaciones
DOC-000294,SIN-00082,Informe perito,False,True,2024-09-17,False,Sin observaciones
DOC-000295,SIN-00082,Foto evidencia,False,True,2024-09-20,False,Sin observaciones
DOC-000296,SIN-00083,Cedula asegurado,True,True,2025-01-24,False,Sin observaciones
DOC-000297,SIN-00083,Informe perito,True,True,2025-01-24,False,Sin observaciones
DOC-000298,SIN-00083,Foto evidencia,True,True,2025-01-20,False,Sin observaciones
DOC-000299,SIN-00083,Denuncia policial,True,True,2025-01-19,False,Sin observaciones
DOC-000300,SIN-00083,Factura taller,True,True,2025-01-24,False,Sin observaciones
DOC-000301,SIN-00084,Informe perito,True,True,2026-08-20,False,Sin observaciones
DOC-000302,SIN-00084,Foto evidencia,True,True,2026-08-23,False,Sin observaciones
DOC-000303,SIN-00084,Cedula asegurado,True,True,2026-08-23,False,Sin observaciones
DOC-000304,SIN-00085,Informe perito,False,False,2026-05-24,True,Fecha previa al evento detectada
DOC-000305,SIN-00085,Factura taller,False,False,2026-05-24,True,Fecha previa al evento detectada
DOC-000306,SIN-00085,Denuncia policial,False,True,2026-05-25,False,Sin observaciones
DOC-000307,SIN-00085,Cedula asegurado,False,True,2026-05-25,False,Sin observaciones
DOC-000308,SIN-00085,Foto evidencia,False,False,2026-05-27,True,Fecha previa al evento detectada
DOC-000309,SIN-00086,Factura taller,True,True,2025-10-14,False,Sin observaciones
DOC-000310,SIN-00086,Foto evidencia,True,True,2025-10-14,False,Sin observaciones
DOC-000311,SIN-00086,Denuncia policial,True,True,2025-10-12,False,Sin observaciones
DOC-000312,SIN-00086,Informe perito,True,True,2025-10-14,False,Sin observaciones
DOC-000313,SIN-00086,Cedula asegurado,True,True,2025-10-10,False,Sin observaciones
DOC-000314,SIN-00087,Cedula asegurado,True,True,2024-10-16,False,Sin observaciones
DOC-000315,SIN-00087,Factura taller,True,True,2024-10-15,False,Sin observaciones
DOC-000316,SIN-00087,Denuncia policial,True,True,2024-10-14,False,Sin observaciones
DOC-000317,SIN-00087,Informe perito,True,True,2024-10-16,False,Sin observaciones
DOC-000318,SIN-00088,Denuncia policial,True,True,2025-03-12,False,Sin observaciones
DOC-000319,SIN-00088,Factura taller,True,True,2025-03-12,False,Sin observaciones
DOC-000320,SIN-00089,Informe perito,True,True,2026-01-03,False,Sin observaciones
DOC-000321,SIN-00089,Factura taller,True,True,2026-01-06,False,Sin observaciones
DOC-000322,SIN-00089,Denuncia policial,True,True,2026-01-07,False,Sin observaciones
DOC-000323,SIN-00090,Cedula asegurado,True,True,2025-04-01,False,Sin observaciones
DOC-000324,SIN-00090,Foto evidencia,True,True,2025-03-31,False,Sin observaciones
DOC-000325,SIN-00090,Denuncia policial,True,True,2025-04-02,False,Sin observaciones
DOC-000326,SIN-00090,Factura taller,True,True,2025-03-31,False,Sin observaciones
DOC-000327,SIN-00090,Informe perito,True,True,2025-04-02,False,Sin observaciones
DOC-000328,SIN-00091,Cedula asegurado,True,True,2026-07-22,False,Sin observaciones
DOC-000329,SIN-00091,Factura taller,True,True,2026-07-23,False,Sin observaciones
DOC-000330,SIN-00091,Foto evidencia,True,True,2026-07-21,False,Sin observaciones
DOC-000331,SIN-00091,Informe perito,True,True,2026-07-20,False,Sin observaciones
DOC-000332,SIN-00091,Denuncia policial,True,True,2026-07-19,False,Sin observaciones
DOC-000333,SIN-00092,Denuncia policial,True,True,2025-12-06,False,Sin observaciones
DOC-000334,SIN-00092,Factura taller,True,True,2025-12-11,False,Sin observaciones
DOC-000335,SIN-00092,Foto evidencia,True,True,2025-12-09,False,Sin observaciones
DOC-000336,SIN-00092,Cedula asegurado,True,True,2025-12-11,False,Sin observaciones
DOC-000337,SIN-00092,Informe perito,True,True,2025-12-09,False,Sin observaciones
DOC-000338,SIN-00093,Informe perito,True,True,2025-08-27,False,Sin observaciones
DOC-000339,SIN-00093,Cedula asegurado,True,True,2025-08-27,False,Sin observaciones
DOC-000340,SIN-00093,Denuncia policial,True,True,2025-08-28,False,Sin observaciones
DOC-000341,SIN-00093,Foto evidencia,True,True,2025-08-30,False,Sin observaciones
DOC-000342,SIN-00094,Factura taller,True,True,2024-12-15,False,Sin observaciones
DOC-000343,SIN-00094,Foto evidencia,True,True,2024-12-13,False,Sin observaciones
DOC-000344,SIN-00094,Informe perito,True,True,2024-12-14,False,Sin observaciones
DOC-000345,SIN-00094,Cedula asegurado,True,True,2024-12-12,False,Sin observaciones
DOC-000346,SIN-00094,Denuncia policial,True,True,2024-12-10,False,Sin observaciones
DOC-000347,SIN-00095,Factura taller,True,True,2025-04-04,False,Sin observaciones
DOC-000348,SIN-00095,Foto evidencia,True,True,2025-04-05,False,Sin observaciones
DOC-000349,SIN-00095,Cedula asegurado,True,True,2025-04-07,False,Sin observaciones
DOC-000350,SIN-00095,Informe perito,True,True,2025-04-07,False,Sin observaciones
DOC-000351,SIN-00096,Factura taller,True,True,2025-03-22,False,Sin observaciones
DOC-000352,SIN-00096,Foto evidencia,True,True,2025-03-25,False,Sin observaciones
DOC-000353,SIN-00096,Denuncia policial,True,True,2025-03-27,False,Sin observaciones
DOC-000354,SIN-00096,Cedula asegurado,True,True,2025-03-26,False,Sin observaciones
DOC-000355,SIN-00096,Informe perito,True,True,2025-03-27,False,Sin observaciones
DOC-000356,SIN-00097,Foto evidencia,False,False,2025-10-19,True,Fecha previa al evento detectada
DOC-000357,SIN-00097,Denuncia policial,False,False,2025-10-16,True,Fecha previa al evento detectada
DOC-000358,SIN-00098,Foto evidencia,True,True,2026-09-04,False,Sin observaciones
DOC-000359,SIN-00098,Cedula asegurado,True,True,2026-09-07,False,Sin observaciones
DOC-000360,SIN-00098,Denuncia policial,True,True,2026-09-04,False,Sin observaciones
DOC-000361,SIN-00098,Factura taller,True,True,2026-09-03,False,Sin observaciones
DOC-000362,SIN-00099,Denuncia policial,True,True,2024-07-30,False,Sin observaciones
DOC-000363,SIN-00099,Informe perito,True,True,2024-08-01,False,Sin observaciones
DOC-000364,SIN-00100,Denuncia policial,False,True,2024-11-27,False,Sin observaciones
DOC-000365,SIN-00100,Factura taller,False,True,2024-12-02,False,Sin observaciones
DOC-000366,SIN-00100,Cedula asegurado,False,True,2024-11-27,False,Sin observaciones
DOC-000367,SIN-00100,Foto evidencia,False,True,2024-11-27,False,Sin observaciones
DOC-000368,SIN-00100,Informe perito,False,True,2024-11-27,False,Sin observaciones
DOC-000369,SIN-00101,Informe perito,True,True,2025-03-31,False,Sin observaciones
DOC-000370,SIN-00101,Factura taller,True,True,2025-03-28,False,Sin observaciones
DOC-000371,SIN-00101,Cedula asegurado,True,True,2025-03-31,False,Sin observaciones
DOC-000372,SIN-00102,Foto evidencia,True,True,2026-01-31,False,Sin observaciones
DOC-000373,SIN-00102,Denuncia policial,True,True,2026-01-29,False,Sin observaciones
DOC-000374,SIN-00102,Cedula asegurado,True,True,2026-01-30,False,Sin observaciones
DOC-000375,SIN-00102,Informe perito,True,True,2026-01-31,False,Sin observaciones
DOC-000376,SIN-00102,Factura taller,True,True,2026-01-31,False,Sin observaciones
DOC-000377,SIN-00103,Foto evidencia,True,True,2026-01-07,False,Sin observaciones
DOC-000378,SIN-00103,Denuncia policial,True,True,2026-01-06,False,Sin observaciones
DOC-000379,SIN-00103,Informe perito,True,True,2026-01-06,False,Sin observaciones
DOC-000380,SIN-00104,Denuncia policial,True,True,2025-04-04,False,Sin observaciones
DOC-000381,SIN-00104,Cedula asegurado,True,True,2025-04-04,False,Sin observaciones
DOC-000382,SIN-00104,Factura taller,True,True,2025-04-02,False,Sin observaciones
DOC-000383,SIN-00105,Cedula asegurado,False,True,2025-08-01,False,Sin observaciones
DOC-000384,SIN-00105,Foto evidencia,False,True,2025-07-31,False,Sin observaciones
DOC-000385,SIN-00105,Factura taller,False,True,2025-07-31,False,Sin observaciones
DOC-000386,SIN-00106,Denuncia policial,False,True,2025-05-02,False,Sin observaciones
DOC-000387,SIN-00106,Cedula asegurado,False,True,2025-04-30,False,Sin observaciones
DOC-000388,SIN-00106,Foto evidencia,False,True,2025-05-01,False,Sin observaciones
DOC-000389,SIN-00106,Factura taller,False,True,2025-05-04,False,Sin observaciones
DOC-000390,SIN-00107,Denuncia policial,False,True,2025-09-13,False,Sin observaciones
DOC-000391,SIN-00107,Informe perito,False,True,2025-09-12,False,Sin observaciones
DOC-000392,SIN-00107,Cedula asegurado,False,True,2025-09-12,False,Sin observaciones
DOC-000393,SIN-00107,Factura taller,False,True,2025-09-16,False,Sin observaciones
DOC-000394,SIN-00107,Foto evidencia,False,True,2025-09-13,False,Sin observaciones
DOC-000395,SIN-00108,Factura taller,False,True,2026-03-27,False,Sin observaciones
DOC-000396,SIN-00108,Foto evidencia,False,True,2026-03-24,False,Sin observaciones
DOC-000397,SIN-00108,Denuncia policial,False,True,2026-03-25,False,Sin observaciones
DOC-000398,SIN-00109,Cedula asegurado,False,True,2024-08-08,False,Sin observaciones
DOC-000399,SIN-00109,Denuncia policial,False,True,2024-08-04,False,Sin observaciones
DOC-000400,SIN-00109,Informe perito,False,True,2024-08-04,False,Sin observaciones
DOC-000401,SIN-00110,Factura taller,True,True,2026-07-21,False,Sin observaciones
DOC-000402,SIN-00110,Denuncia policial,True,True,2026-07-21,False,Sin observaciones
DOC-000403,SIN-00110,Foto evidencia,True,True,2026-07-24,False,Sin observaciones
DOC-000404,SIN-00111,Factura taller,True,True,2026-08-15,False,Sin observaciones
DOC-000405,SIN-00111,Informe perito,True,True,2026-08-15,False,Sin observaciones
DOC-000406,SIN-00111,Cedula asegurado,True,True,2026-08-17,False,Sin observaciones
DOC-000407,SIN-00111,Denuncia policial,True,True,2026-08-15,False,Sin observaciones
DOC-000408,SIN-00111,Foto evidencia,True,True,2026-08-15,False,Sin observaciones
DOC-000409,SIN-00112,Cedula asegurado,True,True,2025-01-16,False,Sin observaciones
DOC-000410,SIN-00112,Factura taller,True,True,2025-01-16,False,Sin observaciones
DOC-000411,SIN-00112,Foto evidencia,True,True,2025-01-17,False,Sin observaciones
DOC-000412,SIN-00113,Foto evidencia,False,True,2025-06-13,False,Sin observaciones
DOC-000413,SIN-00113,Cedula asegurado,False,True,2025-06-14,False,Sin observaciones
DOC-000414,SIN-00113,Factura taller,False,True,2025-06-11,False,Sin observaciones
DOC-000415,SIN-00113,Informe perito,False,True,2025-06-12,False,Sin observaciones
DOC-000416,SIN-00113,Denuncia policial,False,True,2025-06-16,False,Sin observaciones
DOC-000417,SIN-00114,Informe perito,True,True,2025-08-13,False,Sin observaciones
DOC-000418,SIN-00114,Denuncia policial,True,True,2025-08-17,False,Sin observaciones
DOC-000419,SIN-00114,Cedula asegurado,True,True,2025-08-17,False,Sin observaciones
DOC-000420,SIN-00114,Factura taller,True,True,2025-08-15,False,Sin observaciones
DOC-000421,SIN-00114,Foto evidencia,True,True,2025-08-18,False,Sin observaciones
DOC-000422,SIN-00115,Denuncia policial,True,True,2025-09-29,False,Sin observaciones
DOC-000423,SIN-00115,Cedula asegurado,True,True,2025-09-29,False,Sin observaciones
DOC-000424,SIN-00116,Foto evidencia,True,True,2025-03-14,False,Sin observaciones
DOC-000425,SIN-00116,Denuncia policial,True,True,2025-03-13,False,Sin observaciones
DOC-000426,SIN-00116,Cedula asegurado,True,True,2025-03-10,False,Sin observaciones
DOC-000427,SIN-00116,Factura taller,True,True,2025-03-14,False,Sin observaciones
DOC-000428,SIN-00117,Factura taller,False,True,2024-08-21,False,Sin observaciones
DOC-000429,SIN-00117,Informe perito,False,False,2024-08-18,True,Fecha previa al evento detectada
DOC-000430,SIN-00117,Denuncia policial,False,True,2024-08-19,False,Sin observaciones
DOC-000431,SIN-00118,Denuncia policial,False,True,2025-02-10,False,Sin observaciones
DOC-000432,SIN-00118,Informe perito,False,True,2025-02-13,False,Sin observaciones
DOC-000433,SIN-00118,Cedula asegurado,False,True,2025-02-11,False,Sin observaciones
DOC-000434,SIN-00118,Factura taller,False,True,2025-02-11,False,Sin observaciones
DOC-000435,SIN-00118,Foto evidencia,False,True,2025-02-09,False,Sin observaciones
DOC-000436,SIN-00119,Informe perito,False,True,2025-04-20,False,Sin observaciones
DOC-000437,SIN-00119,Foto evidencia,False,True,2025-04-16,False,Sin observaciones
DOC-000438,SIN-00119,Factura taller,False,False,2025-04-17,True,Fecha previa al evento detectada
DOC-000439,SIN-00119,Cedula asegurado,False,False,2025-04-19,True,Fecha previa al evento detectada
DOC-000440,SIN-00119,Denuncia policial,False,True,2025-04-21,False,Sin observaciones
DOC-000441,SIN-00120,Cedula asegurado,True,True,2026-07-21,False,Sin observaciones
DOC-000442,SIN-00120,Foto evidencia,True,True,2026-07-16,False,Sin observaciones
DOC-000443,SIN-00120,Informe perito,True,True,2026-07-19,False,Sin observaciones
DOC-000444,SIN-00120,Factura taller,True,True,2026-07-21,False,Sin observaciones
DOC-000445,SIN-00120,Denuncia policial,True,True,2026-07-16,False,Sin observaciones
DOC-000446,SIN-00121,Foto evidencia,True,True,2025-09-22,False,Sin observaciones
DOC-000447,SIN-00121,Denuncia policial,True,True,2025-09-25,False,Sin observaciones
DOC-000448,SIN-00121,Informe perito,True,True,2025-09-21,False,Sin observaciones
DOC-000449,SIN-00121,Factura taller,True,True,2025-09-25,False,Sin observaciones
DOC-000450,SIN-00121,Cedula asegurado,True,True,2025-09-22,False,Sin observaciones
DOC-000451,SIN-00122,Factura taller,False,False,2024-07-06,True,Fecha previa al evento detectada
DOC-000452,SIN-00122,Denuncia policial,False,False,2024-07-09,True,Fecha previa al evento detectada
DOC-000453,SIN-00122,Foto evidencia,False,True,2024-07-09,False,Sin observaciones
DOC-000454,SIN-00123,Informe perito,True,True,2024-10-12,False,Sin observaciones
DOC-000455,SIN-00123,Foto evidencia,True,True,2024-10-12,False,Sin observaciones
DOC-000456,SIN-00124,Factura taller,True,True,2025-09-14,False,Sin observaciones
DOC-000457,SIN-00124,Informe perito,True,True,2025-09-16,False,Sin observaciones
DOC-000458,SIN-00124,Cedula asegurado,True,True,2025-09-12,False,Sin observaciones
DOC-000459,SIN-00124,Denuncia policial,True,True,2025-09-12,False,Sin observaciones
DOC-000460,SIN-00125,Informe perito,True,True,2026-07-14,False,Sin observaciones
DOC-000461,SIN-00125,Factura taller,True,True,2026-07-16,False,Sin observaciones
DOC-000462,SIN-00125,Foto evidencia,True,True,2026-07-18,False,Sin observaciones
DOC-000463,SIN-00126,Foto evidencia,True,True,2026-09-01,False,Sin observaciones
DOC-000464,SIN-00126,Informe perito,True,True,2026-09-04,False,Sin observaciones
DOC-000465,SIN-00126,Cedula asegurado,True,True,2026-09-02,False,Sin observaciones
DOC-000466,SIN-00127,Cedula asegurado,True,True,2027-02-09,False,Sin observaciones
DOC-000467,SIN-00127,Foto evidencia,True,True,2027-02-08,False,Sin observaciones
DOC-000468,SIN-00128,Factura taller,True,True,2025-11-04,False,Sin observaciones
DOC-000469,SIN-00128,Informe perito,True,True,2025-11-08,False,Sin observaciones
DOC-000470,SIN-00129,Informe perito,True,True,2026-11-20,False,Sin observaciones
DOC-000471,SIN-00129,Denuncia policial,True,True,2026-11-24,False,Sin observaciones
DOC-000472,SIN-00130,Factura taller,True,True,2025-02-25,False,Sin observaciones
DOC-000473,SIN-00130,Foto evidencia,True,True,2025-02-23,False,Sin observaciones
DOC-000474,SIN-00130,Denuncia policial,True,True,2025-02-23,False,Sin observaciones
DOC-000475,SIN-00130,Informe perito,True,True,2025-02-24,False,Sin observaciones
DOC-000476,SIN-00130,Cedula asegurado,True,True,2025-02-21,False,Sin observaciones
DOC-000477,SIN-00131,Denuncia policial,True,True,2027-01-07,False,Sin observaciones
DOC-000478,SIN-00131,Cedula asegurado,True,True,2027-01-05,False,Sin observaciones
DOC-000479,SIN-00132,Cedula asegurado,False,False,2025-08-25,True,Fecha previa al evento detectada
DOC-000480,SIN-00132,Factura taller,False,False,2025-08-24,True,Fecha previa al evento detectada
DOC-000481,SIN-00132,Denuncia policial,False,False,2025-08-25,True,Fecha previa al evento detectada
DOC-000482,SIN-00132,Foto evidencia,False,True,2025-08-25,False,Sin observaciones
DOC-000483,SIN-00133,Informe perito,True,True,2025-09-09,False,Sin observaciones
DOC-000484,SIN-00133,Denuncia policial,True,True,2025-09-13,False,Sin observaciones
DOC-000485,SIN-00133,Foto evidencia,True,True,2025-09-14,False,Sin observaciones
DOC-000486,SIN-00133,Cedula asegurado,True,True,2025-09-10,False,Sin observaciones
DOC-000487,SIN-00133,Factura taller,True,True,2025-09-12,False,Sin observaciones
DOC-000488,SIN-00134,Denuncia policial,True,True,2025-06-02,False,Sin observaciones
DOC-000489,SIN-00134,Informe perito,True,True,2025-05-30,False,Sin observaciones
DOC-000490,SIN-00134,Foto evidencia,True,True,2025-05-31,False,Sin observaciones
DOC-000491,SIN-00134,Factura taller,True,True,2025-05-29,False,Sin observaciones
DOC-000492,SIN-00135,Cedula asegurado,True,True,2025-07-09,False,Sin observaciones
DOC-000493,SIN-00135,Informe perito,True,True,2025-07-05,False,Sin observaciones
DOC-000494,SIN-00135,Factura taller,True,True,2025-07-06,False,Sin observaciones
DOC-000495,SIN-00136,Cedula asegurado,True,True,2025-08-01,False,Sin observaciones
DOC-000496,SIN-00136,Factura taller,True,True,2025-08-01,False,Sin observaciones
DOC-000497,SIN-00136,Denuncia policial,True,True,2025-08-04,False,Sin observaciones
DOC-000498,SIN-00137,Denuncia policial,True,True,2026-08-08,False,Sin observaciones
DOC-000499,SIN-00137,Informe perito,True,True,2026-08-12,False,Sin observaciones
DOC-000500,SIN-00137,Cedula asegurado,True,True,2026-08-07,False,Sin observaciones
DOC-000501,SIN-00138,Foto evidencia,False,False,2025-07-27,True,Fecha previa al evento detectada
DOC-000502,SIN-00138,Denuncia policial,False,True,2025-07-28,False,Sin observaciones
DOC-000503,SIN-00138,Cedula asegurado,False,True,2025-07-29,False,Sin observaciones
DOC-000504,SIN-00139,Foto evidencia,True,True,2026-10-04,False,Sin observaciones
DOC-000505,SIN-00139,Factura taller,True,True,2026-10-08,False,Sin observaciones
DOC-000506,SIN-00139,Cedula asegurado,True,True,2026-10-08,False,Sin observaciones
DOC-000507,SIN-00139,Denuncia policial,True,True,2026-10-06,False,Sin observaciones
DOC-000508,SIN-00139,Informe perito,True,True,2026-10-05,False,Sin observaciones
DOC-000509,SIN-00140,Informe perito,True,True,2025-11-19,False,Sin observaciones
DOC-000510,SIN-00140,Foto evidencia,True,True,2025-11-16,False,Sin observaciones
DOC-000511,SIN-00140,Cedula asegurado,True,True,2025-11-21,False,Sin observaciones
DOC-000512,SIN-00140,Denuncia policial,True,True,2025-11-19,False,Sin observaciones
DOC-000513,SIN-00141,Denuncia policial,True,True,2024-10-28,False,Sin observaciones
DOC-000514,SIN-00141,Foto evidencia,True,True,2024-10-27,False,Sin observaciones
DOC-000515,SIN-00141,Informe perito,True,True,2024-10-26,False,Sin observaciones
DOC-000516,SIN-00141,Cedula asegurado,True,True,2024-10-26,False,Sin observaciones
DOC-000517,SIN-00141,Factura taller,True,True,2024-10-27,False,Sin observaciones
DOC-000518,SIN-00142,Cedula asegurado,False,True,2024-10-03,False,Sin observaciones
DOC-000519,SIN-00142,Foto evidencia,False,True,2024-10-04,False,Sin observaciones
DOC-000520,SIN-00143,Cedula asegurado,False,False,2025-03-05,True,Fecha previa al evento detectada
DOC-000521,SIN-00143,Denuncia policial,False,False,2025-03-07,True,Fecha previa al evento detectada
DOC-000522,SIN-00143,Factura taller,False,True,2025-03-03,False,Sin observaciones
DOC-000523,SIN-00144,Informe perito,True,True,2026-08-02,False,Sin observaciones
DOC-000524,SIN-00144,Denuncia policial,True,True,2026-08-06,False,Sin observaciones
DOC-000525,SIN-00144,Foto evidencia,True,True,2026-08-04,False,Sin observaciones
DOC-000526,SIN-00144,Factura taller,True,True,2026-08-05,False,Sin observaciones
DOC-000527,SIN-00145,Foto evidencia,True,True,2026-08-01,False,Sin observaciones
DOC-000528,SIN-00145,Cedula asegurado,True,True,2026-08-01,False,Sin observaciones
DOC-000529,SIN-00145,Factura taller,True,True,2026-07-31,False,Sin observaciones
DOC-000530,SIN-00146,Factura taller,False,False,2025-04-17,True,Fecha previa al evento detectada
DOC-000531,SIN-00146,Informe perito,False,False,2025-04-18,True,Fecha previa al evento detectada
DOC-000532,SIN-00147,Factura taller,True,True,2025-03-13,False,Sin observaciones
DOC-000533,SIN-00147,Denuncia policial,True,True,2025-03-12,False,Sin observaciones
DOC-000534,SIN-00147,Foto evidencia,True,True,2025-03-10,False,Sin observaciones
DOC-000535,SIN-00147,Informe perito,True,True,2025-03-14,False,Sin observaciones
DOC-000536,SIN-00147,Cedula asegurado,True,True,2025-03-09,False,Sin observaciones
DOC-000537,SIN-00148,Cedula asegurado,True,True,2025-04-16,False,Sin observaciones
DOC-000538,SIN-00148,Factura taller,True,True,2025-04-19,False,Sin observaciones
DOC-000539,SIN-00148,Informe perito,True,True,2025-04-19,False,Sin observaciones
DOC-000540,SIN-00149,Factura taller,True,True,2026-09-15,False,Sin observaciones
DOC-000541,SIN-00149,Cedula asegurado,True,True,2026-09-14,False,Sin observaciones
DOC-000542,SIN-00149,Denuncia policial,True,True,2026-09-12,False,Sin observaciones
DOC-000543,SIN-00150,Factura taller,True,True,2025-11-16,False,Sin observaciones
DOC-000544,SIN-00150,Informe perito,True,True,2025-11-19,False,Sin observaciones
DOC-000545,SIN-00150,Cedula asegurado,True,True,2025-11-15,False,Sin observaciones
DOC-000546,SIN-00151,Factura taller,False,True,2025-06-02,False,Sin observaciones
DOC-000547,SIN-00151,Informe perito,False,True,2025-06-06,False,Sin observaciones
DOC-000548,SIN-00151,Cedula asegurado,False,True,2025-06-03,False,Sin observaciones
DOC-000549,SIN-00151,Foto evidencia,False,True,2025-06-05,False,Sin observaciones
DOC-000550,SIN-00152,Factura taller,True,True,2025-08-16,False,Sin observaciones
DOC-000551,SIN-00152,Informe perito,True,True,2025-08-16,False,Sin observaciones
DOC-000552,SIN-00152,Denuncia policial,True,True,2025-08-15,False,Sin observaciones
DOC-000553,SIN-00152,Cedula asegurado,True,True,2025-08-11,False,Sin observaciones
DOC-000554,SIN-00153,Factura taller,True,True,2025-05-16,False,Sin observaciones
DOC-000555,SIN-00153,Cedula asegurado,True,True,2025-05-15,False,Sin observaciones
DOC-000556,SIN-00153,Denuncia policial,True,True,2025-05-14,False,Sin observaciones
DOC-000557,SIN-00153,Informe perito,True,True,2025-05-17,False,Sin observaciones
DOC-000558,SIN-00153,Foto evidencia,True,True,2025-05-15,False,Sin observaciones
DOC-000559,SIN-00154,Cedula asegurado,True,True,2025-05-16,False,Sin observaciones
DOC-000560,SIN-00154,Informe perito,True,True,2025-05-15,False,Sin observaciones
DOC-000561,SIN-00154,Foto evidencia,True,True,2025-05-17,False,Sin observaciones
DOC-000562,SIN-00155,Cedula asegurado,True,True,2025-12-28,False,Sin observaciones
DOC-000563,SIN-00155,Foto evidencia,True,True,2025-12-30,False,Sin observaciones
DOC-000564,SIN-00155,Informe perito,True,True,2025-12-31,False,Sin observaciones
DOC-000565,SIN-00155,Factura taller,True,True,2025-12-31,False,Sin observaciones
DOC-000566,SIN-00155,Denuncia policial,True,True,2026-01-01,False,Sin observaciones
DOC-000567,SIN-00156,Factura taller,True,True,2025-03-17,False,Sin observaciones
DOC-000568,SIN-00156,Cedula asegurado,True,True,2025-03-13,False,Sin observaciones
DOC-000569,SIN-00157,Informe perito,False,True,2024-12-20,False,Sin observaciones
DOC-000570,SIN-00157,Denuncia policial,False,True,2024-12-21,False,Sin observaciones
DOC-000571,SIN-00157,Cedula asegurado,False,False,2024-12-23,True,Fecha previa al evento detectada
DOC-000572,SIN-00157,Factura taller,False,True,2024-12-23,False,Sin observaciones
DOC-000573,SIN-00158,Foto evidencia,True,True,2025-01-05,False,Sin observaciones
DOC-000574,SIN-00158,Factura taller,True,True,2025-01-06,False,Sin observaciones
DOC-000575,SIN-00158,Cedula asegurado,True,True,2025-01-03,False,Sin observaciones
DOC-000576,SIN-00159,Factura taller,True,True,2026-08-26,False,Sin observaciones
DOC-000577,SIN-00159,Informe perito,True,True,2026-08-24,False,Sin observaciones
DOC-000578,SIN-00159,Denuncia policial,True,True,2026-08-22,False,Sin observaciones
DOC-000579,SIN-00159,Cedula asegurado,True,True,2026-08-23,False,Sin observaciones
DOC-000580,SIN-00159,Foto evidencia,True,True,2026-08-26,False,Sin observaciones
DOC-000581,SIN-00160,Denuncia policial,False,True,2024-12-05,False,Sin observaciones
DOC-000582,SIN-00160,Cedula asegurado,False,True,2024-12-09,False,Sin observaciones
DOC-000583,SIN-00161,Factura taller,True,True,2025-06-01,False,Sin observaciones
DOC-000584,SIN-00161,Informe perito,True,True,2025-06-02,False,Sin observaciones
DOC-000585,SIN-00161,Cedula asegurado,True,True,2025-05-29,False,Sin observaciones
DOC-000586,SIN-00161,Foto evidencia,True,True,2025-05-28,False,Sin observaciones
DOC-000587,SIN-00161,Denuncia policial,True,True,2025-05-31,False,Sin observaciones
DOC-000588,SIN-00162,Foto evidencia,False,True,2024-06-10,False,Sin observaciones
DOC-000589,SIN-00162,Factura taller,False,False,2024-06-10,True,Fecha previa al evento detectada
DOC-000590,SIN-00162,Cedula asegurado,False,True,2024-06-15,False,Sin observaciones
DOC-000591,SIN-00162,Informe perito,False,False,2024-06-15,True,Fecha previa al evento detectada
DOC-000592,SIN-00162,Denuncia policial,False,False,2024-06-13,True,Fecha previa al evento detectada
DOC-000593,SIN-00163,Foto evidencia,True,True,2026-07-26,False,Sin observaciones
DOC-000594,SIN-00163,Factura taller,True,True,2026-07-29,False,Sin observaciones
DOC-000595,SIN-00163,Informe perito,True,True,2026-07-27,False,Sin observaciones
DOC-000596,SIN-00164,Factura taller,True,True,2025-06-28,False,Sin observaciones
DOC-000597,SIN-00164,Foto evidencia,True,True,2025-06-28,False,Sin observaciones
DOC-000598,SIN-00164,Cedula asegurado,True,True,2025-06-24,False,Sin observaciones
DOC-000599,SIN-00164,Informe perito,True,True,2025-06-25,False,Sin observaciones
DOC-000600,SIN-00165,Factura taller,False,False,2025-09-06,True,Fecha previa al evento detectada
DOC-000601,SIN-00165,Cedula asegurado,False,False,2025-09-06,True,Fecha previa al evento detectada
DOC-000602,SIN-00165,Foto evidencia,False,False,2025-09-09,True,Fecha previa al evento detectada
DOC-000603,SIN-00165,Informe perito,False,False,2025-09-06,True,Fecha previa al evento detectada
DOC-000604,SIN-00166,Informe perito,True,True,2026-04-17,False,Sin observaciones
DOC-000605,SIN-00166,Factura taller,True,True,2026-04-14,False,Sin observaciones
DOC-000606,SIN-00166,Foto evidencia,True,True,2026-04-15,False,Sin observaciones
DOC-000607,SIN-00166,Cedula asegurado,True,True,2026-04-17,False,Sin observaciones
DOC-000608,SIN-00167,Foto evidencia,False,False,2025-11-26,True,Fecha previa al evento detectada
DOC-000609,SIN-00167,Factura taller,False,False,2025-11-27,True,Fecha previa al evento detectada
DOC-000610,SIN-00168,Informe perito,True,True,2025-12-27,False,Sin observaciones
DOC-000611,SIN-00168,Foto evidencia,True,True,2025-12-26,False,Sin observaciones
DOC-000612,SIN-00168,Cedula asegurado,True,True,2025-12-27,False,Sin observaciones
DOC-000613,SIN-00168,Denuncia policial,True,True,2025-12-22,False,Sin observaciones
DOC-000614,SIN-00168,Factura taller,True,True,2025-12-27,False,Sin observaciones
DOC-000615,SIN-00169,Cedula asegurado,False,True,2025-11-14,False,Sin observaciones
DOC-000616,SIN-00169,Foto evidencia,False,True,2025-11-12,False,Sin observaciones
DOC-000617,SIN-00170,Informe perito,False,True,2024-09-12,False,Sin observaciones
DOC-000618,SIN-00170,Foto evidencia,False,True,2024-09-11,False,Sin observaciones
DOC-000619,SIN-00171,Cedula asegurado,False,True,2025-01-03,False,Sin observaciones
DOC-000620,SIN-00171,Factura taller,False,False,2024-12-31,True,Fecha previa al evento detectada
DOC-000621,SIN-00171,Informe perito,False,False,2024-12-31,True,Fecha previa al evento detectada
DOC-000622,SIN-00172,Denuncia policial,False,True,2025-11-17,False,Sin observaciones
DOC-000623,SIN-00172,Informe perito,False,False,2025-11-20,True,Fecha previa al evento detectada
DOC-000624,SIN-00172,Factura taller,False,False,2025-11-18,True,Fecha previa al evento detectada
DOC-000625,SIN-00173,Foto evidencia,True,True,2026-05-20,False,Sin observaciones
DOC-000626,SIN-00173,Factura taller,True,True,2026-05-18,False,Sin observaciones
DOC-000627,SIN-00173,Cedula asegurado,True,True,2026-05-19,False,Sin observaciones
DOC-000628,SIN-00173,Informe perito,True,True,2026-05-22,False,Sin observaciones
DOC-000629,SIN-00174,Denuncia policial,False,True,2025-04-13,False,Sin observaciones
DOC-000630,SIN-00174,Foto evidencia,False,True,2025-04-14,False,Sin observaciones
DOC-000631,SIN-00174,Factura taller,False,True,2025-04-12,False,Sin observaciones
DOC-000632,SIN-00174,Cedula asegurado,False,True,2025-04-10,False,Sin observaciones
DOC-000633,SIN-00174,Informe perito,False,True,2025-04-12,False,Sin observaciones
DOC-000634,SIN-00175,Informe perito,False,False,2024-11-27,True,Fecha previa al evento detectada
DOC-000635,SIN-00175,Cedula asegurado,False,True,2024-11-30,False,Sin observaciones
DOC-000636,SIN-00176,Factura taller,True,True,2025-09-30,False,Sin observaciones
DOC-000637,SIN-00176,Denuncia policial,True,True,2025-10-01,False,Sin observaciones
DOC-000638,SIN-00177,Factura taller,False,True,2024-06-06,False,Sin observaciones
DOC-000639,SIN-00177,Denuncia policial,False,True,2024-06-06,False,Sin observaciones
DOC-000640,SIN-00178,Informe perito,False,True,2024-10-06,False,Sin observaciones
DOC-000641,SIN-00178,Denuncia policial,False,True,2024-10-09,False,Sin observaciones
DOC-000642,SIN-00178,Cedula asegurado,False,True,2024-10-07,False,Sin observaciones
DOC-000643,SIN-00179,Foto evidencia,False,True,2025-10-05,False,Sin observaciones
DOC-000644,SIN-00179,Factura taller,False,True,2025-10-05,False,Sin observaciones
DOC-000645,SIN-00179,Informe perito,False,True,2025-10-02,False,Sin observaciones
DOC-000646,SIN-00179,Cedula asegurado,False,True,2025-10-03,False,Sin observaciones
DOC-000647,SIN-00179,Denuncia policial,False,True,2025-10-03,False,Sin observaciones
DOC-000648,SIN-00180,Denuncia policial,True,True,2025-09-25,False,Sin observaciones
DOC-000649,SIN-00180,Factura taller,True,True,2025-09-25,False,Sin observaciones
DOC-000650,SIN-00180,Foto evidencia,True,True,2025-09-25,False,Sin observaciones
DOC-000651,SIN-00181,Cedula asegurado,True,True,2024-10-11,False,Sin observaciones
DOC-000652,SIN-00181,Denuncia policial,True,True,2024-10-09,False,Sin observaciones
DOC-000653,SIN-00181,Foto evidencia,True,True,2024-10-10,False,Sin observaciones
DOC-000654,SIN-00181,Informe perito,True,True,2024-10-13,False,Sin observaciones
DOC-000655,SIN-00181,Factura taller,True,True,2024-10-10,False,Sin observaciones
DOC-000656,SIN-00182,Foto evidencia,False,True,2024-08-14,False,Sin observaciones
DOC-000657,SIN-00182,Cedula asegurado,False,True,2024-08-16,False,Sin observaciones
DOC-000658,SIN-00182,Factura taller,False,True,2024-08-18,False,Sin observaciones
DOC-000659,SIN-00182,Informe perito,False,True,2024-08-17,False,Sin observaciones
DOC-000660,SIN-00182,Denuncia policial,False,True,2024-08-15,False,Sin observaciones
DOC-000661,SIN-00183,Denuncia policial,False,True,2024-07-18,False,Sin observaciones
DOC-000662,SIN-00183,Cedula asegurado,False,True,2024-07-19,False,Sin observaciones
DOC-000663,SIN-00184,Cedula asegurado,True,True,2025-08-17,False,Sin observaciones
DOC-000664,SIN-00184,Foto evidencia,True,True,2025-08-15,False,Sin observaciones
DOC-000665,SIN-00184,Denuncia policial,True,True,2025-08-14,False,Sin observaciones
DOC-000666,SIN-00184,Informe perito,True,True,2025-08-14,False,Sin observaciones
DOC-000667,SIN-00184,Factura taller,True,True,2025-08-12,False,Sin observaciones
DOC-000668,SIN-00185,Foto evidencia,True,True,2025-09-18,False,Sin observaciones
DOC-000669,SIN-00185,Denuncia policial,True,True,2025-09-18,False,Sin observaciones
DOC-000670,SIN-00186,Denuncia policial,True,True,2026-01-07,False,Sin observaciones
DOC-000671,SIN-00186,Foto evidencia,True,True,2026-01-08,False,Sin observaciones
DOC-000672,SIN-00186,Cedula asegurado,True,True,2026-01-06,False,Sin observaciones
DOC-000673,SIN-00186,Factura taller,True,True,2026-01-09,False,Sin observaciones
DOC-000674,SIN-00186,Informe perito,True,True,2026-01-07,False,Sin observaciones
DOC-000675,SIN-00187,Denuncia policial,True,True,2025-09-14,False,Sin observaciones
DOC-000676,SIN-00187,Cedula asegurado,True,True,2025-09-17,False,Sin observaciones
DOC-000677,SIN-00188,Factura taller,True,True,2026-10-04,False,Sin observaciones
DOC-000678,SIN-00188,Informe perito,True,True,2026-10-07,False,Sin observaciones
DOC-000679,SIN-00188,Denuncia policial,True,True,2026-10-03,False,Sin observaciones
DOC-000680,SIN-00189,Informe perito,True,True,2025-07-14,False,Sin observaciones
DOC-000681,SIN-00189,Cedula asegurado,True,True,2025-07-14,False,Sin observaciones
DOC-000682,SIN-00189,Denuncia policial,True,True,2025-07-11,False,Sin observaciones
DOC-000683,SIN-00190,Informe perito,True,True,2025-02-11,False,Sin observaciones
DOC-000684,SIN-00190,Denuncia policial,True,True,2025-02-12,False,Sin observaciones
DOC-000685,SIN-00190,Foto evidencia,True,True,2025-02-11,False,Sin observaciones
DOC-000686,SIN-00191,Cedula asegurado,True,True,2025-03-04,False,Sin observaciones
DOC-000687,SIN-00191,Denuncia policial,True,True,2025-03-04,False,Sin observaciones
DOC-000688,SIN-00192,Foto evidencia,True,True,2027-03-04,False,Sin observaciones
DOC-000689,SIN-00192,Factura taller,True,True,2027-03-05,False,Sin observaciones
DOC-000690,SIN-00192,Denuncia policial,True,True,2027-03-04,False,Sin observaciones
DOC-000691,SIN-00192,Cedula asegurado,True,True,2027-03-07,False,Sin observaciones
DOC-000692,SIN-00193,Factura taller,True,True,2025-10-11,False,Sin observaciones
DOC-000693,SIN-00193,Foto evidencia,True,True,2025-10-11,False,Sin observaciones
DOC-000694,SIN-00193,Cedula asegurado,True,True,2025-10-10,False,Sin observaciones
DOC-000695,SIN-00194,Denuncia policial,True,True,2026-04-08,False,Sin observaciones
DOC-000696,SIN-00194,Informe perito,True,True,2026-04-09,False,Sin observaciones
DOC-000697,SIN-00194,Foto evidencia,True,True,2026-04-07,False,Sin observaciones
DOC-000698,SIN-00195,Denuncia policial,True,True,2025-01-10,False,Sin observaciones
DOC-000699,SIN-00195,Cedula asegurado,True,True,2025-01-13,False,Sin observaciones
DOC-000700,SIN-00195,Factura taller,True,True,2025-01-14,False,Sin observaciones
DOC-000701,SIN-00195,Foto evidencia,True,True,2025-01-12,False,Sin observaciones
DOC-000702,SIN-00196,Cedula asegurado,True,True,2026-09-25,False,Sin observaciones
DOC-000703,SIN-00196,Foto evidencia,True,True,2026-09-27,False,Sin observaciones
DOC-000704,SIN-00197,Factura taller,False,True,2025-10-10,False,Sin observaciones
DOC-000705,SIN-00197,Denuncia policial,False,True,2025-10-11,False,Sin observaciones
DOC-000706,SIN-00197,Cedula asegurado,False,True,2025-10-12,False,Sin observaciones
DOC-000707,SIN-00197,Foto evidencia,False,True,2025-10-10,False,Sin observaciones
DOC-000708,SIN-00197,Informe perito,False,True,2025-10-13,False,Sin observaciones
DOC-000709,SIN-00198,Foto evidencia,False,True,2026-01-12,False,Sin observaciones
DOC-000710,SIN-00198,Denuncia policial,False,True,2026-01-14,False,Sin observaciones
DOC-000711,SIN-00198,Factura taller,False,True,2026-01-14,False,Sin observaciones
DOC-000712,SIN-00198,Informe perito,False,True,2026-01-12,False,Sin observaciones
DOC-000713,SIN-00199,Factura taller,True,True,2025-12-11,False,Sin observaciones
DOC-000714,SIN-00199,Denuncia policial,True,True,2025-12-14,False,Sin observaciones
DOC-000715,SIN-00199,Foto evidencia,True,True,2025-12-12,False,Sin observaciones
DOC-000716,SIN-00200,Factura taller,True,True,2025-05-26,False,Sin observaciones
DOC-000717,SIN-00200,Foto evidencia,True,True,2025-05-25,False,Sin observaciones
DOC-000718,SIN-00200,Denuncia policial,True,True,2025-05-26,False,Sin observaciones
DOC-000719,SIN-00201,Denuncia policial,True,True,2024-11-30,False,Sin observaciones
DOC-000720,SIN-00201,Informe perito,True,True,2024-12-05,False,Sin observaciones
DOC-000721,SIN-00201,Factura taller,True,True,2024-12-03,False,Sin observaciones
DOC-000722,SIN-00202,Factura taller,True,True,2025-03-27,False,Sin observaciones
DOC-000723,SIN-00202,Foto evidencia,True,True,2025-03-27,False,Sin observaciones
DOC-000724,SIN-00202,Denuncia policial,True,True,2025-03-27,False,Sin observaciones
DOC-000725,SIN-00202,Cedula asegurado,True,True,2025-03-29,False,Sin observaciones
DOC-000726,SIN-00202,Informe perito,True,True,2025-03-29,False,Sin observaciones
DOC-000727,SIN-00203,Factura taller,True,True,2025-06-07,False,Sin observaciones
DOC-000728,SIN-00203,Denuncia policial,True,True,2025-06-10,False,Sin observaciones
DOC-000729,SIN-00203,Cedula asegurado,True,True,2025-06-08,False,Sin observaciones
DOC-000730,SIN-00203,Informe perito,True,True,2025-06-07,False,Sin observaciones
DOC-000731,SIN-00203,Foto evidencia,True,True,2025-06-12,False,Sin observaciones
DOC-000732,SIN-00204,Informe perito,True,True,2026-02-27,False,Sin observaciones
DOC-000733,SIN-00204,Denuncia policial,True,True,2026-02-26,False,Sin observaciones
DOC-000734,SIN-00204,Cedula asegurado,True,True,2026-02-28,False,Sin observaciones
DOC-000735,SIN-00204,Foto evidencia,True,True,2026-02-28,False,Sin observaciones
DOC-000736,SIN-00205,Factura taller,True,True,2026-04-06,False,Sin observaciones
DOC-000737,SIN-00205,Foto evidencia,True,True,2026-04-06,False,Sin observaciones
DOC-000738,SIN-00205,Denuncia policial,True,True,2026-04-07,False,Sin observaciones
DOC-000739,SIN-00205,Cedula asegurado,True,True,2026-04-06,False,Sin observaciones
DOC-000740,SIN-00206,Cedula asegurado,True,True,2025-08-09,False,Sin observaciones
DOC-000741,SIN-00206,Denuncia policial,True,True,2025-08-10,False,Sin observaciones
DOC-000742,SIN-00207,Cedula asegurado,True,True,2024-10-17,False,Sin observaciones
DOC-000743,SIN-00207,Foto evidencia,True,True,2024-10-14,False,Sin observaciones
DOC-000744,SIN-00207,Informe perito,True,True,2024-10-18,False,Sin observaciones
DOC-000745,SIN-00208,Factura taller,True,True,2026-02-02,False,Sin observaciones
DOC-000746,SIN-00208,Informe perito,True,True,2026-02-01,False,Sin observaciones
DOC-000747,SIN-00209,Cedula asegurado,True,True,2027-02-13,False,Sin observaciones
DOC-000748,SIN-00209,Factura taller,True,True,2027-02-13,False,Sin observaciones
DOC-000749,SIN-00209,Denuncia policial,True,True,2027-02-11,False,Sin observaciones
DOC-000750,SIN-00210,Denuncia policial,True,True,2025-10-29,False,Sin observaciones
DOC-000751,SIN-00210,Informe perito,True,True,2025-10-31,False,Sin observaciones
DOC-000752,SIN-00210,Foto evidencia,True,True,2025-10-27,False,Sin observaciones
DOC-000753,SIN-00210,Cedula asegurado,True,True,2025-10-31,False,Sin observaciones
DOC-000754,SIN-00210,Factura taller,True,True,2025-10-30,False,Sin observaciones
DOC-000755,SIN-00211,Cedula asegurado,True,True,2026-03-07,False,Sin observaciones
DOC-000756,SIN-00211,Factura taller,True,True,2026-03-06,False,Sin observaciones
DOC-000757,SIN-00211,Foto evidencia,True,True,2026-03-07,False,Sin observaciones
DOC-000758,SIN-00211,Informe perito,True,True,2026-03-08,False,Sin observaciones
DOC-000759,SIN-00211,Denuncia policial,True,True,2026-03-08,False,Sin observaciones
DOC-000760,SIN-00212,Denuncia policial,True,True,2026-01-18,False,Sin observaciones
DOC-000761,SIN-00212,Foto evidencia,True,True,2026-01-22,False,Sin observaciones
DOC-000762,SIN-00213,Cedula asegurado,True,True,2025-08-21,False,Sin observaciones
DOC-000763,SIN-00213,Denuncia policial,True,True,2025-08-23,False,Sin observaciones
DOC-000764,SIN-00213,Foto evidencia,True,True,2025-08-20,False,Sin observaciones
DOC-000765,SIN-00213,Factura taller,True,True,2025-08-21,False,Sin observaciones
DOC-000766,SIN-00214,Informe perito,True,True,2025-10-30,False,Sin observaciones
DOC-000767,SIN-00214,Factura taller,True,True,2025-10-27,False,Sin observaciones
DOC-000768,SIN-00215,Informe perito,True,True,2025-09-23,False,Sin observaciones
DOC-000769,SIN-00215,Factura taller,True,True,2025-09-21,False,Sin observaciones
DOC-000770,SIN-00215,Cedula asegurado,True,True,2025-09-20,False,Sin observaciones
DOC-000771,SIN-00215,Denuncia policial,True,True,2025-09-23,False,Sin observaciones
DOC-000772,SIN-00215,Foto evidencia,True,True,2025-09-22,False,Sin observaciones
DOC-000773,SIN-00216,Informe perito,False,True,2024-12-08,False,Sin observaciones
DOC-000774,SIN-00216,Foto evidencia,False,True,2024-12-11,False,Sin observaciones
DOC-000775,SIN-00216,Factura taller,False,True,2024-12-07,False,Sin observaciones
DOC-000776,SIN-00216,Cedula asegurado,False,True,2024-12-11,False,Sin observaciones
DOC-000777,SIN-00216,Denuncia policial,False,True,2024-12-08,False,Sin observaciones
DOC-000778,SIN-00217,Factura taller,True,True,2026-09-02,False,Sin observaciones
DOC-000779,SIN-00217,Foto evidencia,True,True,2026-09-03,False,Sin observaciones
DOC-000780,SIN-00217,Informe perito,True,True,2026-09-06,False,Sin observaciones
DOC-000781,SIN-00217,Denuncia policial,True,True,2026-09-06,False,Sin observaciones
DOC-000782,SIN-00217,Cedula asegurado,True,True,2026-09-06,False,Sin observaciones
DOC-000783,SIN-00218,Cedula asegurado,False,True,2026-03-30,False,Sin observaciones
DOC-000784,SIN-00218,Factura taller,False,True,2026-04-01,False,Sin observaciones
DOC-000785,SIN-00218,Informe perito,False,True,2026-04-03,False,Sin observaciones
DOC-000786,SIN-00219,Factura taller,True,True,2025-08-18,False,Sin observaciones
DOC-000787,SIN-00219,Cedula asegurado,True,True,2025-08-15,False,Sin observaciones
DOC-000788,SIN-00220,Foto evidencia,True,True,2026-02-08,False,Sin observaciones
DOC-000789,SIN-00220,Factura taller,True,True,2026-02-13,False,Sin observaciones
DOC-000790,SIN-00221,Informe perito,True,True,2025-06-18,False,Sin observaciones
DOC-000791,SIN-00221,Cedula asegurado,True,True,2025-06-18,False,Sin observaciones
DOC-000792,SIN-00221,Factura taller,True,True,2025-06-18,False,Sin observaciones
DOC-000793,SIN-00221,Foto evidencia,True,True,2025-06-20,False,Sin observaciones
DOC-000794,SIN-00221,Denuncia policial,True,True,2025-06-21,False,Sin observaciones
DOC-000795,SIN-00222,Foto evidencia,False,False,2025-09-27,True,Fecha previa al evento detectada
DOC-000796,SIN-00222,Informe perito,False,False,2025-09-26,True,Fecha previa al evento detectada
DOC-000797,SIN-00222,Denuncia policial,False,False,2025-09-27,True,Fecha previa al evento detectada
DOC-000798,SIN-00222,Cedula asegurado,False,False,2025-09-26,True,Fecha previa al evento detectada
DOC-000799,SIN-00222,Factura taller,False,False,2025-09-26,True,Fecha previa al evento detectada
DOC-000800,SIN-00223,Cedula asegurado,True,True,2025-04-12,False,Sin observaciones
DOC-000801,SIN-00223,Factura taller,True,True,2025-04-15,False,Sin observaciones
DOC-000802,SIN-00223,Informe perito,True,True,2025-04-13,False,Sin observaciones
DOC-000803,SIN-00223,Foto evidencia,True,True,2025-04-13,False,Sin observaciones
DOC-000804,SIN-00223,Denuncia policial,True,True,2025-04-15,False,Sin observaciones
DOC-000805,SIN-00224,Factura taller,False,True,2024-06-01,False,Sin observaciones
DOC-000806,SIN-00224,Foto evidencia,False,True,2024-06-04,False,Sin observaciones
DOC-000807,SIN-00225,Factura taller,False,False,2024-07-13,True,Fecha previa al evento detectada
DOC-000808,SIN-00225,Cedula asegurado,False,False,2024-07-10,True,Fecha previa al evento detectada
DOC-000809,SIN-00225,Denuncia policial,False,False,2024-07-11,True,Fecha previa al evento detectada
DOC-000810,SIN-00225,Foto evidencia,False,True,2024-07-14,False,Sin observaciones
DOC-000811,SIN-00225,Informe perito,False,False,2024-07-15,True,Fecha previa al evento detectada
DOC-000812,SIN-00226,Factura taller,False,False,2025-07-23,True,Fecha previa al evento detectada
DOC-000813,SIN-00226,Cedula asegurado,False,True,2025-07-27,False,Sin observaciones
DOC-000814,SIN-00226,Informe perito,False,False,2025-07-22,True,Fecha previa al evento detectada
DOC-000815,SIN-00226,Foto evidencia,False,False,2025-07-27,True,Fecha previa al evento detectada
DOC-000816,SIN-00226,Denuncia policial,False,False,2025-07-26,True,Fecha previa al evento detectada
DOC-000817,SIN-00227,Informe perito,False,False,2025-08-09,True,Fecha previa al evento detectada
DOC-000818,SIN-00227,Denuncia policial,False,True,2025-08-06,False,Sin observaciones
DOC-000819,SIN-00227,Foto evidencia,False,False,2025-08-07,True,Fecha previa al evento detectada
DOC-000820,SIN-00227,Factura taller,False,True,2025-08-06,False,Sin observaciones
DOC-000821,SIN-00227,Cedula asegurado,False,True,2025-08-10,False,Sin observaciones
DOC-000822,SIN-00228,Cedula asegurado,True,True,2026-05-02,False,Sin observaciones
DOC-000823,SIN-00228,Informe perito,True,True,2026-05-01,False,Sin observaciones
DOC-000824,SIN-00228,Foto evidencia,True,True,2026-04-29,False,Sin observaciones
DOC-000825,SIN-00229,Foto evidencia,True,True,2026-01-28,False,Sin observaciones
DOC-000826,SIN-00229,Factura taller,True,True,2026-01-31,False,Sin observaciones
DOC-000827,SIN-00230,Foto evidencia,True,True,2025-09-19,False,Sin observaciones
DOC-000828,SIN-00230,Cedula asegurado,True,True,2025-09-23,False,Sin observaciones
DOC-000829,SIN-00231,Denuncia policial,True,True,2026-02-11,False,Sin observaciones
DOC-000830,SIN-00231,Cedula asegurado,True,True,2026-02-09,False,Sin observaciones
DOC-000831,SIN-00231,Foto evidencia,True,True,2026-02-10,False,Sin observaciones
DOC-000832,SIN-00232,Cedula asegurado,True,True,2026-04-25,False,Sin observaciones
DOC-000833,SIN-00232,Factura taller,True,True,2026-04-26,False,Sin observaciones
DOC-000834,SIN-00232,Foto evidencia,True,True,2026-04-26,False,Sin observaciones
DOC-000835,SIN-00232,Denuncia policial,True,True,2026-04-24,False,Sin observaciones
DOC-000836,SIN-00233,Factura taller,False,False,2024-10-26,True,Fecha previa al evento detectada
DOC-000837,SIN-00233,Informe perito,False,True,2024-10-25,False,Sin observaciones
DOC-000838,SIN-00233,Cedula asegurado,False,False,2024-10-29,True,Fecha previa al evento detectada
DOC-000839,SIN-00233,Denuncia policial,False,False,2024-10-28,True,Fecha previa al evento detectada
DOC-000840,SIN-00234,Foto evidencia,True,True,2025-07-29,False,Sin observaciones
DOC-000841,SIN-00234,Denuncia policial,True,True,2025-07-29,False,Sin observaciones
DOC-000842,SIN-00235,Factura taller,True,True,2024-12-19,False,Sin observaciones
DOC-000843,SIN-00235,Cedula asegurado,True,True,2024-12-21,False,Sin observaciones
DOC-000844,SIN-00236,Informe perito,True,True,2026-06-20,False,Sin observaciones
DOC-000845,SIN-00236,Foto evidencia,True,True,2026-06-18,False,Sin observaciones
DOC-000846,SIN-00237,Foto evidencia,True,True,2025-12-13,False,Sin observaciones
DOC-000847,SIN-00237,Cedula asegurado,True,True,2025-12-13,False,Sin observaciones
DOC-000848,SIN-00237,Informe perito,True,True,2025-12-14,False,Sin observaciones
DOC-000849,SIN-00238,Denuncia policial,False,False,2026-03-18,True,Fecha previa al evento detectada
DOC-000850,SIN-00238,Informe perito,False,True,2026-03-19,False,Sin observaciones
DOC-000851,SIN-00239,Denuncia policial,False,True,2026-05-17,False,Sin observaciones
DOC-000852,SIN-00239,Foto evidencia,False,False,2026-05-16,True,Fecha previa al evento detectada
DOC-000853,SIN-00239,Cedula asegurado,False,False,2026-05-14,True,Fecha previa al evento detectada
DOC-000854,SIN-00239,Factura taller,False,False,2026-05-15,True,Fecha previa al evento detectada
DOC-000855,SIN-00240,Informe perito,False,True,2025-12-02,False,Sin observaciones
DOC-000856,SIN-00240,Denuncia policial,False,False,2025-11-30,True,Fecha previa al evento detectada
DOC-000857,SIN-00241,Informe perito,True,True,2027-04-07,False,Sin observaciones
DOC-000858,SIN-00241,Cedula asegurado,True,True,2027-04-06,False,Sin observaciones
DOC-000859,SIN-00242,Informe perito,True,True,2026-02-27,False,Sin observaciones
DOC-000860,SIN-00242,Cedula asegurado,True,True,2026-02-26,False,Sin observaciones
DOC-000861,SIN-00242,Denuncia policial,True,True,2026-03-02,False,Sin observaciones
DOC-000862,SIN-00243,Cedula asegurado,True,True,2026-05-17,False,Sin observaciones
DOC-000863,SIN-00243,Foto evidencia,True,True,2026-05-19,False,Sin observaciones
DOC-000864,SIN-00243,Factura taller,True,True,2026-05-20,False,Sin observaciones
DOC-000865,SIN-00243,Informe perito,True,True,2026-05-19,False,Sin observaciones
DOC-000866,SIN-00243,Denuncia policial,True,True,2026-05-20,False,Sin observaciones
DOC-000867,SIN-00244,Foto evidencia,True,True,2025-06-21,False,Sin observaciones
DOC-000868,SIN-00244,Factura taller,True,True,2025-06-18,False,Sin observaciones
DOC-000869,SIN-00244,Cedula asegurado,True,True,2025-06-21,False,Sin observaciones
DOC-000870,SIN-00244,Informe perito,True,True,2025-06-18,False,Sin observaciones
DOC-000871,SIN-00245,Cedula asegurado,True,True,2025-04-14,False,Sin observaciones
DOC-000872,SIN-00245,Foto evidencia,True,True,2025-04-14,False,Sin observaciones
DOC-000873,SIN-00245,Informe perito,True,True,2025-04-12,False,Sin observaciones
DOC-000874,SIN-00246,Cedula asegurado,False,False,2025-09-29,True,Fecha previa al evento detectada
DOC-000875,SIN-00246,Foto evidencia,False,True,2025-10-01,False,Sin observaciones
DOC-000876,SIN-00246,Factura taller,False,True,2025-10-02,False,Sin observaciones
DOC-000877,SIN-00247,Foto evidencia,True,True,2024-09-14,False,Sin observaciones
DOC-000878,SIN-00247,Informe perito,True,True,2024-09-15,False,Sin observaciones
DOC-000879,SIN-00247,Factura taller,True,True,2024-09-15,False,Sin observaciones
DOC-000880,SIN-00247,Denuncia policial,True,True,2024-09-19,False,Sin observaciones
DOC-000881,SIN-00247,Cedula asegurado,True,True,2024-09-18,False,Sin observaciones
DOC-000882,SIN-00248,Denuncia policial,True,True,2025-07-04,False,Sin observaciones
DOC-000883,SIN-00248,Foto evidencia,True,True,2025-07-05,False,Sin observaciones
DOC-000884,SIN-00248,Factura taller,True,True,2025-07-06,False,Sin observaciones
DOC-000885,SIN-00248,Informe perito,True,True,2025-07-06,False,Sin observaciones
DOC-000886,SIN-00249,Informe perito,True,True,2025-06-10,False,Sin observaciones
DOC-000887,SIN-00249,Cedula asegurado,True,True,2025-06-09,False,Sin observaciones
DOC-000888,SIN-00249,Foto evidencia,True,True,2025-06-05,False,Sin observaciones
DOC-000889,SIN-00250,Informe perito,False,False,2025-09-15,True,Fecha previa al evento detectada
DOC-000890,SIN-00250,Foto evidencia,False,True,2025-09-14,False,Sin observaciones
DOC-000891,SIN-00250,Cedula asegurado,False,True,2025-09-11,False,Sin observaciones
DOC-000892,SIN-00251,Denuncia policial,True,True,2025-05-19,False,Sin observaciones
DOC-000893,SIN-00251,Informe perito,True,True,2025-05-21,False,Sin observaciones
DOC-000894,SIN-00251,Cedula asegurado,True,True,2025-05-21,False,Sin observaciones
DOC-000895,SIN-00252,Factura taller,True,True,2026-01-21,False,Sin observaciones
DOC-000896,SIN-00252,Cedula asegurado,True,True,2026-01-22,False,Sin observaciones
DOC-000897,SIN-00253,Foto evidencia,False,True,2024-07-20,False,Sin observaciones
DOC-000898,SIN-00253,Denuncia policial,False,True,2024-07-19,False,Sin observaciones
DOC-000899,SIN-00254,Informe perito,False,True,2024-12-27,False,Sin observaciones
DOC-000900,SIN-00254,Foto evidencia,False,False,2024-12-26,True,Fecha previa al evento detectada
DOC-000901,SIN-00254,Factura taller,False,False,2024-12-30,True,Fecha previa al evento detectada
DOC-000902,SIN-00255,Informe perito,True,True,2024-11-04,False,Sin observaciones
DOC-000903,SIN-00255,Foto evidencia,True,True,2024-11-08,False,Sin observaciones
DOC-000904,SIN-00256,Informe perito,True,True,2026-03-15,False,Sin observaciones
DOC-000905,SIN-00256,Cedula asegurado,True,True,2026-03-15,False,Sin observaciones
DOC-000906,SIN-00256,Factura taller,True,True,2026-03-15,False,Sin observaciones
DOC-000907,SIN-00256,Foto evidencia,True,True,2026-03-16,False,Sin observaciones
DOC-000908,SIN-00257,Denuncia policial,True,True,2025-10-15,False,Sin observaciones
DOC-000909,SIN-00257,Informe perito,True,True,2025-10-15,False,Sin observaciones
DOC-000910,SIN-00257,Cedula asegurado,True,True,2025-10-19,False,Sin observaciones
DOC-000911,SIN-00258,Factura taller,False,False,2025-02-25,True,Fecha previa al evento detectada
DOC-000912,SIN-00258,Foto evidencia,False,True,2025-02-24,False,Sin observaciones
DOC-000913,SIN-00258,Informe perito,False,False,2025-02-22,True,Fecha previa al evento detectada
DOC-000914,SIN-00259,Denuncia policial,False,False,2025-05-09,True,Fecha previa al evento detectada
DOC-000915,SIN-00259,Informe perito,False,True,2025-05-11,False,Sin observaciones
DOC-000916,SIN-00259,Foto evidencia,False,True,2025-05-10,False,Sin observaciones
DOC-000917,SIN-00260,Informe perito,False,False,2025-01-09,True,Fecha previa al evento detectada
DOC-000918,SIN-00260,Foto evidencia,False,False,2025-01-10,True,Fecha previa al evento detectada
DOC-000919,SIN-00260,Cedula asegurado,False,True,2025-01-08,False,Sin observaciones
DOC-000920,SIN-00260,Denuncia policial,False,False,2025-01-10,True,Fecha previa al evento detectada
DOC-000921,SIN-00261,Foto evidencia,True,True,2025-07-25,False,Sin observaciones
DOC-000922,SIN-00261,Factura taller,True,True,2025-07-29,False,Sin observaciones
DOC-000923,SIN-00262,Factura taller,True,True,2026-02-16,False,Sin observaciones
DOC-000924,SIN-00262,Foto evidencia,True,True,2026-02-17,False,Sin observaciones
DOC-000925,SIN-00262,Informe perito,True,True,2026-02-16,False,Sin observaciones
DOC-000926,SIN-00263,Cedula asegurado,True,True,2026-05-12,False,Sin observaciones
DOC-000927,SIN-00263,Foto evidencia,True,True,2026-05-16,False,Sin observaciones
DOC-000928,SIN-00263,Denuncia policial,True,True,2026-05-13,False,Sin observaciones
DOC-000929,SIN-00263,Factura taller,True,True,2026-05-14,False,Sin observaciones
DOC-000930,SIN-00264,Denuncia policial,False,True,2024-12-29,False,Sin observaciones
DOC-000931,SIN-00264,Factura taller,False,True,2025-01-03,False,Sin observaciones
DOC-000932,SIN-00264,Informe perito,False,True,2025-01-02,False,Sin observaciones
DOC-000933,SIN-00265,Foto evidencia,True,True,2025-01-21,False,Sin observaciones
DOC-000934,SIN-00265,Denuncia policial,True,True,2025-01-18,False,Sin observaciones
DOC-000935,SIN-00265,Factura taller,True,True,2025-01-18,False,Sin observaciones
DOC-000936,SIN-00265,Cedula asegurado,True,True,2025-01-21,False,Sin observaciones
DOC-000937,SIN-00265,Informe perito,True,True,2025-01-19,False,Sin observaciones
DOC-000938,SIN-00266,Factura taller,True,True,2026-05-06,False,Sin observaciones
DOC-000939,SIN-00266,Cedula asegurado,True,True,2026-05-04,False,Sin observaciones
DOC-000940,SIN-00266,Informe perito,True,True,2026-05-03,False,Sin observaciones
DOC-000941,SIN-00266,Foto evidencia,True,True,2026-05-05,False,Sin observaciones
DOC-000942,SIN-00267,Denuncia policial,False,False,2025-10-21,True,Fecha previa al evento detectada
DOC-000943,SIN-00267,Informe perito,False,False,2025-10-22,True,Fecha previa al evento detectada
DOC-000944,SIN-00267,Foto evidencia,False,True,2025-10-20,False,Sin observaciones
DOC-000945,SIN-00268,Denuncia policial,True,True,2026-09-04,False,Sin observaciones
DOC-000946,SIN-00268,Factura taller,True,True,2026-09-03,False,Sin observaciones
DOC-000947,SIN-00268,Foto evidencia,True,True,2026-09-01,False,Sin observaciones
DOC-000948,SIN-00269,Factura taller,True,True,2026-10-02,False,Sin observaciones
DOC-000949,SIN-00269,Denuncia policial,True,True,2026-10-03,False,Sin observaciones
DOC-000950,SIN-00269,Foto evidencia,True,True,2026-09-29,False,Sin observaciones
DOC-000951,SIN-00270,Factura taller,True,True,2025-11-12,False,Sin observaciones
DOC-000952,SIN-00270,Foto evidencia,True,True,2025-11-12,False,Sin observaciones
DOC-000953,SIN-00271,Informe perito,True,True,2025-10-09,False,Sin observaciones
DOC-000954,SIN-00271,Denuncia policial,True,True,2025-10-10,False,Sin observaciones
DOC-000955,SIN-00271,Cedula asegurado,True,True,2025-10-08,False,Sin observaciones
DOC-000956,SIN-00271,Factura taller,True,True,2025-10-07,False,Sin observaciones
DOC-000957,SIN-00271,Foto evidencia,True,True,2025-10-05,False,Sin observaciones
DOC-000958,SIN-00272,Denuncia policial,True,True,2026-02-21,False,Sin observaciones
DOC-000959,SIN-00272,Informe perito,True,True,2026-02-23,False,Sin observaciones
DOC-000960,SIN-00272,Factura taller,True,True,2026-02-25,False,Sin observaciones
DOC-000961,SIN-00272,Cedula asegurado,True,True,2026-02-20,False,Sin observaciones
DOC-000962,SIN-00273,Denuncia policial,True,True,2024-07-08,False,Sin observaciones
DOC-000963,SIN-00273,Informe perito,True,True,2024-07-04,False,Sin observaciones
DOC-000964,SIN-00274,Factura taller,True,True,2027-03-08,False,Sin observaciones
DOC-000965,SIN-00274,Denuncia policial,True,True,2027-03-12,False,Sin observaciones
DOC-000966,SIN-00274,Cedula asegurado,True,True,2027-03-09,False,Sin observaciones
DOC-000967,SIN-00274,Informe perito,True,True,2027-03-08,False,Sin observaciones
DOC-000968,SIN-00275,Factura taller,True,True,2026-09-16,False,Sin observaciones
DOC-000969,SIN-00275,Foto evidencia,True,True,2026-09-14,False,Sin observaciones
DOC-000970,SIN-00276,Denuncia policial,False,True,2025-07-25,False,Sin observaciones
DOC-000971,SIN-00276,Cedula asegurado,False,True,2025-07-24,False,Sin observaciones
DOC-000972,SIN-00276,Foto evidencia,False,True,2025-07-22,False,Sin observaciones
DOC-000973,SIN-00276,Informe perito,False,True,2025-07-21,False,Sin observaciones
DOC-000974,SIN-00276,Factura taller,False,True,2025-07-26,False,Sin observaciones
DOC-000975,SIN-00277,Informe perito,True,True,2025-09-10,False,Sin observaciones
DOC-000976,SIN-00277,Factura taller,True,True,2025-09-12,False,Sin observaciones
DOC-000977,SIN-00277,Foto evidencia,True,True,2025-09-12,False,Sin observaciones
DOC-000978,SIN-00277,Denuncia policial,True,True,2025-09-11,False,Sin observaciones
DOC-000979,SIN-00277,Cedula asegurado,True,True,2025-09-12,False,Sin observaciones
DOC-000980,SIN-00278,Factura taller,False,True,2025-07-18,False,Sin observaciones
DOC-000981,SIN-00278,Cedula asegurado,False,True,2025-07-18,False,Sin observaciones
DOC-000982,SIN-00278,Informe perito,False,True,2025-07-21,False,Sin observaciones
DOC-000983,SIN-00278,Foto evidencia,False,True,2025-07-22,False,Sin observaciones
DOC-000984,SIN-00278,Denuncia policial,False,True,2025-07-21,False,Sin observaciones
DOC-000985,SIN-00279,Informe perito,False,False,2025-05-14,True,Fecha previa al evento detectada
DOC-000986,SIN-00279,Foto evidencia,False,True,2025-05-14,False,Sin observaciones
DOC-000987,SIN-00279,Cedula asegurado,False,False,2025-05-11,True,Fecha previa al evento detectada
DOC-000988,SIN-00279,Denuncia policial,False,False,2025-05-09,True,Fecha previa al evento detectada
DOC-000989,SIN-00280,Foto evidencia,True,True,2026-09-09,False,Sin observaciones
DOC-000990,SIN-00280,Cedula asegurado,True,True,2026-09-11,False,Sin observaciones
DOC-000991,SIN-00280,Denuncia policial,True,True,2026-09-10,False,Sin observaciones
DOC-000992,SIN-00280,Factura taller,True,True,2026-09-08,False,Sin observaciones
DOC-000993,SIN-00280,Informe perito,True,True,2026-09-10,False,Sin observaciones
DOC-000994,SIN-00281,Cedula asegurado,True,True,2025-04-25,False,Sin observaciones
DOC-000995,SIN-00281,Factura taller,True,True,2025-04-28,False,Sin observaciones
DOC-000996,SIN-00281,Denuncia policial,True,True,2025-04-30,False,Sin observaciones
DOC-000997,SIN-00282,Denuncia policial,True,True,2025-04-13,False,Sin observaciones
DOC-000998,SIN-00282,Factura taller,True,True,2025-04-16,False,Sin observaciones
DOC-000999,SIN-00282,Cedula asegurado,True,True,2025-04-11,False,Sin observaciones
DOC-001000,SIN-00282,Informe perito,True,True,2025-04-15,False,Sin observaciones
DOC-001001,SIN-00283,Factura taller,False,True,2025-11-15,False,Sin observaciones
DOC-001002,SIN-00283,Denuncia policial,False,False,2025-11-14,True,Fecha previa al evento detectada
DOC-001003,SIN-00283,Cedula asegurado,False,True,2025-11-11,False,Sin observaciones
DOC-001004,SIN-00283,Foto evidencia,False,True,2025-11-13,False,Sin observaciones
DOC-001005,SIN-00283,Informe perito,False,False,2025-11-12,True,Fecha previa al evento detectada
DOC-001006,SIN-00284,Cedula asegurado,True,True,2026-11-13,False,Sin observaciones
DOC-001007,SIN-00284,Foto evidencia,True,True,2026-11-08,False,Sin observaciones
DOC-001008,SIN-00285,Foto evidencia,True,True,2025-01-23,False,Sin observaciones
DOC-001009,SIN-00285,Cedula asegurado,True,True,2025-01-25,False,Sin observaciones
DOC-001010,SIN-00285,Denuncia policial,True,True,2025-01-25,False,Sin observaciones
DOC-001011,SIN-00285,Factura taller,True,True,2025-01-23,False,Sin observaciones
DOC-001012,SIN-00286,Foto evidencia,True,True,2026-05-25,False,Sin observaciones
DOC-001013,SIN-00286,Denuncia policial,True,True,2026-05-23,False,Sin observaciones
DOC-001014,SIN-00286,Factura taller,True,True,2026-05-22,False,Sin observaciones
DOC-001015,SIN-00286,Informe perito,True,True,2026-05-23,False,Sin observaciones
DOC-001016,SIN-00286,Cedula asegurado,True,True,2026-05-20,False,Sin observaciones
DOC-001017,SIN-00287,Factura taller,True,True,2025-11-01,False,Sin observaciones
DOC-001018,SIN-00287,Denuncia policial,True,True,2025-10-29,False,Sin observaciones
DOC-001019,SIN-00288,Cedula asegurado,True,True,2026-10-12,False,Sin observaciones
DOC-001020,SIN-00288,Informe perito,True,True,2026-10-11,False,Sin observaciones
DOC-001021,SIN-00289,Informe perito,True,True,2026-03-08,False,Sin observaciones
DOC-001022,SIN-00289,Denuncia policial,True,True,2026-03-07,False,Sin observaciones
DOC-001023,SIN-00290,Denuncia policial,False,True,2025-08-29,False,Sin observaciones
DOC-001024,SIN-00290,Cedula asegurado,False,True,2025-08-26,False,Sin observaciones
DOC-001025,SIN-00290,Factura taller,False,True,2025-08-25,False,Sin observaciones
DOC-001026,SIN-00290,Informe perito,False,True,2025-08-25,False,Sin observaciones
DOC-001027,SIN-00290,Foto evidencia,False,True,2025-08-30,False,Sin observaciones
DOC-001028,SIN-00291,Informe perito,True,True,2025-07-21,False,Sin observaciones
DOC-001029,SIN-00291,Factura taller,True,True,2025-07-19,False,Sin observaciones
DOC-001030,SIN-00291,Cedula asegurado,True,True,2025-07-20,False,Sin observaciones
DOC-001031,SIN-00291,Denuncia policial,True,True,2025-07-22,False,Sin observaciones
DOC-001032,SIN-00292,Factura taller,True,True,2026-06-07,False,Sin observaciones
DOC-001033,SIN-00292,Denuncia policial,True,True,2026-06-06,False,Sin observaciones
DOC-001034,SIN-00292,Cedula asegurado,True,True,2026-06-05,False,Sin observaciones
DOC-001035,SIN-00292,Foto evidencia,True,True,2026-06-04,False,Sin observaciones
DOC-001036,SIN-00292,Informe perito,True,True,2026-06-07,False,Sin observaciones
DOC-001037,SIN-00293,Informe perito,False,True,2024-11-01,False,Sin observaciones
DOC-001038,SIN-00293,Cedula asegurado,False,True,2024-11-01,False,Sin observaciones
DOC-001039,SIN-00294,Cedula asegurado,True,True,2025-11-27,False,Sin observaciones
DOC-001040,SIN-00294,Informe perito,True,True,2025-11-27,False,Sin observaciones
DOC-001041,SIN-00294,Denuncia policial,True,True,2025-11-27,False,Sin observaciones
DOC-001042,SIN-00294,Foto evidencia,True,True,2025-11-26,False,Sin observaciones
DOC-001043,SIN-00294,Factura taller,True,True,2025-11-24,False,Sin observaciones
DOC-001044,SIN-00295,Foto evidencia,False,True,2024-10-27,False,Sin observaciones
DOC-001045,SIN-00295,Factura taller,False,True,2024-10-31,False,Sin observaciones
DOC-001046,SIN-00295,Cedula asegurado,False,True,2024-10-31,False,Sin observaciones
DOC-001047,SIN-00296,Informe perito,True,True,2025-09-10,False,Sin observaciones
DOC-001048,SIN-00296,Denuncia policial,True,True,2025-09-10,False,Sin observaciones
DOC-001049,SIN-00296,Cedula asegurado,True,True,2025-09-10,False,Sin observaciones
DOC-001050,SIN-00296,Factura taller,True,True,2025-09-11,False,Sin observaciones
DOC-001051,SIN-00297,Foto evidencia,True,True,2025-04-30,False,Sin observaciones
DOC-001052,SIN-00297,Factura taller,True,True,2025-04-29,False,Sin observaciones
DOC-001053,SIN-00297,Informe perito,True,True,2025-04-28,False,Sin observaciones
DOC-001054,SIN-00297,Denuncia policial,True,True,2025-04-30,False,Sin observaciones
DOC-001055,SIN-00298,Informe perito,True,True,2025-01-25,False,Sin observaciones
DOC-001056,SIN-00298,Denuncia policial,True,True,2025-01-26,False,Sin observaciones
DOC-001057,SIN-00299,Informe perito,True,True,2025-07-15,False,Sin observaciones
DOC-001058,SIN-00299,Denuncia policial,True,True,2025-07-12,False,Sin observaciones
DOC-001059,SIN-00299,Foto evidencia,True,True,2025-07-13,False,Sin observaciones
DOC-001060,SIN-00300,Denuncia policial,True,True,2025-12-19,False,Sin observaciones
DOC-001061,SIN-00300,Cedula asegurado,True,True,2025-12-20,False,Sin observaciones
DOC-001062,SIN-00300,Informe perito,True,True,2025-12-20,False,Sin observaciones
DOC-001063,SIN-00300,Foto evidencia,True,True,2025-12-23,False,Sin observaciones
DOC-001064,SIN-00300,Factura taller,True,True,2025-12-20,False,Sin observaciones
DOC-001065,SIN-00301,Foto evidencia,True,True,2025-12-27,False,Sin observaciones
DOC-001066,SIN-00301,Cedula asegurado,True,True,2025-12-26,False,Sin observaciones
DOC-001067,SIN-00301,Factura taller,True,True,2025-12-25,False,Sin observaciones
DOC-001068,SIN-00301,Denuncia policial,True,True,2025-12-23,False,Sin observaciones
DOC-001069,SIN-00302,Factura taller,False,True,2026-05-14,False,Sin observaciones
DOC-001070,SIN-00302,Informe perito,False,True,2026-05-13,False,Sin observaciones
DOC-001071,SIN-00302,Cedula asegurado,False,True,2026-05-11,False,Sin observaciones
DOC-001072,SIN-00302,Foto evidencia,False,True,2026-05-14,False,Sin observaciones
DOC-001073,SIN-00302,Denuncia policial,False,True,2026-05-12,False,Sin observaciones
DOC-001074,SIN-00303,Foto evidencia,True,True,2025-01-31,False,Sin observaciones
DOC-001075,SIN-00303,Cedula asegurado,True,True,2025-01-27,False,Sin observaciones
DOC-001076,SIN-00303,Informe perito,True,True,2025-01-27,False,Sin observaciones
DOC-001077,SIN-00303,Factura taller,True,True,2025-01-31,False,Sin observaciones
DOC-001078,SIN-00304,Foto evidencia,True,True,2026-03-10,False,Sin observaciones
DOC-001079,SIN-00304,Factura taller,True,True,2026-03-12,False,Sin observaciones
DOC-001080,SIN-00304,Cedula asegurado,True,True,2026-03-11,False,Sin observaciones
DOC-001081,SIN-00304,Denuncia policial,True,True,2026-03-11,False,Sin observaciones
DOC-001082,SIN-00304,Informe perito,True,True,2026-03-09,False,Sin observaciones
DOC-001083,SIN-00305,Informe perito,False,True,2025-08-26,False,Sin observaciones
DOC-001084,SIN-00305,Foto evidencia,False,True,2025-08-25,False,Sin observaciones
DOC-001085,SIN-00305,Factura taller,False,True,2025-08-30,False,Sin observaciones
DOC-001086,SIN-00306,Denuncia policial,True,True,2025-02-05,False,Sin observaciones
DOC-001087,SIN-00306,Foto evidencia,True,True,2025-02-05,False,Sin observaciones
DOC-001088,SIN-00307,Denuncia policial,True,True,2026-04-15,False,Sin observaciones
DOC-001089,SIN-00307,Factura taller,True,True,2026-04-12,False,Sin observaciones
DOC-001090,SIN-00307,Informe perito,True,True,2026-04-14,False,Sin observaciones
DOC-001091,SIN-00307,Cedula asegurado,True,True,2026-04-16,False,Sin observaciones
DOC-001092,SIN-00308,Denuncia policial,True,True,2025-05-07,False,Sin observaciones
DOC-001093,SIN-00308,Factura taller,True,True,2025-05-08,False,Sin observaciones
DOC-001094,SIN-00308,Informe perito,True,True,2025-05-06,False,Sin observaciones
DOC-001095,SIN-00309,Foto evidencia,True,True,2026-06-21,False,Sin observaciones
DOC-001096,SIN-00309,Factura taller,True,True,2026-06-23,False,Sin observaciones
DOC-001097,SIN-00309,Cedula asegurado,True,True,2026-06-20,False,Sin observaciones
DOC-001098,SIN-00309,Informe perito,True,True,2026-06-23,False,Sin observaciones
DOC-001099,SIN-00310,Factura taller,False,True,2026-05-07,False,Sin observaciones
DOC-001100,SIN-00310,Cedula asegurado,False,True,2026-05-04,False,Sin observaciones
DOC-001101,SIN-00310,Denuncia policial,False,True,2026-05-05,False,Sin observaciones
DOC-001102,SIN-00310,Foto evidencia,False,True,2026-05-02,False,Sin observaciones
DOC-001103,SIN-00310,Informe perito,False,True,2026-05-02,False,Sin observaciones
DOC-001104,SIN-00311,Informe perito,False,True,2025-05-08,False,Sin observaciones
DOC-001105,SIN-00311,Factura taller,False,True,2025-05-10,False,Sin observaciones
DOC-001106,SIN-00311,Denuncia policial,False,True,2025-05-10,False,Sin observaciones
DOC-001107,SIN-00312,Informe perito,True,True,2025-11-20,False,Sin observaciones
DOC-001108,SIN-00312,Cedula asegurado,True,True,2025-11-17,False,Sin observaciones
DOC-001109,SIN-00312,Foto evidencia,True,True,2025-11-20,False,Sin observaciones
DOC-001110,SIN-00313,Denuncia policial,True,True,2025-02-05,False,Sin observaciones
DOC-001111,SIN-00313,Factura taller,True,True,2025-02-05,False,Sin observaciones
DOC-001112,SIN-00313,Cedula asegurado,True,True,2025-02-07,False,Sin observaciones
DOC-001113,SIN-00313,Foto evidencia,True,True,2025-02-05,False,Sin observaciones
DOC-001114,SIN-00314,Denuncia policial,False,True,2025-05-30,False,Sin observaciones
DOC-001115,SIN-00314,Foto evidencia,False,True,2025-05-28,False,Sin observaciones
DOC-001116,SIN-00314,Informe perito,False,True,2025-05-28,False,Sin observaciones
DOC-001117,SIN-00314,Factura taller,False,True,2025-05-29,False,Sin observaciones
DOC-001118,SIN-00314,Cedula asegurado,False,True,2025-06-01,False,Sin observaciones
DOC-001119,SIN-00315,Factura taller,True,True,2026-01-21,False,Sin observaciones
DOC-001120,SIN-00315,Cedula asegurado,True,True,2026-01-25,False,Sin observaciones
DOC-001121,SIN-00315,Informe perito,True,True,2026-01-22,False,Sin observaciones
DOC-001122,SIN-00315,Foto evidencia,True,True,2026-01-24,False,Sin observaciones
DOC-001123,SIN-00315,Denuncia policial,True,True,2026-01-23,False,Sin observaciones
DOC-001124,SIN-00316,Informe perito,True,True,2026-04-04,False,Sin observaciones
DOC-001125,SIN-00316,Foto evidencia,True,True,2026-04-05,False,Sin observaciones
DOC-001126,SIN-00316,Denuncia policial,True,True,2026-04-05,False,Sin observaciones
DOC-001127,SIN-00317,Denuncia policial,False,True,2025-07-22,False,Sin observaciones
DOC-001128,SIN-00317,Foto evidencia,False,True,2025-07-23,False,Sin observaciones
DOC-001129,SIN-00317,Cedula asegurado,False,True,2025-07-24,False,Sin observaciones
DOC-001130,SIN-00317,Factura taller,False,True,2025-07-22,False,Sin observaciones
DOC-001131,SIN-00318,Cedula asegurado,True,True,2027-01-08,False,Sin observaciones
DOC-001132,SIN-00318,Factura taller,True,True,2027-01-08,False,Sin observaciones
DOC-001133,SIN-00318,Denuncia policial,True,True,2027-01-06,False,Sin observaciones
DOC-001134,SIN-00318,Foto evidencia,True,True,2027-01-10,False,Sin observaciones
DOC-001135,SIN-00318,Informe perito,True,True,2027-01-06,False,Sin observaciones
DOC-001136,SIN-00319,Factura taller,False,True,2025-11-30,False,Sin observaciones
DOC-001137,SIN-00319,Informe perito,False,True,2025-12-02,False,Sin observaciones
DOC-001138,SIN-00320,Factura taller,True,True,2027-03-01,False,Sin observaciones
DOC-001139,SIN-00320,Cedula asegurado,True,True,2027-03-02,False,Sin observaciones
DOC-001140,SIN-00320,Foto evidencia,True,True,2027-03-02,False,Sin observaciones
DOC-001141,SIN-00321,Foto evidencia,True,True,2026-05-03,False,Sin observaciones
DOC-001142,SIN-00321,Informe perito,True,True,2026-05-02,False,Sin observaciones
DOC-001143,SIN-00321,Denuncia policial,True,True,2026-05-04,False,Sin observaciones
DOC-001144,SIN-00322,Factura taller,False,True,2025-03-08,False,Sin observaciones
DOC-001145,SIN-00322,Foto evidencia,False,True,2025-03-04,False,Sin observaciones
DOC-001146,SIN-00322,Informe perito,False,True,2025-03-03,False,Sin observaciones
DOC-001147,SIN-00323,Informe perito,False,True,2024-11-05,False,Sin observaciones
DOC-001148,SIN-00323,Denuncia policial,False,True,2024-11-05,False,Sin observaciones
DOC-001149,SIN-00323,Factura taller,False,True,2024-11-05,False,Sin observaciones
DOC-001150,SIN-00323,Foto evidencia,False,True,2024-11-08,False,Sin observaciones
DOC-001151,SIN-00323,Cedula asegurado,False,True,2024-11-06,False,Sin observaciones
DOC-001152,SIN-00324,Factura taller,True,True,2026-09-17,False,Sin observaciones
DOC-001153,SIN-00324,Cedula asegurado,True,True,2026-09-14,False,Sin observaciones
DOC-001154,SIN-00325,Factura taller,True,True,2026-11-26,False,Sin observaciones
DOC-001155,SIN-00325,Foto evidencia,True,True,2026-11-26,False,Sin observaciones
DOC-001156,SIN-00325,Denuncia policial,True,True,2026-11-30,False,Sin observaciones
DOC-001157,SIN-00325,Informe perito,True,True,2026-11-29,False,Sin observaciones
DOC-001158,SIN-00325,Cedula asegurado,True,True,2026-12-01,False,Sin observaciones
DOC-001159,SIN-00326,Factura taller,True,True,2025-01-19,False,Sin observaciones
DOC-001160,SIN-00326,Foto evidencia,True,True,2025-01-15,False,Sin observaciones
DOC-001161,SIN-00327,Cedula asegurado,True,True,2024-08-08,False,Sin observaciones
DOC-001162,SIN-00327,Denuncia policial,True,True,2024-08-08,False,Sin observaciones
DOC-001163,SIN-00327,Factura taller,True,True,2024-08-09,False,Sin observaciones
DOC-001164,SIN-00328,Denuncia policial,True,True,2025-05-23,False,Sin observaciones
DOC-001165,SIN-00328,Foto evidencia,True,True,2025-05-21,False,Sin observaciones
DOC-001166,SIN-00329,Cedula asegurado,False,True,2025-01-10,False,Sin observaciones
DOC-001167,SIN-00329,Denuncia policial,False,True,2025-01-08,False,Sin observaciones
DOC-001168,SIN-00329,Informe perito,False,True,2025-01-13,False,Sin observaciones
DOC-001169,SIN-00330,Foto evidencia,False,False,2024-07-22,True,Fecha previa al evento detectada
DOC-001170,SIN-00330,Factura taller,False,True,2024-07-20,False,Sin observaciones
DOC-001171,SIN-00330,Cedula asegurado,False,True,2024-07-22,False,Sin observaciones
DOC-001172,SIN-00330,Informe perito,False,True,2024-07-23,False,Sin observaciones
DOC-001173,SIN-00330,Denuncia policial,False,False,2024-07-21,True,Fecha previa al evento detectada
DOC-001174,SIN-00331,Denuncia policial,True,True,2025-04-11,False,Sin observaciones
DOC-001175,SIN-00331,Factura taller,True,True,2025-04-11,False,Sin observaciones
DOC-001176,SIN-00331,Foto evidencia,True,True,2025-04-07,False,Sin observaciones
DOC-001177,SIN-00332,Factura taller,True,True,2025-10-29,False,Sin observaciones
DOC-001178,SIN-00332,Denuncia policial,True,True,2025-10-29,False,Sin observaciones
DOC-001179,SIN-00332,Foto evidencia,True,True,2025-11-01,False,Sin observaciones
DOC-001180,SIN-00333,Denuncia policial,True,True,2026-02-11,False,Sin observaciones
DOC-001181,SIN-00333,Factura taller,True,True,2026-02-12,False,Sin observaciones
DOC-001182,SIN-00333,Informe perito,True,True,2026-02-15,False,Sin observaciones
DOC-001183,SIN-00334,Informe perito,True,True,2025-05-14,False,Sin observaciones
DOC-001184,SIN-00334,Factura taller,True,True,2025-05-12,False,Sin observaciones
DOC-001185,SIN-00334,Cedula asegurado,True,True,2025-05-09,False,Sin observaciones
DOC-001186,SIN-00334,Foto evidencia,True,True,2025-05-10,False,Sin observaciones
DOC-001187,SIN-00334,Denuncia policial,True,True,2025-05-09,False,Sin observaciones
DOC-001188,SIN-00335,Foto evidencia,True,True,2026-10-29,False,Sin observaciones
DOC-001189,SIN-00335,Cedula asegurado,True,True,2026-10-29,False,Sin observaciones
DOC-001190,SIN-00335,Informe perito,True,True,2026-10-28,False,Sin observaciones
DOC-001191,SIN-00336,Denuncia policial,True,True,2026-03-03,False,Sin observaciones
DOC-001192,SIN-00336,Informe perito,True,True,2026-03-07,False,Sin observaciones
DOC-001193,SIN-00337,Denuncia policial,True,True,2026-06-16,False,Sin observaciones
DOC-001194,SIN-00337,Foto evidencia,True,True,2026-06-18,False,Sin observaciones
DOC-001195,SIN-00337,Factura taller,True,True,2026-06-18,False,Sin observaciones
DOC-001196,SIN-00337,Cedula asegurado,True,True,2026-06-17,False,Sin observaciones
DOC-001197,SIN-00338,Denuncia policial,True,True,2026-01-31,False,Sin observaciones
DOC-001198,SIN-00338,Cedula asegurado,True,True,2026-02-01,False,Sin observaciones
DOC-001199,SIN-00338,Factura taller,True,True,2026-02-03,False,Sin observaciones
DOC-001200,SIN-00338,Informe perito,True,True,2026-02-02,False,Sin observaciones
DOC-001201,SIN-00338,Foto evidencia,True,True,2026-01-31,False,Sin observaciones
DOC-001202,SIN-00339,Cedula asegurado,False,False,2026-05-18,True,Fecha previa al evento detectada
DOC-001203,SIN-00339,Foto evidencia,False,True,2026-05-17,False,Sin observaciones
DOC-001204,SIN-00339,Denuncia policial,False,False,2026-05-13,True,Fecha previa al evento detectada
DOC-001205,SIN-00339,Informe perito,False,True,2026-05-14,False,Sin observaciones
DOC-001206,SIN-00339,Factura taller,False,False,2026-05-15,True,Fecha previa al evento detectada
DOC-001207,SIN-00340,Factura taller,True,True,2026-03-16,False,Sin observaciones
DOC-001208,SIN-00340,Cedula asegurado,True,True,2026-03-11,False,Sin observaciones
DOC-001209,SIN-00341,Informe perito,False,True,2024-08-03,False,Sin observaciones
DOC-001210,SIN-00341,Foto evidencia,False,True,2024-08-03,False,Sin observaciones
DOC-001211,SIN-00342,Informe perito,False,True,2025-06-06,False,Sin observaciones
DOC-001212,SIN-00342,Cedula asegurado,False,True,2025-06-11,False,Sin observaciones
DOC-001213,SIN-00342,Denuncia policial,False,True,2025-06-06,False,Sin observaciones
DOC-001214,SIN-00343,Factura taller,True,True,2025-06-25,False,Sin observaciones
DOC-001215,SIN-00343,Cedula asegurado,True,True,2025-06-24,False,Sin observaciones
DOC-001216,SIN-00343,Foto evidencia,True,True,2025-06-21,False,Sin observaciones
DOC-001217,SIN-00343,Denuncia policial,True,True,2025-06-23,False,Sin observaciones
DOC-001218,SIN-00344,Factura taller,True,True,2025-10-04,False,Sin observaciones
DOC-001219,SIN-00344,Informe perito,True,True,2025-10-06,False,Sin observaciones
DOC-001220,SIN-00344,Foto evidencia,True,True,2025-10-04,False,Sin observaciones
DOC-001221,SIN-00344,Cedula asegurado,True,True,2025-10-07,False,Sin observaciones
DOC-001222,SIN-00345,Foto evidencia,True,True,2026-05-24,False,Sin observaciones
DOC-001223,SIN-00345,Factura taller,True,True,2026-05-22,False,Sin observaciones
DOC-001224,SIN-00345,Denuncia policial,True,True,2026-05-23,False,Sin observaciones
DOC-001225,SIN-00346,Informe perito,True,True,2025-10-18,False,Sin observaciones
DOC-001226,SIN-00346,Foto evidencia,True,True,2025-10-17,False,Sin observaciones
DOC-001227,SIN-00346,Factura taller,True,True,2025-10-15,False,Sin observaciones
DOC-001228,SIN-00346,Cedula asegurado,True,True,2025-10-17,False,Sin observaciones
DOC-001229,SIN-00347,Cedula asegurado,True,True,2025-11-10,False,Sin observaciones
DOC-001230,SIN-00347,Factura taller,True,True,2025-11-14,False,Sin observaciones
DOC-001231,SIN-00347,Foto evidencia,True,True,2025-11-11,False,Sin observaciones
DOC-001232,SIN-00347,Informe perito,True,True,2025-11-10,False,Sin observaciones
DOC-001233,SIN-00348,Informe perito,True,True,2025-05-26,False,Sin observaciones
DOC-001234,SIN-00348,Denuncia policial,True,True,2025-05-29,False,Sin observaciones
DOC-001235,SIN-00349,Informe perito,True,True,2025-02-22,False,Sin observaciones
DOC-001236,SIN-00349,Cedula asegurado,True,True,2025-02-19,False,Sin observaciones
DOC-001237,SIN-00349,Factura taller,True,True,2025-02-18,False,Sin observaciones
DOC-001238,SIN-00349,Denuncia policial,True,True,2025-02-19,False,Sin observaciones
DOC-001239,SIN-00349,Foto evidencia,True,True,2025-02-21,False,Sin observaciones
DOC-001240,SIN-00350,Cedula asegurado,True,True,2025-12-18,False,Sin observaciones
DOC-001241,SIN-00350,Factura taller,True,True,2025-12-13,False,Sin observaciones
DOC-001242,SIN-00350,Denuncia policial,True,True,2025-12-15,False,Sin observaciones
DOC-001243,SIN-00351,Informe perito,False,True,2024-12-22,False,Sin observaciones
DOC-001244,SIN-00351,Factura taller,False,False,2024-12-23,True,Fecha previa al evento detectada
DOC-001245,SIN-00351,Cedula asegurado,False,False,2024-12-24,True,Fecha previa al evento detectada
DOC-001246,SIN-00351,Foto evidencia,False,False,2024-12-20,True,Fecha previa al evento detectada
DOC-001247,SIN-00352,Denuncia policial,True,True,2026-07-27,False,Sin observaciones
DOC-001248,SIN-00352,Cedula asegurado,True,True,2026-07-26,False,Sin observaciones
DOC-001249,SIN-00352,Foto evidencia,True,True,2026-07-27,False,Sin observaciones
DOC-001250,SIN-00353,Cedula asegurado,True,True,2026-09-12,False,Sin observaciones
DOC-001251,SIN-00353,Factura taller,True,True,2026-09-15,False,Sin observaciones
DOC-001252,SIN-00353,Foto evidencia,True,True,2026-09-13,False,Sin observaciones
DOC-001253,SIN-00353,Denuncia policial,True,True,2026-09-16,False,Sin observaciones
DOC-001254,SIN-00354,Foto evidencia,True,True,2025-01-06,False,Sin observaciones
DOC-001255,SIN-00354,Cedula asegurado,True,True,2025-01-07,False,Sin observaciones
DOC-001256,SIN-00354,Factura taller,True,True,2025-01-11,False,Sin observaciones
DOC-001257,SIN-00354,Denuncia policial,True,True,2025-01-09,False,Sin observaciones
DOC-001258,SIN-00355,Cedula asegurado,False,False,2025-08-19,True,Fecha previa al evento detectada
DOC-001259,SIN-00355,Factura taller,False,False,2025-08-15,True,Fecha previa al evento detectada
DOC-001260,SIN-00355,Foto evidencia,False,False,2025-08-17,True,Fecha previa al evento detectada
DOC-001261,SIN-00355,Informe perito,False,False,2025-08-17,True,Fecha previa al evento detectada
DOC-001262,SIN-00355,Denuncia policial,False,False,2025-08-20,True,Fecha previa al evento detectada
DOC-001263,SIN-00356,Informe perito,True,True,2025-03-17,False,Sin observaciones
DOC-001264,SIN-00356,Denuncia policial,True,True,2025-03-17,False,Sin observaciones
DOC-001265,SIN-00356,Cedula asegurado,True,True,2025-03-15,False,Sin observaciones
DOC-001266,SIN-00357,Factura taller,True,True,2024-07-18,False,Sin observaciones
DOC-001267,SIN-00357,Cedula asegurado,True,True,2024-07-22,False,Sin observaciones
DOC-001268,SIN-00357,Informe perito,True,True,2024-07-20,False,Sin observaciones
DOC-001269,SIN-00357,Foto evidencia,True,True,2024-07-22,False,Sin observaciones
DOC-001270,SIN-00357,Denuncia policial,True,True,2024-07-19,False,Sin observaciones
DOC-001271,SIN-00358,Factura taller,True,True,2026-03-26,False,Sin observaciones
DOC-001272,SIN-00358,Informe perito,True,True,2026-03-23,False,Sin observaciones
DOC-001273,SIN-00358,Cedula asegurado,True,True,2026-03-26,False,Sin observaciones
DOC-001274,SIN-00358,Denuncia policial,True,True,2026-03-23,False,Sin observaciones
DOC-001275,SIN-00358,Foto evidencia,True,True,2026-03-22,False,Sin observaciones
DOC-001276,SIN-00359,Factura taller,True,True,2026-06-25,False,Sin observaciones
DOC-001277,SIN-00359,Foto evidencia,True,True,2026-06-25,False,Sin observaciones
DOC-001278,SIN-00359,Cedula asegurado,True,True,2026-06-27,False,Sin observaciones
DOC-001279,SIN-00359,Denuncia policial,True,True,2026-06-30,False,Sin observaciones
DOC-001280,SIN-00360,Factura taller,True,True,2025-04-20,False,Sin observaciones
DOC-001281,SIN-00360,Informe perito,True,True,2025-04-18,False,Sin observaciones
DOC-001282,SIN-00360,Foto evidencia,True,True,2025-04-20,False,Sin observaciones
DOC-001283,SIN-00360,Cedula asegurado,True,True,2025-04-20,False,Sin observaciones
DOC-001284,SIN-00361,Denuncia policial,False,False,2024-10-05,True,Fecha previa al evento detectada
DOC-001285,SIN-00361,Cedula asegurado,False,True,2024-10-09,False,Sin observaciones
DOC-001286,SIN-00361,Foto evidencia,False,False,2024-10-08,True,Fecha previa al evento detectada
DOC-001287,SIN-00361,Informe perito,False,False,2024-10-09,True,Fecha previa al evento detectada
DOC-001288,SIN-00361,Factura taller,False,False,2024-10-10,True,Fecha previa al evento detectada
DOC-001289,SIN-00362,Factura taller,True,True,2026-04-23,False,Sin observaciones
DOC-001290,SIN-00362,Denuncia policial,True,True,2026-04-21,False,Sin observaciones
DOC-001291,SIN-00362,Cedula asegurado,True,True,2026-04-25,False,Sin observaciones
DOC-001292,SIN-00362,Informe perito,True,True,2026-04-24,False,Sin observaciones
DOC-001293,SIN-00362,Foto evidencia,True,True,2026-04-24,False,Sin observaciones
DOC-001294,SIN-00363,Denuncia policial,True,True,2025-08-10,False,Sin observaciones
DOC-001295,SIN-00363,Cedula asegurado,True,True,2025-08-09,False,Sin observaciones
DOC-001296,SIN-00363,Informe perito,True,True,2025-08-09,False,Sin observaciones
DOC-001297,SIN-00363,Foto evidencia,True,True,2025-08-13,False,Sin observaciones
DOC-001298,SIN-00364,Cedula asegurado,False,True,2025-09-02,False,Sin observaciones
DOC-001299,SIN-00364,Denuncia policial,False,True,2025-08-28,False,Sin observaciones
DOC-001300,SIN-00365,Foto evidencia,True,True,2025-04-07,False,Sin observaciones
DOC-001301,SIN-00365,Informe perito,True,True,2025-04-06,False,Sin observaciones
DOC-001302,SIN-00365,Denuncia policial,True,True,2025-04-03,False,Sin observaciones
DOC-001303,SIN-00366,Foto evidencia,True,True,2024-06-20,False,Sin observaciones
DOC-001304,SIN-00366,Factura taller,True,True,2024-06-21,False,Sin observaciones
DOC-001305,SIN-00366,Informe perito,True,True,2024-06-19,False,Sin observaciones
DOC-001306,SIN-00367,Factura taller,True,True,2026-12-12,False,Sin observaciones
DOC-001307,SIN-00367,Cedula asegurado,True,True,2026-12-09,False,Sin observaciones
DOC-001308,SIN-00367,Informe perito,True,True,2026-12-12,False,Sin observaciones
DOC-001309,SIN-00368,Cedula asegurado,True,True,2025-10-06,False,Sin observaciones
DOC-001310,SIN-00368,Foto evidencia,True,True,2025-10-05,False,Sin observaciones
DOC-001311,SIN-00368,Denuncia policial,True,True,2025-10-03,False,Sin observaciones
DOC-001312,SIN-00368,Informe perito,True,True,2025-10-06,False,Sin observaciones
DOC-001313,SIN-00369,Informe perito,True,True,2024-08-21,False,Sin observaciones
DOC-001314,SIN-00369,Foto evidencia,True,True,2024-08-19,False,Sin observaciones
DOC-001315,SIN-00369,Denuncia policial,True,True,2024-08-19,False,Sin observaciones
DOC-001316,SIN-00369,Cedula asegurado,True,True,2024-08-19,False,Sin observaciones
DOC-001317,SIN-00369,Factura taller,True,True,2024-08-18,False,Sin observaciones
DOC-001318,SIN-00370,Factura taller,True,True,2025-09-14,False,Sin observaciones
DOC-001319,SIN-00370,Informe perito,True,True,2025-09-12,False,Sin observaciones
DOC-001320,SIN-00370,Denuncia policial,True,True,2025-09-14,False,Sin observaciones
DOC-001321,SIN-00371,Factura taller,True,True,2026-10-05,False,Sin observaciones
DOC-001322,SIN-00371,Foto evidencia,True,True,2026-09-30,False,Sin observaciones
DOC-001323,SIN-00371,Informe perito,True,True,2026-10-04,False,Sin observaciones
DOC-001324,SIN-00371,Cedula asegurado,True,True,2026-10-02,False,Sin observaciones
DOC-001325,SIN-00371,Denuncia policial,True,True,2026-10-05,False,Sin observaciones
DOC-001326,SIN-00372,Foto evidencia,True,True,2026-04-21,False,Sin observaciones
DOC-001327,SIN-00372,Informe perito,True,True,2026-04-23,False,Sin observaciones
DOC-001328,SIN-00373,Cedula asegurado,True,True,2025-06-08,False,Sin observaciones
DOC-001329,SIN-00373,Foto evidencia,True,True,2025-06-07,False,Sin observaciones
DOC-001330,SIN-00373,Denuncia policial,True,True,2025-06-07,False,Sin observaciones
DOC-001331,SIN-00373,Factura taller,True,True,2025-06-08,False,Sin observaciones
DOC-001332,SIN-00374,Informe perito,True,True,2026-05-28,False,Sin observaciones
DOC-001333,SIN-00374,Denuncia policial,True,True,2026-05-26,False,Sin observaciones
DOC-001334,SIN-00374,Factura taller,True,True,2026-05-30,False,Sin observaciones
DOC-001335,SIN-00374,Cedula asegurado,True,True,2026-05-29,False,Sin observaciones
DOC-001336,SIN-00374,Foto evidencia,True,True,2026-05-26,False,Sin observaciones
DOC-001337,SIN-00375,Factura taller,False,True,2024-07-17,False,Sin observaciones
DOC-001338,SIN-00375,Informe perito,False,True,2024-07-20,False,Sin observaciones
DOC-001339,SIN-00375,Foto evidencia,False,True,2024-07-18,False,Sin observaciones
DOC-001340,SIN-00375,Cedula asegurado,False,True,2024-07-19,False,Sin observaciones
DOC-001341,SIN-00376,Factura taller,True,True,2025-08-28,False,Sin observaciones
DOC-001342,SIN-00376,Informe perito,True,True,2025-08-27,False,Sin observaciones
DOC-001343,SIN-00377,Cedula asegurado,True,True,2024-11-13,False,Sin observaciones
DOC-001344,SIN-00377,Denuncia policial,True,True,2024-11-08,False,Sin observaciones
DOC-001345,SIN-00378,Foto evidencia,True,True,2024-07-07,False,Sin observaciones
DOC-001346,SIN-00378,Informe perito,True,True,2024-07-08,False,Sin observaciones
DOC-001347,SIN-00379,Cedula asegurado,True,True,2026-05-03,False,Sin observaciones
DOC-001348,SIN-00379,Denuncia policial,True,True,2026-05-03,False,Sin observaciones
DOC-001349,SIN-00379,Foto evidencia,True,True,2026-05-02,False,Sin observaciones
DOC-001350,SIN-00380,Cedula asegurado,True,True,2026-08-10,False,Sin observaciones
DOC-001351,SIN-00380,Informe perito,True,True,2026-08-07,False,Sin observaciones
DOC-001352,SIN-00380,Denuncia policial,True,True,2026-08-11,False,Sin observaciones
DOC-001353,SIN-00380,Factura taller,True,True,2026-08-08,False,Sin observaciones
DOC-001354,SIN-00380,Foto evidencia,True,True,2026-08-12,False,Sin observaciones
DOC-001355,SIN-00381,Denuncia policial,True,True,2027-03-16,False,Sin observaciones
DOC-001356,SIN-00381,Informe perito,True,True,2027-03-18,False,Sin observaciones
DOC-001357,SIN-00382,Factura taller,True,True,2026-10-05,False,Sin observaciones
DOC-001358,SIN-00382,Cedula asegurado,True,True,2026-10-08,False,Sin observaciones
DOC-001359,SIN-00382,Denuncia policial,True,True,2026-10-07,False,Sin observaciones
DOC-001360,SIN-00383,Foto evidencia,True,True,2025-12-18,False,Sin observaciones
DOC-001361,SIN-00383,Informe perito,True,True,2025-12-16,False,Sin observaciones
DOC-001362,SIN-00383,Denuncia policial,True,True,2025-12-20,False,Sin observaciones
DOC-001363,SIN-00384,Factura taller,False,True,2025-10-17,False,Sin observaciones
DOC-001364,SIN-00384,Foto evidencia,False,True,2025-10-19,False,Sin observaciones
DOC-001365,SIN-00384,Informe perito,False,True,2025-10-19,False,Sin observaciones
DOC-001366,SIN-00385,Factura taller,True,True,2026-11-15,False,Sin observaciones
DOC-001367,SIN-00385,Foto evidencia,True,True,2026-11-15,False,Sin observaciones
DOC-001368,SIN-00385,Denuncia policial,True,True,2026-11-18,False,Sin observaciones
DOC-001369,SIN-00386,Cedula asegurado,True,True,2025-11-06,False,Sin observaciones
DOC-001370,SIN-00386,Foto evidencia,True,True,2025-11-07,False,Sin observaciones
DOC-001371,SIN-00386,Denuncia policial,True,True,2025-11-06,False,Sin observaciones
DOC-001372,SIN-00386,Informe perito,True,True,2025-11-08,False,Sin observaciones
DOC-001373,SIN-00387,Cedula asegurado,True,True,2026-04-06,False,Sin observaciones
DOC-001374,SIN-00387,Factura taller,True,True,2026-04-04,False,Sin observaciones
DOC-001375,SIN-00387,Informe perito,True,True,2026-04-03,False,Sin observaciones
DOC-001376,SIN-00387,Denuncia policial,True,True,2026-04-04,False,Sin observaciones
DOC-001377,SIN-00388,Foto evidencia,True,True,2025-11-23,False,Sin observaciones
DOC-001378,SIN-00388,Cedula asegurado,True,True,2025-11-22,False,Sin observaciones
DOC-001379,SIN-00389,Informe perito,True,True,2025-12-20,False,Sin observaciones
DOC-001380,SIN-00389,Foto evidencia,True,True,2025-12-24,False,Sin observaciones
DOC-001381,SIN-00389,Factura taller,True,True,2025-12-21,False,Sin observaciones
DOC-001382,SIN-00389,Denuncia policial,True,True,2025-12-21,False,Sin observaciones
DOC-001383,SIN-00390,Informe perito,True,True,2026-01-16,False,Sin observaciones
DOC-001384,SIN-00390,Factura taller,True,True,2026-01-16,False,Sin observaciones
DOC-001385,SIN-00390,Denuncia policial,True,True,2026-01-11,False,Sin observaciones
DOC-001386,SIN-00390,Foto evidencia,True,True,2026-01-11,False,Sin observaciones
DOC-001387,SIN-00391,Informe perito,True,True,2026-04-28,False,Sin observaciones
DOC-001388,SIN-00391,Factura taller,True,True,2026-04-28,False,Sin observaciones
DOC-001389,SIN-00391,Cedula asegurado,True,True,2026-04-28,False,Sin observaciones
DOC-001390,SIN-00391,Denuncia policial,True,True,2026-04-26,False,Sin observaciones
DOC-001391,SIN-00391,Foto evidencia,True,True,2026-04-24,False,Sin observaciones
DOC-001392,SIN-00392,Informe perito,False,True,2026-04-29,False,Sin observaciones
DOC-001393,SIN-00392,Denuncia policial,False,False,2026-05-04,True,Fecha previa al evento detectada
DOC-001394,SIN-00392,Cedula asegurado,False,True,2026-05-03,False,Sin observaciones
DOC-001395,SIN-00392,Foto evidencia,False,False,2026-04-30,True,Fecha previa al evento detectada
DOC-001396,SIN-00393,Foto evidencia,False,False,2024-11-22,True,Fecha previa al evento detectada
DOC-001397,SIN-00393,Factura taller,False,True,2024-11-20,False,Sin observaciones
DOC-001398,SIN-00393,Informe perito,False,False,2024-11-22,True,Fecha previa al evento detectada
DOC-001399,SIN-00393,Denuncia policial,False,True,2024-11-18,False,Sin observaciones
DOC-001400,SIN-00393,Cedula asegurado,False,False,2024-11-17,True,Fecha previa al evento detectada
DOC-001401,SIN-00394,Cedula asegurado,False,False,2025-02-25,True,Fecha previa al evento detectada
DOC-001402,SIN-00394,Informe perito,False,True,2025-02-27,False,Sin observaciones
DOC-001403,SIN-00395,Foto evidencia,False,False,2024-06-16,True,Fecha previa al evento detectada
DOC-001404,SIN-00395,Factura taller,False,True,2024-06-19,False,Sin observaciones
DOC-001405,SIN-00395,Denuncia policial,False,False,2024-06-19,True,Fecha previa al evento detectada
DOC-001406,SIN-00396,Factura taller,False,True,2025-05-06,False,Sin observaciones
DOC-001407,SIN-00396,Cedula asegurado,False,True,2025-05-01,False,Sin observaciones
DOC-001408,SIN-00396,Denuncia policial,False,True,2025-05-05,False,Sin observaciones
DOC-001409,SIN-00396,Informe perito,False,True,2025-05-05,False,Sin observaciones
DOC-001410,SIN-00396,Foto evidencia,False,True,2025-05-02,False,Sin observaciones
DOC-001411,SIN-00397,Informe perito,True,True,2025-03-02,False,Sin observaciones
DOC-001412,SIN-00397,Factura taller,True,True,2025-03-04,False,Sin observaciones
DOC-001413,SIN-00397,Foto evidencia,True,True,2025-03-02,False,Sin observaciones
DOC-001414,SIN-00398,Denuncia policial,True,True,2025-12-26,False,Sin observaciones
DOC-001415,SIN-00398,Cedula asegurado,True,True,2025-12-30,False,Sin observaciones
DOC-001416,SIN-00399,Informe perito,True,True,2026-06-23,False,Sin observaciones
DOC-001417,SIN-00399,Denuncia policial,True,True,2026-06-25,False,Sin observaciones
DOC-001418,SIN-00399,Factura taller,True,True,2026-06-25,False,Sin observaciones
DOC-001419,SIN-00399,Cedula asegurado,True,True,2026-06-23,False,Sin observaciones
DOC-001420,SIN-00399,Foto evidencia,True,True,2026-06-24,False,Sin observaciones
DOC-001421,SIN-00400,Cedula asegurado,True,True,2025-10-17,False,Sin observaciones
DOC-001422,SIN-00400,Informe perito,True,True,2025-10-12,False,Sin observaciones
DOC-001423,SIN-00400,Factura taller,True,True,2025-10-12,False,Sin observaciones
DOC-001424,SIN-00400,Denuncia policial,True,True,2025-10-16,False,Sin observaciones
DOC-001425,SIN-00400,Foto evidencia,True,True,2025-10-16,False,Sin observaciones
DOC-001426,SIN-00401,Informe perito,True,True,2025-06-24,False,Sin observaciones
DOC-001427,SIN-00401,Foto evidencia,True,True,2025-06-19,False,Sin observaciones
DOC-001428,SIN-00401,Denuncia policial,True,True,2025-06-22,False,Sin observaciones
DOC-001429,SIN-00401,Factura taller,True,True,2025-06-23,False,Sin observaciones
DOC-001430,SIN-00402,Informe perito,True,True,2026-04-15,False,Sin observaciones
DOC-001431,SIN-00402,Denuncia policial,True,True,2026-04-15,False,Sin observaciones
DOC-001432,SIN-00402,Cedula asegurado,True,True,2026-04-14,False,Sin observaciones
DOC-001433,SIN-00402,Factura taller,True,True,2026-04-17,False,Sin observaciones
DOC-001434,SIN-00403,Factura taller,True,True,2027-01-20,False,Sin observaciones
DOC-001435,SIN-00403,Foto evidencia,True,True,2027-01-19,False,Sin observaciones
DOC-001436,SIN-00403,Informe perito,True,True,2027-01-22,False,Sin observaciones
DOC-001437,SIN-00403,Cedula asegurado,True,True,2027-01-18,False,Sin observaciones
DOC-001438,SIN-00404,Cedula asegurado,True,True,2026-01-11,False,Sin observaciones
DOC-001439,SIN-00404,Factura taller,True,True,2026-01-07,False,Sin observaciones
DOC-001440,SIN-00404,Informe perito,True,True,2026-01-09,False,Sin observaciones
DOC-001441,SIN-00404,Denuncia policial,True,True,2026-01-12,False,Sin observaciones
DOC-001442,SIN-00405,Foto evidencia,True,True,2026-10-08,False,Sin observaciones
DOC-001443,SIN-00405,Denuncia policial,True,True,2026-10-09,False,Sin observaciones
DOC-001444,SIN-00405,Factura taller,True,True,2026-10-08,False,Sin observaciones
DOC-001445,SIN-00405,Informe perito,True,True,2026-10-07,False,Sin observaciones
DOC-001446,SIN-00406,Cedula asegurado,True,True,2026-10-14,False,Sin observaciones
DOC-001447,SIN-00406,Denuncia policial,True,True,2026-10-16,False,Sin observaciones
DOC-001448,SIN-00407,Denuncia policial,True,True,2026-01-28,False,Sin observaciones
DOC-001449,SIN-00407,Informe perito,True,True,2026-01-31,False,Sin observaciones
DOC-001450,SIN-00408,Foto evidencia,True,True,2025-03-26,False,Sin observaciones
DOC-001451,SIN-00408,Denuncia policial,True,True,2025-03-27,False,Sin observaciones
DOC-001452,SIN-00409,Informe perito,False,True,2025-01-01,False,Sin observaciones
DOC-001453,SIN-00409,Denuncia policial,False,True,2025-01-01,False,Sin observaciones
DOC-001454,SIN-00409,Foto evidencia,False,True,2024-12-30,False,Sin observaciones
DOC-001455,SIN-00409,Cedula asegurado,False,True,2025-01-02,False,Sin observaciones
DOC-001456,SIN-00409,Factura taller,False,True,2025-01-03,False,Sin observaciones
DOC-001457,SIN-00410,Denuncia policial,True,True,2025-04-04,False,Sin observaciones
DOC-001458,SIN-00410,Factura taller,True,True,2025-04-03,False,Sin observaciones
DOC-001459,SIN-00410,Foto evidencia,True,True,2025-04-03,False,Sin observaciones
DOC-001460,SIN-00410,Informe perito,True,True,2025-04-08,False,Sin observaciones
DOC-001461,SIN-00410,Cedula asegurado,True,True,2025-04-06,False,Sin observaciones
DOC-001462,SIN-00411,Denuncia policial,True,True,2026-03-21,False,Sin observaciones
DOC-001463,SIN-00411,Factura taller,True,True,2026-03-23,False,Sin observaciones
DOC-001464,SIN-00411,Foto evidencia,True,True,2026-03-24,False,Sin observaciones
DOC-001465,SIN-00412,Factura taller,True,True,2025-09-14,False,Sin observaciones
DOC-001466,SIN-00412,Cedula asegurado,True,True,2025-09-10,False,Sin observaciones
DOC-001467,SIN-00413,Foto evidencia,True,True,2024-10-17,False,Sin observaciones
DOC-001468,SIN-00413,Cedula asegurado,True,True,2024-10-15,False,Sin observaciones
DOC-001469,SIN-00413,Denuncia policial,True,True,2024-10-12,False,Sin observaciones
DOC-001470,SIN-00413,Informe perito,True,True,2024-10-15,False,Sin observaciones
DOC-001471,SIN-00414,Cedula asegurado,True,True,2026-08-21,False,Sin observaciones
DOC-001472,SIN-00414,Informe perito,True,True,2026-08-25,False,Sin observaciones
DOC-001473,SIN-00414,Factura taller,True,True,2026-08-22,False,Sin observaciones
DOC-001474,SIN-00414,Denuncia policial,True,True,2026-08-23,False,Sin observaciones
DOC-001475,SIN-00415,Cedula asegurado,False,True,2024-12-21,False,Sin observaciones
DOC-001476,SIN-00415,Denuncia policial,False,True,2024-12-22,False,Sin observaciones
DOC-001477,SIN-00415,Factura taller,False,True,2024-12-20,False,Sin observaciones
DOC-001478,SIN-00415,Foto evidencia,False,True,2024-12-22,False,Sin observaciones
DOC-001479,SIN-00416,Foto evidencia,True,True,2024-09-15,False,Sin observaciones
DOC-001480,SIN-00416,Denuncia policial,True,True,2024-09-18,False,Sin observaciones
DOC-001481,SIN-00417,Factura taller,True,True,2025-11-27,False,Sin observaciones
DOC-001482,SIN-00417,Informe perito,True,True,2025-11-27,False,Sin observaciones
DOC-001483,SIN-00418,Foto evidencia,True,True,2025-05-06,False,Sin observaciones
DOC-001484,SIN-00418,Denuncia policial,True,True,2025-05-10,False,Sin observaciones
DOC-001485,SIN-00419,Foto evidencia,False,True,2026-06-01,False,Sin observaciones
DOC-001486,SIN-00419,Factura taller,False,True,2026-06-03,False,Sin observaciones
DOC-001487,SIN-00419,Cedula asegurado,False,True,2026-06-04,False,Sin observaciones
DOC-001488,SIN-00419,Informe perito,False,True,2026-06-02,False,Sin observaciones
DOC-001489,SIN-00419,Denuncia policial,False,True,2026-06-02,False,Sin observaciones
DOC-001490,SIN-00420,Informe perito,True,True,2026-10-29,False,Sin observaciones
DOC-001491,SIN-00420,Cedula asegurado,True,True,2026-10-27,False,Sin observaciones
DOC-001492,SIN-00420,Denuncia policial,True,True,2026-10-26,False,Sin observaciones
DOC-001493,SIN-00421,Factura taller,True,True,2026-02-04,False,Sin observaciones
DOC-001494,SIN-00421,Foto evidencia,True,True,2026-01-30,False,Sin observaciones
DOC-001495,SIN-00421,Informe perito,True,True,2026-01-30,False,Sin observaciones
DOC-001496,SIN-00421,Denuncia policial,True,True,2026-02-02,False,Sin observaciones
DOC-001497,SIN-00422,Cedula asegurado,True,True,2026-04-29,False,Sin observaciones
DOC-001498,SIN-00422,Informe perito,True,True,2026-05-01,False,Sin observaciones
DOC-001499,SIN-00422,Denuncia policial,True,True,2026-04-28,False,Sin observaciones
DOC-001500,SIN-00422,Factura taller,True,True,2026-04-27,False,Sin observaciones
DOC-001501,SIN-00422,Foto evidencia,True,True,2026-04-28,False,Sin observaciones
DOC-001502,SIN-00423,Foto evidencia,False,True,2025-10-08,False,Sin observaciones
DOC-001503,SIN-00423,Cedula asegurado,False,True,2025-10-09,False,Sin observaciones
DOC-001504,SIN-00424,Denuncia policial,False,True,2024-12-27,False,Sin observaciones
DOC-001505,SIN-00424,Cedula asegurado,False,True,2024-12-25,False,Sin observaciones
DOC-001506,SIN-00424,Foto evidencia,False,True,2024-12-23,False,Sin observaciones
DOC-001507,SIN-00425,Cedula asegurado,True,True,2026-02-20,False,Sin observaciones
DOC-001508,SIN-00425,Informe perito,True,True,2026-02-20,False,Sin observaciones
DOC-001509,SIN-00426,Factura taller,True,True,2025-12-29,False,Sin observaciones
DOC-001510,SIN-00426,Foto evidencia,True,True,2025-12-29,False,Sin observaciones
DOC-001511,SIN-00426,Informe perito,True,True,2025-12-29,False,Sin observaciones
DOC-001512,SIN-00427,Foto evidencia,False,False,2025-02-12,True,Fecha previa al evento detectada
DOC-001513,SIN-00427,Cedula asegurado,False,False,2025-02-09,True,Fecha previa al evento detectada
DOC-001514,SIN-00427,Denuncia policial,False,False,2025-02-10,True,Fecha previa al evento detectada
DOC-001515,SIN-00427,Factura taller,False,False,2025-02-14,True,Fecha previa al evento detectada
DOC-001516,SIN-00427,Informe perito,False,False,2025-02-10,True,Fecha previa al evento detectada
DOC-001517,SIN-00428,Foto evidencia,True,True,2024-10-17,False,Sin observaciones
DOC-001518,SIN-00428,Informe perito,True,True,2024-10-15,False,Sin observaciones
DOC-001519,SIN-00428,Denuncia policial,True,True,2024-10-14,False,Sin observaciones
DOC-001520,SIN-00428,Factura taller,True,True,2024-10-15,False,Sin observaciones
DOC-001521,SIN-00429,Foto evidencia,True,True,2024-11-13,False,Sin observaciones
DOC-001522,SIN-00429,Cedula asegurado,True,True,2024-11-14,False,Sin observaciones
DOC-001523,SIN-00429,Denuncia policial,True,True,2024-11-13,False,Sin observaciones
DOC-001524,SIN-00429,Factura taller,True,True,2024-11-13,False,Sin observaciones
DOC-001525,SIN-00429,Informe perito,True,True,2024-11-13,False,Sin observaciones
DOC-001526,SIN-00430,Cedula asegurado,True,True,2025-01-16,False,Sin observaciones
DOC-001527,SIN-00430,Denuncia policial,True,True,2025-01-18,False,Sin observaciones
DOC-001528,SIN-00431,Denuncia policial,True,True,2025-10-20,False,Sin observaciones
DOC-001529,SIN-00431,Cedula asegurado,True,True,2025-10-20,False,Sin observaciones
DOC-001530,SIN-00431,Informe perito,True,True,2025-10-24,False,Sin observaciones
DOC-001531,SIN-00432,Foto evidencia,True,True,2025-08-29,False,Sin observaciones
DOC-001532,SIN-00432,Informe perito,True,True,2025-09-02,False,Sin observaciones
DOC-001533,SIN-00433,Factura taller,True,True,2026-05-08,False,Sin observaciones
DOC-001534,SIN-00433,Informe perito,True,True,2026-05-07,False,Sin observaciones
DOC-001535,SIN-00433,Foto evidencia,True,True,2026-05-09,False,Sin observaciones
DOC-001536,SIN-00434,Cedula asegurado,True,True,2025-07-29,False,Sin observaciones
DOC-001537,SIN-00434,Foto evidencia,True,True,2025-07-30,False,Sin observaciones
DOC-001538,SIN-00434,Informe perito,True,True,2025-07-28,False,Sin observaciones
DOC-001539,SIN-00434,Factura taller,True,True,2025-07-29,False,Sin observaciones
DOC-001540,SIN-00434,Denuncia policial,True,True,2025-07-31,False,Sin observaciones
DOC-001541,SIN-00435,Denuncia policial,True,True,2026-10-10,False,Sin observaciones
DOC-001542,SIN-00435,Foto evidencia,True,True,2026-10-10,False,Sin observaciones
DOC-001543,SIN-00435,Factura taller,True,True,2026-10-12,False,Sin observaciones
DOC-001544,SIN-00435,Informe perito,True,True,2026-10-10,False,Sin observaciones
DOC-001545,SIN-00436,Foto evidencia,True,True,2026-07-03,False,Sin observaciones
DOC-001546,SIN-00436,Factura taller,True,True,2026-07-01,False,Sin observaciones
DOC-001547,SIN-00436,Denuncia policial,True,True,2026-07-02,False,Sin observaciones
DOC-001548,SIN-00436,Informe perito,True,True,2026-07-01,False,Sin observaciones
DOC-001549,SIN-00437,Informe perito,True,True,2025-08-09,False,Sin observaciones
DOC-001550,SIN-00437,Denuncia policial,True,True,2025-08-07,False,Sin observaciones
DOC-001551,SIN-00437,Factura taller,True,True,2025-08-09,False,Sin observaciones
DOC-001552,SIN-00437,Cedula asegurado,True,True,2025-08-12,False,Sin observaciones
DOC-001553,SIN-00438,Denuncia policial,True,True,2025-05-28,False,Sin observaciones
DOC-001554,SIN-00438,Factura taller,True,True,2025-05-28,False,Sin observaciones
DOC-001555,SIN-00439,Denuncia policial,False,False,2025-11-22,True,Fecha previa al evento detectada
DOC-001556,SIN-00439,Cedula asegurado,False,False,2025-11-22,True,Fecha previa al evento detectada
DOC-001557,SIN-00439,Factura taller,False,True,2025-11-22,False,Sin observaciones
DOC-001558,SIN-00439,Informe perito,False,False,2025-11-25,True,Fecha previa al evento detectada
DOC-001559,SIN-00440,Informe perito,True,True,2024-12-27,False,Sin observaciones
DOC-001560,SIN-00440,Denuncia policial,True,True,2024-12-27,False,Sin observaciones
DOC-001561,SIN-00441,Denuncia policial,True,True,2025-01-26,False,Sin observaciones
DOC-001562,SIN-00441,Factura taller,True,True,2025-01-26,False,Sin observaciones
DOC-001563,SIN-00441,Foto evidencia,True,True,2025-01-21,False,Sin observaciones
DOC-001564,SIN-00441,Cedula asegurado,True,True,2025-01-23,False,Sin observaciones
DOC-001565,SIN-00441,Informe perito,True,True,2025-01-24,False,Sin observaciones
DOC-001566,SIN-00442,Cedula asegurado,True,True,2025-08-06,False,Sin observaciones
DOC-001567,SIN-00442,Factura taller,True,True,2025-08-06,False,Sin observaciones
DOC-001568,SIN-00442,Denuncia policial,True,True,2025-08-07,False,Sin observaciones
DOC-001569,SIN-00442,Informe perito,True,True,2025-08-07,False,Sin observaciones
DOC-001570,SIN-00443,Factura taller,True,True,2025-11-15,False,Sin observaciones
DOC-001571,SIN-00443,Cedula asegurado,True,True,2025-11-16,False,Sin observaciones
DOC-001572,SIN-00443,Foto evidencia,True,True,2025-11-11,False,Sin observaciones
DOC-001573,SIN-00444,Denuncia policial,True,True,2024-08-05,False,Sin observaciones
DOC-001574,SIN-00444,Foto evidencia,True,True,2024-08-03,False,Sin observaciones
DOC-001575,SIN-00444,Factura taller,True,True,2024-08-03,False,Sin observaciones
DOC-001576,SIN-00444,Informe perito,True,True,2024-08-06,False,Sin observaciones
DOC-001577,SIN-00445,Cedula asegurado,False,False,2026-05-20,True,Fecha previa al evento detectada
DOC-001578,SIN-00445,Factura taller,False,False,2026-05-22,True,Fecha previa al evento detectada
DOC-001579,SIN-00445,Foto evidencia,False,False,2026-05-22,True,Fecha previa al evento detectada
DOC-001580,SIN-00446,Informe perito,True,True,2025-06-01,False,Sin observaciones
DOC-001581,SIN-00446,Denuncia policial,True,True,2025-06-01,False,Sin observaciones
DOC-001582,SIN-00446,Foto evidencia,True,True,2025-06-03,False,Sin observaciones
DOC-001583,SIN-00446,Cedula asegurado,True,True,2025-06-03,False,Sin observaciones
DOC-001584,SIN-00447,Cedula asegurado,True,True,2026-07-17,False,Sin observaciones
DOC-001585,SIN-00447,Informe perito,True,True,2026-07-19,False,Sin observaciones
DOC-001586,SIN-00447,Foto evidencia,True,True,2026-07-20,False,Sin observaciones
DOC-001587,SIN-00447,Denuncia policial,True,True,2026-07-21,False,Sin observaciones
DOC-001588,SIN-00448,Informe perito,True,True,2025-06-08,False,Sin observaciones
DOC-001589,SIN-00448,Cedula asegurado,True,True,2025-06-07,False,Sin observaciones
DOC-001590,SIN-00448,Factura taller,True,True,2025-06-04,False,Sin observaciones
DOC-001591,SIN-00448,Foto evidencia,True,True,2025-06-07,False,Sin observaciones
DOC-001592,SIN-00448,Denuncia policial,True,True,2025-06-08,False,Sin observaciones
DOC-001593,SIN-00449,Informe perito,False,True,2026-02-02,False,Sin observaciones
DOC-001594,SIN-00449,Cedula asegurado,False,False,2026-02-03,True,Fecha previa al evento detectada
DOC-001595,SIN-00450,Denuncia policial,False,False,2026-04-15,True,Fecha previa al evento detectada
DOC-001596,SIN-00450,Cedula asegurado,False,False,2026-04-15,True,Fecha previa al evento detectada
DOC-001597,SIN-00450,Foto evidencia,False,True,2026-04-16,False,Sin observaciones
DOC-001598,SIN-00450,Factura taller,False,False,2026-04-16,True,Fecha previa al evento detectada
DOC-001599,SIN-00451,Factura taller,True,True,2025-06-29,False,Sin observaciones
DOC-001600,SIN-00451,Cedula asegurado,True,True,2025-06-29,False,Sin observaciones
DOC-001601,SIN-00452,Denuncia policial,True,True,2025-06-09,False,Sin observaciones
DOC-001602,SIN-00452,Foto evidencia,True,True,2025-06-12,False,Sin observaciones
DOC-001603,SIN-00453,Denuncia policial,True,True,2025-08-01,False,Sin observaciones
DOC-001604,SIN-00453,Informe perito,True,True,2025-07-31,False,Sin observaciones
DOC-001605,SIN-00453,Factura taller,True,True,2025-08-05,False,Sin observaciones
DOC-001606,SIN-00453,Cedula asegurado,True,True,2025-08-02,False,Sin observaciones
DOC-001607,SIN-00453,Foto evidencia,True,True,2025-08-02,False,Sin observaciones
DOC-001608,SIN-00454,Informe perito,True,True,2026-05-21,False,Sin observaciones
DOC-001609,SIN-00454,Denuncia policial,True,True,2026-05-19,False,Sin observaciones
DOC-001610,SIN-00454,Cedula asegurado,True,True,2026-05-21,False,Sin observaciones
DOC-001611,SIN-00454,Foto evidencia,True,True,2026-05-19,False,Sin observaciones
DOC-001612,SIN-00454,Factura taller,True,True,2026-05-22,False,Sin observaciones
DOC-001613,SIN-00455,Denuncia policial,True,True,2025-10-27,False,Sin observaciones
DOC-001614,SIN-00455,Factura taller,True,True,2025-10-24,False,Sin observaciones
DOC-001615,SIN-00455,Foto evidencia,True,True,2025-10-23,False,Sin observaciones
DOC-001616,SIN-00455,Informe perito,True,True,2025-10-27,False,Sin observaciones
DOC-001617,SIN-00456,Factura taller,False,False,2024-11-08,True,Fecha previa al evento detectada
DOC-001618,SIN-00456,Foto evidencia,False,False,2024-11-06,True,Fecha previa al evento detectada
DOC-001619,SIN-00456,Denuncia policial,False,True,2024-11-05,False,Sin observaciones
DOC-001620,SIN-00456,Informe perito,False,False,2024-11-09,True,Fecha previa al evento detectada
DOC-001621,SIN-00456,Cedula asegurado,False,True,2024-11-10,False,Sin observaciones
DOC-001622,SIN-00457,Foto evidencia,True,True,2024-12-31,False,Sin observaciones
DOC-001623,SIN-00457,Informe perito,True,True,2024-12-29,False,Sin observaciones
DOC-001624,SIN-00458,Foto evidencia,True,True,2026-03-15,False,Sin observaciones
DOC-001625,SIN-00458,Informe perito,True,True,2026-03-14,False,Sin observaciones
DOC-001626,SIN-00458,Denuncia policial,True,True,2026-03-14,False,Sin observaciones
DOC-001627,SIN-00459,Denuncia policial,True,True,2025-09-05,False,Sin observaciones
DOC-001628,SIN-00459,Cedula asegurado,True,True,2025-09-06,False,Sin observaciones
DOC-001629,SIN-00459,Factura taller,True,True,2025-09-02,False,Sin observaciones
DOC-001630,SIN-00460,Cedula asegurado,True,True,2025-09-04,False,Sin observaciones
DOC-001631,SIN-00460,Factura taller,True,True,2025-09-04,False,Sin observaciones
DOC-001632,SIN-00461,Informe perito,False,False,2025-10-12,True,Fecha previa al evento detectada
DOC-001633,SIN-00461,Foto evidencia,False,True,2025-10-11,False,Sin observaciones
DOC-001634,SIN-00461,Denuncia policial,False,False,2025-10-12,True,Fecha previa al evento detectada
DOC-001635,SIN-00462,Denuncia policial,True,True,2026-06-28,False,Sin observaciones
DOC-001636,SIN-00462,Informe perito,True,True,2026-06-28,False,Sin observaciones
DOC-001637,SIN-00463,Cedula asegurado,True,True,2026-09-15,False,Sin observaciones
DOC-001638,SIN-00463,Informe perito,True,True,2026-09-13,False,Sin observaciones
DOC-001639,SIN-00463,Denuncia policial,True,True,2026-09-12,False,Sin observaciones
DOC-001640,SIN-00463,Factura taller,True,True,2026-09-15,False,Sin observaciones
DOC-001641,SIN-00464,Cedula asegurado,True,True,2027-04-03,False,Sin observaciones
DOC-001642,SIN-00464,Denuncia policial,True,True,2027-04-01,False,Sin observaciones
DOC-001643,SIN-00464,Factura taller,True,True,2027-04-02,False,Sin observaciones
DOC-001644,SIN-00464,Foto evidencia,True,True,2027-04-02,False,Sin observaciones
DOC-001645,SIN-00464,Informe perito,True,True,2027-03-29,False,Sin observaciones
DOC-001646,SIN-00465,Foto evidencia,True,True,2026-03-31,False,Sin observaciones
DOC-001647,SIN-00465,Denuncia policial,True,True,2026-04-02,False,Sin observaciones
DOC-001648,SIN-00465,Informe perito,True,True,2026-03-31,False,Sin observaciones
DOC-001649,SIN-00466,Cedula asegurado,True,True,2025-10-09,False,Sin observaciones
DOC-001650,SIN-00466,Informe perito,True,True,2025-10-11,False,Sin observaciones
DOC-001651,SIN-00466,Factura taller,True,True,2025-10-12,False,Sin observaciones
DOC-001652,SIN-00466,Denuncia policial,True,True,2025-10-09,False,Sin observaciones
DOC-001653,SIN-00466,Foto evidencia,True,True,2025-10-10,False,Sin observaciones
DOC-001654,SIN-00467,Denuncia policial,True,True,2026-02-27,False,Sin observaciones
DOC-001655,SIN-00467,Factura taller,True,True,2026-03-04,False,Sin observaciones
DOC-001656,SIN-00467,Cedula asegurado,True,True,2026-02-27,False,Sin observaciones
DOC-001657,SIN-00468,Informe perito,False,False,2026-01-15,True,Fecha previa al evento detectada
DOC-001658,SIN-00468,Factura taller,False,True,2026-01-16,False,Sin observaciones
DOC-001659,SIN-00469,Foto evidencia,True,True,2027-02-05,False,Sin observaciones
DOC-001660,SIN-00469,Informe perito,True,True,2027-02-02,False,Sin observaciones
DOC-001661,SIN-00469,Factura taller,True,True,2027-02-02,False,Sin observaciones
DOC-001662,SIN-00469,Denuncia policial,True,True,2027-02-04,False,Sin observaciones
DOC-001663,SIN-00469,Cedula asegurado,True,True,2027-02-05,False,Sin observaciones
DOC-001664,SIN-00470,Cedula asegurado,True,True,2025-06-07,False,Sin observaciones
DOC-001665,SIN-00470,Foto evidencia,True,True,2025-06-07,False,Sin observaciones
DOC-001666,SIN-00471,Factura taller,False,True,2024-12-12,False,Sin observaciones
DOC-001667,SIN-00471,Cedula asegurado,False,True,2024-12-14,False,Sin observaciones
DOC-001668,SIN-00471,Denuncia policial,False,True,2024-12-11,False,Sin observaciones
DOC-001669,SIN-00471,Foto evidencia,False,True,2024-12-16,False,Sin observaciones
DOC-001670,SIN-00471,Informe perito,False,True,2024-12-14,False,Sin observaciones
DOC-001671,SIN-00472,Foto evidencia,True,True,2025-05-17,False,Sin observaciones
DOC-001672,SIN-00472,Denuncia policial,True,True,2025-05-15,False,Sin observaciones
DOC-001673,SIN-00472,Cedula asegurado,True,True,2025-05-12,False,Sin observaciones
DOC-001674,SIN-00473,Foto evidencia,True,True,2024-09-23,False,Sin observaciones
DOC-001675,SIN-00473,Informe perito,True,True,2024-09-23,False,Sin observaciones
DOC-001676,SIN-00473,Denuncia policial,True,True,2024-09-22,False,Sin observaciones
DOC-001677,SIN-00474,Cedula asegurado,False,True,2025-03-31,False,Sin observaciones
DOC-001678,SIN-00474,Factura taller,False,True,2025-03-29,False,Sin observaciones
DOC-001679,SIN-00475,Denuncia policial,True,True,2027-02-12,False,Sin observaciones
DOC-001680,SIN-00475,Cedula asegurado,True,True,2027-02-13,False,Sin observaciones
DOC-001681,SIN-00475,Factura taller,True,True,2027-02-16,False,Sin observaciones
DOC-001682,SIN-00475,Foto evidencia,True,True,2027-02-14,False,Sin observaciones
DOC-001683,SIN-00476,Denuncia policial,False,True,2024-09-20,False,Sin observaciones
DOC-001684,SIN-00476,Foto evidencia,False,False,2024-09-18,True,Fecha previa al evento detectada
DOC-001685,SIN-00476,Cedula asegurado,False,False,2024-09-18,True,Fecha previa al evento detectada
DOC-001686,SIN-00477,Informe perito,True,True,2027-01-18,False,Sin observaciones
DOC-001687,SIN-00477,Factura taller,True,True,2027-01-18,False,Sin observaciones
DOC-001688,SIN-00478,Denuncia policial,True,True,2025-06-01,False,Sin observaciones
DOC-001689,SIN-00478,Factura taller,True,True,2025-05-29,False,Sin observaciones
DOC-001690,SIN-00479,Factura taller,True,True,2025-10-05,False,Sin observaciones
DOC-001691,SIN-00479,Cedula asegurado,True,True,2025-10-04,False,Sin observaciones
DOC-001692,SIN-00480,Foto evidencia,True,True,2026-08-12,False,Sin observaciones
DOC-001693,SIN-00480,Cedula asegurado,True,True,2026-08-13,False,Sin observaciones
DOC-001694,SIN-00480,Denuncia policial,True,True,2026-08-14,False,Sin observaciones
DOC-001695,SIN-00481,Factura taller,True,True,2026-03-04,False,Sin observaciones
DOC-001696,SIN-00481,Denuncia policial,True,True,2026-02-28,False,Sin observaciones
DOC-001697,SIN-00482,Factura taller,True,True,2026-10-24,False,Sin observaciones
DOC-001698,SIN-00482,Denuncia policial,True,True,2026-10-22,False,Sin observaciones
DOC-001699,SIN-00483,Cedula asegurado,True,True,2025-12-17,False,Sin observaciones
DOC-001700,SIN-00483,Foto evidencia,True,True,2025-12-15,False,Sin observaciones
DOC-001701,SIN-00483,Denuncia policial,True,True,2025-12-15,False,Sin observaciones
DOC-001702,SIN-00484,Denuncia policial,True,True,2025-06-29,False,Sin observaciones
DOC-001703,SIN-00484,Informe perito,True,True,2025-06-25,False,Sin observaciones
DOC-001704,SIN-00485,Factura taller,False,False,2025-04-02,True,Fecha previa al evento detectada
DOC-001705,SIN-00485,Informe perito,False,False,2025-04-03,True,Fecha previa al evento detectada
DOC-001706,SIN-00486,Cedula asegurado,False,True,2026-03-07,False,Sin observaciones
DOC-001707,SIN-00486,Denuncia policial,False,True,2026-03-10,False,Sin observaciones
DOC-001708,SIN-00486,Factura taller,False,True,2026-03-06,False,Sin observaciones
DOC-001709,SIN-00486,Informe perito,False,True,2026-03-07,False,Sin observaciones
DOC-001710,SIN-00487,Cedula asegurado,False,False,2024-10-15,True,Fecha previa al evento detectada
DOC-001711,SIN-00487,Factura taller,False,False,2024-10-14,True,Fecha previa al evento detectada
DOC-001712,SIN-00487,Foto evidencia,False,False,2024-10-14,True,Fecha previa al evento detectada
DOC-001713,SIN-00487,Informe perito,False,False,2024-10-16,True,Fecha previa al evento detectada
DOC-001714,SIN-00488,Cedula asegurado,True,True,2024-12-09,False,Sin observaciones
DOC-001715,SIN-00488,Foto evidencia,True,True,2024-12-08,False,Sin observaciones
DOC-001716,SIN-00488,Informe perito,True,True,2024-12-09,False,Sin observaciones
DOC-001717,SIN-00488,Factura taller,True,True,2024-12-12,False,Sin observaciones
DOC-001718,SIN-00488,Denuncia policial,True,True,2024-12-12,False,Sin observaciones
DOC-001719,SIN-00489,Foto evidencia,True,True,2025-02-09,False,Sin observaciones
DOC-001720,SIN-00489,Factura taller,True,True,2025-02-13,False,Sin observaciones
DOC-001721,SIN-00489,Informe perito,True,True,2025-02-10,False,Sin observaciones
DOC-001722,SIN-00489,Denuncia policial,True,True,2025-02-09,False,Sin observaciones
DOC-001723,SIN-00489,Cedula asegurado,True,True,2025-02-14,False,Sin observaciones
DOC-001724,SIN-00490,Informe perito,False,True,2025-06-21,False,Sin observaciones
DOC-001725,SIN-00490,Foto evidencia,False,True,2025-06-19,False,Sin observaciones
DOC-001726,SIN-00490,Denuncia policial,False,True,2025-06-19,False,Sin observaciones
DOC-001727,SIN-00491,Foto evidencia,True,True,2026-09-16,False,Sin observaciones
DOC-001728,SIN-00491,Factura taller,True,True,2026-09-19,False,Sin observaciones
DOC-001729,SIN-00491,Informe perito,True,True,2026-09-19,False,Sin observaciones
DOC-001730,SIN-00492,Factura taller,False,True,2024-06-22,False,Sin observaciones
DOC-001731,SIN-00492,Denuncia policial,False,True,2024-06-23,False,Sin observaciones
DOC-001732,SIN-00493,Informe perito,True,True,2026-07-09,False,Sin observaciones
DOC-001733,SIN-00493,Denuncia policial,True,True,2026-07-10,False,Sin observaciones
DOC-001734,SIN-00494,Cedula asegurado,False,True,2025-01-16,False,Sin observaciones
DOC-001735,SIN-00494,Foto evidencia,False,True,2025-01-17,False,Sin observaciones
DOC-001736,SIN-00495,Foto evidencia,True,True,2027-03-18,False,Sin observaciones
DOC-001737,SIN-00495,Denuncia policial,True,True,2027-03-23,False,Sin observaciones
DOC-001738,SIN-00496,Factura taller,True,True,2026-11-21,False,Sin observaciones
DOC-001739,SIN-00496,Cedula asegurado,True,True,2026-11-21,False,Sin observaciones
DOC-001740,SIN-00497,Informe perito,True,True,2026-04-30,False,Sin observaciones
DOC-001741,SIN-00497,Denuncia policial,True,True,2026-04-26,False,Sin observaciones
DOC-001742,SIN-00497,Cedula asegurado,True,True,2026-04-25,False,Sin observaciones
DOC-001743,SIN-00497,Factura taller,True,True,2026-04-29,False,Sin observaciones
DOC-001744,SIN-00498,Denuncia policial,True,True,2026-04-22,False,Sin observaciones
DOC-001745,SIN-00498,Informe perito,True,True,2026-04-21,False,Sin observaciones
DOC-001746,SIN-00498,Cedula asegurado,True,True,2026-04-22,False,Sin observaciones
DOC-001747,SIN-00498,Foto evidencia,True,True,2026-04-23,False,Sin observaciones
DOC-001748,SIN-00499,Informe perito,True,True,2025-10-19,False,Sin observaciones
DOC-001749,SIN-00499,Cedula asegurado,True,True,2025-10-17,False,Sin observaciones
DOC-001750,SIN-00499,Factura taller,True,True,2025-10-19,False,Sin observaciones
DOC-001751,SIN-00499,Foto evidencia,True,True,2025-10-14,False,Sin observaciones
DOC-001752,SIN-00499,Denuncia policial,True,True,2025-10-14,False,Sin observaciones
DOC-001753,SIN-00500,Cedula asegurado,True,True,2025-01-23,False,Sin observaciones
DOC-001754,SIN-00500,Denuncia policial,True,True,2025-01-18,False,Sin observaciones
DOC-001755,SIN-00501,Foto evidencia,True,True,2025-11-01,False,Sin observaciones
DOC-001756,SIN-00501,Factura taller,True,True,2025-11-03,False,Sin observaciones
DOC-001757,SIN-00502,Foto evidencia,True,True,2026-03-04,False,Sin observaciones
DOC-001758,SIN-00502,Denuncia policial,True,True,2026-03-06,False,Sin observaciones
DOC-001759,SIN-00502,Factura taller,True,True,2026-03-06,False,Sin observaciones
DOC-001760,SIN-00503,Factura taller,True,True,2026-03-11,False,Sin observaciones
DOC-001761,SIN-00503,Informe perito,True,True,2026-03-12,False,Sin observaciones
DOC-001762,SIN-00503,Cedula asegurado,True,True,2026-03-11,False,Sin observaciones
DOC-001763,SIN-00503,Denuncia policial,True,True,2026-03-12,False,Sin observaciones
DOC-001764,SIN-00503,Foto evidencia,True,True,2026-03-15,False,Sin observaciones
DOC-001765,SIN-00504,Cedula asegurado,True,True,2024-12-04,False,Sin observaciones
DOC-001766,SIN-00504,Denuncia policial,True,True,2024-12-07,False,Sin observaciones
DOC-001767,SIN-00504,Factura taller,True,True,2024-12-08,False,Sin observaciones
DOC-001768,SIN-00504,Informe perito,True,True,2024-12-03,False,Sin observaciones
DOC-001769,SIN-00505,Denuncia policial,True,True,2026-04-17,False,Sin observaciones
DOC-001770,SIN-00505,Informe perito,True,True,2026-04-18,False,Sin observaciones
DOC-001771,SIN-00505,Cedula asegurado,True,True,2026-04-21,False,Sin observaciones
DOC-001772,SIN-00505,Factura taller,True,True,2026-04-21,False,Sin observaciones
DOC-001773,SIN-00505,Foto evidencia,True,True,2026-04-20,False,Sin observaciones
DOC-001774,SIN-00506,Foto evidencia,True,True,2024-07-07,False,Sin observaciones
DOC-001775,SIN-00506,Cedula asegurado,True,True,2024-07-11,False,Sin observaciones
DOC-001776,SIN-00506,Informe perito,True,True,2024-07-08,False,Sin observaciones
DOC-001777,SIN-00507,Informe perito,True,True,2024-08-07,False,Sin observaciones
DOC-001778,SIN-00507,Cedula asegurado,True,True,2024-08-04,False,Sin observaciones
DOC-001779,SIN-00507,Foto evidencia,True,True,2024-08-07,False,Sin observaciones
DOC-001780,SIN-00508,Informe perito,True,True,2026-06-17,False,Sin observaciones
DOC-001781,SIN-00508,Denuncia policial,True,True,2026-06-19,False,Sin observaciones
DOC-001782,SIN-00508,Cedula asegurado,True,True,2026-06-17,False,Sin observaciones
DOC-001783,SIN-00508,Foto evidencia,True,True,2026-06-16,False,Sin observaciones
DOC-001784,SIN-00508,Factura taller,True,True,2026-06-20,False,Sin observaciones
DOC-001785,SIN-00509,Factura taller,False,True,2024-06-09,False,Sin observaciones
DOC-001786,SIN-00509,Cedula asegurado,False,False,2024-06-11,True,Fecha previa al evento detectada
DOC-001787,SIN-00510,Factura taller,True,True,2026-08-11,False,Sin observaciones
DOC-001788,SIN-00510,Denuncia policial,True,True,2026-08-14,False,Sin observaciones
DOC-001789,SIN-00510,Foto evidencia,True,True,2026-08-14,False,Sin observaciones
DOC-001790,SIN-00510,Cedula asegurado,True,True,2026-08-14,False,Sin observaciones
DOC-001791,SIN-00510,Informe perito,True,True,2026-08-11,False,Sin observaciones
DOC-001792,SIN-00511,Denuncia policial,False,True,2025-05-11,False,Sin observaciones
DOC-001793,SIN-00511,Informe perito,False,False,2025-05-10,True,Fecha previa al evento detectada
DOC-001794,SIN-00511,Foto evidencia,False,True,2025-05-08,False,Sin observaciones
DOC-001795,SIN-00511,Cedula asegurado,False,False,2025-05-09,True,Fecha previa al evento detectada
DOC-001796,SIN-00512,Foto evidencia,True,True,2026-03-06,False,Sin observaciones
DOC-001797,SIN-00512,Factura taller,True,True,2026-03-02,False,Sin observaciones
DOC-001798,SIN-00512,Denuncia policial,True,True,2026-03-04,False,Sin observaciones
DOC-001799,SIN-00512,Cedula asegurado,True,True,2026-03-04,False,Sin observaciones
DOC-001800,SIN-00513,Denuncia policial,False,True,2024-07-01,False,Sin observaciones
DOC-001801,SIN-00513,Foto evidencia,False,True,2024-06-30,False,Sin observaciones
DOC-001802,SIN-00513,Informe perito,False,True,2024-06-30,False,Sin observaciones
DOC-001803,SIN-00513,Factura taller,False,True,2024-06-30,False,Sin observaciones
DOC-001804,SIN-00514,Cedula asegurado,False,True,2025-05-26,False,Sin observaciones
DOC-001805,SIN-00514,Denuncia policial,False,True,2025-05-27,False,Sin observaciones
DOC-001806,SIN-00514,Factura taller,False,True,2025-05-27,False,Sin observaciones
DOC-001807,SIN-00514,Foto evidencia,False,False,2025-05-26,True,Fecha previa al evento detectada
DOC-001808,SIN-00514,Informe perito,False,True,2025-05-26,False,Sin observaciones
DOC-001809,SIN-00515,Informe perito,False,True,2025-12-14,False,Sin observaciones
DOC-001810,SIN-00515,Cedula asegurado,False,True,2025-12-13,False,Sin observaciones
DOC-001811,SIN-00515,Foto evidencia,False,False,2025-12-12,True,Fecha previa al evento detectada
DOC-001812,SIN-00515,Denuncia policial,False,False,2025-12-15,True,Fecha previa al evento detectada
DOC-001813,SIN-00516,Cedula asegurado,False,True,2025-02-02,False,Sin observaciones
DOC-001814,SIN-00516,Factura taller,False,True,2025-01-29,False,Sin observaciones
DOC-001815,SIN-00516,Denuncia policial,False,True,2025-02-03,False,Sin observaciones
DOC-001816,SIN-00516,Informe perito,False,True,2025-01-31,False,Sin observaciones
DOC-001817,SIN-00516,Foto evidencia,False,True,2025-01-30,False,Sin observaciones
DOC-001818,SIN-00517,Factura taller,False,True,2025-08-22,False,Sin observaciones
DOC-001819,SIN-00517,Foto evidencia,False,False,2025-08-21,True,Fecha previa al evento detectada
DOC-001820,SIN-00517,Denuncia policial,False,False,2025-08-21,True,Fecha previa al evento detectada
DOC-001821,SIN-00517,Informe perito,False,False,2025-08-20,True,Fecha previa al evento detectada
DOC-001822,SIN-00517,Cedula asegurado,False,True,2025-08-23,False,Sin observaciones
DOC-001823,SIN-00518,Denuncia policial,True,True,2027-02-17,False,Sin observaciones
DOC-001824,SIN-00518,Informe perito,True,True,2027-02-16,False,Sin observaciones
DOC-001825,SIN-00518,Cedula asegurado,True,True,2027-02-19,False,Sin observaciones
DOC-001826,SIN-00519,Foto evidencia,True,True,2025-01-23,False,Sin observaciones
DOC-001827,SIN-00519,Factura taller,True,True,2025-01-22,False,Sin observaciones
DOC-001828,SIN-00519,Informe perito,True,True,2025-01-26,False,Sin observaciones
DOC-001829,SIN-00519,Denuncia policial,True,True,2025-01-27,False,Sin observaciones
DOC-001830,SIN-00520,Factura taller,False,True,2025-08-27,False,Sin observaciones
DOC-001831,SIN-00520,Denuncia policial,False,True,2025-08-23,False,Sin observaciones
DOC-001832,SIN-00520,Cedula asegurado,False,True,2025-08-22,False,Sin observaciones
DOC-001833,SIN-00521,Denuncia policial,True,True,2025-08-10,False,Sin observaciones
DOC-001834,SIN-00521,Informe perito,True,True,2025-08-09,False,Sin observaciones
DOC-001835,SIN-00522,Cedula asegurado,True,True,2025-07-01,False,Sin observaciones
DOC-001836,SIN-00522,Factura taller,True,True,2025-07-02,False,Sin observaciones
DOC-001837,SIN-00522,Denuncia policial,True,True,2025-07-03,False,Sin observaciones
DOC-001838,SIN-00523,Cedula asegurado,True,True,2026-03-13,False,Sin observaciones
DOC-001839,SIN-00523,Foto evidencia,True,True,2026-03-11,False,Sin observaciones
DOC-001840,SIN-00523,Informe perito,True,True,2026-03-11,False,Sin observaciones
DOC-001841,SIN-00523,Denuncia policial,True,True,2026-03-14,False,Sin observaciones
DOC-001842,SIN-00523,Factura taller,True,True,2026-03-12,False,Sin observaciones
DOC-001843,SIN-00524,Foto evidencia,True,True,2025-06-07,False,Sin observaciones
DOC-001844,SIN-00524,Informe perito,True,True,2025-06-02,False,Sin observaciones
DOC-001845,SIN-00524,Cedula asegurado,True,True,2025-06-07,False,Sin observaciones
DOC-001846,SIN-00524,Factura taller,True,True,2025-06-06,False,Sin observaciones
DOC-001847,SIN-00524,Denuncia policial,True,True,2025-06-05,False,Sin observaciones
DOC-001848,SIN-00525,Factura taller,True,True,2025-07-01,False,Sin observaciones
DOC-001849,SIN-00525,Cedula asegurado,True,True,2025-07-02,False,Sin observaciones
DOC-001850,SIN-00525,Informe perito,True,True,2025-07-01,False,Sin observaciones
DOC-001851,SIN-00525,Denuncia policial,True,True,2025-07-02,False,Sin observaciones
DOC-001852,SIN-00526,Cedula asegurado,True,True,2025-06-17,False,Sin observaciones
DOC-001853,SIN-00526,Informe perito,True,True,2025-06-19,False,Sin observaciones
DOC-001854,SIN-00526,Foto evidencia,True,True,2025-06-18,False,Sin observaciones
DOC-001855,SIN-00527,Factura taller,True,True,2025-11-18,False,Sin observaciones
DOC-001856,SIN-00527,Denuncia policial,True,True,2025-11-17,False,Sin observaciones
DOC-001857,SIN-00528,Factura taller,False,True,2026-05-20,False,Sin observaciones
DOC-001858,SIN-00528,Denuncia policial,False,True,2026-05-21,False,Sin observaciones
DOC-001859,SIN-00528,Foto evidencia,False,True,2026-05-25,False,Sin observaciones
DOC-001860,SIN-00528,Cedula asegurado,False,True,2026-05-20,False,Sin observaciones
DOC-001861,SIN-00529,Informe perito,True,True,2024-11-25,False,Sin observaciones
DOC-001862,SIN-00529,Denuncia policial,True,True,2024-11-26,False,Sin observaciones
DOC-001863,SIN-00529,Foto evidencia,True,True,2024-11-24,False,Sin observaciones
DOC-001864,SIN-00530,Cedula asegurado,True,True,2025-09-17,False,Sin observaciones
DOC-001865,SIN-00530,Denuncia policial,True,True,2025-09-19,False,Sin observaciones
DOC-001866,SIN-00530,Foto evidencia,True,True,2025-09-19,False,Sin observaciones
DOC-001867,SIN-00530,Factura taller,True,True,2025-09-15,False,Sin observaciones
DOC-001868,SIN-00530,Informe perito,True,True,2025-09-17,False,Sin observaciones
DOC-001869,SIN-00531,Foto evidencia,False,True,2025-10-27,False,Sin observaciones
DOC-001870,SIN-00531,Denuncia policial,False,True,2025-10-28,False,Sin observaciones
DOC-001871,SIN-00531,Factura taller,False,True,2025-10-28,False,Sin observaciones
DOC-001872,SIN-00532,Foto evidencia,True,True,2025-05-19,False,Sin observaciones
DOC-001873,SIN-00532,Cedula asegurado,True,True,2025-05-17,False,Sin observaciones
DOC-001874,SIN-00532,Factura taller,True,True,2025-05-15,False,Sin observaciones
DOC-001875,SIN-00532,Informe perito,True,True,2025-05-18,False,Sin observaciones
DOC-001876,SIN-00532,Denuncia policial,True,True,2025-05-16,False,Sin observaciones
DOC-001877,SIN-00533,Foto evidencia,True,True,2026-04-17,False,Sin observaciones
DOC-001878,SIN-00533,Informe perito,True,True,2026-04-16,False,Sin observaciones
DOC-001879,SIN-00534,Denuncia policial,False,False,2025-06-25,True,Fecha previa al evento detectada
DOC-001880,SIN-00534,Factura taller,False,False,2025-06-20,True,Fecha previa al evento detectada
DOC-001881,SIN-00534,Cedula asegurado,False,True,2025-06-21,False,Sin observaciones
DOC-001882,SIN-00534,Foto evidencia,False,True,2025-06-20,False,Sin observaciones
DOC-001883,SIN-00535,Foto evidencia,False,True,2025-11-01,False,Sin observaciones
DOC-001884,SIN-00535,Informe perito,False,True,2025-11-06,False,Sin observaciones
DOC-001885,SIN-00535,Cedula asegurado,False,True,2025-11-05,False,Sin observaciones
DOC-001886,SIN-00535,Factura taller,False,True,2025-11-04,False,Sin observaciones
DOC-001887,SIN-00535,Denuncia policial,False,True,2025-11-02,False,Sin observaciones
DOC-001888,SIN-00536,Cedula asegurado,True,True,2024-08-27,False,Sin observaciones
DOC-001889,SIN-00536,Factura taller,True,True,2024-08-22,False,Sin observaciones
DOC-001890,SIN-00536,Informe perito,True,True,2024-08-25,False,Sin observaciones
DOC-001891,SIN-00537,Foto evidencia,False,True,2026-02-25,False,Sin observaciones
DOC-001892,SIN-00537,Cedula asegurado,False,True,2026-03-02,False,Sin observaciones
DOC-001893,SIN-00537,Informe perito,False,True,2026-02-25,False,Sin observaciones
DOC-001894,SIN-00538,Cedula asegurado,True,True,2025-01-23,False,Sin observaciones
DOC-001895,SIN-00538,Denuncia policial,True,True,2025-01-20,False,Sin observaciones
DOC-001896,SIN-00538,Factura taller,True,True,2025-01-24,False,Sin observaciones
DOC-001897,SIN-00539,Denuncia policial,False,True,2025-05-03,False,Sin observaciones
DOC-001898,SIN-00539,Foto evidencia,False,True,2025-05-03,False,Sin observaciones
DOC-001899,SIN-00539,Informe perito,False,True,2025-05-01,False,Sin observaciones
DOC-001900,SIN-00540,Cedula asegurado,True,True,2025-10-07,False,Sin observaciones
DOC-001901,SIN-00540,Denuncia policial,True,True,2025-10-04,False,Sin observaciones
DOC-001902,SIN-00540,Informe perito,True,True,2025-10-04,False,Sin observaciones
DOC-001903,SIN-00540,Factura taller,True,True,2025-10-07,False,Sin observaciones
DOC-001904,SIN-00541,Factura taller,True,True,2024-08-07,False,Sin observaciones
DOC-001905,SIN-00541,Cedula asegurado,True,True,2024-08-03,False,Sin observaciones
DOC-001906,SIN-00541,Foto evidencia,True,True,2024-08-05,False,Sin observaciones
DOC-001907,SIN-00541,Informe perito,True,True,2024-08-05,False,Sin observaciones
DOC-001908,SIN-00541,Denuncia policial,True,True,2024-08-05,False,Sin observaciones
DOC-001909,SIN-00542,Denuncia policial,True,True,2026-08-16,False,Sin observaciones
DOC-001910,SIN-00542,Informe perito,True,True,2026-08-17,False,Sin observaciones
DOC-001911,SIN-00542,Cedula asegurado,True,True,2026-08-18,False,Sin observaciones
DOC-001912,SIN-00543,Factura taller,True,True,2026-03-02,False,Sin observaciones
DOC-001913,SIN-00543,Denuncia policial,True,True,2026-03-01,False,Sin observaciones
DOC-001914,SIN-00543,Informe perito,True,True,2026-02-28,False,Sin observaciones
DOC-001915,SIN-00544,Informe perito,True,True,2026-07-17,False,Sin observaciones
DOC-001916,SIN-00544,Factura taller,True,True,2026-07-17,False,Sin observaciones
DOC-001917,SIN-00544,Cedula asegurado,True,True,2026-07-13,False,Sin observaciones
DOC-001918,SIN-00544,Foto evidencia,True,True,2026-07-14,False,Sin observaciones
DOC-001919,SIN-00544,Denuncia policial,True,True,2026-07-15,False,Sin observaciones
DOC-001920,SIN-00545,Denuncia policial,True,True,2025-08-21,False,Sin observaciones
DOC-001921,SIN-00545,Factura taller,True,True,2025-08-22,False,Sin observaciones
DOC-001922,SIN-00546,Foto evidencia,True,True,2025-02-06,False,Sin observaciones
DOC-001923,SIN-00546,Denuncia policial,True,True,2025-02-10,False,Sin observaciones
DOC-001924,SIN-00546,Cedula asegurado,True,True,2025-02-09,False,Sin observaciones
DOC-001925,SIN-00546,Factura taller,True,True,2025-02-07,False,Sin observaciones
DOC-001926,SIN-00546,Informe perito,True,True,2025-02-10,False,Sin observaciones
DOC-001927,SIN-00547,Denuncia policial,False,False,2025-09-30,True,Fecha previa al evento detectada
DOC-001928,SIN-00547,Foto evidencia,False,True,2025-10-01,False,Sin observaciones
DOC-001929,SIN-00548,Informe perito,True,True,2025-11-29,False,Sin observaciones
DOC-001930,SIN-00548,Factura taller,True,True,2025-11-29,False,Sin observaciones
DOC-001931,SIN-00549,Informe perito,True,True,2026-02-11,False,Sin observaciones
DOC-001932,SIN-00549,Denuncia policial,True,True,2026-02-10,False,Sin observaciones
DOC-001933,SIN-00550,Informe perito,True,True,2026-01-18,False,Sin observaciones
DOC-001934,SIN-00550,Foto evidencia,True,True,2026-01-14,False,Sin observaciones
DOC-001935,SIN-00550,Denuncia policial,True,True,2026-01-14,False,Sin observaciones
DOC-001936,SIN-00550,Cedula asegurado,True,True,2026-01-15,False,Sin observaciones
DOC-001937,SIN-00551,Informe perito,True,True,2026-01-15,False,Sin observaciones
DOC-001938,SIN-00551,Cedula asegurado,True,True,2026-01-16,False,Sin observaciones
DOC-001939,SIN-00551,Foto evidencia,True,True,2026-01-16,False,Sin observaciones
DOC-001940,SIN-00551,Factura taller,True,True,2026-01-17,False,Sin observaciones
DOC-001941,SIN-00551,Denuncia policial,True,True,2026-01-15,False,Sin observaciones
DOC-001942,SIN-00552,Factura taller,False,False,2025-10-06,True,Fecha previa al evento detectada
DOC-001943,SIN-00552,Denuncia policial,False,True,2025-10-08,False,Sin observaciones
DOC-001944,SIN-00553,Informe perito,True,True,2025-04-13,False,Sin observaciones
DOC-001945,SIN-00553,Denuncia policial,True,True,2025-04-13,False,Sin observaciones
DOC-001946,SIN-00553,Foto evidencia,True,True,2025-04-13,False,Sin observaciones
DOC-001947,SIN-00554,Foto evidencia,True,True,2025-10-13,False,Sin observaciones
DOC-001948,SIN-00554,Factura taller,True,True,2025-10-16,False,Sin observaciones
DOC-001949,SIN-00554,Denuncia policial,True,True,2025-10-15,False,Sin observaciones
DOC-001950,SIN-00554,Cedula asegurado,True,True,2025-10-14,False,Sin observaciones
DOC-001951,SIN-00555,Denuncia policial,False,False,2026-02-17,True,Fecha previa al evento detectada
DOC-001952,SIN-00555,Foto evidencia,False,False,2026-02-14,True,Fecha previa al evento detectada
DOC-001953,SIN-00555,Factura taller,False,False,2026-02-13,True,Fecha previa al evento detectada
DOC-001954,SIN-00556,Denuncia policial,True,True,2026-05-29,False,Sin observaciones
DOC-001955,SIN-00556,Factura taller,True,True,2026-06-01,False,Sin observaciones
DOC-001956,SIN-00556,Informe perito,True,True,2026-05-31,False,Sin observaciones
DOC-001957,SIN-00556,Cedula asegurado,True,True,2026-06-01,False,Sin observaciones
DOC-001958,SIN-00556,Foto evidencia,True,True,2026-05-29,False,Sin observaciones
DOC-001959,SIN-00557,Factura taller,False,False,2025-07-23,True,Fecha previa al evento detectada
DOC-001960,SIN-00557,Denuncia policial,False,False,2025-07-22,True,Fecha previa al evento detectada
DOC-001961,SIN-00558,Cedula asegurado,True,True,2026-12-23,False,Sin observaciones
DOC-001962,SIN-00558,Foto evidencia,True,True,2026-12-24,False,Sin observaciones
DOC-001963,SIN-00558,Denuncia policial,True,True,2026-12-23,False,Sin observaciones
DOC-001964,SIN-00559,Denuncia policial,True,True,2025-11-26,False,Sin observaciones
DOC-001965,SIN-00559,Informe perito,True,True,2025-11-26,False,Sin observaciones
DOC-001966,SIN-00560,Denuncia policial,True,True,2026-04-04,False,Sin observaciones
DOC-001967,SIN-00560,Informe perito,True,True,2026-04-07,False,Sin observaciones
DOC-001968,SIN-00561,Informe perito,True,True,2024-07-21,False,Sin observaciones
DOC-001969,SIN-00561,Denuncia policial,True,True,2024-07-23,False,Sin observaciones
DOC-001970,SIN-00562,Cedula asegurado,True,True,2025-09-09,False,Sin observaciones
DOC-001971,SIN-00562,Informe perito,True,True,2025-09-08,False,Sin observaciones
DOC-001972,SIN-00562,Denuncia policial,True,True,2025-09-08,False,Sin observaciones
DOC-001973,SIN-00562,Factura taller,True,True,2025-09-06,False,Sin observaciones
DOC-001974,SIN-00562,Foto evidencia,True,True,2025-09-07,False,Sin observaciones
DOC-001975,SIN-00563,Cedula asegurado,True,True,2026-05-29,False,Sin observaciones
DOC-001976,SIN-00563,Denuncia policial,True,True,2026-05-29,False,Sin observaciones
DOC-001977,SIN-00563,Informe perito,True,True,2026-05-24,False,Sin observaciones
DOC-001978,SIN-00563,Factura taller,True,True,2026-05-27,False,Sin observaciones
DOC-001979,SIN-00564,Denuncia policial,True,True,2024-10-03,False,Sin observaciones
DOC-001980,SIN-00564,Foto evidencia,True,True,2024-10-02,False,Sin observaciones
DOC-001981,SIN-00565,Cedula asegurado,False,True,2026-04-26,False,Sin observaciones
DOC-001982,SIN-00565,Informe perito,False,False,2026-04-30,True,Fecha previa al evento detectada
DOC-001983,SIN-00566,Cedula asegurado,True,True,2025-08-06,False,Sin observaciones
DOC-001984,SIN-00566,Foto evidencia,True,True,2025-08-05,False,Sin observaciones
DOC-001985,SIN-00566,Informe perito,True,True,2025-08-08,False,Sin observaciones
DOC-001986,SIN-00567,Cedula asegurado,False,True,2024-10-22,False,Sin observaciones
DOC-001987,SIN-00567,Denuncia policial,False,False,2024-10-26,True,Fecha previa al evento detectada
DOC-001988,SIN-00567,Factura taller,False,False,2024-10-24,True,Fecha previa al evento detectada
DOC-001989,SIN-00567,Informe perito,False,True,2024-10-23,False,Sin observaciones
DOC-001990,SIN-00567,Foto evidencia,False,False,2024-10-26,True,Fecha previa al evento detectada
DOC-001991,SIN-00568,Denuncia policial,True,True,2025-01-11,False,Sin observaciones
DOC-001992,SIN-00568,Foto evidencia,True,True,2025-01-14,False,Sin observaciones
DOC-001993,SIN-00568,Cedula asegurado,True,True,2025-01-11,False,Sin observaciones
DOC-001994,SIN-00568,Factura taller,True,True,2025-01-10,False,Sin observaciones
DOC-001995,SIN-00569,Informe perito,True,True,2026-04-17,False,Sin observaciones
DOC-001996,SIN-00569,Denuncia policial,True,True,2026-04-15,False,Sin observaciones
DOC-001997,SIN-00569,Cedula asegurado,True,True,2026-04-15,False,Sin observaciones
DOC-001998,SIN-00570,Denuncia policial,False,True,2025-02-16,False,Sin observaciones
DOC-001999,SIN-00570,Foto evidencia,False,True,2025-02-14,False,Sin observaciones
DOC-002000,SIN-00570,Cedula asegurado,False,True,2025-02-17,False,Sin observaciones
DOC-002001,SIN-00570,Informe perito,False,True,2025-02-13,False,Sin observaciones
DOC-002002,SIN-00571,Cedula asegurado,True,True,2024-10-14,False,Sin observaciones
DOC-002003,SIN-00571,Denuncia policial,True,True,2024-10-13,False,Sin observaciones
DOC-002004,SIN-00571,Factura taller,True,True,2024-10-12,False,Sin observaciones
DOC-002005,SIN-00572,Factura taller,True,True,2025-04-26,False,Sin observaciones
DOC-002006,SIN-00572,Denuncia policial,True,True,2025-04-25,False,Sin observaciones
DOC-002007,SIN-00573,Informe perito,True,True,2026-01-19,False,Sin observaciones
DOC-002008,SIN-00573,Factura taller,True,True,2026-01-20,False,Sin observaciones
DOC-002009,SIN-00574,Informe perito,True,True,2026-02-25,False,Sin observaciones
DOC-002010,SIN-00574,Denuncia policial,True,True,2026-02-22,False,Sin observaciones
DOC-002011,SIN-00574,Cedula asegurado,True,True,2026-02-23,False,Sin observaciones
DOC-002012,SIN-00575,Cedula asegurado,True,True,2025-01-28,False,Sin observaciones
DOC-002013,SIN-00575,Factura taller,True,True,2025-01-31,False,Sin observaciones
DOC-002014,SIN-00576,Factura taller,True,True,2025-08-22,False,Sin observaciones
DOC-002015,SIN-00576,Informe perito,True,True,2025-08-25,False,Sin observaciones
DOC-002016,SIN-00577,Informe perito,True,True,2026-04-18,False,Sin observaciones
DOC-002017,SIN-00577,Foto evidencia,True,True,2026-04-18,False,Sin observaciones
DOC-002018,SIN-00577,Cedula asegurado,True,True,2026-04-16,False,Sin observaciones
DOC-002019,SIN-00577,Factura taller,True,True,2026-04-18,False,Sin observaciones
DOC-002020,SIN-00577,Denuncia policial,True,True,2026-04-18,False,Sin observaciones
DOC-002021,SIN-00578,Denuncia policial,False,False,2025-12-06,True,Fecha previa al evento detectada
DOC-002022,SIN-00578,Cedula asegurado,False,False,2025-12-07,True,Fecha previa al evento detectada
DOC-002023,SIN-00578,Factura taller,False,False,2025-12-07,True,Fecha previa al evento detectada
DOC-002024,SIN-00578,Foto evidencia,False,True,2025-12-10,False,Sin observaciones
DOC-002025,SIN-00579,Cedula asegurado,False,True,2026-04-17,False,Sin observaciones
DOC-002026,SIN-00579,Informe perito,False,True,2026-04-16,False,Sin observaciones
DOC-002027,SIN-00580,Factura taller,False,True,2025-01-19,False,Sin observaciones
DOC-002028,SIN-00580,Denuncia policial,False,True,2025-01-20,False,Sin observaciones
DOC-002029,SIN-00580,Cedula asegurado,False,True,2025-01-19,False,Sin observaciones
DOC-002030,SIN-00580,Informe perito,False,True,2025-01-19,False,Sin observaciones
DOC-002031,SIN-00581,Foto evidencia,True,True,2026-03-13,False,Sin observaciones
DOC-002032,SIN-00581,Factura taller,True,True,2026-03-10,False,Sin observaciones
DOC-002033,SIN-00581,Informe perito,True,True,2026-03-13,False,Sin observaciones
DOC-002034,SIN-00581,Denuncia policial,True,True,2026-03-15,False,Sin observaciones
DOC-002035,SIN-00581,Cedula asegurado,True,True,2026-03-15,False,Sin observaciones
DOC-002036,SIN-00582,Factura taller,True,True,2025-12-27,False,Sin observaciones
DOC-002037,SIN-00582,Foto evidencia,True,True,2025-12-27,False,Sin observaciones
DOC-002038,SIN-00582,Cedula asegurado,True,True,2025-12-29,False,Sin observaciones
DOC-002039,SIN-00582,Informe perito,True,True,2025-12-30,False,Sin observaciones
DOC-002040,SIN-00583,Cedula asegurado,True,True,2025-11-28,False,Sin observaciones
DOC-002041,SIN-00583,Informe perito,True,True,2025-11-28,False,Sin observaciones
DOC-002042,SIN-00583,Foto evidencia,True,True,2025-11-24,False,Sin observaciones
DOC-002043,SIN-00583,Factura taller,True,True,2025-11-28,False,Sin observaciones
DOC-002044,SIN-00584,Foto evidencia,True,True,2026-08-21,False,Sin observaciones
DOC-002045,SIN-00584,Denuncia policial,True,True,2026-08-17,False,Sin observaciones
DOC-002046,SIN-00584,Factura taller,True,True,2026-08-19,False,Sin observaciones
DOC-002047,SIN-00584,Informe perito,True,True,2026-08-20,False,Sin observaciones
DOC-002048,SIN-00585,Foto evidencia,False,False,2025-09-03,True,Fecha previa al evento detectada
DOC-002049,SIN-00585,Informe perito,False,True,2025-09-02,False,Sin observaciones
DOC-002050,SIN-00585,Cedula asegurado,False,False,2025-09-02,True,Fecha previa al evento detectada
DOC-002051,SIN-00586,Denuncia policial,True,True,2025-02-09,False,Sin observaciones
DOC-002052,SIN-00586,Foto evidencia,True,True,2025-02-09,False,Sin observaciones
DOC-002053,SIN-00587,Cedula asegurado,True,True,2027-04-04,False,Sin observaciones
DOC-002054,SIN-00587,Foto evidencia,True,True,2027-04-04,False,Sin observaciones
DOC-002055,SIN-00587,Informe perito,True,True,2027-04-04,False,Sin observaciones
DOC-002056,SIN-00587,Denuncia policial,True,True,2027-04-06,False,Sin observaciones
DOC-002057,SIN-00588,Foto evidencia,True,True,2025-12-13,False,Sin observaciones
DOC-002058,SIN-00588,Informe perito,True,True,2025-12-18,False,Sin observaciones
DOC-002059,SIN-00589,Informe perito,True,True,2024-07-15,False,Sin observaciones
DOC-002060,SIN-00589,Factura taller,True,True,2024-07-18,False,Sin observaciones
DOC-002061,SIN-00589,Foto evidencia,True,True,2024-07-17,False,Sin observaciones
DOC-002062,SIN-00590,Informe perito,False,True,2024-08-27,False,Sin observaciones
DOC-002063,SIN-00590,Factura taller,False,False,2024-08-26,True,Fecha previa al evento detectada
DOC-002064,SIN-00590,Foto evidencia,False,False,2024-08-25,True,Fecha previa al evento detectada
DOC-002065,SIN-00590,Cedula asegurado,False,False,2024-08-25,True,Fecha previa al evento detectada
DOC-002066,SIN-00590,Denuncia policial,False,True,2024-08-24,False,Sin observaciones
DOC-002067,SIN-00591,Cedula asegurado,True,True,2025-11-13,False,Sin observaciones
DOC-002068,SIN-00591,Denuncia policial,True,True,2025-11-14,False,Sin observaciones
DOC-002069,SIN-00591,Foto evidencia,True,True,2025-11-13,False,Sin observaciones
DOC-002070,SIN-00592,Informe perito,True,True,2024-10-19,False,Sin observaciones
DOC-002071,SIN-00592,Cedula asegurado,True,True,2024-10-18,False,Sin observaciones
DOC-002072,SIN-00593,Factura taller,False,False,2025-06-23,True,Fecha previa al evento detectada
DOC-002073,SIN-00593,Cedula asegurado,False,False,2025-06-23,True,Fecha previa al evento detectada
DOC-002074,SIN-00593,Informe perito,False,True,2025-06-26,False,Sin observaciones
DOC-002075,SIN-00594,Denuncia policial,False,False,2025-12-28,True,Fecha previa al evento detectada
DOC-002076,SIN-00594,Factura taller,False,False,2025-12-23,True,Fecha previa al evento detectada
DOC-002077,SIN-00595,Factura taller,True,True,2025-04-25,False,Sin observaciones
DOC-002078,SIN-00595,Informe perito,True,True,2025-04-27,False,Sin observaciones
DOC-002079,SIN-00595,Cedula asegurado,True,True,2025-04-22,False,Sin observaciones
DOC-002080,SIN-00595,Denuncia policial,True,True,2025-04-26,False,Sin observaciones
DOC-002081,SIN-00596,Informe perito,True,True,2026-04-02,False,Sin observaciones
DOC-002082,SIN-00596,Cedula asegurado,True,True,2026-04-04,False,Sin observaciones
DOC-002083,SIN-00596,Factura taller,True,True,2026-04-01,False,Sin observaciones
DOC-002084,SIN-00597,Foto evidencia,False,False,2025-12-22,True,Fecha previa al evento detectada
DOC-002085,SIN-00597,Denuncia policial,False,False,2025-12-25,True,Fecha previa al evento detectada
DOC-002086,SIN-00597,Factura taller,False,False,2025-12-27,True,Fecha previa al evento detectada
DOC-002087,SIN-00597,Cedula asegurado,False,True,2025-12-24,False,Sin observaciones
DOC-002088,SIN-00597,Informe perito,False,True,2025-12-25,False,Sin observaciones
DOC-002089,SIN-00598,Denuncia policial,True,True,2026-04-26,False,Sin observaciones
DOC-002090,SIN-00598,Cedula asegurado,True,True,2026-04-25,False,Sin observaciones
DOC-002091,SIN-00598,Factura taller,True,True,2026-04-28,False,Sin observaciones
DOC-002092,SIN-00598,Foto evidencia,True,True,2026-04-27,False,Sin observaciones
DOC-002093,SIN-00598,Informe perito,True,True,2026-04-25,False,Sin observaciones
DOC-002094,SIN-00599,Foto evidencia,True,True,2025-02-21,False,Sin observaciones
DOC-002095,SIN-00599,Cedula asegurado,True,True,2025-02-25,False,Sin observaciones
DOC-002096,SIN-00600,Factura taller,True,True,2025-07-02,False,Sin observaciones
DOC-002097,SIN-00600,Foto evidencia,True,True,2025-07-05,False,Sin observaciones
DOC-002098,SIN-00601,Foto evidencia,False,True,2024-08-15,False,Sin observaciones
DOC-002099,SIN-00601,Cedula asegurado,False,True,2024-08-16,False,Sin observaciones
DOC-002100,SIN-00602,Foto evidencia,True,True,2025-05-15,False,Sin observaciones
DOC-002101,SIN-00602,Informe perito,True,True,2025-05-15,False,Sin observaciones
DOC-002102,SIN-00602,Denuncia policial,True,True,2025-05-12,False,Sin observaciones
DOC-002103,SIN-00603,Informe perito,True,True,2027-03-21,False,Sin observaciones
DOC-002104,SIN-00603,Foto evidencia,True,True,2027-03-20,False,Sin observaciones
DOC-002105,SIN-00603,Denuncia policial,True,True,2027-03-23,False,Sin observaciones
DOC-002106,SIN-00603,Factura taller,True,True,2027-03-24,False,Sin observaciones
DOC-002107,SIN-00604,Informe perito,False,True,2026-02-06,False,Sin observaciones
DOC-002108,SIN-00604,Denuncia policial,False,True,2026-02-05,False,Sin observaciones
DOC-002109,SIN-00604,Factura taller,False,True,2026-02-04,False,Sin observaciones
DOC-002110,SIN-00604,Foto evidencia,False,False,2026-02-04,True,Fecha previa al evento detectada
DOC-002111,SIN-00604,Cedula asegurado,False,True,2026-02-03,False,Sin observaciones
DOC-002112,SIN-00605,Cedula asegurado,False,False,2025-02-16,True,Fecha previa al evento detectada
DOC-002113,SIN-00605,Informe perito,False,True,2025-02-13,False,Sin observaciones
DOC-002114,SIN-00605,Denuncia policial,False,True,2025-02-18,False,Sin observaciones
DOC-002115,SIN-00605,Factura taller,False,False,2025-02-14,True,Fecha previa al evento detectada
DOC-002116,SIN-00605,Foto evidencia,False,False,2025-02-18,True,Fecha previa al evento detectada
DOC-002117,SIN-00606,Denuncia policial,True,True,2026-05-15,False,Sin observaciones
DOC-002118,SIN-00606,Factura taller,True,True,2026-05-18,False,Sin observaciones
DOC-002119,SIN-00606,Cedula asegurado,True,True,2026-05-15,False,Sin observaciones
DOC-002120,SIN-00606,Informe perito,True,True,2026-05-14,False,Sin observaciones
DOC-002121,SIN-00606,Foto evidencia,True,True,2026-05-16,False,Sin observaciones
DOC-002122,SIN-00607,Cedula asegurado,True,True,2025-09-27,False,Sin observaciones
DOC-002123,SIN-00607,Foto evidencia,True,True,2025-09-27,False,Sin observaciones
DOC-002124,SIN-00607,Factura taller,True,True,2025-09-27,False,Sin observaciones
DOC-002125,SIN-00608,Factura taller,True,True,2025-07-21,False,Sin observaciones
DOC-002126,SIN-00608,Informe perito,True,True,2025-07-26,False,Sin observaciones
DOC-002127,SIN-00608,Foto evidencia,True,True,2025-07-26,False,Sin observaciones
DOC-002128,SIN-00608,Denuncia policial,True,True,2025-07-24,False,Sin observaciones
DOC-002129,SIN-00608,Cedula asegurado,True,True,2025-07-24,False,Sin observaciones
DOC-002130,SIN-00609,Informe perito,True,True,2024-09-16,False,Sin observaciones
DOC-002131,SIN-00609,Factura taller,True,True,2024-09-20,False,Sin observaciones
DOC-002132,SIN-00609,Foto evidencia,True,True,2024-09-17,False,Sin observaciones
DOC-002133,SIN-00609,Denuncia policial,True,True,2024-09-18,False,Sin observaciones
DOC-002134,SIN-00609,Cedula asegurado,True,True,2024-09-16,False,Sin observaciones
DOC-002135,SIN-00610,Factura taller,True,True,2027-01-24,False,Sin observaciones
DOC-002136,SIN-00610,Informe perito,True,True,2027-01-27,False,Sin observaciones
DOC-002137,SIN-00610,Denuncia policial,True,True,2027-01-26,False,Sin observaciones
DOC-002138,SIN-00610,Cedula asegurado,True,True,2027-01-28,False,Sin observaciones
DOC-002139,SIN-00611,Factura taller,True,True,2024-12-26,False,Sin observaciones
DOC-002140,SIN-00611,Cedula asegurado,True,True,2024-12-30,False,Sin observaciones
DOC-002141,SIN-00611,Informe perito,True,True,2024-12-26,False,Sin observaciones
DOC-002142,SIN-00611,Denuncia policial,True,True,2024-12-28,False,Sin observaciones
DOC-002143,SIN-00611,Foto evidencia,True,True,2024-12-28,False,Sin observaciones
DOC-002144,SIN-00612,Cedula asegurado,True,True,2026-02-02,False,Sin observaciones
DOC-002145,SIN-00612,Foto evidencia,True,True,2026-02-02,False,Sin observaciones
DOC-002146,SIN-00612,Denuncia policial,True,True,2026-01-30,False,Sin observaciones
DOC-002147,SIN-00612,Informe perito,True,True,2026-02-01,False,Sin observaciones
DOC-002148,SIN-00612,Factura taller,True,True,2026-01-30,False,Sin observaciones
DOC-002149,SIN-00613,Denuncia policial,True,True,2024-12-30,False,Sin observaciones
DOC-002150,SIN-00613,Cedula asegurado,True,True,2024-12-30,False,Sin observaciones
DOC-002151,SIN-00613,Informe perito,True,True,2024-12-28,False,Sin observaciones
DOC-002152,SIN-00614,Cedula asegurado,True,True,2025-11-01,False,Sin observaciones
DOC-002153,SIN-00614,Informe perito,True,True,2025-10-29,False,Sin observaciones
DOC-002154,SIN-00614,Factura taller,True,True,2025-10-30,False,Sin observaciones
DOC-002155,SIN-00614,Foto evidencia,True,True,2025-11-01,False,Sin observaciones
DOC-002156,SIN-00615,Factura taller,True,True,2027-03-17,False,Sin observaciones
DOC-002157,SIN-00615,Denuncia policial,True,True,2027-03-17,False,Sin observaciones
DOC-002158,SIN-00616,Factura taller,True,True,2026-07-11,False,Sin observaciones
DOC-002159,SIN-00616,Denuncia policial,True,True,2026-07-07,False,Sin observaciones
DOC-002160,SIN-00616,Foto evidencia,True,True,2026-07-07,False,Sin observaciones
DOC-002161,SIN-00616,Cedula asegurado,True,True,2026-07-06,False,Sin observaciones
DOC-002162,SIN-00617,Informe perito,False,False,2026-02-28,True,Fecha previa al evento detectada
DOC-002163,SIN-00617,Cedula asegurado,False,False,2026-03-03,True,Fecha previa al evento detectada
DOC-002164,SIN-00617,Denuncia policial,False,False,2026-02-28,True,Fecha previa al evento detectada
DOC-002165,SIN-00618,Denuncia policial,True,True,2024-11-23,False,Sin observaciones
DOC-002166,SIN-00618,Factura taller,True,True,2024-11-23,False,Sin observaciones
DOC-002167,SIN-00618,Foto evidencia,True,True,2024-11-27,False,Sin observaciones
DOC-002168,SIN-00618,Informe perito,True,True,2024-11-23,False,Sin observaciones
DOC-002169,SIN-00619,Informe perito,True,True,2026-03-25,False,Sin observaciones
DOC-002170,SIN-00619,Cedula asegurado,True,True,2026-03-25,False,Sin observaciones
DOC-002171,SIN-00619,Denuncia policial,True,True,2026-03-21,False,Sin observaciones
DOC-002172,SIN-00620,Cedula asegurado,False,False,2026-03-08,True,Fecha previa al evento detectada
DOC-002173,SIN-00620,Denuncia policial,False,True,2026-03-11,False,Sin observaciones
DOC-002174,SIN-00620,Informe perito,False,False,2026-03-11,True,Fecha previa al evento detectada
DOC-002175,SIN-00621,Factura taller,True,True,2026-09-22,False,Sin observaciones
DOC-002176,SIN-00621,Denuncia policial,True,True,2026-09-24,False,Sin observaciones
DOC-002177,SIN-00621,Informe perito,True,True,2026-09-25,False,Sin observaciones
DOC-002178,SIN-00621,Cedula asegurado,True,True,2026-09-26,False,Sin observaciones
DOC-002179,SIN-00622,Cedula asegurado,False,False,2025-05-10,True,Fecha previa al evento detectada
DOC-002180,SIN-00622,Foto evidencia,False,True,2025-05-11,False,Sin observaciones
DOC-002181,SIN-00622,Factura taller,False,False,2025-05-11,True,Fecha previa al evento detectada
DOC-002182,SIN-00622,Denuncia policial,False,False,2025-05-13,True,Fecha previa al evento detectada
DOC-002183,SIN-00623,Denuncia policial,True,True,2026-08-04,False,Sin observaciones
DOC-002184,SIN-00623,Foto evidencia,True,True,2026-08-02,False,Sin observaciones
DOC-002185,SIN-00623,Cedula asegurado,True,True,2026-08-03,False,Sin observaciones
DOC-002186,SIN-00624,Denuncia policial,True,True,2026-01-31,False,Sin observaciones
DOC-002187,SIN-00624,Informe perito,True,True,2026-01-31,False,Sin observaciones
DOC-002188,SIN-00624,Foto evidencia,True,True,2026-01-27,False,Sin observaciones
DOC-002189,SIN-00624,Cedula asegurado,True,True,2026-01-28,False,Sin observaciones
DOC-002190,SIN-00624,Factura taller,True,True,2026-01-30,False,Sin observaciones
DOC-002191,SIN-00625,Denuncia policial,False,True,2024-06-22,False,Sin observaciones
DOC-002192,SIN-00625,Informe perito,False,True,2024-06-20,False,Sin observaciones
DOC-002193,SIN-00626,Denuncia policial,False,False,2024-09-13,True,Fecha previa al evento detectada
DOC-002194,SIN-00626,Cedula asegurado,False,False,2024-09-16,True,Fecha previa al evento detectada
DOC-002195,SIN-00626,Informe perito,False,False,2024-09-15,True,Fecha previa al evento detectada
DOC-002196,SIN-00626,Foto evidencia,False,True,2024-09-12,False,Sin observaciones
DOC-002197,SIN-00627,Denuncia policial,False,True,2026-02-23,False,Sin observaciones
DOC-002198,SIN-00627,Foto evidencia,False,False,2026-02-20,True,Fecha previa al evento detectada
DOC-002199,SIN-00628,Factura taller,True,True,2026-01-21,False,Sin observaciones
DOC-002200,SIN-00628,Foto evidencia,True,True,2026-01-22,False,Sin observaciones
DOC-002201,SIN-00628,Cedula asegurado,True,True,2026-01-18,False,Sin observaciones
DOC-002202,SIN-00629,Cedula asegurado,False,True,2024-06-27,False,Sin observaciones
DOC-002203,SIN-00629,Factura taller,False,True,2024-06-28,False,Sin observaciones
DOC-002204,SIN-00629,Foto evidencia,False,True,2024-06-27,False,Sin observaciones
DOC-002205,SIN-00629,Informe perito,False,True,2024-06-26,False,Sin observaciones
DOC-002206,SIN-00630,Factura taller,False,False,2025-07-27,True,Fecha previa al evento detectada
DOC-002207,SIN-00630,Cedula asegurado,False,False,2025-07-22,True,Fecha previa al evento detectada
DOC-002208,SIN-00631,Informe perito,False,False,2024-09-18,True,Fecha previa al evento detectada
DOC-002209,SIN-00631,Foto evidencia,False,True,2024-09-17,False,Sin observaciones
DOC-002210,SIN-00632,Denuncia policial,True,True,2026-02-02,False,Sin observaciones
DOC-002211,SIN-00632,Informe perito,True,True,2026-02-02,False,Sin observaciones
DOC-002212,SIN-00632,Foto evidencia,True,True,2026-01-30,False,Sin observaciones
DOC-002213,SIN-00632,Factura taller,True,True,2026-02-04,False,Sin observaciones
DOC-002214,SIN-00633,Factura taller,True,True,2025-05-19,False,Sin observaciones
DOC-002215,SIN-00633,Cedula asegurado,True,True,2025-05-22,False,Sin observaciones
DOC-002216,SIN-00633,Denuncia policial,True,True,2025-05-22,False,Sin observaciones
DOC-002217,SIN-00633,Foto evidencia,True,True,2025-05-20,False,Sin observaciones
DOC-002218,SIN-00633,Informe perito,True,True,2025-05-21,False,Sin observaciones
DOC-002219,SIN-00634,Cedula asegurado,True,True,2026-09-27,False,Sin observaciones
DOC-002220,SIN-00634,Foto evidencia,True,True,2026-09-26,False,Sin observaciones
DOC-002221,SIN-00635,Factura taller,False,True,2025-12-30,False,Sin observaciones
DOC-002222,SIN-00635,Informe perito,False,True,2025-12-26,False,Sin observaciones
DOC-002223,SIN-00635,Cedula asegurado,False,False,2025-12-27,True,Fecha previa al evento detectada
DOC-002224,SIN-00636,Foto evidencia,True,True,2025-08-28,False,Sin observaciones
DOC-002225,SIN-00636,Cedula asegurado,True,True,2025-08-29,False,Sin observaciones
DOC-002226,SIN-00636,Informe perito,True,True,2025-08-28,False,Sin observaciones
DOC-002227,SIN-00636,Factura taller,True,True,2025-08-28,False,Sin observaciones
DOC-002228,SIN-00637,Denuncia policial,True,True,2026-07-04,False,Sin observaciones
DOC-002229,SIN-00637,Foto evidencia,True,True,2026-07-03,False,Sin observaciones
DOC-002230,SIN-00637,Cedula asegurado,True,True,2026-07-02,False,Sin observaciones
DOC-002231,SIN-00637,Factura taller,True,True,2026-07-02,False,Sin observaciones
DOC-002232,SIN-00637,Informe perito,True,True,2026-07-02,False,Sin observaciones
DOC-002233,SIN-00638,Foto evidencia,True,True,2026-02-08,False,Sin observaciones
DOC-002234,SIN-00638,Informe perito,True,True,2026-02-09,False,Sin observaciones
DOC-002235,SIN-00638,Factura taller,True,True,2026-02-06,False,Sin observaciones
DOC-002236,SIN-00638,Denuncia policial,True,True,2026-02-07,False,Sin observaciones
DOC-002237,SIN-00638,Cedula asegurado,True,True,2026-02-08,False,Sin observaciones
DOC-002238,SIN-00639,Factura taller,True,True,2025-03-08,False,Sin observaciones
DOC-002239,SIN-00639,Cedula asegurado,True,True,2025-03-06,False,Sin observaciones
DOC-002240,SIN-00639,Foto evidencia,True,True,2025-03-06,False,Sin observaciones
DOC-002241,SIN-00640,Cedula asegurado,True,True,2027-01-24,False,Sin observaciones
DOC-002242,SIN-00640,Denuncia policial,True,True,2027-01-23,False,Sin observaciones
DOC-002243,SIN-00641,Factura taller,False,False,2024-06-03,True,Fecha previa al evento detectada
DOC-002244,SIN-00641,Foto evidencia,False,True,2024-06-03,False,Sin observaciones
DOC-002245,SIN-00641,Informe perito,False,False,2024-06-08,True,Fecha previa al evento detectada
DOC-002246,SIN-00641,Cedula asegurado,False,False,2024-06-03,True,Fecha previa al evento detectada
DOC-002247,SIN-00642,Foto evidencia,True,True,2025-08-11,False,Sin observaciones
DOC-002248,SIN-00642,Informe perito,True,True,2025-08-14,False,Sin observaciones
DOC-002249,SIN-00642,Factura taller,True,True,2025-08-14,False,Sin observaciones
DOC-002250,SIN-00642,Denuncia policial,True,True,2025-08-12,False,Sin observaciones
DOC-002251,SIN-00642,Cedula asegurado,True,True,2025-08-14,False,Sin observaciones
DOC-002252,SIN-00643,Factura taller,True,True,2025-05-03,False,Sin observaciones
DOC-002253,SIN-00643,Foto evidencia,True,True,2025-05-07,False,Sin observaciones
DOC-002254,SIN-00644,Foto evidencia,True,True,2025-01-23,False,Sin observaciones
DOC-002255,SIN-00644,Denuncia policial,True,True,2025-01-24,False,Sin observaciones
DOC-002256,SIN-00644,Factura taller,True,True,2025-01-23,False,Sin observaciones
DOC-002257,SIN-00645,Informe perito,False,True,2025-08-28,False,Sin observaciones
DOC-002258,SIN-00645,Factura taller,False,True,2025-08-26,False,Sin observaciones
DOC-002259,SIN-00645,Cedula asegurado,False,True,2025-08-28,False,Sin observaciones
DOC-002260,SIN-00646,Factura taller,False,False,2025-07-11,True,Fecha previa al evento detectada
DOC-002261,SIN-00646,Cedula asegurado,False,False,2025-07-15,True,Fecha previa al evento detectada
DOC-002262,SIN-00646,Denuncia policial,False,False,2025-07-15,True,Fecha previa al evento detectada
DOC-002263,SIN-00646,Foto evidencia,False,True,2025-07-11,False,Sin observaciones
DOC-002264,SIN-00647,Foto evidencia,True,True,2026-06-08,False,Sin observaciones
DOC-002265,SIN-00647,Denuncia policial,True,True,2026-06-06,False,Sin observaciones
DOC-002266,SIN-00648,Cedula asegurado,True,True,2026-06-09,False,Sin observaciones
DOC-002267,SIN-00648,Informe perito,True,True,2026-06-08,False,Sin observaciones
DOC-002268,SIN-00648,Factura taller,True,True,2026-06-07,False,Sin observaciones
DOC-002269,SIN-00648,Foto evidencia,True,True,2026-06-08,False,Sin observaciones
DOC-002270,SIN-00649,Factura taller,True,True,2024-11-16,False,Sin observaciones
DOC-002271,SIN-00649,Cedula asegurado,True,True,2024-11-15,False,Sin observaciones
DOC-002272,SIN-00649,Informe perito,True,True,2024-11-18,False,Sin observaciones
DOC-002273,SIN-00650,Denuncia policial,True,True,2024-10-10,False,Sin observaciones
DOC-002274,SIN-00650,Cedula asegurado,True,True,2024-10-08,False,Sin observaciones
DOC-002275,SIN-00650,Informe perito,True,True,2024-10-07,False,Sin observaciones
DOC-002276,SIN-00651,Denuncia policial,False,True,2025-01-17,False,Sin observaciones
DOC-002277,SIN-00651,Factura taller,False,False,2025-01-18,True,Fecha previa al evento detectada
DOC-002278,SIN-00652,Informe perito,True,True,2025-10-02,False,Sin observaciones
DOC-002279,SIN-00652,Cedula asegurado,True,True,2025-09-28,False,Sin observaciones
DOC-002280,SIN-00652,Foto evidencia,True,True,2025-09-28,False,Sin observaciones
DOC-002281,SIN-00652,Denuncia policial,True,True,2025-10-03,False,Sin observaciones
DOC-002282,SIN-00653,Cedula asegurado,True,True,2027-03-31,False,Sin observaciones
DOC-002283,SIN-00653,Factura taller,True,True,2027-04-01,False,Sin observaciones
DOC-002284,SIN-00653,Informe perito,True,True,2027-04-02,False,Sin observaciones
DOC-002285,SIN-00653,Foto evidencia,True,True,2027-04-03,False,Sin observaciones
DOC-002286,SIN-00653,Denuncia policial,True,True,2027-04-04,False,Sin observaciones
DOC-002287,SIN-00654,Denuncia policial,True,True,2026-05-25,False,Sin observaciones
DOC-002288,SIN-00654,Factura taller,True,True,2026-05-24,False,Sin observaciones
DOC-002289,SIN-00654,Foto evidencia,True,True,2026-05-21,False,Sin observaciones
DOC-002290,SIN-00655,Denuncia policial,True,True,2024-11-17,False,Sin observaciones
DOC-002291,SIN-00655,Factura taller,True,True,2024-11-17,False,Sin observaciones
DOC-002292,SIN-00655,Foto evidencia,True,True,2024-11-19,False,Sin observaciones
DOC-002293,SIN-00656,Factura taller,False,True,2025-06-26,False,Sin observaciones
DOC-002294,SIN-00656,Denuncia policial,False,False,2025-06-28,True,Fecha previa al evento detectada
DOC-002295,SIN-00656,Informe perito,False,False,2025-06-25,True,Fecha previa al evento detectada
DOC-002296,SIN-00656,Foto evidencia,False,True,2025-06-25,False,Sin observaciones
DOC-002297,SIN-00657,Cedula asegurado,True,True,2025-01-16,False,Sin observaciones
DOC-002298,SIN-00657,Foto evidencia,True,True,2025-01-11,False,Sin observaciones
DOC-002299,SIN-00657,Factura taller,True,True,2025-01-16,False,Sin observaciones
DOC-002300,SIN-00657,Informe perito,True,True,2025-01-16,False,Sin observaciones
DOC-002301,SIN-00658,Informe perito,True,True,2025-05-19,False,Sin observaciones
DOC-002302,SIN-00658,Denuncia policial,True,True,2025-05-18,False,Sin observaciones
DOC-002303,SIN-00658,Factura taller,True,True,2025-05-16,False,Sin observaciones
DOC-002304,SIN-00658,Foto evidencia,True,True,2025-05-21,False,Sin observaciones
DOC-002305,SIN-00658,Cedula asegurado,True,True,2025-05-19,False,Sin observaciones
DOC-002306,SIN-00659,Cedula asegurado,False,False,2025-11-13,True,Fecha previa al evento detectada
DOC-002307,SIN-00659,Factura taller,False,False,2025-11-16,True,Fecha previa al evento detectada
DOC-002308,SIN-00659,Foto evidencia,False,False,2025-11-13,True,Fecha previa al evento detectada
DOC-002309,SIN-00659,Informe perito,False,False,2025-11-16,True,Fecha previa al evento detectada
DOC-002310,SIN-00659,Denuncia policial,False,False,2025-11-13,True,Fecha previa al evento detectada
DOC-002311,SIN-00660,Denuncia policial,True,True,2024-11-20,False,Sin observaciones
DOC-002312,SIN-00660,Informe perito,True,True,2024-11-18,False,Sin observaciones
DOC-002313,SIN-00660,Foto evidencia,True,True,2024-11-18,False,Sin observaciones
DOC-002314,SIN-00661,Informe perito,True,True,2026-05-04,False,Sin observaciones
DOC-002315,SIN-00661,Cedula asegurado,True,True,2026-05-02,False,Sin observaciones
DOC-002316,SIN-00661,Denuncia policial,True,True,2026-05-06,False,Sin observaciones
DOC-002317,SIN-00662,Cedula asegurado,True,True,2026-03-28,False,Sin observaciones
DOC-002318,SIN-00662,Factura taller,True,True,2026-03-28,False,Sin observaciones
DOC-002319,SIN-00663,Factura taller,True,True,2025-04-18,False,Sin observaciones
DOC-002320,SIN-00663,Denuncia policial,True,True,2025-04-21,False,Sin observaciones
DOC-002321,SIN-00663,Informe perito,True,True,2025-04-18,False,Sin observaciones
DOC-002322,SIN-00663,Foto evidencia,True,True,2025-04-19,False,Sin observaciones
DOC-002323,SIN-00663,Cedula asegurado,True,True,2025-04-19,False,Sin observaciones
DOC-002324,SIN-00664,Informe perito,True,True,2025-09-02,False,Sin observaciones
DOC-002325,SIN-00664,Foto evidencia,True,True,2025-09-06,False,Sin observaciones
DOC-002326,SIN-00664,Denuncia policial,True,True,2025-09-06,False,Sin observaciones
DOC-002327,SIN-00664,Cedula asegurado,True,True,2025-09-05,False,Sin observaciones
DOC-002328,SIN-00664,Factura taller,True,True,2025-09-01,False,Sin observaciones
DOC-002329,SIN-00665,Denuncia policial,False,False,2024-06-08,True,Fecha previa al evento detectada
DOC-002330,SIN-00665,Foto evidencia,False,False,2024-06-09,True,Fecha previa al evento detectada
DOC-002331,SIN-00665,Cedula asegurado,False,False,2024-06-08,True,Fecha previa al evento detectada
DOC-002332,SIN-00665,Informe perito,False,False,2024-06-09,True,Fecha previa al evento detectada
DOC-002333,SIN-00665,Factura taller,False,False,2024-06-09,True,Fecha previa al evento detectada
DOC-002334,SIN-00666,Foto evidencia,False,False,2024-06-13,True,Fecha previa al evento detectada
DOC-002335,SIN-00666,Informe perito,False,False,2024-06-16,True,Fecha previa al evento detectada
DOC-002336,SIN-00666,Denuncia policial,False,False,2024-06-15,True,Fecha previa al evento detectada
DOC-002337,SIN-00666,Factura taller,False,True,2024-06-15,False,Sin observaciones
DOC-002338,SIN-00667,Denuncia policial,True,True,2026-08-08,False,Sin observaciones
DOC-002339,SIN-00667,Foto evidencia,True,True,2026-08-10,False,Sin observaciones
DOC-002340,SIN-00667,Factura taller,True,True,2026-08-07,False,Sin observaciones
DOC-002341,SIN-00668,Factura taller,True,True,2025-06-03,False,Sin observaciones
DOC-002342,SIN-00668,Informe perito,True,True,2025-06-04,False,Sin observaciones
DOC-002343,SIN-00668,Cedula asegurado,True,True,2025-06-05,False,Sin observaciones
DOC-002344,SIN-00669,Informe perito,True,True,2024-10-20,False,Sin observaciones
DOC-002345,SIN-00669,Foto evidencia,True,True,2024-10-19,False,Sin observaciones
DOC-002346,SIN-00669,Cedula asegurado,True,True,2024-10-19,False,Sin observaciones
DOC-002347,SIN-00670,Foto evidencia,False,False,2024-06-25,True,Fecha previa al evento detectada
DOC-002348,SIN-00670,Factura taller,False,False,2024-06-28,True,Fecha previa al evento detectada
DOC-002349,SIN-00670,Cedula asegurado,False,True,2024-06-29,False,Sin observaciones
DOC-002350,SIN-00670,Informe perito,False,False,2024-06-29,True,Fecha previa al evento detectada
DOC-002351,SIN-00670,Denuncia policial,False,True,2024-06-25,False,Sin observaciones
DOC-002352,SIN-00671,Denuncia policial,True,True,2026-04-18,False,Sin observaciones
DOC-002353,SIN-00671,Foto evidencia,True,True,2026-04-22,False,Sin observaciones
DOC-002354,SIN-00672,Informe perito,False,True,2024-11-26,False,Sin observaciones
DOC-002355,SIN-00672,Foto evidencia,False,True,2024-11-28,False,Sin observaciones
DOC-002356,SIN-00672,Denuncia policial,False,True,2024-11-25,False,Sin observaciones
DOC-002357,SIN-00672,Cedula asegurado,False,True,2024-11-26,False,Sin observaciones
DOC-002358,SIN-00673,Informe perito,True,True,2024-10-03,False,Sin observaciones
DOC-002359,SIN-00673,Denuncia policial,True,True,2024-10-06,False,Sin observaciones
DOC-002360,SIN-00673,Cedula asegurado,True,True,2024-10-05,False,Sin observaciones
DOC-002361,SIN-00674,Factura taller,True,True,2025-11-12,False,Sin observaciones
DOC-002362,SIN-00674,Denuncia policial,True,True,2025-11-12,False,Sin observaciones
DOC-002363,SIN-00675,Denuncia policial,True,True,2025-09-29,False,Sin observaciones
DOC-002364,SIN-00675,Foto evidencia,True,True,2025-10-02,False,Sin observaciones
DOC-002365,SIN-00675,Factura taller,True,True,2025-10-01,False,Sin observaciones
DOC-002366,SIN-00675,Cedula asegurado,True,True,2025-10-03,False,Sin observaciones
DOC-002367,SIN-00675,Informe perito,True,True,2025-09-29,False,Sin observaciones
DOC-002368,SIN-00676,Factura taller,True,True,2026-05-23,False,Sin observaciones
DOC-002369,SIN-00676,Cedula asegurado,True,True,2026-05-23,False,Sin observaciones
DOC-002370,SIN-00676,Denuncia policial,True,True,2026-05-24,False,Sin observaciones
DOC-002371,SIN-00676,Foto evidencia,True,True,2026-05-21,False,Sin observaciones
DOC-002372,SIN-00676,Informe perito,True,True,2026-05-23,False,Sin observaciones
DOC-002373,SIN-00677,Informe perito,True,True,2025-05-09,False,Sin observaciones
DOC-002374,SIN-00677,Cedula asegurado,True,True,2025-05-12,False,Sin observaciones
DOC-002375,SIN-00677,Factura taller,True,True,2025-05-10,False,Sin observaciones
DOC-002376,SIN-00678,Cedula asegurado,True,True,2026-09-21,False,Sin observaciones
DOC-002377,SIN-00678,Informe perito,True,True,2026-09-23,False,Sin observaciones
DOC-002378,SIN-00678,Denuncia policial,True,True,2026-09-23,False,Sin observaciones
DOC-002379,SIN-00678,Factura taller,True,True,2026-09-24,False,Sin observaciones
DOC-002380,SIN-00678,Foto evidencia,True,True,2026-09-22,False,Sin observaciones
DOC-002381,SIN-00679,Informe perito,True,True,2025-07-26,False,Sin observaciones
DOC-002382,SIN-00679,Factura taller,True,True,2025-07-23,False,Sin observaciones
DOC-002383,SIN-00679,Denuncia policial,True,True,2025-07-26,False,Sin observaciones
DOC-002384,SIN-00679,Foto evidencia,True,True,2025-07-23,False,Sin observaciones
DOC-002385,SIN-00679,Cedula asegurado,True,True,2025-07-24,False,Sin observaciones
DOC-002386,SIN-00680,Foto evidencia,False,False,2024-06-14,True,Fecha previa al evento detectada
DOC-002387,SIN-00680,Factura taller,False,True,2024-06-11,False,Sin observaciones
DOC-002388,SIN-00680,Denuncia policial,False,False,2024-06-15,True,Fecha previa al evento detectada
DOC-002389,SIN-00680,Informe perito,False,False,2024-06-13,True,Fecha previa al evento detectada
DOC-002390,SIN-00681,Cedula asegurado,True,True,2025-11-30,False,Sin observaciones
DOC-002391,SIN-00681,Informe perito,True,True,2025-11-29,False,Sin observaciones
DOC-002392,SIN-00682,Denuncia policial,True,True,2025-01-13,False,Sin observaciones
DOC-002393,SIN-00682,Informe perito,True,True,2025-01-11,False,Sin observaciones
DOC-002394,SIN-00682,Foto evidencia,True,True,2025-01-10,False,Sin observaciones
DOC-002395,SIN-00683,Informe perito,True,True,2026-04-24,False,Sin observaciones
DOC-002396,SIN-00683,Denuncia policial,True,True,2026-04-25,False,Sin observaciones
DOC-002397,SIN-00683,Factura taller,True,True,2026-04-21,False,Sin observaciones
DOC-002398,SIN-00683,Cedula asegurado,True,True,2026-04-26,False,Sin observaciones
DOC-002399,SIN-00684,Foto evidencia,False,True,2026-01-25,False,Sin observaciones
DOC-002400,SIN-00684,Informe perito,False,True,2026-01-26,False,Sin observaciones
DOC-002401,SIN-00684,Cedula asegurado,False,True,2026-01-24,False,Sin observaciones
DOC-002402,SIN-00684,Denuncia policial,False,True,2026-01-28,False,Sin observaciones
DOC-002403,SIN-00685,Denuncia policial,True,True,2025-03-21,False,Sin observaciones
DOC-002404,SIN-00685,Informe perito,True,True,2025-03-18,False,Sin observaciones
DOC-002405,SIN-00686,Cedula asegurado,True,True,2026-11-11,False,Sin observaciones
DOC-002406,SIN-00686,Informe perito,True,True,2026-11-10,False,Sin observaciones
DOC-002407,SIN-00686,Foto evidencia,True,True,2026-11-14,False,Sin observaciones
DOC-002408,SIN-00686,Denuncia policial,True,True,2026-11-15,False,Sin observaciones
DOC-002409,SIN-00686,Factura taller,True,True,2026-11-10,False,Sin observaciones
DOC-002410,SIN-00687,Cedula asegurado,False,False,2024-12-17,True,Fecha previa al evento detectada
DOC-002411,SIN-00687,Informe perito,False,True,2024-12-18,False,Sin observaciones
DOC-002412,SIN-00687,Denuncia policial,False,False,2024-12-18,True,Fecha previa al evento detectada
DOC-002413,SIN-00688,Denuncia policial,False,True,2024-07-25,False,Sin observaciones
DOC-002414,SIN-00688,Foto evidencia,False,True,2024-07-24,False,Sin observaciones
DOC-002415,SIN-00689,Foto evidencia,True,True,2025-02-20,False,Sin observaciones
DOC-002416,SIN-00689,Cedula asegurado,True,True,2025-02-16,False,Sin observaciones
DOC-002417,SIN-00689,Informe perito,True,True,2025-02-18,False,Sin observaciones
DOC-002418,SIN-00690,Factura taller,False,True,2026-06-05,False,Sin observaciones
DOC-002419,SIN-00690,Cedula asegurado,False,True,2026-06-08,False,Sin observaciones
DOC-002420,SIN-00690,Informe perito,False,True,2026-06-09,False,Sin observaciones
DOC-002421,SIN-00691,Foto evidencia,True,True,2024-12-27,False,Sin observaciones
DOC-002422,SIN-00691,Cedula asegurado,True,True,2024-12-25,False,Sin observaciones
DOC-002423,SIN-00691,Factura taller,True,True,2024-12-25,False,Sin observaciones
DOC-002424,SIN-00691,Denuncia policial,True,True,2024-12-28,False,Sin observaciones
DOC-002425,SIN-00691,Informe perito,True,True,2024-12-26,False,Sin observaciones
DOC-002426,SIN-00692,Foto evidencia,True,True,2025-04-12,False,Sin observaciones
DOC-002427,SIN-00692,Denuncia policial,True,True,2025-04-13,False,Sin observaciones
DOC-002428,SIN-00692,Factura taller,True,True,2025-04-12,False,Sin observaciones
DOC-002429,SIN-00692,Cedula asegurado,True,True,2025-04-12,False,Sin observaciones
DOC-002430,SIN-00692,Informe perito,True,True,2025-04-11,False,Sin observaciones
DOC-002431,SIN-00693,Factura taller,True,True,2025-08-30,False,Sin observaciones
DOC-002432,SIN-00693,Informe perito,True,True,2025-08-29,False,Sin observaciones
DOC-002433,SIN-00693,Foto evidencia,True,True,2025-08-31,False,Sin observaciones
DOC-002434,SIN-00693,Denuncia policial,True,True,2025-08-30,False,Sin observaciones
DOC-002435,SIN-00693,Cedula asegurado,True,True,2025-08-28,False,Sin observaciones
DOC-002436,SIN-00694,Informe perito,True,True,2024-09-24,False,Sin observaciones
DOC-002437,SIN-00694,Foto evidencia,True,True,2024-09-26,False,Sin observaciones
DOC-002438,SIN-00694,Denuncia policial,True,True,2024-09-28,False,Sin observaciones
DOC-002439,SIN-00694,Factura taller,True,True,2024-09-25,False,Sin observaciones
DOC-002440,SIN-00694,Cedula asegurado,True,True,2024-09-24,False,Sin observaciones
DOC-002441,SIN-00695,Foto evidencia,False,True,2025-08-21,False,Sin observaciones
DOC-002442,SIN-00695,Informe perito,False,True,2025-08-25,False,Sin observaciones
DOC-002443,SIN-00695,Denuncia policial,False,False,2025-08-24,True,Fecha previa al evento detectada
DOC-002444,SIN-00695,Cedula asegurado,False,False,2025-08-22,True,Fecha previa al evento detectada
DOC-002445,SIN-00696,Denuncia policial,True,True,2025-09-11,False,Sin observaciones
DOC-002446,SIN-00696,Factura taller,True,True,2025-09-09,False,Sin observaciones
DOC-002447,SIN-00696,Informe perito,True,True,2025-09-10,False,Sin observaciones
DOC-002448,SIN-00696,Foto evidencia,True,True,2025-09-11,False,Sin observaciones
DOC-002449,SIN-00697,Factura taller,True,True,2024-12-19,False,Sin observaciones
DOC-002450,SIN-00697,Denuncia policial,True,True,2024-12-19,False,Sin observaciones
DOC-002451,SIN-00698,Foto evidencia,True,True,2026-07-27,False,Sin observaciones
DOC-002452,SIN-00698,Factura taller,True,True,2026-07-28,False,Sin observaciones
DOC-002453,SIN-00698,Denuncia policial,True,True,2026-07-30,False,Sin observaciones
DOC-002454,SIN-00698,Informe perito,True,True,2026-07-30,False,Sin observaciones
DOC-002455,SIN-00699,Denuncia policial,False,True,2025-10-13,False,Sin observaciones
DOC-002456,SIN-00699,Informe perito,False,True,2025-10-15,False,Sin observaciones
DOC-002457,SIN-00699,Foto evidencia,False,False,2025-10-13,True,Fecha previa al evento detectada
DOC-002458,SIN-00699,Cedula asegurado,False,False,2025-10-14,True,Fecha previa al evento detectada
DOC-002459,SIN-00700,Denuncia policial,True,True,2025-10-29,False,Sin observaciones
DOC-002460,SIN-00700,Factura taller,True,True,2025-10-29,False,Sin observaciones
DOC-002461,SIN-00701,Informe perito,False,False,2025-08-24,True,Fecha previa al evento detectada
DOC-002462,SIN-00701,Denuncia policial,False,False,2025-08-23,True,Fecha previa al evento detectada
DOC-002463,SIN-00701,Factura taller,False,True,2025-08-22,False,Sin observaciones
DOC-002464,SIN-00702,Denuncia policial,True,True,2024-10-30,False,Sin observaciones
DOC-002465,SIN-00702,Informe perito,True,True,2024-10-31,False,Sin observaciones
DOC-002466,SIN-00702,Factura taller,True,True,2024-10-29,False,Sin observaciones
DOC-002467,SIN-00702,Foto evidencia,True,True,2024-10-31,False,Sin observaciones
DOC-002468,SIN-00702,Cedula asegurado,True,True,2024-10-28,False,Sin observaciones
DOC-002469,SIN-00703,Informe perito,True,True,2024-09-24,False,Sin observaciones
DOC-002470,SIN-00703,Cedula asegurado,True,True,2024-09-25,False,Sin observaciones
DOC-002471,SIN-00703,Foto evidencia,True,True,2024-09-26,False,Sin observaciones
DOC-002472,SIN-00704,Foto evidencia,False,True,2025-02-12,False,Sin observaciones
DOC-002473,SIN-00704,Factura taller,False,False,2025-02-11,True,Fecha previa al evento detectada
DOC-002474,SIN-00704,Cedula asegurado,False,False,2025-02-14,True,Fecha previa al evento detectada
DOC-002475,SIN-00704,Informe perito,False,False,2025-02-12,True,Fecha previa al evento detectada
DOC-002476,SIN-00704,Denuncia policial,False,True,2025-02-15,False,Sin observaciones
DOC-002477,SIN-00705,Informe perito,True,True,2027-01-01,False,Sin observaciones
DOC-002478,SIN-00705,Denuncia policial,True,True,2026-12-31,False,Sin observaciones
DOC-002479,SIN-00706,Foto evidencia,False,True,2024-10-21,False,Sin observaciones
DOC-002480,SIN-00706,Informe perito,False,True,2024-10-19,False,Sin observaciones
DOC-002481,SIN-00706,Denuncia policial,False,True,2024-10-17,False,Sin observaciones
DOC-002482,SIN-00706,Factura taller,False,True,2024-10-19,False,Sin observaciones
DOC-002483,SIN-00707,Denuncia policial,True,True,2025-08-31,False,Sin observaciones
DOC-002484,SIN-00707,Factura taller,True,True,2025-08-27,False,Sin observaciones
DOC-002485,SIN-00708,Denuncia policial,True,True,2025-10-14,False,Sin observaciones
DOC-002486,SIN-00708,Informe perito,True,True,2025-10-16,False,Sin observaciones
DOC-002487,SIN-00708,Foto evidencia,True,True,2025-10-15,False,Sin observaciones
DOC-002488,SIN-00709,Cedula asegurado,True,True,2026-02-14,False,Sin observaciones
DOC-002489,SIN-00709,Denuncia policial,True,True,2026-02-13,False,Sin observaciones
DOC-002490,SIN-00710,Factura taller,False,True,2024-11-08,False,Sin observaciones
DOC-002491,SIN-00710,Foto evidencia,False,True,2024-11-08,False,Sin observaciones
DOC-002492,SIN-00710,Denuncia policial,False,True,2024-11-08,False,Sin observaciones
DOC-002493,SIN-00711,Denuncia policial,True,True,2025-08-01,False,Sin observaciones
DOC-002494,SIN-00711,Informe perito,True,True,2025-08-03,False,Sin observaciones
DOC-002495,SIN-00712,Foto evidencia,True,True,2026-12-22,False,Sin observaciones
DOC-002496,SIN-00712,Informe perito,True,True,2026-12-21,False,Sin observaciones
DOC-002497,SIN-00712,Cedula asegurado,True,True,2026-12-22,False,Sin observaciones
DOC-002498,SIN-00712,Factura taller,True,True,2026-12-21,False,Sin observaciones
DOC-002499,SIN-00713,Cedula asegurado,True,True,2025-07-08,False,Sin observaciones
DOC-002500,SIN-00713,Denuncia policial,True,True,2025-07-08,False,Sin observaciones
DOC-002501,SIN-00714,Denuncia policial,True,True,2026-03-20,False,Sin observaciones
DOC-002502,SIN-00714,Informe perito,True,True,2026-03-22,False,Sin observaciones
DOC-002503,SIN-00714,Foto evidencia,True,True,2026-03-20,False,Sin observaciones
DOC-002504,SIN-00714,Factura taller,True,True,2026-03-21,False,Sin observaciones
DOC-002505,SIN-00714,Cedula asegurado,True,True,2026-03-19,False,Sin observaciones
DOC-002506,SIN-00715,Denuncia policial,True,True,2025-01-26,False,Sin observaciones
DOC-002507,SIN-00715,Factura taller,True,True,2025-01-27,False,Sin observaciones
DOC-002508,SIN-00716,Cedula asegurado,True,True,2025-05-18,False,Sin observaciones
DOC-002509,SIN-00716,Foto evidencia,True,True,2025-05-21,False,Sin observaciones
DOC-002510,SIN-00716,Factura taller,True,True,2025-05-21,False,Sin observaciones
DOC-002511,SIN-00717,Factura taller,True,True,2026-08-02,False,Sin observaciones
DOC-002512,SIN-00717,Cedula asegurado,True,True,2026-07-28,False,Sin observaciones
DOC-002513,SIN-00717,Informe perito,True,True,2026-07-28,False,Sin observaciones
DOC-002514,SIN-00717,Foto evidencia,True,True,2026-08-02,False,Sin observaciones
DOC-002515,SIN-00718,Informe perito,True,True,2026-03-05,False,Sin observaciones
DOC-002516,SIN-00718,Denuncia policial,True,True,2026-03-01,False,Sin observaciones
DOC-002517,SIN-00718,Foto evidencia,True,True,2026-03-05,False,Sin observaciones
DOC-002518,SIN-00718,Factura taller,True,True,2026-02-28,False,Sin observaciones
DOC-002519,SIN-00719,Foto evidencia,True,True,2025-04-07,False,Sin observaciones
DOC-002520,SIN-00719,Denuncia policial,True,True,2025-04-08,False,Sin observaciones
DOC-002521,SIN-00719,Factura taller,True,True,2025-04-09,False,Sin observaciones
DOC-002522,SIN-00720,Denuncia policial,True,True,2026-01-03,False,Sin observaciones
DOC-002523,SIN-00720,Informe perito,True,True,2026-01-05,False,Sin observaciones
DOC-002524,SIN-00721,Denuncia policial,False,True,2025-10-18,False,Sin observaciones
DOC-002525,SIN-00721,Cedula asegurado,False,True,2025-10-16,False,Sin observaciones
DOC-002526,SIN-00721,Factura taller,False,True,2025-10-14,False,Sin observaciones
DOC-002527,SIN-00721,Informe perito,False,True,2025-10-15,False,Sin observaciones
DOC-002528,SIN-00722,Denuncia policial,True,True,2026-07-05,False,Sin observaciones
DOC-002529,SIN-00722,Informe perito,True,True,2026-07-09,False,Sin observaciones
DOC-002530,SIN-00722,Cedula asegurado,True,True,2026-07-06,False,Sin observaciones
DOC-002531,SIN-00722,Factura taller,True,True,2026-07-07,False,Sin observaciones
DOC-002532,SIN-00722,Foto evidencia,True,True,2026-07-07,False,Sin observaciones
DOC-002533,SIN-00723,Informe perito,False,False,2025-09-09,True,Fecha previa al evento detectada
DOC-002534,SIN-00723,Denuncia policial,False,False,2025-09-12,True,Fecha previa al evento detectada
DOC-002535,SIN-00723,Factura taller,False,False,2025-09-12,True,Fecha previa al evento detectada
DOC-002536,SIN-00723,Foto evidencia,False,False,2025-09-12,True,Fecha previa al evento detectada
DOC-002537,SIN-00723,Cedula asegurado,False,False,2025-09-12,True,Fecha previa al evento detectada
DOC-002538,SIN-00724,Factura taller,True,True,2025-05-04,False,Sin observaciones
DOC-002539,SIN-00724,Denuncia policial,True,True,2025-05-08,False,Sin observaciones
DOC-002540,SIN-00724,Informe perito,True,True,2025-05-05,False,Sin observaciones
DOC-002541,SIN-00724,Cedula asegurado,True,True,2025-05-05,False,Sin observaciones
DOC-002542,SIN-00725,Denuncia policial,True,True,2025-06-17,False,Sin observaciones
DOC-002543,SIN-00725,Factura taller,True,True,2025-06-15,False,Sin observaciones
DOC-002544,SIN-00725,Foto evidencia,True,True,2025-06-18,False,Sin observaciones
DOC-002545,SIN-00725,Informe perito,True,True,2025-06-15,False,Sin observaciones
DOC-002546,SIN-00726,Cedula asegurado,False,False,2025-05-23,True,Fecha previa al evento detectada
DOC-002547,SIN-00726,Foto evidencia,False,False,2025-05-21,True,Fecha previa al evento detectada
DOC-002548,SIN-00727,Cedula asegurado,True,True,2026-05-12,False,Sin observaciones
DOC-002549,SIN-00727,Denuncia policial,True,True,2026-05-13,False,Sin observaciones
DOC-002550,SIN-00728,Factura taller,True,True,2024-10-19,False,Sin observaciones
DOC-002551,SIN-00728,Denuncia policial,True,True,2024-10-14,False,Sin observaciones
DOC-002552,SIN-00728,Informe perito,True,True,2024-10-14,False,Sin observaciones
DOC-002553,SIN-00729,Denuncia policial,True,True,2025-03-31,False,Sin observaciones
DOC-002554,SIN-00729,Factura taller,True,True,2025-04-01,False,Sin observaciones
DOC-002555,SIN-00729,Cedula asegurado,True,True,2025-03-29,False,Sin observaciones
DOC-002556,SIN-00729,Foto evidencia,True,True,2025-03-28,False,Sin observaciones
DOC-002557,SIN-00730,Factura taller,True,True,2027-04-01,False,Sin observaciones
DOC-002558,SIN-00730,Foto evidencia,True,True,2027-04-01,False,Sin observaciones
DOC-002559,SIN-00730,Cedula asegurado,True,True,2027-03-31,False,Sin observaciones
DOC-002560,SIN-00730,Informe perito,True,True,2027-04-02,False,Sin observaciones
DOC-002561,SIN-00730,Denuncia policial,True,True,2027-03-30,False,Sin observaciones
DOC-002562,SIN-00731,Factura taller,True,True,2024-12-18,False,Sin observaciones
DOC-002563,SIN-00731,Informe perito,True,True,2024-12-17,False,Sin observaciones
DOC-002564,SIN-00732,Denuncia policial,True,True,2025-09-12,False,Sin observaciones
DOC-002565,SIN-00732,Informe perito,True,True,2025-09-10,False,Sin observaciones
DOC-002566,SIN-00733,Denuncia policial,False,False,2024-05-29,True,Fecha previa al evento detectada
DOC-002567,SIN-00733,Cedula asegurado,False,True,2024-05-27,False,Sin observaciones
DOC-002568,SIN-00733,Foto evidencia,False,True,2024-05-31,False,Sin observaciones
DOC-002569,SIN-00733,Factura taller,False,True,2024-05-30,False,Sin observaciones
DOC-002570,SIN-00734,Foto evidencia,True,True,2026-03-03,False,Sin observaciones
DOC-002571,SIN-00734,Factura taller,True,True,2026-03-03,False,Sin observaciones
DOC-002572,SIN-00734,Denuncia policial,True,True,2026-02-28,False,Sin observaciones
DOC-002573,SIN-00734,Informe perito,True,True,2026-03-03,False,Sin observaciones
DOC-002574,SIN-00734,Cedula asegurado,True,True,2026-02-28,False,Sin observaciones
DOC-002575,SIN-00735,Denuncia policial,True,True,2025-04-18,False,Sin observaciones
DOC-002576,SIN-00735,Factura taller,True,True,2025-04-18,False,Sin observaciones
DOC-002577,SIN-00735,Cedula asegurado,True,True,2025-04-17,False,Sin observaciones
DOC-002578,SIN-00735,Foto evidencia,True,True,2025-04-18,False,Sin observaciones
DOC-002579,SIN-00735,Informe perito,True,True,2025-04-19,False,Sin observaciones
DOC-002580,SIN-00736,Foto evidencia,False,True,2025-10-18,False,Sin observaciones
DOC-002581,SIN-00736,Denuncia policial,False,True,2025-10-19,False,Sin observaciones
DOC-002582,SIN-00736,Cedula asegurado,False,False,2025-10-20,True,Fecha previa al evento detectada
DOC-002583,SIN-00737,Cedula asegurado,True,True,2024-06-26,False,Sin observaciones
DOC-002584,SIN-00737,Informe perito,True,True,2024-06-25,False,Sin observaciones
DOC-002585,SIN-00737,Denuncia policial,True,True,2024-06-26,False,Sin observaciones
DOC-002586,SIN-00737,Factura taller,True,True,2024-06-26,False,Sin observaciones
DOC-002587,SIN-00738,Informe perito,False,True,2025-08-20,False,Sin observaciones
DOC-002588,SIN-00738,Foto evidencia,False,True,2025-08-20,False,Sin observaciones
DOC-002589,SIN-00738,Cedula asegurado,False,True,2025-08-18,False,Sin observaciones
DOC-002590,SIN-00738,Factura taller,False,True,2025-08-18,False,Sin observaciones
DOC-002591,SIN-00738,Denuncia policial,False,True,2025-08-21,False,Sin observaciones
DOC-002592,SIN-00739,Cedula asegurado,False,True,2026-04-17,False,Sin observaciones
DOC-002593,SIN-00739,Factura taller,False,True,2026-04-19,False,Sin observaciones
DOC-002594,SIN-00739,Denuncia policial,False,True,2026-04-19,False,Sin observaciones
DOC-002595,SIN-00739,Foto evidencia,False,True,2026-04-16,False,Sin observaciones
DOC-002596,SIN-00740,Denuncia policial,True,True,2025-08-13,False,Sin observaciones
DOC-002597,SIN-00740,Factura taller,True,True,2025-08-14,False,Sin observaciones
DOC-002598,SIN-00740,Informe perito,True,True,2025-08-15,False,Sin observaciones
DOC-002599,SIN-00741,Denuncia policial,True,True,2024-07-01,False,Sin observaciones
DOC-002600,SIN-00741,Factura taller,True,True,2024-07-01,False,Sin observaciones
DOC-002601,SIN-00741,Cedula asegurado,True,True,2024-07-01,False,Sin observaciones
DOC-002602,SIN-00741,Informe perito,True,True,2024-06-27,False,Sin observaciones
DOC-002603,SIN-00742,Informe perito,True,True,2025-09-02,False,Sin observaciones
DOC-002604,SIN-00742,Denuncia policial,True,True,2025-09-05,False,Sin observaciones
DOC-002605,SIN-00743,Cedula asegurado,False,True,2024-08-07,False,Sin observaciones
DOC-002606,SIN-00743,Denuncia policial,False,True,2024-08-05,False,Sin observaciones
DOC-002607,SIN-00743,Factura taller,False,True,2024-08-09,False,Sin observaciones
DOC-002608,SIN-00743,Foto evidencia,False,True,2024-08-05,False,Sin observaciones
DOC-002609,SIN-00743,Informe perito,False,True,2024-08-06,False,Sin observaciones
DOC-002610,SIN-00744,Denuncia policial,False,True,2024-09-14,False,Sin observaciones
DOC-002611,SIN-00744,Cedula asegurado,False,True,2024-09-09,False,Sin observaciones
DOC-002612,SIN-00744,Informe perito,False,True,2024-09-10,False,Sin observaciones
DOC-002613,SIN-00744,Foto evidencia,False,True,2024-09-10,False,Sin observaciones
DOC-002614,SIN-00744,Factura taller,False,True,2024-09-09,False,Sin observaciones
DOC-002615,SIN-00745,Informe perito,True,True,2025-06-15,False,Sin observaciones
DOC-002616,SIN-00745,Factura taller,True,True,2025-06-15,False,Sin observaciones
DOC-002617,SIN-00745,Foto evidencia,True,True,2025-06-18,False,Sin observaciones
DOC-002618,SIN-00746,Informe perito,False,True,2026-01-22,False,Sin observaciones
DOC-002619,SIN-00746,Denuncia policial,False,True,2026-01-23,False,Sin observaciones
DOC-002620,SIN-00746,Foto evidencia,False,True,2026-01-27,False,Sin observaciones
DOC-002621,SIN-00747,Cedula asegurado,True,True,2025-07-18,False,Sin observaciones
DOC-002622,SIN-00747,Informe perito,True,True,2025-07-22,False,Sin observaciones
DOC-002623,SIN-00748,Denuncia policial,True,True,2025-05-04,False,Sin observaciones
DOC-002624,SIN-00748,Cedula asegurado,True,True,2025-05-08,False,Sin observaciones
DOC-002625,SIN-00748,Factura taller,True,True,2025-05-04,False,Sin observaciones
DOC-002626,SIN-00748,Foto evidencia,True,True,2025-05-07,False,Sin observaciones
DOC-002627,SIN-00748,Informe perito,True,True,2025-05-04,False,Sin observaciones
DOC-002628,SIN-00749,Denuncia policial,True,True,2026-10-10,False,Sin observaciones
DOC-002629,SIN-00749,Cedula asegurado,True,True,2026-10-09,False,Sin observaciones
DOC-002630,SIN-00750,Factura taller,False,True,2025-11-09,False,Sin observaciones
DOC-002631,SIN-00750,Cedula asegurado,False,False,2025-11-12,True,Fecha previa al evento detectada
DOC-002632,SIN-00750,Informe perito,False,False,2025-11-14,True,Fecha previa al evento detectada
DOC-002633,SIN-00751,Factura taller,False,True,2026-04-11,False,Sin observaciones
DOC-002634,SIN-00751,Foto evidencia,False,False,2026-04-16,True,Fecha previa al evento detectada
DOC-002635,SIN-00751,Cedula asegurado,False,False,2026-04-16,True,Fecha previa al evento detectada
DOC-002636,SIN-00752,Foto evidencia,False,True,2024-12-16,False,Sin observaciones
DOC-002637,SIN-00752,Factura taller,False,True,2024-12-12,False,Sin observaciones
DOC-002638,SIN-00752,Denuncia policial,False,True,2024-12-14,False,Sin observaciones
DOC-002639,SIN-00752,Cedula asegurado,False,False,2024-12-17,True,Fecha previa al evento detectada
DOC-002640,SIN-00752,Informe perito,False,False,2024-12-14,True,Fecha previa al evento detectada
DOC-002641,SIN-00753,Cedula asegurado,True,True,2025-06-11,False,Sin observaciones
DOC-002642,SIN-00753,Informe perito,True,True,2025-06-14,False,Sin observaciones
DOC-002643,SIN-00753,Foto evidencia,True,True,2025-06-09,False,Sin observaciones
DOC-002644,SIN-00753,Factura taller,True,True,2025-06-13,False,Sin observaciones
DOC-002645,SIN-00753,Denuncia policial,True,True,2025-06-10,False,Sin observaciones
DOC-002646,SIN-00754,Informe perito,False,True,2025-03-10,False,Sin observaciones
DOC-002647,SIN-00754,Factura taller,False,True,2025-03-07,False,Sin observaciones
DOC-002648,SIN-00754,Foto evidencia,False,True,2025-03-09,False,Sin observaciones
DOC-002649,SIN-00754,Denuncia policial,False,True,2025-03-07,False,Sin observaciones
DOC-002650,SIN-00755,Cedula asegurado,True,True,2024-09-30,False,Sin observaciones
DOC-002651,SIN-00755,Factura taller,True,True,2024-09-30,False,Sin observaciones
DOC-002652,SIN-00755,Denuncia policial,True,True,2024-10-03,False,Sin observaciones
DOC-002653,SIN-00755,Foto evidencia,True,True,2024-10-03,False,Sin observaciones
DOC-002654,SIN-00756,Informe perito,False,True,2026-01-05,False,Sin observaciones
DOC-002655,SIN-00756,Factura taller,False,False,2026-01-03,True,Fecha previa al evento detectada
DOC-002656,SIN-00756,Foto evidencia,False,True,2026-01-02,False,Sin observaciones
DOC-002657,SIN-00757,Factura taller,True,True,2025-02-25,False,Sin observaciones
DOC-002658,SIN-00757,Denuncia policial,True,True,2025-02-24,False,Sin observaciones
DOC-002659,SIN-00758,Cedula asegurado,True,True,2026-08-23,False,Sin observaciones
DOC-002660,SIN-00758,Foto evidencia,True,True,2026-08-25,False,Sin observaciones
DOC-002661,SIN-00758,Denuncia policial,True,True,2026-08-26,False,Sin observaciones
DOC-002662,SIN-00758,Informe perito,True,True,2026-08-21,False,Sin observaciones
DOC-002663,SIN-00759,Denuncia policial,False,True,2025-09-24,False,Sin observaciones
DOC-002664,SIN-00759,Cedula asegurado,False,True,2025-09-23,False,Sin observaciones
DOC-002665,SIN-00760,Denuncia policial,True,True,2025-05-19,False,Sin observaciones
DOC-002666,SIN-00760,Cedula asegurado,True,True,2025-05-16,False,Sin observaciones
DOC-002667,SIN-00760,Informe perito,True,True,2025-05-16,False,Sin observaciones
DOC-002668,SIN-00760,Factura taller,True,True,2025-05-17,False,Sin observaciones
DOC-002669,SIN-00760,Foto evidencia,True,True,2025-05-21,False,Sin observaciones
DOC-002670,SIN-00761,Informe perito,False,False,2024-09-02,True,Fecha previa al evento detectada
DOC-002671,SIN-00761,Factura taller,False,False,2024-08-29,True,Fecha previa al evento detectada
DOC-002672,SIN-00761,Foto evidencia,False,True,2024-08-31,False,Sin observaciones
DOC-002673,SIN-00761,Denuncia policial,False,False,2024-09-03,True,Fecha previa al evento detectada
DOC-002674,SIN-00761,Cedula asegurado,False,False,2024-08-31,True,Fecha previa al evento detectada
DOC-002675,SIN-00762,Cedula asegurado,True,True,2025-02-18,False,Sin observaciones
DOC-002676,SIN-00762,Foto evidencia,True,True,2025-02-18,False,Sin observaciones
DOC-002677,SIN-00762,Factura taller,True,True,2025-02-21,False,Sin observaciones
DOC-002678,SIN-00763,Cedula asegurado,True,True,2024-08-02,False,Sin observaciones
DOC-002679,SIN-00763,Informe perito,True,True,2024-08-01,False,Sin observaciones
DOC-002680,SIN-00764,Cedula asegurado,False,True,2026-02-22,False,Sin observaciones
DOC-002681,SIN-00764,Denuncia policial,False,False,2026-02-21,True,Fecha previa al evento detectada
DOC-002682,SIN-00764,Factura taller,False,False,2026-02-21,True,Fecha previa al evento detectada
DOC-002683,SIN-00764,Informe perito,False,True,2026-02-22,False,Sin observaciones
DOC-002684,SIN-00764,Foto evidencia,False,False,2026-02-20,True,Fecha previa al evento detectada
DOC-002685,SIN-00765,Denuncia policial,True,True,2025-07-18,False,Sin observaciones
DOC-002686,SIN-00765,Foto evidencia,True,True,2025-07-17,False,Sin observaciones
DOC-002687,SIN-00766,Cedula asegurado,False,False,2024-07-30,True,Fecha previa al evento detectada
DOC-002688,SIN-00766,Factura taller,False,False,2024-07-31,True,Fecha previa al evento detectada
DOC-002689,SIN-00766,Foto evidencia,False,False,2024-07-30,True,Fecha previa al evento detectada
DOC-002690,SIN-00767,Informe perito,True,True,2025-08-28,False,Sin observaciones
DOC-002691,SIN-00767,Foto evidencia,True,True,2025-09-01,False,Sin observaciones
DOC-002692,SIN-00767,Cedula asegurado,True,True,2025-09-01,False,Sin observaciones
DOC-002693,SIN-00767,Factura taller,True,True,2025-08-28,False,Sin observaciones
DOC-002694,SIN-00767,Denuncia policial,True,True,2025-08-29,False,Sin observaciones
DOC-002695,SIN-00768,Denuncia policial,True,True,2026-02-04,False,Sin observaciones
DOC-002696,SIN-00768,Informe perito,True,True,2026-02-01,False,Sin observaciones
DOC-002697,SIN-00768,Factura taller,True,True,2026-02-06,False,Sin observaciones
DOC-002698,SIN-00768,Cedula asegurado,True,True,2026-02-05,False,Sin observaciones
DOC-002699,SIN-00768,Foto evidencia,True,True,2026-02-02,False,Sin observaciones
DOC-002700,SIN-00769,Informe perito,True,True,2025-12-01,False,Sin observaciones
DOC-002701,SIN-00769,Factura taller,True,True,2025-12-02,False,Sin observaciones
DOC-002702,SIN-00769,Foto evidencia,True,True,2025-12-03,False,Sin observaciones
DOC-002703,SIN-00769,Denuncia policial,True,True,2025-12-05,False,Sin observaciones
DOC-002704,SIN-00770,Informe perito,False,False,2024-12-15,True,Fecha previa al evento detectada
DOC-002705,SIN-00770,Denuncia policial,False,False,2024-12-15,True,Fecha previa al evento detectada
DOC-002706,SIN-00771,Foto evidencia,False,False,2026-02-23,True,Fecha previa al evento detectada
DOC-002707,SIN-00771,Informe perito,False,False,2026-02-23,True,Fecha previa al evento detectada
DOC-002708,SIN-00772,Cedula asegurado,True,True,2025-08-12,False,Sin observaciones
DOC-002709,SIN-00772,Foto evidencia,True,True,2025-08-12,False,Sin observaciones
DOC-002710,SIN-00772,Denuncia policial,True,True,2025-08-14,False,Sin observaciones
DOC-002711,SIN-00772,Factura taller,True,True,2025-08-16,False,Sin observaciones
DOC-002712,SIN-00772,Informe perito,True,True,2025-08-13,False,Sin observaciones
DOC-002713,SIN-00773,Factura taller,True,True,2025-07-12,False,Sin observaciones
DOC-002714,SIN-00773,Foto evidencia,True,True,2025-07-16,False,Sin observaciones
DOC-002715,SIN-00773,Cedula asegurado,True,True,2025-07-15,False,Sin observaciones
DOC-002716,SIN-00773,Informe perito,True,True,2025-07-13,False,Sin observaciones
DOC-002717,SIN-00774,Factura taller,True,True,2025-03-08,False,Sin observaciones
DOC-002718,SIN-00774,Denuncia policial,True,True,2025-03-08,False,Sin observaciones
DOC-002719,SIN-00774,Informe perito,True,True,2025-03-09,False,Sin observaciones
DOC-002720,SIN-00775,Foto evidencia,False,True,2026-04-18,False,Sin observaciones
DOC-002721,SIN-00775,Informe perito,False,True,2026-04-18,False,Sin observaciones
DOC-002722,SIN-00775,Denuncia policial,False,True,2026-04-18,False,Sin observaciones
DOC-002723,SIN-00775,Factura taller,False,True,2026-04-21,False,Sin observaciones
DOC-002724,SIN-00775,Cedula asegurado,False,True,2026-04-20,False,Sin observaciones
DOC-002725,SIN-00776,Factura taller,True,True,2026-03-09,False,Sin observaciones
DOC-002726,SIN-00776,Informe perito,True,True,2026-03-09,False,Sin observaciones
DOC-002727,SIN-00777,Denuncia policial,True,True,2027-04-01,False,Sin observaciones
DOC-002728,SIN-00777,Cedula asegurado,True,True,2027-04-03,False,Sin observaciones
DOC-002729,SIN-00777,Foto evidencia,True,True,2027-04-03,False,Sin observaciones
DOC-002730,SIN-00777,Factura taller,True,True,2027-04-02,False,Sin observaciones
DOC-002731,SIN-00777,Informe perito,True,True,2027-04-06,False,Sin observaciones
DOC-002732,SIN-00778,Denuncia policial,True,True,2025-11-13,False,Sin observaciones
DOC-002733,SIN-00778,Informe perito,True,True,2025-11-10,False,Sin observaciones
DOC-002734,SIN-00778,Cedula asegurado,True,True,2025-11-09,False,Sin observaciones
DOC-002735,SIN-00779,Informe perito,True,True,2025-04-30,False,Sin observaciones
DOC-002736,SIN-00779,Factura taller,True,True,2025-05-02,False,Sin observaciones
DOC-002737,SIN-00780,Foto evidencia,True,True,2025-02-17,False,Sin observaciones
DOC-002738,SIN-00780,Factura taller,True,True,2025-02-20,False,Sin observaciones
DOC-002739,SIN-00781,Denuncia policial,True,True,2026-05-12,False,Sin observaciones
DOC-002740,SIN-00781,Foto evidencia,True,True,2026-05-14,False,Sin observaciones
DOC-002741,SIN-00781,Cedula asegurado,True,True,2026-05-13,False,Sin observaciones
DOC-002742,SIN-00782,Cedula asegurado,True,True,2025-05-05,False,Sin observaciones
DOC-002743,SIN-00782,Informe perito,True,True,2025-05-06,False,Sin observaciones
DOC-002744,SIN-00782,Denuncia policial,True,True,2025-05-09,False,Sin observaciones
DOC-002745,SIN-00782,Foto evidencia,True,True,2025-05-09,False,Sin observaciones
DOC-002746,SIN-00783,Denuncia policial,True,True,2025-10-06,False,Sin observaciones
DOC-002747,SIN-00783,Informe perito,True,True,2025-10-05,False,Sin observaciones
DOC-002748,SIN-00783,Foto evidencia,True,True,2025-10-03,False,Sin observaciones
DOC-002749,SIN-00783,Factura taller,True,True,2025-10-01,False,Sin observaciones
DOC-002750,SIN-00784,Denuncia policial,False,True,2026-01-24,False,Sin observaciones
DOC-002751,SIN-00784,Foto evidencia,False,True,2026-01-24,False,Sin observaciones
DOC-002752,SIN-00784,Informe perito,False,True,2026-01-25,False,Sin observaciones
DOC-002753,SIN-00784,Cedula asegurado,False,True,2026-01-26,False,Sin observaciones
DOC-002754,SIN-00785,Cedula asegurado,True,True,2025-07-29,False,Sin observaciones
DOC-002755,SIN-00785,Denuncia policial,True,True,2025-07-30,False,Sin observaciones
DOC-002756,SIN-00785,Foto evidencia,True,True,2025-07-28,False,Sin observaciones
DOC-002757,SIN-00786,Factura taller,True,True,2025-10-20,False,Sin observaciones
DOC-002758,SIN-00786,Denuncia policial,True,True,2025-10-19,False,Sin observaciones
DOC-002759,SIN-00786,Foto evidencia,True,True,2025-10-21,False,Sin observaciones
DOC-002760,SIN-00787,Denuncia policial,True,True,2025-06-12,False,Sin observaciones
DOC-002761,SIN-00787,Factura taller,True,True,2025-06-16,False,Sin observaciones
DOC-002762,SIN-00787,Foto evidencia,True,True,2025-06-13,False,Sin observaciones
DOC-002763,SIN-00787,Informe perito,True,True,2025-06-16,False,Sin observaciones
DOC-002764,SIN-00788,Denuncia policial,True,True,2025-09-15,False,Sin observaciones
DOC-002765,SIN-00788,Factura taller,True,True,2025-09-17,False,Sin observaciones
DOC-002766,SIN-00788,Foto evidencia,True,True,2025-09-16,False,Sin observaciones
DOC-002767,SIN-00789,Factura taller,True,True,2025-04-22,False,Sin observaciones
DOC-002768,SIN-00789,Denuncia policial,True,True,2025-04-24,False,Sin observaciones
DOC-002769,SIN-00789,Cedula asegurado,True,True,2025-04-24,False,Sin observaciones
DOC-002770,SIN-00789,Informe perito,True,True,2025-04-25,False,Sin observaciones
DOC-002771,SIN-00789,Foto evidencia,True,True,2025-04-26,False,Sin observaciones
DOC-002772,SIN-00790,Denuncia policial,False,True,2025-10-05,False,Sin observaciones
DOC-002773,SIN-00790,Foto evidencia,False,True,2025-10-01,False,Sin observaciones
DOC-002774,SIN-00790,Factura taller,False,True,2025-10-03,False,Sin observaciones
DOC-002775,SIN-00791,Denuncia policial,True,True,2025-04-22,False,Sin observaciones
DOC-002776,SIN-00791,Foto evidencia,True,True,2025-04-22,False,Sin observaciones
DOC-002777,SIN-00791,Cedula asegurado,True,True,2025-04-25,False,Sin observaciones
DOC-002778,SIN-00791,Informe perito,True,True,2025-04-21,False,Sin observaciones
DOC-002779,SIN-00791,Factura taller,True,True,2025-04-21,False,Sin observaciones
DOC-002780,SIN-00792,Denuncia policial,True,True,2026-01-03,False,Sin observaciones
DOC-002781,SIN-00792,Informe perito,True,True,2025-12-30,False,Sin observaciones
DOC-002782,SIN-00792,Cedula asegurado,True,True,2025-12-29,False,Sin observaciones
DOC-002783,SIN-00792,Foto evidencia,True,True,2026-01-03,False,Sin observaciones
DOC-002784,SIN-00793,Informe perito,True,True,2025-09-23,False,Sin observaciones
DOC-002785,SIN-00793,Factura taller,True,True,2025-09-23,False,Sin observaciones
DOC-002786,SIN-00793,Denuncia policial,True,True,2025-09-26,False,Sin observaciones
DOC-002787,SIN-00793,Cedula asegurado,True,True,2025-09-22,False,Sin observaciones
DOC-002788,SIN-00794,Foto evidencia,True,True,2026-01-02,False,Sin observaciones
DOC-002789,SIN-00794,Factura taller,True,True,2026-01-02,False,Sin observaciones
DOC-002790,SIN-00794,Denuncia policial,True,True,2026-01-02,False,Sin observaciones
DOC-002791,SIN-00794,Informe perito,True,True,2026-01-03,False,Sin observaciones
DOC-002792,SIN-00794,Cedula asegurado,True,True,2026-01-04,False,Sin observaciones
DOC-002793,SIN-00795,Cedula asegurado,True,True,2026-09-22,False,Sin observaciones
DOC-002794,SIN-00795,Factura taller,True,True,2026-09-19,False,Sin observaciones
DOC-002795,SIN-00795,Informe perito,True,True,2026-09-21,False,Sin observaciones
DOC-002796,SIN-00795,Denuncia policial,True,True,2026-09-19,False,Sin observaciones
DOC-002797,SIN-00796,Factura taller,True,True,2025-10-01,False,Sin observaciones
DOC-002798,SIN-00796,Informe perito,True,True,2025-09-27,False,Sin observaciones
DOC-002799,SIN-00796,Foto evidencia,True,True,2025-09-28,False,Sin observaciones
DOC-002800,SIN-00796,Cedula asegurado,True,True,2025-09-30,False,Sin observaciones
DOC-002801,SIN-00797,Factura taller,False,True,2025-06-08,False,Sin observaciones
DOC-002802,SIN-00797,Informe perito,False,True,2025-06-08,False,Sin observaciones
DOC-002803,SIN-00797,Denuncia policial,False,True,2025-06-08,False,Sin observaciones
DOC-002804,SIN-00797,Foto evidencia,False,True,2025-06-07,False,Sin observaciones
DOC-002805,SIN-00797,Cedula asegurado,False,True,2025-06-09,False,Sin observaciones
DOC-002806,SIN-00798,Cedula asegurado,True,True,2025-10-19,False,Sin observaciones
DOC-002807,SIN-00798,Informe perito,True,True,2025-10-21,False,Sin observaciones
DOC-002808,SIN-00799,Informe perito,True,True,2025-04-25,False,Sin observaciones
DOC-002809,SIN-00799,Factura taller,True,True,2025-04-28,False,Sin observaciones
DOC-002810,SIN-00799,Cedula asegurado,True,True,2025-04-28,False,Sin observaciones
DOC-002811,SIN-00800,Foto evidencia,True,True,2025-03-06,False,Sin observaciones
DOC-002812,SIN-00800,Cedula asegurado,True,True,2025-03-04,False,Sin observaciones
DOC-002813,SIN-00800,Informe perito,True,True,2025-03-03,False,Sin observaciones
DOC-002814,SIN-00801,Denuncia policial,False,False,2026-03-17,True,Fecha previa al evento detectada
DOC-002815,SIN-00801,Cedula asegurado,False,False,2026-03-15,True,Fecha previa al evento detectada
DOC-002816,SIN-00801,Informe perito,False,False,2026-03-15,True,Fecha previa al evento detectada
DOC-002817,SIN-00801,Factura taller,False,True,2026-03-17,False,Sin observaciones
DOC-002818,SIN-00802,Factura taller,True,True,2026-04-19,False,Sin observaciones
DOC-002819,SIN-00802,Denuncia policial,True,True,2026-04-19,False,Sin observaciones
DOC-002820,SIN-00802,Cedula asegurado,True,True,2026-04-19,False,Sin observaciones
DOC-002821,SIN-00803,Informe perito,True,True,2025-03-21,False,Sin observaciones
DOC-002822,SIN-00803,Cedula asegurado,True,True,2025-03-25,False,Sin observaciones
DOC-002823,SIN-00803,Denuncia policial,True,True,2025-03-23,False,Sin observaciones
DOC-002824,SIN-00804,Factura taller,True,True,2024-12-16,False,Sin observaciones
DOC-002825,SIN-00804,Informe perito,True,True,2024-12-17,False,Sin observaciones
DOC-002826,SIN-00804,Foto evidencia,True,True,2024-12-16,False,Sin observaciones
DOC-002827,SIN-00805,Cedula asegurado,True,True,2025-12-31,False,Sin observaciones
DOC-002828,SIN-00805,Informe perito,True,True,2025-12-31,False,Sin observaciones
DOC-002829,SIN-00805,Factura taller,True,True,2025-12-29,False,Sin observaciones
DOC-002830,SIN-00805,Denuncia policial,True,True,2025-12-31,False,Sin observaciones
DOC-002831,SIN-00805,Foto evidencia,True,True,2025-12-28,False,Sin observaciones
DOC-002832,SIN-00806,Denuncia policial,True,True,2025-06-01,False,Sin observaciones
DOC-002833,SIN-00806,Cedula asegurado,True,True,2025-05-29,False,Sin observaciones
DOC-002834,SIN-00806,Foto evidencia,True,True,2025-05-31,False,Sin observaciones
DOC-002835,SIN-00806,Factura taller,True,True,2025-05-28,False,Sin observaciones
DOC-002836,SIN-00807,Foto evidencia,True,True,2025-08-10,False,Sin observaciones
DOC-002837,SIN-00807,Denuncia policial,True,True,2025-08-12,False,Sin observaciones
DOC-002838,SIN-00807,Factura taller,True,True,2025-08-15,False,Sin observaciones
DOC-002839,SIN-00808,Factura taller,True,True,2025-05-27,False,Sin observaciones
DOC-002840,SIN-00808,Foto evidencia,True,True,2025-05-29,False,Sin observaciones
DOC-002841,SIN-00808,Denuncia policial,True,True,2025-06-01,False,Sin observaciones
DOC-002842,SIN-00808,Cedula asegurado,True,True,2025-05-28,False,Sin observaciones
DOC-002843,SIN-00809,Denuncia policial,True,True,2027-02-27,False,Sin observaciones
DOC-002844,SIN-00809,Informe perito,True,True,2027-02-26,False,Sin observaciones
DOC-002845,SIN-00809,Foto evidencia,True,True,2027-02-24,False,Sin observaciones
DOC-002846,SIN-00809,Cedula asegurado,True,True,2027-02-24,False,Sin observaciones
DOC-002847,SIN-00810,Foto evidencia,False,True,2025-02-11,False,Sin observaciones
DOC-002848,SIN-00810,Denuncia policial,False,False,2025-02-11,True,Fecha previa al evento detectada
DOC-002849,SIN-00810,Factura taller,False,False,2025-02-13,True,Fecha previa al evento detectada
DOC-002850,SIN-00810,Cedula asegurado,False,False,2025-02-11,True,Fecha previa al evento detectada
DOC-002851,SIN-00810,Informe perito,False,False,2025-02-11,True,Fecha previa al evento detectada
DOC-002852,SIN-00811,Denuncia policial,True,True,2025-09-26,False,Sin observaciones
DOC-002853,SIN-00811,Cedula asegurado,True,True,2025-09-25,False,Sin observaciones
DOC-002854,SIN-00811,Informe perito,True,True,2025-09-26,False,Sin observaciones
DOC-002855,SIN-00811,Factura taller,True,True,2025-09-27,False,Sin observaciones
DOC-002856,SIN-00812,Foto evidencia,True,True,2025-07-11,False,Sin observaciones
DOC-002857,SIN-00812,Denuncia policial,True,True,2025-07-06,False,Sin observaciones
DOC-002858,SIN-00812,Informe perito,True,True,2025-07-06,False,Sin observaciones
DOC-002859,SIN-00812,Factura taller,True,True,2025-07-09,False,Sin observaciones
DOC-002860,SIN-00812,Cedula asegurado,True,True,2025-07-07,False,Sin observaciones
DOC-002861,SIN-00813,Denuncia policial,True,True,2025-09-25,False,Sin observaciones
DOC-002862,SIN-00813,Foto evidencia,True,True,2025-09-25,False,Sin observaciones
DOC-002863,SIN-00813,Factura taller,True,True,2025-09-22,False,Sin observaciones
DOC-002864,SIN-00813,Cedula asegurado,True,True,2025-09-24,False,Sin observaciones
DOC-002865,SIN-00813,Informe perito,True,True,2025-09-21,False,Sin observaciones
DOC-002866,SIN-00814,Factura taller,True,True,2025-10-19,False,Sin observaciones
DOC-002867,SIN-00814,Foto evidencia,True,True,2025-10-17,False,Sin observaciones
DOC-002868,SIN-00814,Denuncia policial,True,True,2025-10-22,False,Sin observaciones
DOC-002869,SIN-00815,Denuncia policial,True,True,2026-08-25,False,Sin observaciones
DOC-002870,SIN-00815,Factura taller,True,True,2026-08-22,False,Sin observaciones
DOC-002871,SIN-00815,Foto evidencia,True,True,2026-08-22,False,Sin observaciones
DOC-002872,SIN-00816,Informe perito,False,True,2025-05-29,False,Sin observaciones
DOC-002873,SIN-00816,Cedula asegurado,False,True,2025-05-29,False,Sin observaciones
DOC-002874,SIN-00817,Foto evidencia,True,True,2024-07-22,False,Sin observaciones
DOC-002875,SIN-00817,Cedula asegurado,True,True,2024-07-25,False,Sin observaciones
DOC-002876,SIN-00818,Informe perito,True,True,2026-06-17,False,Sin observaciones
DOC-002877,SIN-00818,Denuncia policial,True,True,2026-06-15,False,Sin observaciones
DOC-002878,SIN-00819,Cedula asegurado,True,True,2025-06-16,False,Sin observaciones
DOC-002879,SIN-00819,Denuncia policial,True,True,2025-06-18,False,Sin observaciones
DOC-002880,SIN-00820,Factura taller,True,True,2025-04-03,False,Sin observaciones
DOC-002881,SIN-00820,Informe perito,True,True,2025-04-06,False,Sin observaciones
DOC-002882,SIN-00820,Foto evidencia,True,True,2025-04-08,False,Sin observaciones
DOC-002883,SIN-00820,Denuncia policial,True,True,2025-04-08,False,Sin observaciones
DOC-002884,SIN-00820,Cedula asegurado,True,True,2025-04-05,False,Sin observaciones
DOC-002885,SIN-00821,Cedula asegurado,True,True,2024-12-02,False,Sin observaciones
DOC-002886,SIN-00821,Denuncia policial,True,True,2024-12-05,False,Sin observaciones
DOC-002887,SIN-00822,Factura taller,True,True,2025-02-10,False,Sin observaciones
DOC-002888,SIN-00822,Informe perito,True,True,2025-02-10,False,Sin observaciones
DOC-002889,SIN-00822,Foto evidencia,True,True,2025-02-14,False,Sin observaciones
DOC-002890,SIN-00822,Cedula asegurado,True,True,2025-02-10,False,Sin observaciones
DOC-002891,SIN-00823,Factura taller,True,True,2026-07-20,False,Sin observaciones
DOC-002892,SIN-00823,Informe perito,True,True,2026-07-24,False,Sin observaciones
DOC-002893,SIN-00823,Denuncia policial,True,True,2026-07-20,False,Sin observaciones
DOC-002894,SIN-00823,Cedula asegurado,True,True,2026-07-24,False,Sin observaciones
DOC-002895,SIN-00824,Cedula asegurado,True,True,2026-03-10,False,Sin observaciones
DOC-002896,SIN-00824,Foto evidencia,True,True,2026-03-13,False,Sin observaciones
DOC-002897,SIN-00824,Informe perito,True,True,2026-03-12,False,Sin observaciones
DOC-002898,SIN-00825,Informe perito,True,True,2026-05-14,False,Sin observaciones
DOC-002899,SIN-00825,Denuncia policial,True,True,2026-05-17,False,Sin observaciones
DOC-002900,SIN-00825,Foto evidencia,True,True,2026-05-15,False,Sin observaciones
DOC-002901,SIN-00825,Factura taller,True,True,2026-05-15,False,Sin observaciones
DOC-002902,SIN-00826,Factura taller,True,True,2025-11-23,False,Sin observaciones
DOC-002903,SIN-00826,Cedula asegurado,True,True,2025-11-20,False,Sin observaciones
DOC-002904,SIN-00826,Foto evidencia,True,True,2025-11-20,False,Sin observaciones
DOC-002905,SIN-00827,Factura taller,False,True,2025-10-22,False,Sin observaciones
DOC-002906,SIN-00827,Cedula asegurado,False,True,2025-10-22,False,Sin observaciones
DOC-002907,SIN-00827,Foto evidencia,False,True,2025-10-22,False,Sin observaciones
DOC-002908,SIN-00827,Denuncia policial,False,True,2025-10-25,False,Sin observaciones
DOC-002909,SIN-00827,Informe perito,False,True,2025-10-22,False,Sin observaciones
DOC-002910,SIN-00828,Cedula asegurado,True,True,2025-04-30,False,Sin observaciones
DOC-002911,SIN-00828,Foto evidencia,True,True,2025-05-03,False,Sin observaciones
DOC-002912,SIN-00828,Informe perito,True,True,2025-05-02,False,Sin observaciones
DOC-002913,SIN-00828,Factura taller,True,True,2025-05-01,False,Sin observaciones
DOC-002914,SIN-00828,Denuncia policial,True,True,2025-05-04,False,Sin observaciones
DOC-002915,SIN-00829,Factura taller,False,True,2025-08-06,False,Sin observaciones
DOC-002916,SIN-00829,Cedula asegurado,False,True,2025-08-09,False,Sin observaciones
DOC-002917,SIN-00830,Factura taller,True,True,2026-01-13,False,Sin observaciones
DOC-002918,SIN-00830,Denuncia policial,True,True,2026-01-12,False,Sin observaciones
DOC-002919,SIN-00830,Cedula asegurado,True,True,2026-01-14,False,Sin observaciones
DOC-002920,SIN-00830,Foto evidencia,True,True,2026-01-14,False,Sin observaciones
DOC-002921,SIN-00831,Denuncia policial,False,True,2025-01-31,False,Sin observaciones
DOC-002922,SIN-00831,Informe perito,False,True,2025-01-27,False,Sin observaciones
DOC-002923,SIN-00831,Foto evidencia,False,True,2025-01-30,False,Sin observaciones
DOC-002924,SIN-00831,Cedula asegurado,False,True,2025-01-30,False,Sin observaciones
DOC-002925,SIN-00832,Informe perito,False,False,2024-07-31,True,Fecha previa al evento detectada
DOC-002926,SIN-00832,Foto evidencia,False,False,2024-07-26,True,Fecha previa al evento detectada
DOC-002927,SIN-00833,Informe perito,True,True,2026-01-28,False,Sin observaciones
DOC-002928,SIN-00833,Denuncia policial,True,True,2026-01-27,False,Sin observaciones
DOC-002929,SIN-00833,Factura taller,True,True,2026-01-26,False,Sin observaciones
DOC-002930,SIN-00834,Denuncia policial,True,True,2025-06-04,False,Sin observaciones
DOC-002931,SIN-00834,Foto evidencia,True,True,2025-06-04,False,Sin observaciones
DOC-002932,SIN-00835,Cedula asegurado,False,False,2025-09-19,True,Fecha previa al evento detectada
DOC-002933,SIN-00835,Factura taller,False,False,2025-09-20,True,Fecha previa al evento detectada
DOC-002934,SIN-00836,Denuncia policial,True,True,2025-07-27,False,Sin observaciones
DOC-002935,SIN-00836,Foto evidencia,True,True,2025-07-26,False,Sin observaciones
DOC-002936,SIN-00836,Informe perito,True,True,2025-07-28,False,Sin observaciones
DOC-002937,SIN-00836,Factura taller,True,True,2025-07-28,False,Sin observaciones
DOC-002938,SIN-00836,Cedula asegurado,True,True,2025-07-23,False,Sin observaciones
DOC-002939,SIN-00837,Denuncia policial,False,True,2024-08-06,False,Sin observaciones
DOC-002940,SIN-00837,Informe perito,False,True,2024-08-05,False,Sin observaciones
DOC-002941,SIN-00837,Factura taller,False,True,2024-08-07,False,Sin observaciones
DOC-002942,SIN-00837,Foto evidencia,False,True,2024-08-03,False,Sin observaciones
DOC-002943,SIN-00838,Informe perito,True,True,2025-07-25,False,Sin observaciones
DOC-002944,SIN-00838,Factura taller,True,True,2025-07-20,False,Sin observaciones
DOC-002945,SIN-00838,Cedula asegurado,True,True,2025-07-22,False,Sin observaciones
DOC-002946,SIN-00838,Denuncia policial,True,True,2025-07-22,False,Sin observaciones
DOC-002947,SIN-00838,Foto evidencia,True,True,2025-07-25,False,Sin observaciones
DOC-002948,SIN-00839,Factura taller,False,False,2026-01-05,True,Fecha previa al evento detectada
DOC-002949,SIN-00839,Denuncia policial,False,False,2026-01-03,True,Fecha previa al evento detectada
DOC-002950,SIN-00839,Informe perito,False,True,2026-01-01,False,Sin observaciones
DOC-002951,SIN-00840,Informe perito,True,True,2026-01-02,False,Sin observaciones
DOC-002952,SIN-00840,Factura taller,True,True,2026-01-03,False,Sin observaciones
DOC-002953,SIN-00840,Cedula asegurado,True,True,2025-12-31,False,Sin observaciones
DOC-002954,SIN-00840,Foto evidencia,True,True,2026-01-02,False,Sin observaciones
DOC-002955,SIN-00840,Denuncia policial,True,True,2025-12-31,False,Sin observaciones
DOC-002956,SIN-00841,Foto evidencia,True,True,2026-02-15,False,Sin observaciones
DOC-002957,SIN-00841,Cedula asegurado,True,True,2026-02-11,False,Sin observaciones
DOC-002958,SIN-00842,Denuncia policial,True,True,2024-08-09,False,Sin observaciones
DOC-002959,SIN-00842,Cedula asegurado,True,True,2024-08-13,False,Sin observaciones
DOC-002960,SIN-00842,Foto evidencia,True,True,2024-08-11,False,Sin observaciones
DOC-002961,SIN-00843,Cedula asegurado,False,False,2024-09-07,True,Fecha previa al evento detectada
DOC-002962,SIN-00843,Foto evidencia,False,True,2024-09-05,False,Sin observaciones
DOC-002963,SIN-00844,Denuncia policial,False,False,2025-07-24,True,Fecha previa al evento detectada
DOC-002964,SIN-00844,Factura taller,False,False,2025-07-19,True,Fecha previa al evento detectada
DOC-002965,SIN-00844,Informe perito,False,False,2025-07-20,True,Fecha previa al evento detectada
DOC-002966,SIN-00844,Cedula asegurado,False,False,2025-07-19,True,Fecha previa al evento detectada
DOC-002967,SIN-00844,Foto evidencia,False,False,2025-07-22,True,Fecha previa al evento detectada
DOC-002968,SIN-00845,Factura taller,True,True,2026-05-11,False,Sin observaciones
DOC-002969,SIN-00845,Denuncia policial,True,True,2026-05-06,False,Sin observaciones
DOC-002970,SIN-00845,Foto evidencia,True,True,2026-05-07,False,Sin observaciones
DOC-002971,SIN-00845,Cedula asegurado,True,True,2026-05-09,False,Sin observaciones
DOC-002972,SIN-00846,Denuncia policial,False,True,2024-09-08,False,Sin observaciones
DOC-002973,SIN-00846,Foto evidencia,False,True,2024-09-06,False,Sin observaciones
DOC-002974,SIN-00846,Factura taller,False,True,2024-09-09,False,Sin observaciones
DOC-002975,SIN-00847,Factura taller,False,True,2024-08-07,False,Sin observaciones
DOC-002976,SIN-00847,Denuncia policial,False,True,2024-08-07,False,Sin observaciones
DOC-002977,SIN-00848,Cedula asegurado,False,True,2025-05-10,False,Sin observaciones
DOC-002978,SIN-00848,Factura taller,False,False,2025-05-05,True,Fecha previa al evento detectada
DOC-002979,SIN-00849,Denuncia policial,False,True,2026-01-06,False,Sin observaciones
DOC-002980,SIN-00849,Informe perito,False,False,2026-01-08,True,Fecha previa al evento detectada
DOC-002981,SIN-00849,Factura taller,False,True,2026-01-09,False,Sin observaciones
DOC-002982,SIN-00850,Informe perito,False,False,2025-01-23,True,Fecha previa al evento detectada
DOC-002983,SIN-00850,Cedula asegurado,False,False,2025-01-19,True,Fecha previa al evento detectada
DOC-002984,SIN-00850,Factura taller,False,False,2025-01-24,True,Fecha previa al evento detectada
DOC-002985,SIN-00850,Foto evidencia,False,False,2025-01-21,True,Fecha previa al evento detectada
DOC-002986,SIN-00851,Denuncia policial,True,True,2026-10-06,False,Sin observaciones
DOC-002987,SIN-00851,Foto evidencia,True,True,2026-10-10,False,Sin observaciones
DOC-002988,SIN-00851,Cedula asegurado,True,True,2026-10-08,False,Sin observaciones
DOC-002989,SIN-00851,Factura taller,True,True,2026-10-08,False,Sin observaciones
DOC-002990,SIN-00851,Informe perito,True,True,2026-10-11,False,Sin observaciones
DOC-002991,SIN-00852,Foto evidencia,True,True,2024-11-23,False,Sin observaciones
DOC-002992,SIN-00852,Denuncia policial,True,True,2024-11-21,False,Sin observaciones
DOC-002993,SIN-00852,Factura taller,True,True,2024-11-22,False,Sin observaciones
DOC-002994,SIN-00852,Informe perito,True,True,2024-11-21,False,Sin observaciones
DOC-002995,SIN-00852,Cedula asegurado,True,True,2024-11-25,False,Sin observaciones
DOC-002996,SIN-00853,Factura taller,False,True,2026-02-23,False,Sin observaciones
DOC-002997,SIN-00853,Denuncia policial,False,True,2026-02-25,False,Sin observaciones
DOC-002998,SIN-00853,Informe perito,False,True,2026-02-24,False,Sin observaciones
DOC-002999,SIN-00853,Cedula asegurado,False,True,2026-02-28,False,Sin observaciones
DOC-003000,SIN-00854,Denuncia policial,False,False,2025-02-11,True,Fecha previa al evento detectada
DOC-003001,SIN-00854,Factura taller,False,False,2025-02-13,True,Fecha previa al evento detectada
DOC-003002,SIN-00854,Cedula asegurado,False,False,2025-02-16,True,Fecha previa al evento detectada
DOC-003003,SIN-00854,Foto evidencia,False,False,2025-02-13,True,Fecha previa al evento detectada
DOC-003004,SIN-00854,Informe perito,False,False,2025-02-15,True,Fecha previa al evento detectada
DOC-003005,SIN-00855,Cedula asegurado,True,True,2025-07-07,False,Sin observaciones
DOC-003006,SIN-00855,Informe perito,True,True,2025-07-07,False,Sin observaciones
DOC-003007,SIN-00856,Factura taller,True,True,2024-09-26,False,Sin observaciones
DOC-003008,SIN-00856,Cedula asegurado,True,True,2024-09-25,False,Sin observaciones
DOC-003009,SIN-00856,Foto evidencia,True,True,2024-09-25,False,Sin observaciones
DOC-003010,SIN-00856,Informe perito,True,True,2024-09-24,False,Sin observaciones
DOC-003011,SIN-00857,Cedula asegurado,True,True,2024-10-16,False,Sin observaciones
DOC-003012,SIN-00857,Denuncia policial,True,True,2024-10-13,False,Sin observaciones
DOC-003013,SIN-00858,Cedula asegurado,True,True,2026-07-15,False,Sin observaciones
DOC-003014,SIN-00858,Factura taller,True,True,2026-07-19,False,Sin observaciones
DOC-003015,SIN-00859,Cedula asegurado,True,True,2025-06-14,False,Sin observaciones
DOC-003016,SIN-00859,Denuncia policial,True,True,2025-06-14,False,Sin observaciones
DOC-003017,SIN-00859,Foto evidencia,True,True,2025-06-09,False,Sin observaciones
DOC-003018,SIN-00859,Informe perito,True,True,2025-06-11,False,Sin observaciones
DOC-003019,SIN-00859,Factura taller,True,True,2025-06-12,False,Sin observaciones
DOC-003020,SIN-00860,Foto evidencia,True,True,2025-05-05,False,Sin observaciones
DOC-003021,SIN-00860,Denuncia policial,True,True,2025-05-05,False,Sin observaciones
DOC-003022,SIN-00861,Factura taller,False,False,2024-12-03,True,Fecha previa al evento detectada
DOC-003023,SIN-00861,Informe perito,False,True,2024-11-28,False,Sin observaciones
DOC-003024,SIN-00861,Denuncia policial,False,False,2024-12-03,True,Fecha previa al evento detectada
DOC-003025,SIN-00861,Cedula asegurado,False,False,2024-11-30,True,Fecha previa al evento detectada
DOC-003026,SIN-00862,Foto evidencia,True,True,2026-11-26,False,Sin observaciones
DOC-003027,SIN-00862,Factura taller,True,True,2026-11-26,False,Sin observaciones
DOC-003028,SIN-00863,Cedula asegurado,False,True,2025-03-21,False,Sin observaciones
DOC-003029,SIN-00863,Foto evidencia,False,True,2025-03-17,False,Sin observaciones
DOC-003030,SIN-00863,Informe perito,False,True,2025-03-20,False,Sin observaciones
DOC-003031,SIN-00863,Denuncia policial,False,True,2025-03-17,False,Sin observaciones
DOC-003032,SIN-00864,Cedula asegurado,True,True,2025-10-29,False,Sin observaciones
DOC-003033,SIN-00864,Informe perito,True,True,2025-10-31,False,Sin observaciones
DOC-003034,SIN-00865,Factura taller,False,True,2024-12-06,False,Sin observaciones
DOC-003035,SIN-00865,Denuncia policial,False,False,2024-12-04,True,Fecha previa al evento detectada
DOC-003036,SIN-00866,Foto evidencia,False,True,2025-12-01,False,Sin observaciones
DOC-003037,SIN-00866,Informe perito,False,True,2025-11-30,False,Sin observaciones
DOC-003038,SIN-00866,Denuncia policial,False,True,2025-11-28,False,Sin observaciones
DOC-003039,SIN-00866,Cedula asegurado,False,True,2025-11-30,False,Sin observaciones
DOC-003040,SIN-00867,Informe perito,False,False,2026-04-28,True,Fecha previa al evento detectada
DOC-003041,SIN-00867,Cedula asegurado,False,False,2026-04-27,True,Fecha previa al evento detectada
DOC-003042,SIN-00868,Foto evidencia,True,True,2025-12-08,False,Sin observaciones
DOC-003043,SIN-00868,Informe perito,True,True,2025-12-09,False,Sin observaciones
DOC-003044,SIN-00868,Cedula asegurado,True,True,2025-12-12,False,Sin observaciones
DOC-003045,SIN-00868,Factura taller,True,True,2025-12-13,False,Sin observaciones
DOC-003046,SIN-00868,Denuncia policial,True,True,2025-12-09,False,Sin observaciones
DOC-003047,SIN-00869,Informe perito,True,True,2025-07-07,False,Sin observaciones
DOC-003048,SIN-00869,Cedula asegurado,True,True,2025-07-08,False,Sin observaciones
DOC-003049,SIN-00869,Foto evidencia,True,True,2025-07-09,False,Sin observaciones
DOC-003050,SIN-00869,Factura taller,True,True,2025-07-10,False,Sin observaciones
DOC-003051,SIN-00870,Foto evidencia,True,True,2026-04-05,False,Sin observaciones
DOC-003052,SIN-00870,Informe perito,True,True,2026-04-04,False,Sin observaciones
DOC-003053,SIN-00870,Denuncia policial,True,True,2026-04-05,False,Sin observaciones
DOC-003054,SIN-00870,Cedula asegurado,True,True,2026-04-06,False,Sin observaciones
DOC-003055,SIN-00870,Factura taller,True,True,2026-04-04,False,Sin observaciones
DOC-003056,SIN-00871,Denuncia policial,False,True,2024-06-17,False,Sin observaciones
DOC-003057,SIN-00871,Foto evidencia,False,True,2024-06-17,False,Sin observaciones
DOC-003058,SIN-00871,Factura taller,False,True,2024-06-17,False,Sin observaciones
DOC-003059,SIN-00871,Cedula asegurado,False,True,2024-06-14,False,Sin observaciones
DOC-003060,SIN-00872,Denuncia policial,False,False,2024-07-02,True,Fecha previa al evento detectada
DOC-003061,SIN-00872,Informe perito,False,False,2024-06-30,True,Fecha previa al evento detectada
DOC-003062,SIN-00872,Factura taller,False,False,2024-07-03,True,Fecha previa al evento detectada
DOC-003063,SIN-00873,Cedula asegurado,True,True,2025-02-17,False,Sin observaciones
DOC-003064,SIN-00873,Foto evidencia,True,True,2025-02-22,False,Sin observaciones
DOC-003065,SIN-00874,Foto evidencia,True,True,2025-04-18,False,Sin observaciones
DOC-003066,SIN-00874,Informe perito,True,True,2025-04-18,False,Sin observaciones
DOC-003067,SIN-00874,Cedula asegurado,True,True,2025-04-20,False,Sin observaciones
DOC-003068,SIN-00874,Denuncia policial,True,True,2025-04-17,False,Sin observaciones
DOC-003069,SIN-00875,Denuncia policial,True,True,2025-04-23,False,Sin observaciones
DOC-003070,SIN-00875,Informe perito,True,True,2025-04-19,False,Sin observaciones
DOC-003071,SIN-00875,Foto evidencia,True,True,2025-04-21,False,Sin observaciones
DOC-003072,SIN-00875,Cedula asegurado,True,True,2025-04-24,False,Sin observaciones
DOC-003073,SIN-00876,Informe perito,False,True,2025-04-26,False,Sin observaciones
DOC-003074,SIN-00876,Factura taller,False,True,2025-04-27,False,Sin observaciones
DOC-003075,SIN-00876,Denuncia policial,False,True,2025-04-23,False,Sin observaciones
DOC-003076,SIN-00877,Informe perito,True,True,2026-01-11,False,Sin observaciones
DOC-003077,SIN-00877,Factura taller,True,True,2026-01-13,False,Sin observaciones
DOC-003078,SIN-00877,Denuncia policial,True,True,2026-01-10,False,Sin observaciones
DOC-003079,SIN-00877,Cedula asegurado,True,True,2026-01-11,False,Sin observaciones
DOC-003080,SIN-00877,Foto evidencia,True,True,2026-01-12,False,Sin observaciones
DOC-003081,SIN-00878,Cedula asegurado,False,True,2025-01-16,False,Sin observaciones
DOC-003082,SIN-00878,Informe perito,False,True,2025-01-17,False,Sin observaciones
DOC-003083,SIN-00878,Denuncia policial,False,False,2025-01-15,True,Fecha previa al evento detectada
DOC-003084,SIN-00878,Factura taller,False,False,2025-01-18,True,Fecha previa al evento detectada
DOC-003085,SIN-00878,Foto evidencia,False,False,2025-01-17,True,Fecha previa al evento detectada
DOC-003086,SIN-00879,Foto evidencia,True,True,2025-07-19,False,Sin observaciones
DOC-003087,SIN-00879,Denuncia policial,True,True,2025-07-19,False,Sin observaciones
DOC-003088,SIN-00879,Factura taller,True,True,2025-07-17,False,Sin observaciones
DOC-003089,SIN-00879,Cedula asegurado,True,True,2025-07-15,False,Sin observaciones
DOC-003090,SIN-00880,Denuncia policial,True,True,2026-08-21,False,Sin observaciones
DOC-003091,SIN-00880,Foto evidencia,True,True,2026-08-21,False,Sin observaciones
DOC-003092,SIN-00881,Informe perito,False,True,2024-06-13,False,Sin observaciones
DOC-003093,SIN-00881,Cedula asegurado,False,False,2024-06-14,True,Fecha previa al evento detectada
DOC-003094,SIN-00881,Denuncia policial,False,False,2024-06-14,True,Fecha previa al evento detectada
DOC-003095,SIN-00881,Foto evidencia,False,False,2024-06-15,True,Fecha previa al evento detectada
DOC-003096,SIN-00881,Factura taller,False,True,2024-06-14,False,Sin observaciones
DOC-003097,SIN-00882,Factura taller,True,True,2024-11-15,False,Sin observaciones
DOC-003098,SIN-00882,Denuncia policial,True,True,2024-11-17,False,Sin observaciones
DOC-003099,SIN-00883,Cedula asegurado,True,True,2024-10-30,False,Sin observaciones
DOC-003100,SIN-00883,Foto evidencia,True,True,2024-10-26,False,Sin observaciones
DOC-003101,SIN-00883,Informe perito,True,True,2024-10-29,False,Sin observaciones
DOC-003102,SIN-00884,Foto evidencia,False,False,2024-11-24,True,Fecha previa al evento detectada
DOC-003103,SIN-00884,Factura taller,False,False,2024-11-26,True,Fecha previa al evento detectada
DOC-003104,SIN-00884,Denuncia policial,False,True,2024-11-25,False,Sin observaciones
DOC-003105,SIN-00885,Informe perito,False,True,2024-08-14,False,Sin observaciones
DOC-003106,SIN-00885,Foto evidencia,False,True,2024-08-16,False,Sin observaciones
DOC-003107,SIN-00885,Denuncia policial,False,True,2024-08-12,False,Sin observaciones
DOC-003108,SIN-00885,Factura taller,False,True,2024-08-17,False,Sin observaciones
DOC-003109,SIN-00886,Cedula asegurado,False,False,2025-04-15,True,Fecha previa al evento detectada
DOC-003110,SIN-00886,Factura taller,False,False,2025-04-13,True,Fecha previa al evento detectada
DOC-003111,SIN-00886,Informe perito,False,False,2025-04-17,True,Fecha previa al evento detectada
DOC-003112,SIN-00886,Foto evidencia,False,True,2025-04-15,False,Sin observaciones
DOC-003113,SIN-00886,Denuncia policial,False,False,2025-04-14,True,Fecha previa al evento detectada
DOC-003114,SIN-00887,Denuncia policial,True,True,2025-01-24,False,Sin observaciones
DOC-003115,SIN-00887,Foto evidencia,True,True,2025-01-23,False,Sin observaciones
DOC-003116,SIN-00888,Cedula asegurado,True,True,2026-06-13,False,Sin observaciones
DOC-003117,SIN-00888,Informe perito,True,True,2026-06-15,False,Sin observaciones
DOC-003118,SIN-00888,Denuncia policial,True,True,2026-06-16,False,Sin observaciones
DOC-003119,SIN-00888,Foto evidencia,True,True,2026-06-18,False,Sin observaciones
DOC-003120,SIN-00888,Factura taller,True,True,2026-06-18,False,Sin observaciones
DOC-003121,SIN-00889,Factura taller,True,True,2025-11-08,False,Sin observaciones
DOC-003122,SIN-00889,Cedula asegurado,True,True,2025-11-04,False,Sin observaciones
DOC-003123,SIN-00889,Informe perito,True,True,2025-11-05,False,Sin observaciones
DOC-003124,SIN-00889,Foto evidencia,True,True,2025-11-04,False,Sin observaciones
DOC-003125,SIN-00889,Denuncia policial,True,True,2025-11-03,False,Sin observaciones
DOC-003126,SIN-00890,Informe perito,False,True,2024-12-26,False,Sin observaciones
DOC-003127,SIN-00890,Denuncia policial,False,False,2024-12-27,True,Fecha previa al evento detectada
DOC-003128,SIN-00890,Factura taller,False,False,2024-12-26,True,Fecha previa al evento detectada
DOC-003129,SIN-00891,Factura taller,True,True,2025-08-11,False,Sin observaciones
DOC-003130,SIN-00891,Denuncia policial,True,True,2025-08-16,False,Sin observaciones
DOC-003131,SIN-00891,Cedula asegurado,True,True,2025-08-11,False,Sin observaciones
DOC-003132,SIN-00891,Informe perito,True,True,2025-08-13,False,Sin observaciones
DOC-003133,SIN-00891,Foto evidencia,True,True,2025-08-14,False,Sin observaciones
DOC-003134,SIN-00892,Denuncia policial,False,True,2024-09-20,False,Sin observaciones
DOC-003135,SIN-00892,Factura taller,False,True,2024-09-23,False,Sin observaciones
DOC-003136,SIN-00892,Foto evidencia,False,True,2024-09-21,False,Sin observaciones
DOC-003137,SIN-00892,Informe perito,False,True,2024-09-22,False,Sin observaciones
DOC-003138,SIN-00893,Factura taller,True,True,2026-05-14,False,Sin observaciones
DOC-003139,SIN-00893,Foto evidencia,True,True,2026-05-17,False,Sin observaciones
DOC-003140,SIN-00894,Foto evidencia,True,True,2026-01-11,False,Sin observaciones
DOC-003141,SIN-00894,Cedula asegurado,True,True,2026-01-08,False,Sin observaciones
DOC-003142,SIN-00894,Denuncia policial,True,True,2026-01-10,False,Sin observaciones
DOC-003143,SIN-00894,Informe perito,True,True,2026-01-12,False,Sin observaciones
DOC-003144,SIN-00894,Factura taller,True,True,2026-01-11,False,Sin observaciones
DOC-003145,SIN-00895,Cedula asegurado,False,True,2024-06-18,False,Sin observaciones
DOC-003146,SIN-00895,Factura taller,False,False,2024-06-15,True,Fecha previa al evento detectada
DOC-003147,SIN-00895,Foto evidencia,False,True,2024-06-16,False,Sin observaciones
DOC-003148,SIN-00895,Informe perito,False,False,2024-06-16,True,Fecha previa al evento detectada
DOC-003149,SIN-00895,Denuncia policial,False,False,2024-06-15,True,Fecha previa al evento detectada
DOC-003150,SIN-00896,Factura taller,False,True,2025-05-14,False,Sin observaciones
DOC-003151,SIN-00896,Foto evidencia,False,True,2025-05-15,False,Sin observaciones
DOC-003152,SIN-00896,Denuncia policial,False,True,2025-05-17,False,Sin observaciones
DOC-003153,SIN-00896,Informe perito,False,True,2025-05-15,False,Sin observaciones
DOC-003154,SIN-00897,Foto evidencia,False,True,2025-01-28,False,Sin observaciones
DOC-003155,SIN-00897,Informe perito,False,True,2025-01-27,False,Sin observaciones
DOC-003156,SIN-00897,Denuncia policial,False,True,2025-01-24,False,Sin observaciones
DOC-003157,SIN-00897,Factura taller,False,True,2025-01-26,False,Sin observaciones
DOC-003158,SIN-00897,Cedula asegurado,False,True,2025-01-28,False,Sin observaciones
DOC-003159,SIN-00898,Informe perito,False,True,2026-05-09,False,Sin observaciones
DOC-003160,SIN-00898,Foto evidencia,False,True,2026-05-09,False,Sin observaciones
DOC-003161,SIN-00899,Denuncia policial,True,True,2026-08-15,False,Sin observaciones
DOC-003162,SIN-00899,Cedula asegurado,True,True,2026-08-15,False,Sin observaciones
DOC-003163,SIN-00899,Factura taller,True,True,2026-08-16,False,Sin observaciones
DOC-003164,SIN-00899,Informe perito,True,True,2026-08-15,False,Sin observaciones
DOC-003165,SIN-00900,Denuncia policial,False,False,2024-09-25,True,Fecha previa al evento detectada
DOC-003166,SIN-00900,Factura taller,False,True,2024-09-27,False,Sin observaciones
DOC-003167,SIN-00900,Cedula asegurado,False,True,2024-09-30,False,Sin observaciones
DOC-003168,SIN-00900,Foto evidencia,False,False,2024-09-26,True,Fecha previa al evento detectada
DOC-003169,SIN-00900,Informe perito,False,False,2024-09-30,True,Fecha previa al evento detectada
DOC-003170,SIN-00901,Cedula asegurado,True,True,2025-02-23,False,Sin observaciones
DOC-003171,SIN-00901,Foto evidencia,True,True,2025-02-24,False,Sin observaciones
DOC-003172,SIN-00902,Informe perito,True,True,2025-07-21,False,Sin observaciones
DOC-003173,SIN-00902,Factura taller,True,True,2025-07-18,False,Sin observaciones
DOC-003174,SIN-00902,Cedula asegurado,True,True,2025-07-21,False,Sin observaciones
DOC-003175,SIN-00902,Denuncia policial,True,True,2025-07-21,False,Sin observaciones
DOC-003176,SIN-00903,Denuncia policial,False,False,2024-10-04,True,Fecha previa al evento detectada
DOC-003177,SIN-00903,Cedula asegurado,False,False,2024-10-07,True,Fecha previa al evento detectada
DOC-003178,SIN-00903,Factura taller,False,False,2024-10-05,True,Fecha previa al evento detectada
DOC-003179,SIN-00903,Foto evidencia,False,False,2024-10-03,True,Fecha previa al evento detectada
DOC-003180,SIN-00904,Denuncia policial,False,False,2025-07-07,True,Fecha previa al evento detectada
DOC-003181,SIN-00904,Informe perito,False,False,2025-07-06,True,Fecha previa al evento detectada
DOC-003182,SIN-00905,Cedula asegurado,True,True,2025-01-07,False,Sin observaciones
DOC-003183,SIN-00905,Denuncia policial,True,True,2025-01-03,False,Sin observaciones
DOC-003184,SIN-00905,Foto evidencia,True,True,2025-01-07,False,Sin observaciones
DOC-003185,SIN-00906,Factura taller,True,True,2026-05-12,False,Sin observaciones
DOC-003186,SIN-00906,Cedula asegurado,True,True,2026-05-13,False,Sin observaciones
DOC-003187,SIN-00906,Foto evidencia,True,True,2026-05-14,False,Sin observaciones
DOC-003188,SIN-00906,Denuncia policial,True,True,2026-05-14,False,Sin observaciones
DOC-003189,SIN-00907,Factura taller,True,True,2025-10-27,False,Sin observaciones
DOC-003190,SIN-00907,Foto evidencia,True,True,2025-10-31,False,Sin observaciones
DOC-003191,SIN-00907,Cedula asegurado,True,True,2025-10-30,False,Sin observaciones
DOC-003192,SIN-00907,Informe perito,True,True,2025-10-27,False,Sin observaciones
DOC-003193,SIN-00908,Cedula asegurado,True,True,2026-02-21,False,Sin observaciones
DOC-003194,SIN-00908,Denuncia policial,True,True,2026-02-23,False,Sin observaciones
DOC-003195,SIN-00908,Factura taller,True,True,2026-02-22,False,Sin observaciones
DOC-003196,SIN-00908,Informe perito,True,True,2026-02-23,False,Sin observaciones
DOC-003197,SIN-00909,Factura taller,True,True,2025-07-24,False,Sin observaciones
DOC-003198,SIN-00909,Informe perito,True,True,2025-07-24,False,Sin observaciones
DOC-003199,SIN-00909,Cedula asegurado,True,True,2025-07-22,False,Sin observaciones
DOC-003200,SIN-00909,Foto evidencia,True,True,2025-07-25,False,Sin observaciones
DOC-003201,SIN-00910,Cedula asegurado,False,True,2024-12-14,False,Sin observaciones
DOC-003202,SIN-00910,Factura taller,False,True,2024-12-17,False,Sin observaciones
DOC-003203,SIN-00910,Foto evidencia,False,True,2024-12-16,False,Sin observaciones
DOC-003204,SIN-00910,Denuncia policial,False,True,2024-12-12,False,Sin observaciones
DOC-003205,SIN-00910,Informe perito,False,True,2024-12-14,False,Sin observaciones
DOC-003206,SIN-00911,Cedula asegurado,True,True,2025-09-21,False,Sin observaciones
DOC-003207,SIN-00911,Denuncia policial,True,True,2025-09-18,False,Sin observaciones
DOC-003208,SIN-00911,Factura taller,True,True,2025-09-16,False,Sin observaciones
DOC-003209,SIN-00912,Foto evidencia,True,True,2025-05-17,False,Sin observaciones
DOC-003210,SIN-00912,Factura taller,True,True,2025-05-19,False,Sin observaciones
DOC-003211,SIN-00913,Foto evidencia,True,True,2026-01-09,False,Sin observaciones
DOC-003212,SIN-00913,Denuncia policial,True,True,2026-01-12,False,Sin observaciones
DOC-003213,SIN-00913,Informe perito,True,True,2026-01-10,False,Sin observaciones
DOC-003214,SIN-00913,Cedula asegurado,True,True,2026-01-13,False,Sin observaciones
DOC-003215,SIN-00913,Factura taller,True,True,2026-01-14,False,Sin observaciones
DOC-003216,SIN-00914,Foto evidencia,True,True,2025-01-10,False,Sin observaciones
DOC-003217,SIN-00914,Informe perito,True,True,2025-01-12,False,Sin observaciones
DOC-003218,SIN-00914,Factura taller,True,True,2025-01-12,False,Sin observaciones
DOC-003219,SIN-00915,Foto evidencia,False,True,2025-01-05,False,Sin observaciones
DOC-003220,SIN-00915,Informe perito,False,True,2025-01-08,False,Sin observaciones
DOC-003221,SIN-00915,Cedula asegurado,False,False,2025-01-04,True,Fecha previa al evento detectada
DOC-003222,SIN-00915,Factura taller,False,False,2025-01-06,True,Fecha previa al evento detectada
DOC-003223,SIN-00915,Denuncia policial,False,False,2025-01-08,True,Fecha previa al evento detectada
DOC-003224,SIN-00916,Cedula asegurado,True,True,2026-11-27,False,Sin observaciones
DOC-003225,SIN-00916,Denuncia policial,True,True,2026-11-27,False,Sin observaciones
DOC-003226,SIN-00916,Foto evidencia,True,True,2026-11-26,False,Sin observaciones
DOC-003227,SIN-00916,Informe perito,True,True,2026-11-26,False,Sin observaciones
DOC-003228,SIN-00917,Denuncia policial,True,True,2025-06-29,False,Sin observaciones
DOC-003229,SIN-00917,Cedula asegurado,True,True,2025-06-28,False,Sin observaciones
DOC-003230,SIN-00917,Foto evidencia,True,True,2025-07-01,False,Sin observaciones
DOC-003231,SIN-00917,Factura taller,True,True,2025-07-02,False,Sin observaciones
DOC-003232,SIN-00918,Factura taller,True,True,2025-06-14,False,Sin observaciones
DOC-003233,SIN-00918,Foto evidencia,True,True,2025-06-17,False,Sin observaciones
DOC-003234,SIN-00919,Informe perito,True,True,2025-08-21,False,Sin observaciones
DOC-003235,SIN-00919,Cedula asegurado,True,True,2025-08-20,False,Sin observaciones
DOC-003236,SIN-00919,Denuncia policial,True,True,2025-08-21,False,Sin observaciones
DOC-003237,SIN-00919,Foto evidencia,True,True,2025-08-22,False,Sin observaciones
DOC-003238,SIN-00920,Foto evidencia,True,True,2026-11-02,False,Sin observaciones
DOC-003239,SIN-00920,Denuncia policial,True,True,2026-11-05,False,Sin observaciones
DOC-003240,SIN-00920,Informe perito,True,True,2026-11-04,False,Sin observaciones
DOC-003241,SIN-00920,Cedula asegurado,True,True,2026-11-04,False,Sin observaciones
DOC-003242,SIN-00921,Denuncia policial,True,True,2026-10-17,False,Sin observaciones
DOC-003243,SIN-00921,Cedula asegurado,True,True,2026-10-20,False,Sin observaciones
DOC-003244,SIN-00921,Foto evidencia,True,True,2026-10-20,False,Sin observaciones
DOC-003245,SIN-00921,Factura taller,True,True,2026-10-21,False,Sin observaciones
DOC-003246,SIN-00922,Factura taller,True,True,2025-07-08,False,Sin observaciones
DOC-003247,SIN-00922,Denuncia policial,True,True,2025-07-03,False,Sin observaciones
DOC-003248,SIN-00923,Denuncia policial,True,True,2026-04-16,False,Sin observaciones
DOC-003249,SIN-00923,Cedula asegurado,True,True,2026-04-14,False,Sin observaciones
DOC-003250,SIN-00923,Informe perito,True,True,2026-04-15,False,Sin observaciones
DOC-003251,SIN-00923,Foto evidencia,True,True,2026-04-14,False,Sin observaciones
DOC-003252,SIN-00924,Informe perito,True,True,2025-04-14,False,Sin observaciones
DOC-003253,SIN-00924,Denuncia policial,True,True,2025-04-13,False,Sin observaciones
DOC-003254,SIN-00924,Foto evidencia,True,True,2025-04-11,False,Sin observaciones
DOC-003255,SIN-00924,Cedula asegurado,True,True,2025-04-16,False,Sin observaciones
DOC-003256,SIN-00924,Factura taller,True,True,2025-04-11,False,Sin observaciones
DOC-003257,SIN-00925,Foto evidencia,True,True,2025-12-20,False,Sin observaciones
DOC-003258,SIN-00925,Cedula asegurado,True,True,2025-12-19,False,Sin observaciones
DOC-003259,SIN-00925,Factura taller,True,True,2025-12-19,False,Sin observaciones
DOC-003260,SIN-00925,Informe perito,True,True,2025-12-17,False,Sin observaciones
DOC-003261,SIN-00926,Informe perito,True,True,2024-12-18,False,Sin observaciones
DOC-003262,SIN-00926,Denuncia policial,True,True,2024-12-21,False,Sin observaciones
DOC-003263,SIN-00926,Factura taller,True,True,2024-12-16,False,Sin observaciones
DOC-003264,SIN-00926,Cedula asegurado,True,True,2024-12-21,False,Sin observaciones
DOC-003265,SIN-00926,Foto evidencia,True,True,2024-12-21,False,Sin observaciones
DOC-003266,SIN-00927,Denuncia policial,False,False,2024-12-20,True,Fecha previa al evento detectada
DOC-003267,SIN-00927,Cedula asegurado,False,True,2024-12-20,False,Sin observaciones
DOC-003268,SIN-00927,Foto evidencia,False,False,2024-12-16,True,Fecha previa al evento detectada
DOC-003269,SIN-00927,Factura taller,False,False,2024-12-17,True,Fecha previa al evento detectada
DOC-003270,SIN-00927,Informe perito,False,False,2024-12-19,True,Fecha previa al evento detectada
DOC-003271,SIN-00928,Cedula asegurado,False,False,2025-02-14,True,Fecha previa al evento detectada
DOC-003272,SIN-00928,Informe perito,False,False,2025-02-13,True,Fecha previa al evento detectada
DOC-003273,SIN-00929,Informe perito,False,False,2025-04-24,True,Fecha previa al evento detectada
DOC-003274,SIN-00929,Denuncia policial,False,True,2025-04-26,False,Sin observaciones
DOC-003275,SIN-00929,Factura taller,False,True,2025-04-23,False,Sin observaciones
DOC-003276,SIN-00930,Denuncia policial,True,True,2025-09-11,False,Sin observaciones
DOC-003277,SIN-00930,Factura taller,True,True,2025-09-11,False,Sin observaciones
DOC-003278,SIN-00930,Informe perito,True,True,2025-09-11,False,Sin observaciones
DOC-003279,SIN-00931,Informe perito,True,True,2024-11-14,False,Sin observaciones
DOC-003280,SIN-00931,Foto evidencia,True,True,2024-11-15,False,Sin observaciones
DOC-003281,SIN-00931,Cedula asegurado,True,True,2024-11-12,False,Sin observaciones
DOC-003282,SIN-00931,Factura taller,True,True,2024-11-12,False,Sin observaciones
DOC-003283,SIN-00932,Foto evidencia,True,True,2025-01-25,False,Sin observaciones
DOC-003284,SIN-00932,Denuncia policial,True,True,2025-01-26,False,Sin observaciones
DOC-003285,SIN-00932,Informe perito,True,True,2025-01-25,False,Sin observaciones
DOC-003286,SIN-00933,Cedula asegurado,True,True,2026-01-17,False,Sin observaciones
DOC-003287,SIN-00933,Informe perito,True,True,2026-01-19,False,Sin observaciones
DOC-003288,SIN-00933,Foto evidencia,True,True,2026-01-20,False,Sin observaciones
DOC-003289,SIN-00933,Denuncia policial,True,True,2026-01-17,False,Sin observaciones
DOC-003290,SIN-00934,Denuncia policial,True,True,2026-04-04,False,Sin observaciones
DOC-003291,SIN-00934,Cedula asegurado,True,True,2026-04-06,False,Sin observaciones
DOC-003292,SIN-00934,Factura taller,True,True,2026-04-06,False,Sin observaciones
DOC-003293,SIN-00934,Informe perito,True,True,2026-04-04,False,Sin observaciones
DOC-003294,SIN-00934,Foto evidencia,True,True,2026-04-05,False,Sin observaciones
DOC-003295,SIN-00935,Informe perito,True,True,2025-12-25,False,Sin observaciones
DOC-003296,SIN-00935,Denuncia policial,True,True,2025-12-24,False,Sin observaciones
DOC-003297,SIN-00936,Foto evidencia,True,True,2025-01-12,False,Sin observaciones
DOC-003298,SIN-00936,Cedula asegurado,True,True,2025-01-08,False,Sin observaciones
DOC-003299,SIN-00936,Denuncia policial,True,True,2025-01-10,False,Sin observaciones
DOC-003300,SIN-00936,Factura taller,True,True,2025-01-07,False,Sin observaciones
DOC-003301,SIN-00937,Denuncia policial,True,True,2025-09-20,False,Sin observaciones
DOC-003302,SIN-00937,Informe perito,True,True,2025-09-19,False,Sin observaciones
DOC-003303,SIN-00937,Factura taller,True,True,2025-09-23,False,Sin observaciones
DOC-003304,SIN-00937,Cedula asegurado,True,True,2025-09-21,False,Sin observaciones
DOC-003305,SIN-00938,Factura taller,False,True,2024-10-04,False,Sin observaciones
DOC-003306,SIN-00938,Cedula asegurado,False,True,2024-10-01,False,Sin observaciones
DOC-003307,SIN-00938,Informe perito,False,True,2024-10-03,False,Sin observaciones
DOC-003308,SIN-00939,Foto evidencia,True,True,2025-05-21,False,Sin observaciones
DOC-003309,SIN-00939,Factura taller,True,True,2025-05-22,False,Sin observaciones
DOC-003310,SIN-00939,Informe perito,True,True,2025-05-19,False,Sin observaciones
DOC-003311,SIN-00939,Denuncia policial,True,True,2025-05-20,False,Sin observaciones
DOC-003312,SIN-00939,Cedula asegurado,True,True,2025-05-21,False,Sin observaciones
DOC-003313,SIN-00940,Foto evidencia,False,False,2024-06-04,True,Fecha previa al evento detectada
DOC-003314,SIN-00940,Factura taller,False,True,2024-06-05,False,Sin observaciones
DOC-003315,SIN-00940,Cedula asegurado,False,True,2024-06-05,False,Sin observaciones
DOC-003316,SIN-00940,Denuncia policial,False,True,2024-06-01,False,Sin observaciones
DOC-003317,SIN-00940,Informe perito,False,False,2024-06-05,True,Fecha previa al evento detectada
DOC-003318,SIN-00941,Informe perito,False,True,2025-05-31,False,Sin observaciones
DOC-003319,SIN-00941,Factura taller,False,True,2025-05-31,False,Sin observaciones
DOC-003320,SIN-00941,Foto evidencia,False,False,2025-05-31,True,Fecha previa al evento detectada
DOC-003321,SIN-00942,Cedula asegurado,True,True,2024-12-16,False,Sin observaciones
DOC-003322,SIN-00942,Informe perito,True,True,2024-12-14,False,Sin observaciones
DOC-003323,SIN-00943,Foto evidencia,True,True,2026-10-29,False,Sin observaciones
DOC-003324,SIN-00943,Cedula asegurado,True,True,2026-10-28,False,Sin observaciones
DOC-003325,SIN-00944,Cedula asegurado,True,True,2026-05-26,False,Sin observaciones
DOC-003326,SIN-00944,Denuncia policial,True,True,2026-05-28,False,Sin observaciones
DOC-003327,SIN-00944,Foto evidencia,True,True,2026-05-28,False,Sin observaciones
DOC-003328,SIN-00945,Informe perito,True,True,2024-08-04,False,Sin observaciones
DOC-003329,SIN-00945,Foto evidencia,True,True,2024-08-08,False,Sin observaciones
DOC-003330,SIN-00946,Denuncia policial,True,True,2024-07-26,False,Sin observaciones
DOC-003331,SIN-00946,Foto evidencia,True,True,2024-07-25,False,Sin observaciones
DOC-003332,SIN-00946,Informe perito,True,True,2024-07-26,False,Sin observaciones
DOC-003333,SIN-00946,Factura taller,True,True,2024-07-26,False,Sin observaciones
DOC-003334,SIN-00946,Cedula asegurado,True,True,2024-07-26,False,Sin observaciones
DOC-003335,SIN-00947,Foto evidencia,False,False,2025-07-24,True,Fecha previa al evento detectada
DOC-003336,SIN-00947,Denuncia policial,False,True,2025-07-24,False,Sin observaciones
DOC-003337,SIN-00947,Cedula asegurado,False,False,2025-07-25,True,Fecha previa al evento detectada
DOC-003338,SIN-00948,Foto evidencia,True,True,2025-06-11,False,Sin observaciones
DOC-003339,SIN-00948,Factura taller,True,True,2025-06-08,False,Sin observaciones
DOC-003340,SIN-00948,Denuncia policial,True,True,2025-06-06,False,Sin observaciones
DOC-003341,SIN-00948,Cedula asegurado,True,True,2025-06-07,False,Sin observaciones
DOC-003342,SIN-00948,Informe perito,True,True,2025-06-10,False,Sin observaciones
DOC-003343,SIN-00949,Factura taller,True,True,2024-12-05,False,Sin observaciones
DOC-003344,SIN-00949,Foto evidencia,True,True,2024-12-03,False,Sin observaciones
DOC-003345,SIN-00949,Cedula asegurado,True,True,2024-12-03,False,Sin observaciones
DOC-003346,SIN-00949,Informe perito,True,True,2024-12-05,False,Sin observaciones
DOC-003347,SIN-00950,Foto evidencia,True,True,2026-11-29,False,Sin observaciones
DOC-003348,SIN-00950,Informe perito,True,True,2026-11-30,False,Sin observaciones
DOC-003349,SIN-00950,Factura taller,True,True,2026-11-28,False,Sin observaciones
DOC-003350,SIN-00950,Cedula asegurado,True,True,2026-11-29,False,Sin observaciones
DOC-003351,SIN-00951,Factura taller,True,True,2025-08-22,False,Sin observaciones
DOC-003352,SIN-00951,Informe perito,True,True,2025-08-23,False,Sin observaciones
DOC-003353,SIN-00951,Denuncia policial,True,True,2025-08-24,False,Sin observaciones
DOC-003354,SIN-00951,Cedula asegurado,True,True,2025-08-23,False,Sin observaciones
DOC-003355,SIN-00951,Foto evidencia,True,True,2025-08-22,False,Sin observaciones
DOC-003356,SIN-00952,Cedula asegurado,False,False,2026-05-14,True,Fecha previa al evento detectada
DOC-003357,SIN-00952,Foto evidencia,False,False,2026-05-13,True,Fecha previa al evento detectada
DOC-003358,SIN-00953,Foto evidencia,False,True,2024-10-10,False,Sin observaciones
DOC-003359,SIN-00953,Denuncia policial,False,True,2024-10-12,False,Sin observaciones
DOC-003360,SIN-00953,Factura taller,False,False,2024-10-09,True,Fecha previa al evento detectada
DOC-003361,SIN-00953,Informe perito,False,False,2024-10-08,True,Fecha previa al evento detectada
DOC-003362,SIN-00953,Cedula asegurado,False,False,2024-10-13,True,Fecha previa al evento detectada
DOC-003363,SIN-00954,Cedula asegurado,True,True,2025-05-29,False,Sin observaciones
DOC-003364,SIN-00954,Informe perito,True,True,2025-05-31,False,Sin observaciones
DOC-003365,SIN-00955,Denuncia policial,True,True,2026-10-02,False,Sin observaciones
DOC-003366,SIN-00955,Cedula asegurado,True,True,2026-10-02,False,Sin observaciones
DOC-003367,SIN-00955,Foto evidencia,True,True,2026-10-03,False,Sin observaciones
DOC-003368,SIN-00956,Denuncia policial,True,True,2025-11-27,False,Sin observaciones
DOC-003369,SIN-00956,Factura taller,True,True,2025-11-27,False,Sin observaciones
DOC-003370,SIN-00956,Informe perito,True,True,2025-11-27,False,Sin observaciones
DOC-003371,SIN-00956,Foto evidencia,True,True,2025-12-02,False,Sin observaciones
DOC-003372,SIN-00956,Cedula asegurado,True,True,2025-11-27,False,Sin observaciones
DOC-003373,SIN-00957,Cedula asegurado,False,False,2025-11-02,True,Fecha previa al evento detectada
DOC-003374,SIN-00957,Denuncia policial,False,False,2025-11-06,True,Fecha previa al evento detectada
DOC-003375,SIN-00957,Foto evidencia,False,True,2025-11-05,False,Sin observaciones
DOC-003376,SIN-00957,Informe perito,False,False,2025-11-01,True,Fecha previa al evento detectada
DOC-003377,SIN-00958,Informe perito,False,True,2025-10-15,False,Sin observaciones
DOC-003378,SIN-00958,Cedula asegurado,False,False,2025-10-13,True,Fecha previa al evento detectada
DOC-003379,SIN-00959,Foto evidencia,True,True,2024-09-24,False,Sin observaciones
DOC-003380,SIN-00959,Informe perito,True,True,2024-09-24,False,Sin observaciones
DOC-003381,SIN-00959,Factura taller,True,True,2024-09-22,False,Sin observaciones
DOC-003382,SIN-00960,Cedula asegurado,False,False,2026-01-03,True,Fecha previa al evento detectada
DOC-003383,SIN-00960,Informe perito,False,True,2026-01-01,False,Sin observaciones
DOC-003384,SIN-00960,Denuncia policial,False,False,2026-01-02,True,Fecha previa al evento detectada
DOC-003385,SIN-00960,Foto evidencia,False,False,2026-01-02,True,Fecha previa al evento detectada
DOC-003386,SIN-00960,Factura taller,False,True,2026-01-05,False,Sin observaciones
DOC-003387,SIN-00961,Cedula asegurado,True,True,2026-09-06,False,Sin observaciones
DOC-003388,SIN-00961,Foto evidencia,True,True,2026-09-06,False,Sin observaciones
DOC-003389,SIN-00962,Factura taller,True,True,2024-10-09,False,Sin observaciones
DOC-003390,SIN-00962,Informe perito,True,True,2024-10-11,False,Sin observaciones
DOC-003391,SIN-00962,Cedula asegurado,True,True,2024-10-10,False,Sin observaciones
DOC-003392,SIN-00962,Denuncia policial,True,True,2024-10-11,False,Sin observaciones
DOC-003393,SIN-00963,Foto evidencia,True,True,2026-02-04,False,Sin observaciones
DOC-003394,SIN-00963,Cedula asegurado,True,True,2026-02-02,False,Sin observaciones
DOC-003395,SIN-00964,Cedula asegurado,True,True,2026-07-30,False,Sin observaciones
DOC-003396,SIN-00964,Informe perito,True,True,2026-07-28,False,Sin observaciones
DOC-003397,SIN-00964,Denuncia policial,True,True,2026-07-30,False,Sin observaciones
DOC-003398,SIN-00965,Cedula asegurado,True,True,2025-05-03,False,Sin observaciones
DOC-003399,SIN-00965,Informe perito,True,True,2025-05-06,False,Sin observaciones
DOC-003400,SIN-00965,Factura taller,True,True,2025-05-05,False,Sin observaciones
DOC-003401,SIN-00966,Foto evidencia,True,True,2026-01-05,False,Sin observaciones
DOC-003402,SIN-00966,Cedula asegurado,True,True,2026-01-07,False,Sin observaciones
DOC-003403,SIN-00966,Factura taller,True,True,2026-01-08,False,Sin observaciones
DOC-003404,SIN-00966,Denuncia policial,True,True,2026-01-07,False,Sin observaciones
DOC-003405,SIN-00966,Informe perito,True,True,2026-01-08,False,Sin observaciones
DOC-003406,SIN-00967,Informe perito,True,True,2024-11-10,False,Sin observaciones
DOC-003407,SIN-00967,Cedula asegurado,True,True,2024-11-06,False,Sin observaciones
DOC-003408,SIN-00967,Factura taller,True,True,2024-11-11,False,Sin observaciones
DOC-003409,SIN-00968,Foto evidencia,True,True,2026-07-18,False,Sin observaciones
DOC-003410,SIN-00968,Informe perito,True,True,2026-07-19,False,Sin observaciones
DOC-003411,SIN-00969,Denuncia policial,True,True,2024-06-05,False,Sin observaciones
DOC-003412,SIN-00969,Informe perito,True,True,2024-06-05,False,Sin observaciones
DOC-003413,SIN-00970,Informe perito,True,True,2025-07-15,False,Sin observaciones
DOC-003414,SIN-00970,Factura taller,True,True,2025-07-14,False,Sin observaciones
DOC-003415,SIN-00971,Denuncia policial,False,False,2026-03-23,True,Fecha previa al evento detectada
DOC-003416,SIN-00971,Informe perito,False,False,2026-03-28,True,Fecha previa al evento detectada
DOC-003417,SIN-00972,Cedula asegurado,True,True,2026-06-03,False,Sin observaciones
DOC-003418,SIN-00972,Factura taller,True,True,2026-06-03,False,Sin observaciones
DOC-003419,SIN-00972,Denuncia policial,True,True,2026-06-02,False,Sin observaciones
DOC-003420,SIN-00972,Foto evidencia,True,True,2026-06-06,False,Sin observaciones
DOC-003421,SIN-00972,Informe perito,True,True,2026-06-05,False,Sin observaciones
DOC-003422,SIN-00973,Foto evidencia,True,True,2025-03-20,False,Sin observaciones
DOC-003423,SIN-00973,Informe perito,True,True,2025-03-19,False,Sin observaciones
DOC-003424,SIN-00973,Cedula asegurado,True,True,2025-03-20,False,Sin observaciones
DOC-003425,SIN-00973,Denuncia policial,True,True,2025-03-17,False,Sin observaciones
DOC-003426,SIN-00973,Factura taller,True,True,2025-03-15,False,Sin observaciones
DOC-003427,SIN-00974,Informe perito,True,True,2025-05-28,False,Sin observaciones
DOC-003428,SIN-00974,Denuncia policial,True,True,2025-05-23,False,Sin observaciones
DOC-003429,SIN-00974,Foto evidencia,True,True,2025-05-23,False,Sin observaciones
DOC-003430,SIN-00975,Factura taller,True,True,2025-04-12,False,Sin observaciones
DOC-003431,SIN-00975,Cedula asegurado,True,True,2025-04-10,False,Sin observaciones
DOC-003432,SIN-00975,Foto evidencia,True,True,2025-04-14,False,Sin observaciones
DOC-003433,SIN-00975,Denuncia policial,True,True,2025-04-10,False,Sin observaciones
DOC-003434,SIN-00976,Denuncia policial,True,True,2026-10-22,False,Sin observaciones
DOC-003435,SIN-00976,Cedula asegurado,True,True,2026-10-27,False,Sin observaciones
DOC-003436,SIN-00977,Denuncia policial,False,True,2026-01-18,False,Sin observaciones
DOC-003437,SIN-00977,Informe perito,False,True,2026-01-17,False,Sin observaciones
DOC-003438,SIN-00977,Foto evidencia,False,False,2026-01-16,True,Fecha previa al evento detectada
DOC-003439,SIN-00977,Cedula asegurado,False,True,2026-01-13,False,Sin observaciones
DOC-003440,SIN-00978,Cedula asegurado,True,True,2026-10-02,False,Sin observaciones
DOC-003441,SIN-00978,Denuncia policial,True,True,2026-10-05,False,Sin observaciones
DOC-003442,SIN-00978,Factura taller,True,True,2026-10-04,False,Sin observaciones
DOC-003443,SIN-00978,Informe perito,True,True,2026-10-07,False,Sin observaciones
DOC-003444,SIN-00978,Foto evidencia,True,True,2026-10-05,False,Sin observaciones
DOC-003445,SIN-00979,Foto evidencia,True,True,2024-09-24,False,Sin observaciones
DOC-003446,SIN-00979,Factura taller,True,True,2024-09-25,False,Sin observaciones
DOC-003447,SIN-00979,Informe perito,True,True,2024-09-21,False,Sin observaciones
DOC-003448,SIN-00979,Cedula asegurado,True,True,2024-09-21,False,Sin observaciones
DOC-003449,SIN-00979,Denuncia policial,True,True,2024-09-25,False,Sin observaciones
DOC-003450,SIN-00980,Foto evidencia,True,True,2026-05-11,False,Sin observaciones
DOC-003451,SIN-00980,Cedula asegurado,True,True,2026-05-11,False,Sin observaciones
DOC-003452,SIN-00980,Informe perito,True,True,2026-05-13,False,Sin observaciones
DOC-003453,SIN-00980,Denuncia policial,True,True,2026-05-09,False,Sin observaciones
DOC-003454,SIN-00980,Factura taller,True,True,2026-05-10,False,Sin observaciones
DOC-003455,SIN-00981,Foto evidencia,True,True,2025-05-24,False,Sin observaciones
DOC-003456,SIN-00981,Factura taller,True,True,2025-05-24,False,Sin observaciones
DOC-003457,SIN-00981,Informe perito,True,True,2025-05-24,False,Sin observaciones
DOC-003458,SIN-00981,Denuncia policial,True,True,2025-05-24,False,Sin observaciones
DOC-003459,SIN-00981,Cedula asegurado,True,True,2025-05-23,False,Sin observaciones
DOC-003460,SIN-00982,Cedula asegurado,True,True,2025-05-21,False,Sin observaciones
DOC-003461,SIN-00982,Denuncia policial,True,True,2025-05-19,False,Sin observaciones
DOC-003462,SIN-00982,Factura taller,True,True,2025-05-19,False,Sin observaciones
DOC-003463,SIN-00983,Foto evidencia,True,True,2025-01-23,False,Sin observaciones
DOC-003464,SIN-00983,Informe perito,True,True,2025-01-24,False,Sin observaciones
DOC-003465,SIN-00983,Denuncia policial,True,True,2025-01-28,False,Sin observaciones
DOC-003466,SIN-00983,Cedula asegurado,True,True,2025-01-26,False,Sin observaciones
DOC-003467,SIN-00983,Factura taller,True,True,2025-01-28,False,Sin observaciones
DOC-003468,SIN-00984,Foto evidencia,False,False,2026-01-11,True,Fecha previa al evento detectada
DOC-003469,SIN-00984,Informe perito,False,True,2026-01-09,False,Sin observaciones
DOC-003470,SIN-00984,Denuncia policial,False,False,2026-01-11,True,Fecha previa al evento detectada
DOC-003471,SIN-00984,Factura taller,False,False,2026-01-06,True,Fecha previa al evento detectada
DOC-003472,SIN-00985,Denuncia policial,False,False,2025-11-11,True,Fecha previa al evento detectada
DOC-003473,SIN-00985,Factura taller,False,False,2025-11-06,True,Fecha previa al evento detectada
DOC-003474,SIN-00985,Informe perito,False,True,2025-11-09,False,Sin observaciones
DOC-003475,SIN-00985,Cedula asegurado,False,True,2025-11-11,False,Sin observaciones
DOC-003476,SIN-00985,Foto evidencia,False,True,2025-11-08,False,Sin observaciones
DOC-003477,SIN-00986,Denuncia policial,False,True,2024-12-26,False,Sin observaciones
DOC-003478,SIN-00986,Cedula asegurado,False,True,2024-12-27,False,Sin observaciones
DOC-003479,SIN-00986,Factura taller,False,True,2024-12-27,False,Sin observaciones
DOC-003480,SIN-00987,Factura taller,False,True,2024-08-29,False,Sin observaciones
DOC-003481,SIN-00987,Foto evidencia,False,True,2024-08-31,False,Sin observaciones
DOC-003482,SIN-00987,Informe perito,False,True,2024-08-29,False,Sin observaciones
DOC-003483,SIN-00987,Cedula asegurado,False,False,2024-08-29,True,Fecha previa al evento detectada
DOC-003484,SIN-00988,Informe perito,False,True,2025-11-01,False,Sin observaciones
DOC-003485,SIN-00988,Cedula asegurado,False,True,2025-11-01,False,Sin observaciones
DOC-003486,SIN-00988,Factura taller,False,True,2025-10-29,False,Sin observaciones
DOC-003487,SIN-00988,Denuncia policial,False,True,2025-11-03,False,Sin observaciones
DOC-003488,SIN-00989,Cedula asegurado,True,True,2027-01-20,False,Sin observaciones
DOC-003489,SIN-00989,Factura taller,True,True,2027-01-21,False,Sin observaciones
DOC-003490,SIN-00989,Informe perito,True,True,2027-01-22,False,Sin observaciones
DOC-003491,SIN-00989,Foto evidencia,True,True,2027-01-20,False,Sin observaciones
DOC-003492,SIN-00990,Informe perito,True,True,2025-12-14,False,Sin observaciones
DOC-003493,SIN-00990,Foto evidencia,True,True,2025-12-10,False,Sin observaciones
DOC-003494,SIN-00990,Denuncia policial,True,True,2025-12-12,False,Sin observaciones
DOC-003495,SIN-00990,Factura taller,True,True,2025-12-11,False,Sin observaciones
DOC-003496,SIN-00990,Cedula asegurado,True,True,2025-12-11,False,Sin observaciones
DOC-003497,SIN-00991,Denuncia policial,True,True,2025-09-11,False,Sin observaciones
DOC-003498,SIN-00991,Factura taller,True,True,2025-09-11,False,Sin observaciones
DOC-003499,SIN-00991,Informe perito,True,True,2025-09-13,False,Sin observaciones
DOC-003500,SIN-00991,Foto evidencia,True,True,2025-09-09,False,Sin observaciones
DOC-003501,SIN-00992,Factura taller,True,True,2024-12-19,False,Sin observaciones
DOC-003502,SIN-00992,Informe perito,True,True,2024-12-16,False,Sin observaciones
DOC-003503,SIN-00992,Cedula asegurado,True,True,2024-12-20,False,Sin observaciones
DOC-003504,SIN-00992,Foto evidencia,True,True,2024-12-20,False,Sin observaciones
DOC-003505,SIN-00992,Denuncia policial,True,True,2024-12-17,False,Sin observaciones
DOC-003506,SIN-00993,Informe perito,True,True,2025-08-12,False,Sin observaciones
DOC-003507,SIN-00993,Factura taller,True,True,2025-08-13,False,Sin observaciones
DOC-003508,SIN-00994,Denuncia policial,True,True,2025-04-09,False,Sin observaciones
DOC-003509,SIN-00994,Cedula asegurado,True,True,2025-04-09,False,Sin observaciones
DOC-003510,SIN-00995,Denuncia policial,False,True,2024-12-13,False,Sin observaciones
DOC-003511,SIN-00995,Cedula asegurado,False,True,2024-12-15,False,Sin observaciones
DOC-003512,SIN-00995,Informe perito,False,True,2024-12-12,False,Sin observaciones
DOC-003513,SIN-00995,Factura taller,False,True,2024-12-15,False,Sin observaciones
DOC-003514,SIN-00996,Informe perito,False,True,2024-09-26,False,Sin observaciones
DOC-003515,SIN-00996,Cedula asegurado,False,True,2024-09-28,False,Sin observaciones
DOC-003516,SIN-00996,Factura taller,False,True,2024-09-26,False,Sin observaciones
DOC-003517,SIN-00996,Denuncia policial,False,True,2024-10-01,False,Sin observaciones
DOC-003518,SIN-00997,Foto evidencia,True,True,2026-01-20,False,Sin observaciones
DOC-003519,SIN-00997,Informe perito,True,True,2026-01-21,False,Sin observaciones
DOC-003520,SIN-00997,Factura taller,True,True,2026-01-23,False,Sin observaciones
DOC-003521,SIN-00997,Denuncia policial,True,True,2026-01-22,False,Sin observaciones
DOC-003522,SIN-00998,Denuncia policial,True,True,2026-04-11,False,Sin observaciones
DOC-003523,SIN-00998,Foto evidencia,True,True,2026-04-10,False,Sin observaciones
DOC-003524,SIN-00998,Cedula asegurado,True,True,2026-04-07,False,Sin observaciones
DOC-003525,SIN-00999,Foto evidencia,True,True,2025-06-15,False,Sin observaciones
DOC-003526,SIN-00999,Cedula asegurado,True,True,2025-06-20,False,Sin observaciones
DOC-003527,SIN-00999,Denuncia policial,True,True,2025-06-19,False,Sin observaciones
DOC-003528,SIN-01000,Cedula asegurado,True,True,2026-01-31,False,Sin observaciones
DOC-003529,SIN-01000,Factura taller,True,True,2026-02-02,False,Sin observaciones
DOC-003530,SIN-01000,Foto evidencia,True,True,2026-01-28,False,Sin observaciones
DOC-003531,SIN-01000,Informe perito,True,True,2026-02-01,False,Sin observaciones
