id_siniestro,monto_reclamado,dias_desde_inicio_poliza,dias_entre_ocurrencia_reporte,historial_siniestros_asegurado,documentos_completos,id_proveedor,suma_asegurada,cobertura,ciudad,ramo,beneficiario,descripcion,id_asegurado,placa,frecuencia_placa,marca_vehiculo,modelo_vehiculo,anio_vehiculo,frecuencia_conductor_veh,frecuencia_conductor,doc_inconsistente,frecuencia_beneficiario,similitud_narrativa,score,nivel_riesgo,alertas,anomalia_score,es_anomalia
SIN-00004,26148.04,2,12,6,False,P007,28973.55,Robo,Ambato,Vehiculos,Grua Rapida,Colision frontal con vehiculo desconocido en horas de la madrugada sin testigos.,ASG-00285,H361E582,2,Hyundai,Tucson,2018,0,1,True,92,0.9999999999999993,69,ROJO,"Siniestro ocurrido en los primeros 10 dias de la poliza (+8 pts) | Reporte tardio: mas de 7 dias despues del evento (+5 pts) | Asegurado con 3 o mas siniestros en 18 meses (+8 pts) | Documentos incompletos o faltantes (+4 pts) | Proveedor en lista restrictiva (+10 pts) | Beneficiario asociado a mas de 2 siniestros en la cartera (+5 pts) | Robo reportado con mas de 48 horas de demora (+8 pts) | Dinamica sospechosa: narrativa con indicadores de riesgo (+5 pts) | Documentacion con inconsistencia detectada (+8 pts) | Narrativa muy similar a otro reclamo (100% similitud, +8 pts)",0.0391316706528505,0
SIN-00005,8629.79,30,6,3,True,P007,11531.74,Atencion medica,Quito,Vida,Grua Rapida,Dano por granizo en estacionamiento del trabajo. Evidencia fotografica adjunta.,ASG-00362,H361E582,2,Mazda,BT-50,2015,0,0,False,92,1.0,38,AMARILLO,"Siniestro ocurrido en los primeros 30 dias de la poliza (+4 pts) | Reporte con demora de 4 a 7 dias (+3 pts) | Asegurado con 3 o mas siniestros en 18 meses (+8 pts) | Proveedor en lista restrictiva (+10 pts) | Beneficiario asociado a mas de 2 siniestros en la cartera (+5 pts) | Narrativa muy similar a otro reclamo (100% similitud, +8 pts)",-0.009060113718774687,1
SIN-00007,6265.89,5,14,4,False,P002,6829.39,Robo,Cuenca,Generales,Clinica San Marcos,Colision frontal con vehiculo desconocido en horas de la madrugada sin testigos.,ASG-00030,M885M552,3,Nissan,Kicks,2022,0,0,True,86,0.9999999999999993,75,ROJO,"Siniestro ocurrido en los primeros 10 dias de la poliza (+8 pts) | Reporte tardio: mas de 7 dias despues del evento (+5 pts) | Asegurado con 3 o mas siniestros en 18 meses (+8 pts) | Documentos incompletos o faltantes (+4 pts) | Proveedor en lista restrictiva (+10 pts) | Beneficiario asociado a mas de 2 siniestros en la cartera (+5 pts) | Robo reportado con mas de 48 horas de demora (+8 pts) | Alta frecuencia vehiculo: misma placa en 3 o mas siniestros (+6 pts) | Dinamica sospechosa: narrativa con indicadores de riesgo (+5 pts) | Documentacion con inconsistencia detectada (+8 pts) | Narrativa muy similar a otro reclamo (100% similitud, +8 pts)",0.020732492887226783,0
SIN-00008,18573.77,18,2,2,False,P007,29267.87,Responsabilidad Civil,Manta,Salud,Grua Rapida,Accidente en carretera con policia presente. Croquis firmado por ambas partes.,ASG-00247,M885M552,3,Mazda,2,2019,0,0,False,92,1.0000000000000002,47,ROJO,"Siniestro ocurrido en los primeros 30 dias de la poliza (+4 pts) | Asegurado con 2 siniestros recientes (+4 pts) | Documentos incompletos o faltantes (+4 pts) | Proveedor en lista restrictiva (+10 pts) | Beneficiario asociado a mas de 2 siniestros en la cartera (+5 pts) | Alta frecuencia vehiculo: misma placa en 3 o mas siniestros (+6 pts) | Dinamica sospechosa: cobertura Responsabilidad Civil sola (+6 pts) | Narrativa muy similar a otro reclamo (100% similitud, +8 pts)",-0.006404989715898757,1
SIN-00009,31275.95,3,13,6,False,P002,34131.72,Robo,Quito,Vida,Clinica San Marcos,El asegurado reporta que su vehiculo fue robado en un estacionamiento sin camaras.,ASG-00005,M885M552,3,Toyota,Corolla,2017,0,0,True,86,1.0,70,ROJO,"Siniestro ocurrido en los primeros 10 dias de la poliza (+8 pts) | Reporte tardio: mas de 7 dias despues del evento (+5 pts) | Asegurado con 3 o mas siniestros en 18 meses (+8 pts) | Documentos incompletos o faltantes (+4 pts) | Proveedor en lista restrictiva (+10 pts) | Beneficiario asociado a mas de 2 siniestros en la cartera (+5 pts) | Robo reportado con mas de 48 horas de demora (+8 pts) | Alta frecuencia vehiculo: misma placa en 3 o mas siniestros (+6 pts) | Documentacion con inconsistencia detectada (+8 pts) | Narrativa muy similar a otro reclamo (100% similitud, +8 pts)",0.028023465368171685,0
SIN-00012,40107.24,3,11,3,False,P001,43091.64,Robo,Ambato,Salud,Taller El Veloz,Colision frontal con vehiculo desconocido en horas de la madrugada sin testigos.,ASG-00301,N577F720,1,Kia,Sportage,2018,0,0,True,80,0.9999999999999993,69,ROJO,"Siniestro ocurrido en los primeros 10 dias de la poliza (+8 pts) | Reporte tardio: mas de 7 dias despues del evento (+5 pts) | Asegurado con 3 o mas siniestros en 18 meses (+8 pts) | Documentos incompletos o faltantes (+4 pts) | Proveedor en lista restrictiva (+10 pts) | Beneficiario asociado a mas de 2 siniestros en la cartera (+5 pts) | Robo reportado con mas de 48 horas de demora (+8 pts) | Dinamica sospechosa: narrativa con indicadores de riesgo (+5 pts) | Documentacion con inconsistencia detectada (+8 pts) | Narrativa muy similar a otro reclamo (100% similitud, +8 pts)",0.060479136346652085,0
SIN-00019,40864.66,8,11,3,False,P001,42441.92,Robo,Loja,Generales,Taller El Veloz,El vehiculo fue impactado por un tercero que se dio a la fuga sin dejar datos.,ASG-00292,P896R216,1,Kia,Rio,2017,0,0,True,80,0.9999999999999992,74,ROJO,"Siniestro ocurrido en los primeros 10 dias de la poliza (+8 pts) | Reporte tardio: mas de 7 dias despues del evento (+5 pts) | Asegurado con 3 o mas siniestros en 18 meses (+8 pts) | Documentos incompletos o faltantes (+4 pts) | Proveedor en lista restrictiva (+10 pts) | Beneficiario asociado a mas de 2 siniestros en la cartera (+5 pts) | Monto reclamado es el 96% de la suma asegurada (+5 pts) | Robo reportado con mas de 48 horas de demora (+8 pts) | Dinamica sospechosa: narrativa con indicadores de riesgo (+5 pts) | Documentacion con inconsistencia detectada (+8 pts) | Narrativa muy similar a otro reclamo (100% similitud, +8 pts)",0.06975208440539094,0
SIN-00023,8108.35,18,3,2,False,P007,12137.51,Responsabilidad Civil,Quito,Hogar,Grua Rapida,Colision frontal con vehiculo desconocido en horas de la madrugada sin testigos.,ASG-00200,N860H673,1,Nissan,Sentra,2020,0,0,False,92,0.9999999999999993,46,ROJO,"Siniestro ocurrido en los primeros 30 dias de la poliza (+4 pts) | Asegurado con 2 siniestros recientes (+4 pts) | Documentos incompletos o faltantes (+4 pts) | Proveedor en lista restrictiva (+10 pts) | Beneficiario asociado a mas de 2 siniestros en la cartera (+5 pts) | Dinamica sospechosa: cobertura Responsabilidad Civil sola (+6 pts) | Dinamica sospechosa: narrativa con indicadores de riesgo (+5 pts) | Narrativa muy similar a otro reclamo (100% similitud, +8 pts)",0.003652904501755483,0
SIN-00033,21815.49,26,5,2,False,P001,26809.8,Choque,Quito,Vehiculos,Taller El Veloz,Robo de autopartes reportado inmediatamente a la policia. Denuncia adjunta.,ASG-00364,G801C870,1,Toyota,Yaris,2020,0,3,False,80,1.0,43,ROJO,"Siniestro ocurrido en los primeros 30 dias de la poliza (+4 pts) | Reporte con demora de 4 a 7 dias (+3 pts) | Asegurado con 2 siniestros recientes (+4 pts) | Documentos incompletos o faltantes (+4 pts) | Proveedor en lista restrictiva (+10 pts) | Beneficiario asociado a mas de 2 siniestros en la cartera (+5 pts) | Alta frecuencia conductor: 3 o mas siniestros vehiculares del mismo asegurado (+5 pts) | Narrativa muy similar a otro reclamo (100% similitud, +8 pts)",0.016005434083781855,0
SIN-00034,29012.76,5,13,4,False,P001,30297.97,Robo,Cuenca,Generales,Taller El Veloz,Colision frontal con vehiculo desconocido en horas de la madrugada sin testigos.,ASG-00339,P327P961,1,Toyota,Corolla,2015,0,0,True,80,0.9999999999999993,74,ROJO,"Siniestro ocurrido en los primeros 10 dias de la poliza (+8 pts) | Reporte tardio: mas de 7 dias despues del evento (+5 pts) | Asegurado con 3 o mas siniestros en 18 meses (+8 pts) | Documentos incompletos o faltantes (+4 pts) | Proveedor en lista restrictiva (+10 pts) | Beneficiario asociado a mas de 2 siniestros en la cartera (+5 pts) | Monto reclamado es el 96% de la suma asegurada (+5 pts) | Robo reportado con mas de 48 horas de demora (+8 pts) | Dinamica sospechosa: narrativa con indicadores de riesgo (+5 pts) | Documentacion con inconsistencia detectada (+8 pts) | Narrativa muy similar a otro reclamo (100% similitud, +8 pts)",0.07455221484300084,0
SIN-00041,9069.92,3,15,6,False,P002,9611.6,Robo,Loja,Hogar,Clinica San Marcos,El vehiculo fue impactado por un tercero que se dio a la fuga sin dejar datos.,ASG-00017,A641M182,1,Kia,Rio,2024,0,0,True,86,0.9999999999999992,69,ROJO,"Siniestro ocurrido en los primeros 10 dias de la poliza (+8 pts) | Reporte tardio: mas de 7 dias despues del evento (+5 pts) | Asegurado con 3 o mas siniestros en 18 meses (+8 pts) | Documentos incompletos o faltantes (+4 pts) | Proveedor en lista restrictiva (+10 pts) | Beneficiario asociado a mas de 2 siniestros en la cartera (+5 pts) | Robo reportado con mas de 48 horas de demora (+8 pts) | Dinamica sospechosa: narrativa con indicadores de riesgo (+5 pts) | Documentacion con inconsistencia detectada (+8 pts) | Narrativa muy similar a otro reclamo (100% similitud, +8 pts)",0.007959130136647508,0
SIN-00044,8010.87,3,11,3,False,P002,8038.97,Robo,Ambato,Vehiculos,Clinica San Marcos,El vehiculo fue impactado por un tercero que se dio a la fuga sin dejar datos.,ASG-00395,N942D714,1,Hyundai,Tucson,2019,0,2,True,86,0.9999999999999992,74,ROJO,"Siniestro ocurrido en los primeros 10 dias de la poliza (+8 pts) | Reporte tardio: mas de 7 dias despues del evento (+5 pts) | Asegurado con 3 o mas siniestros en 18 meses (+8 pts) | Documentos incompletos o faltantes (+4 pts) | Proveedor en lista restrictiva (+10 pts) | Beneficiario asociado a mas de 2 siniestros en la cartera (+5 pts) | Monto reclamado es el 100% de la suma asegurada (+5 pts) | Robo reportado con mas de 48 horas de demora (+8 pts) | Dinamica sospechosa: narrativa con indicadores de riesgo (+5 pts) | Documentacion con inconsistencia detectada (+8 pts) | Narrativa muy similar a otro reclamo (100% similitud, +8 pts)",0.004147607261128283,0
SIN-00051,11716.6,8,15,4,False,P002,12370.39,Robo,Guayaquil,Vida,Clinica San Marcos,Colision frontal con vehiculo desconocido en horas de la madrugada sin testigos.,ASG-00199,C409K906,1,Kia,Sorento,2018,0,0,True,86,0.9999999999999993,69,ROJO,"Siniestro ocurrido en los primeros 10 dias de la poliza (+8 pts) | Reporte tardio: mas de 7 dias despues del evento (+5 pts) | Asegurado con 3 o mas siniestros en 18 meses (+8 pts) | Documentos incompletos o faltantes (+4 pts) | Proveedor en lista restrictiva (+10 pts) | Beneficiario asociado a mas de 2 siniestros en la cartera (+5 pts) | Robo reportado con mas de 48 horas de demora (+8 pts) | Dinamica sospechosa: narrativa con indicadores de riesgo (+5 pts) | Documentacion con inconsistencia detectada (+8 pts) | Narrativa muy similar a otro reclamo (100% similitud, +8 pts)",0.012130590127018559,0
SIN-00053,25105.6,29,7,3,False,P008,35949.65,Robo,Loja,Vida,Taller Premium,El asegurado reporta que su vehiculo fue robado en un estacionamiento sin camaras.,ASG-00147,D173Q526,1,Hyundai,Accent,2022,0,0,False,2,1.0,35,AMARILLO,"Siniestro ocurrido en los primeros 30 dias de la poliza (+4 pts) | Reporte con demora de 4 a 7 dias (+3 pts) | Asegurado con 3 o mas siniestros en 18 meses (+8 pts) | Documentos incompletos o faltantes (+4 pts) | Robo reportado con mas de 48 horas de demora (+8 pts) | Narrativa muy similar a otro reclamo (100% similitud, +8 pts)",0.04962764297885175,0
SIN-00059,22684.73,15,6,3,False,P001,36780.2,Choque,Quito,Vehiculos,Taller El Veloz,Robo de autopartes reportado inmediatamente a la policia. Denuncia adjunta.,ASG-00376,H598H511,1,Mazda,CX-5,2023,0,2,False,80,1.0,42,ROJO,"Siniestro ocurrido en los primeros 30 dias de la poliza (+4 pts) | Reporte con demora de 4 a 7 dias (+3 pts) | Asegurado con 3 o mas siniestros en 18 meses (+8 pts) | Documentos incompletos o faltantes (+4 pts) | Proveedor en lista restrictiva (+10 pts) | Beneficiario asociado a mas de 2 siniestros en la cartera (+5 pts) | Narrativa muy similar a otro reclamo (100% similitud, +8 pts)",0.07026288284897603,0
SIN-00063,41810.14,3,15,6,False,P001,45372.89,Robo,Manta,Salud,Taller El Veloz,El asegurado reporta que su vehiculo fue robado en un estacionamiento sin camaras.,ASG-00144,E692D183,1,Kia,Sorento,2014,0,0,False,80,1.0,56,ROJO,"Siniestro ocurrido en los primeros 10 dias de la poliza (+8 pts) | Reporte tardio: mas de 7 dias despues del evento (+5 pts) | Asegurado con 3 o mas siniestros en 18 meses (+8 pts) | Documentos incompletos o faltantes (+4 pts) | Proveedor en lista restrictiva (+10 pts) | Beneficiario asociado a mas de 2 siniestros en la cartera (+5 pts) | Robo reportado con mas de 48 horas de demora (+8 pts) | Narrativa muy similar a otro reclamo (100% similitud, +8 pts)",-0.0235568983872807,1
SIN-00065,37299.45,6,12,4,False,P001,40132.91,Robo,Guayaquil,Hogar,Taller El Veloz,Colision frontal con vehiculo desconocido en horas de la madrugada sin testigos.,ASG-00355,D557N767,1,Toyota,Corolla,2019,0,0,True,80,0.9999999999999993,69,ROJO,"Siniestro ocurrido en los primeros 10 dias de la poliza (+8 pts) | Reporte tardio: mas de 7 dias despues del evento (+5 pts) | Asegurado con 3 o mas siniestros en 18 meses (+8 pts) | Documentos incompletos o faltantes (+4 pts) | Proveedor en lista restrictiva (+10 pts) | Beneficiario asociado a mas de 2 siniestros en la cartera (+5 pts) | Robo reportado con mas de 48 horas de demora (+8 pts) | Dinamica sospechosa: narrativa con indicadores de riesgo (+5 pts) | Documentacion con inconsistencia detectada (+8 pts) | Narrativa muy similar a otro reclamo (100% similitud, +8 pts)",0.07013564772193986,0
SIN-00071,9539.0,29,3,3,False,P001,12839.12,Dano parcial,Quito,Vida,Taller El Veloz,Colision frontal con vehiculo desconocido en horas de la madrugada sin testigos.,ASG-00224,D517G948,1,Chevrolet,Spark,2014,0,0,False,80,0.9999999999999993,44,ROJO,"Siniestro ocurrido en los primeros 30 dias de la poliza (+4 pts) | Asegurado con 3 o mas siniestros en 18 meses (+8 pts) | Documentos incompletos o faltantes (+4 pts) | Proveedor en lista restrictiva (+10 pts) | Beneficiario asociado a mas de 2 siniestros en la cartera (+5 pts) | Dinamica sospechosa: narrativa con indicadores de riesgo (+5 pts) | Narrativa muy similar a otro reclamo (100% similitud, +8 pts)",0.015148772253751885,0
SIN-00077,18137.8,30,3,3,False,P001,30125.77,Responsabilidad Civil,Manta,Salud,Taller El Veloz,Colision frontal con vehiculo desconocido en horas de la madrugada sin testigos.,ASG-00250,F217N327,1,Nissan,Kicks,2018,0,0,False,80,0.9999999999999993,50,ROJO,"Siniestro ocurrido en los primeros 30 dias de la poliza (+4 pts) | Asegurado con 3 o mas siniestros en 18 meses (+8 pts) | Documentos incompletos o faltantes (+4 pts) | Proveedor en lista restrictiva (+10 pts) | Beneficiario asociado a mas de 2 siniestros en la cartera (+5 pts) | Dinamica sospechosa: cobertura Responsabilidad Civil sola (+6 pts) | Dinamica sospechosa: narrativa con indicadores de riesgo (+5 pts) | Narrativa muy similar a otro reclamo (100% similitud, +8 pts)",0.017671405627903924,0
SIN-00082,11799.33,13,3,3,False,P007,19093.36,Responsabilidad Civil,Cuenca,Vehiculos,Grua Rapida,El vehiculo fue impactado por un tercero que se dio a la fuga sin dejar datos.,ASG-00303,D256R971,1,Nissan,Frontier,2023,0,1,False,92,0.9999999999999992,50,ROJO,"Siniestro ocurrido en los primeros 30 dias de la poliza (+4 pts) | Asegurado con 3 o mas siniestros en 18 meses (+8 pts) | Documentos incompletos o faltantes (+4 pts) | Proveedor en lista restrictiva (+10 pts) | Beneficiario asociado a mas de 2 siniestros en la cartera (+5 pts) | Dinamica sospechosa: cobertura Responsabilidad Civil sola (+6 pts) | Dinamica sospechosa: narrativa con indicadores de riesgo (+5 pts) | Narrativa muy similar a otro reclamo (100% similitud, +8 pts)",0.043931562220395126,0
SIN-00085,31599.65,10,13,3,False,P001,34010.8,Robo,Loja,Vida,Taller El Veloz,Colision frontal con vehiculo desconocido en horas de la madrugada sin testigos.,ASG-00178,J952R988,1,Nissan,Sentra,2014,0,0,True,80,0.9999999999999993,69,ROJO,"Siniestro ocurrido en los primeros 10 dias de la poliza (+8 pts) | Reporte tardio: mas de 7 dias despues del evento (+5 pts) | Asegurado con 3 o mas siniestros en 18 meses (+8 pts) | Documentos incompletos o faltantes (+4 pts) | Proveedor en lista restrictiva (+10 pts) | Beneficiario asociado a mas de 2 siniestros en la cartera (+5 pts) | Robo reportado con mas de 48 horas de demora (+8 pts) | Dinamica sospechosa: narrativa con indicadores de riesgo (+5 pts) | Documentacion con inconsistencia detectada (+8 pts) | Narrativa muy similar a otro reclamo (100% similitud, +8 pts)",0.05996478136911121,0
SIN-00097,6264.81,10,15,6,False,P001,6940.2,Robo,Quito,Salud,Taller El Veloz,El vehiculo fue impactado por un tercero que se dio a la fuga sin dejar datos.,ASG-00091,F761F852,1,Chevrolet,Captiva,2013,0,0,True,80,0.9999999999999992,69,ROJO,"Siniestro ocurrido en los primeros 10 dias de la poliza (+8 pts) | Reporte tardio: mas de 7 dias despues del evento (+5 pts) | Asegurado con 3 o mas siniestros en 18 meses (+8 pts) | Documentos incompletos o faltantes (+4 pts) | Proveedor en lista restrictiva (+10 pts) | Beneficiario asociado a mas de 2 siniestros en la cartera (+5 pts) | Robo reportado con mas de 48 horas de demora (+8 pts) | Dinamica sospechosa: narrativa con indicadores de riesgo (+5 pts) | Documentacion con inconsistencia detectada (+8 pts) | Narrativa muy similar a otro reclamo (100% similitud, +8 pts)",-0.03800530806561886,1
SIN-00100,21609.55,24,3,3,False,P005,33139.54,Robo,Guayaquil,Hogar,Taller Central,Accidente en carretera con policia presente. Croquis firmado por ambas partes.,ASG-00113,D764K397,1,Mazda,BT-50,2014,0,0,False,2,1.0000000000000002,32,AMARILLO,"Siniestro ocurrido en los primeros 30 dias de la poliza (+4 pts) | Asegurado con 3 o mas siniestros en 18 meses (+8 pts) | Documentos incompletos o faltantes (+4 pts) | Robo reportado con mas de 48 horas de demora (+8 pts) | Narrativa muy similar a otro reclamo (100% similitud, +8 pts)",0.05154392747942399,0
SIN-00103,16432.81,28,7,3,True,P002,23036.23,Choque,Quito,Generales,Clinica San Marcos,El vehiculo fue impactado por un tercero que se dio a la fuga sin dejar datos.,ASG-00230,C220P773,1,Nissan,Versa,2017,0,0,False,86,0.9999999999999992,43,ROJO,"Siniestro ocurrido en los primeros 30 dias de la poliza (+4 pts) | Reporte con demora de 4 a 7 dias (+3 pts) | Asegurado con 3 o mas siniestros en 18 meses (+8 pts) | Proveedor en lista restrictiva (+10 pts) | Beneficiario asociado a mas de 2 siniestros en la cartera (+5 pts) | Dinamica sospechosa: narrativa con indicadores de riesgo (+5 pts) | Narrativa muy similar a otro reclamo (100% similitud, +8 pts)",0.023217171976090634,0
SIN-00105,6677.71,16,7,2,False,P002,10298.06,Choque,Cuenca,Generales,Clinica San Marcos,Choque en parqueadero de centro comercial con camaras de seguridad.,ASG-00054,G735C297,1,Hyundai,Elantra,2012,0,0,False,86,1.0,38,AMARILLO,"Siniestro ocurrido en los primeros 30 dias de la poliza (+4 pts) | Reporte con demora de 4 a 7 dias (+3 pts) | Asegurado con 2 siniestros recientes (+4 pts) | Documentos incompletos o faltantes (+4 pts) | Proveedor en lista restrictiva (+10 pts) | Beneficiario asociado a mas de 2 siniestros en la cartera (+5 pts) | Narrativa muy similar a otro reclamo (100% similitud, +8 pts)",0.010156211503717816,0
SIN-00108,39135.55,5,11,3,False,P001,40188.85,Robo,Loja,Vida,Taller El Veloz,El vehiculo fue impactado por un tercero que se dio a la fuga sin dejar datos.,ASG-00150,A758G425,1,Toyota,Yaris,2017,0,0,False,80,0.9999999999999992,66,ROJO,"Siniestro ocurrido en los primeros 10 dias de la poliza (+8 pts) | Reporte tardio: mas de 7 dias despues del evento (+5 pts) | Asegurado con 3 o mas siniestros en 18 meses (+8 pts) | Documentos incompletos o faltantes (+4 pts) | Proveedor en lista restrictiva (+10 pts) | Beneficiario asociado a mas de 2 siniestros en la cartera (+5 pts) | Monto reclamado es el 97% de la suma asegurada (+5 pts) | Robo reportado con mas de 48 horas de demora (+8 pts) | Dinamica sospechosa: narrativa con indicadores de riesgo (+5 pts) | Narrativa muy similar a otro reclamo (100% similitud, +8 pts)",0.0772690559594626,0
SIN-00117,36056.05,8,8,6,False,P007,39635.66,Robo,Ambato,Generales,Grua Rapida,Impacto en la parte trasera por vehiculo que huyo del lugar del accidente.,ASG-00177,M204N546,1,Kia,Picanto,2023,0,0,True,92,1.000000000000001,69,ROJO,"Siniestro ocurrido en los primeros 10 dias de la poliza (+8 pts) | Reporte tardio: mas de 7 dias despues del evento (+5 pts) | Asegurado con 3 o mas siniestros en 18 meses (+8 pts) | Documentos incompletos o faltantes (+4 pts) | Proveedor en lista restrictiva (+10 pts) | Beneficiario asociado a mas de 2 siniestros en la cartera (+5 pts) | Robo reportado con mas de 48 horas de demora (+8 pts) | Dinamica sospechosa: narrativa con indicadores de riesgo (+5 pts) | Documentacion con inconsistencia detectada (+8 pts) | Narrativa muy similar a otro reclamo (100% similitud, +8 pts)",0.014882450111967205,0
SIN-00119,36517.63,10,8,6,False,P007,40143.2,Robo,Cuenca,Vehiculos,Grua Rapida,El vehiculo fue impactado por un tercero que se dio a la fuga sin dejar datos.,ASG-00063,H844F492,1,Hyundai,Tucson,2020,0,1,True,92,0.9999999999999992,69,ROJO,"Siniestro ocurrido en los primeros 10 dias de la poliza (+8 pts) | Reporte tardio: mas de 7 dias despues del evento (+5 pts) | Asegurado con 3 o mas siniestros en 18 meses (+8 pts) | Documentos incompletos o faltantes (+4 pts) | Proveedor en lista restrictiva (+10 pts) | Beneficiario asociado a mas de 2 siniestros en la cartera (+5 pts) | Robo reportado con mas de 48 horas de demora (+8 pts) | Dinamica sospechosa: narrativa con indicadores de riesgo (+5 pts) | Documentacion con inconsistencia detectada (+8 pts) | Narrativa muy similar a otro reclamo (100% similitud, +8 pts)",-0.013188456536070814,1
SIN-00122,7500.79,5,15,6,False,P002,8181.44,Robo,Loja,Vehiculos,Clinica San Marcos,El vehiculo fue impactado por un tercero que se dio a la fuga sin dejar datos.,ASG-00238,A354P926,1,Nissan,Sentra,2016,0,1,True,86,0.9999999999999992,69,ROJO,"Siniestro ocurrido en los primeros 10 dias de la poliza (+8 pts) | Reporte tardio: mas de 7 dias despues del evento (+5 pts) | Asegurado con 3 o mas siniestros en 18 meses (+8 pts) | Documentos incompletos o faltantes (+4 pts) | Proveedor en lista restrictiva (+10 pts) | Beneficiario asociado a mas de 2 siniestros en la cartera (+5 pts) | Robo reportado con mas de 48 horas de demora (+8 pts) | Dinamica sospechosa: narrativa con indicadores de riesgo (+5 pts) | Documentacion con inconsistencia detectada (+8 pts) | Narrativa muy similar a otro reclamo (100% similitud, +8 pts)",0.014896437335241486,0
SIN-00132,11617.89,10,15,4,False,P007,12527.75,Robo,Ambato,Vida,Grua Rapida,El vehiculo fue impactado por un tercero que se dio a la fuga sin dejar datos.,ASG-00122,P845L100,1,Kia,Picanto,2013,0,0,True,92,0.9999999999999992,69,ROJO,"Siniestro ocurrido en los primeros 10 dias de la poliza (+8 pts) | Reporte tardio: mas de 7 dias despues del evento (+5 pts) | Asegurado con 3 o mas siniestros en 18 meses (+8 pts) | Documentos incompletos o faltantes (+4 pts) | Proveedor en lista restrictiva (+10 pts) | Beneficiario asociado a mas de 2 siniestros en la cartera (+5 pts) | Robo reportado con mas de 48 horas de demora (+8 pts) | Dinamica sospechosa: narrativa con indicadores de riesgo (+5 pts) | Documentacion con inconsistencia detectada (+8 pts) | Narrativa muy similar a otro reclamo (100% similitud, +8 pts)",0.004358139352997448,0
SIN-00138,14147.64,2,13,4,False,P002,14277.21,Robo,Quito,Vida,Clinica San Marcos,Colision frontal con vehiculo desconocido en horas de la madrugada sin testigos.,ASG-00356,E944J282,1,Toyota,Yaris,2013,0,0,True,86,0.9999999999999993,74,ROJO,"Siniestro ocurrido en los primeros 10 dias de la poliza (+8 pts) | Reporte tardio: mas de 7 dias despues del evento (+5 pts) | Asegurado con 3 o mas siniestros en 18 meses (+8 pts) | Documentos incompletos o faltantes (+4 pts) | Proveedor en lista restrictiva (+10 pts) | Beneficiario asociado a mas de 2 siniestros en la cartera (+5 pts) | Monto reclamado es el 99% de la suma asegurada (+5 pts) | Robo reportado con mas de 48 horas de demora (+8 pts) | Dinamica sospechosa: narrativa con indicadores de riesgo (+5 pts) | Documentacion con inconsistencia detectada (+8 pts) | Narrativa muy similar a otro reclamo (100% similitud, +8 pts)",0.036904142373393456,0
SIN-00142,15242.6,1,14,4,False,P007,15709.82,Robo,Ambato,Hogar,Grua Rapida,El asegurado reporta que su vehiculo fue robado en un estacionamiento sin camaras.,ASG-00073,C744P878,1,Mazda,CX-5,2020,0,0,False,92,1.0,61,ROJO,"Siniestro ocurrido en los primeros 10 dias de la poliza (+8 pts) | Reporte tardio: mas de 7 dias despues del evento (+5 pts) | Asegurado con 3 o mas siniestros en 18 meses (+8 pts) | Documentos incompletos o faltantes (+4 pts) | Proveedor en lista restrictiva (+10 pts) | Beneficiario asociado a mas de 2 siniestros en la cartera (+5 pts) | Monto reclamado es el 97% de la suma asegurada (+5 pts) | Robo reportado con mas de 48 horas de demora (+8 pts) | Narrativa muy similar a otro reclamo (100% similitud, +8 pts)",0.02347855902773055,0
SIN-00143,46232.9,9,13,6,False,P002,46453.63,Robo,Guayaquil,Hogar,Clinica San Marcos,Impacto en la parte trasera por vehiculo que huyo del lugar del accidente.,ASG-00320,K686H876,1,Nissan,Sentra,2020,0,0,True,86,1.000000000000001,74,ROJO,"Siniestro ocurrido en los primeros 10 dias de la poliza (+8 pts) | Reporte tardio: mas de 7 dias despues del evento (+5 pts) | Asegurado con 3 o mas siniestros en 18 meses (+8 pts) | Documentos incompletos o faltantes (+4 pts) | Proveedor en lista restrictiva (+10 pts) | Beneficiario asociado a mas de 2 siniestros en la cartera (+5 pts) | Monto reclamado es el 100% de la suma asegurada (+5 pts) | Robo reportado con mas de 48 horas de demora (+8 pts) | Dinamica sospechosa: narrativa con indicadores de riesgo (+5 pts) | Documentacion con inconsistencia detectada (+8 pts) | Narrativa muy similar a otro reclamo (100% similitud, +8 pts)",-0.03059882216701071,1
SIN-00146,35698.66,8,10,3,False,P007,39058.15,Robo,Loja,Vehiculos,Grua Rapida,Impacto en la parte trasera por vehiculo que huyo del lugar del accidente.,ASG-00192,N715L186,1,Mazda,CX-5,2012,0,1,True,92,1.000000000000001,69,ROJO,"Siniestro ocurrido en los primeros 10 dias de la poliza (+8 pts) | Reporte tardio: mas de 7 dias despues del evento (+5 pts) | Asegurado con 3 o mas siniestros en 18 meses (+8 pts) | Documentos incompletos o faltantes (+4 pts) | Proveedor en lista restrictiva (+10 pts) | Beneficiario asociado a mas de 2 siniestros en la cartera (+5 pts) | Robo reportado con mas de 48 horas de demora (+8 pts) | Dinamica sospechosa: narrativa con indicadores de riesgo (+5 pts) | Documentacion con inconsistencia detectada (+8 pts) | Narrativa muy similar a otro reclamo (100% similitud, +8 pts)",0.08155319725535087,0
SIN-00151,38868.97,22,4,3,False,P001,44499.51,Atencion medica,Ambato,Vida,Taller El Veloz,Impacto en la parte trasera por vehiculo que huyo del lugar del accidente.,ASG-00056,H338D650,1,Nissan,Versa,2022,0,0,False,80,1.000000000000001,47,ROJO,"Siniestro ocurrido en los primeros 30 dias de la poliza (+4 pts) | Reporte con demora de 4 a 7 dias (+3 pts) | Asegurado con 3 o mas siniestros en 18 meses (+8 pts) | Documentos incompletos o faltantes (+4 pts) | Proveedor en lista restrictiva (+10 pts) | Beneficiario asociado a mas de 2 siniestros en la cartera (+5 pts) | Dinamica sospechosa: narrativa con indicadores de riesgo (+5 pts) | Narrativa muy similar a otro reclamo (100% similitud, +8 pts)",0.021633287485380737,0
SIN-00157,17198.48,5,10,4,False,P001,18551.97,Robo,Quito,Generales,Taller El Veloz,Colision frontal con vehiculo desconocido en horas de la madrugada sin testigos.,ASG-00027,R891M727,1,Hyundai,Santa Fe,2022,0,0,True,80,0.9999999999999993,69,ROJO,"Siniestro ocurrido en los primeros 10 dias de la poliza (+8 pts) | Reporte tardio: mas de 7 dias despues del evento (+5 pts) | Asegurado con 3 o mas siniestros en 18 meses (+8 pts) | Documentos incompletos o faltantes (+4 pts) | Proveedor en lista restrictiva (+10 pts) | Beneficiario asociado a mas de 2 siniestros en la cartera (+5 pts) | Robo reportado con mas de 48 horas de demora (+8 pts) | Dinamica sospechosa: narrativa con indicadores de riesgo (+5 pts) | Documentacion con inconsistencia detectada (+8 pts) | Narrativa muy similar a otro reclamo (100% similitud, +8 pts)",0.06788306056096988,0
SIN-00160,38906.96,8,14,3,False,P007,42753.8,Robo,Cuenca,Salud,Grua Rapida,Colision frontal con vehiculo desconocido en horas de la madrugada sin testigos.,ASG-00163,R498Q529,1,Chevrolet,Aveo,2016,0,0,False,92,0.9999999999999993,61,ROJO,"Siniestro ocurrido en los primeros 10 dias de la poliza (+8 pts) | Reporte tardio: mas de 7 dias despues del evento (+5 pts) | Asegurado con 3 o mas siniestros en 18 meses (+8 pts) | Documentos incompletos o faltantes (+4 pts) | Proveedor en lista restrictiva (+10 pts) | Beneficiario asociado a mas de 2 siniestros en la cartera (+5 pts) | Robo reportado con mas de 48 horas de demora (+8 pts) | Dinamica sospechosa: narrativa con indicadores de riesgo (+5 pts) | Narrativa muy similar a otro reclamo (100% similitud, +8 pts)",0.05482097636412231,0
SIN-00161,25618.54,30,2,3,True,P002,30873.3,Responsabilidad Civil,Manta,Hogar,Clinica San Marcos,Colision frontal con vehiculo desconocido en horas de la madrugada sin testigos.,ASG-00092,J993E123,1,Toyota,Yaris,2018,0,0,False,86,0.9999999999999993,46,ROJO,"Siniestro ocurrido en los primeros 30 dias de la poliza (+4 pts) | Asegurado con 3 o mas siniestros en 18 meses (+8 pts) | Proveedor en lista restrictiva (+10 pts) | Beneficiario asociado a mas de 2 siniestros en la cartera (+5 pts) | Dinamica sospechosa: cobertura Responsabilidad Civil sola (+6 pts) | Dinamica sospechosa: narrativa con indicadores de riesgo (+5 pts) | Narrativa muy similar a otro reclamo (100% similitud, +8 pts)",0.018385660359208522,0
SIN-00162,44523.75,2,12,3,False,P002,48913.4,Robo,Guayaquil,Vida,Clinica San Marcos,Colision frontal con vehiculo desconocido en horas de la madrugada sin testigos.,ASG-00378,M182K711,1,Kia,Sorento,2017,0,0,True,86,0.9999999999999993,69,ROJO,"Siniestro ocurrido en los primeros 10 dias de la poliza (+8 pts) | Reporte tardio: mas de 7 dias despues del evento (+5 pts) | Asegurado con 3 o mas siniestros en 18 meses (+8 pts) | Documentos incompletos o faltantes (+4 pts) | Proveedor en lista restrictiva (+10 pts) | Beneficiario asociado a mas de 2 siniestros en la cartera (+5 pts) | Robo reportado con mas de 48 horas de demora (+8 pts) | Dinamica sospechosa: narrativa con indicadores de riesgo (+5 pts) | Documentacion con inconsistencia detectada (+8 pts) | Narrativa muy similar a otro reclamo (100% similitud, +8 pts)",-0.0011404483004141541,1
SIN-00165,24828.05,3,14,6,False,P002,26546.66,Robo,Cuenca,Vehiculos,Clinica San Marcos,Impacto en la parte trasera por vehiculo que huyo del lugar del accidente.,ASG-00170,B684J856,1,Nissan,Versa,2024,0,2,True,86,1.000000000000001,69,ROJO,"Siniestro ocurrido en los primeros 10 dias de la poliza (+8 pts) | Reporte tardio: mas de 7 dias despues del evento (+5 pts) | Asegurado con 3 o mas siniestros en 18 meses (+8 pts) | Documentos incompletos o faltantes (+4 pts) | Proveedor en lista restrictiva (+10 pts) | Beneficiario asociado a mas de 2 siniestros en la cartera (+5 pts) | Robo reportado con mas de 48 horas de demora (+8 pts) | Dinamica sospechosa: narrativa con indicadores de riesgo (+5 pts) | Documentacion con inconsistencia detectada (+8 pts) | Narrativa muy similar a otro reclamo (100% similitud, +8 pts)",0.06139428670935071,0
SIN-00167,14605.4,2,10,5,False,P001,15575.0,Robo,Loja,Vida,Taller El Veloz,Impacto en la parte trasera por vehiculo que huyo del lugar del accidente.,ASG-00330,K839J451,1,Nissan,Kicks,2020,0,0,True,80,1.000000000000001,69,ROJO,"Siniestro ocurrido en los primeros 10 dias de la poliza (+8 pts) | Reporte tardio: mas de 7 dias despues del evento (+5 pts) | Asegurado con 3 o mas siniestros en 18 meses (+8 pts) | Documentos incompletos o faltantes (+4 pts) | Proveedor en lista restrictiva (+10 pts) | Beneficiario asociado a mas de 2 siniestros en la cartera (+5 pts) | Robo reportado con mas de 48 horas de demora (+8 pts) | Dinamica sospechosa: narrativa con indicadores de riesgo (+5 pts) | Documentacion con inconsistencia detectada (+8 pts) | Narrativa muy similar a otro reclamo (100% similitud, +8 pts)",0.02870882193711033,0
SIN-00169,29912.61,8,12,4,False,P007,30156.42,Robo,Cuenca,Hogar,Grua Rapida,El asegurado reporta que su vehiculo fue robado en un estacionamiento sin camaras.,ASG-00066,E521P132,1,Nissan,Versa,2012,0,0,False,92,1.0,61,ROJO,"Siniestro ocurrido en los primeros 10 dias de la poliza (+8 pts) | Reporte tardio: mas de 7 dias despues del evento (+5 pts) | Asegurado con 3 o mas siniestros en 18 meses (+8 pts) | Documentos incompletos o faltantes (+4 pts) | Proveedor en lista restrictiva (+10 pts) | Beneficiario asociado a mas de 2 siniestros en la cartera (+5 pts) | Monto reclamado es el 99% de la suma asegurada (+5 pts) | Robo reportado con mas de 48 horas de demora (+8 pts) | Narrativa muy similar a otro reclamo (100% similitud, +8 pts)",0.07643633934428229,0
SIN-00171,37110.18,6,8,3,False,P001,40164.58,Robo,Quito,Hogar,Taller El Veloz,El vehiculo fue impactado por un tercero que se dio a la fuga sin dejar datos.,ASG-00366,K698M944,1,Chevrolet,Aveo,2013,0,0,True,80,0.9999999999999992,69,ROJO,"Siniestro ocurrido en los primeros 10 dias de la poliza (+8 pts) | Reporte tardio: mas de 7 dias despues del evento (+5 pts) | Asegurado con 3 o mas siniestros en 18 meses (+8 pts) | Documentos incompletos o faltantes (+4 pts) | Proveedor en lista restrictiva (+10 pts) | Beneficiario asociado a mas de 2 siniestros en la cartera (+5 pts) | Robo reportado con mas de 48 horas de demora (+8 pts) | Dinamica sospechosa: narrativa con indicadores de riesgo (+5 pts) | Documentacion con inconsistencia detectada (+8 pts) | Narrativa muy similar a otro reclamo (100% similitud, +8 pts)",0.07580381791923246,0
SIN-00172,35778.14,5,8,4,False,P002,35847.89,Robo,Manta,Vehiculos,Clinica San Marcos,Impacto en la parte trasera por vehiculo que huyo del lugar del accidente.,ASG-00208,N953L182,1,Toyota,Corolla,2020,0,1,True,86,1.000000000000001,74,ROJO,"Siniestro ocurrido en los primeros 10 dias de la poliza (+8 pts) | Reporte tardio: mas de 7 dias despues del evento (+5 pts) | Asegurado con 3 o mas siniestros en 18 meses (+8 pts) | Documentos incompletos o faltantes (+4 pts) | Proveedor en lista restrictiva (+10 pts) | Beneficiario asociado a mas de 2 siniestros en la cartera (+5 pts) | Monto reclamado es el 100% de la suma asegurada (+5 pts) | Robo reportado con mas de 48 horas de demora (+8 pts) | Dinamica sospechosa: narrativa con indicadores de riesgo (+5 pts) | Documentacion con inconsistencia detectada (+8 pts) | Narrativa muy similar a otro reclamo (100% similitud, +8 pts)",0.05245591285632828,0
SIN-00175,42900.05,8,12,4,False,P002,42959.58,Robo,Guayaquil,Vehiculos,Clinica San Marcos,Impacto en la parte trasera por vehiculo que huyo del lugar del accidente.,ASG-00357,P195P623,1,Kia,Sorento,2022,0,2,True,86,1.000000000000001,74,ROJO,"Siniestro ocurrido en los primeros 10 dias de la poliza (+8 pts) | Reporte tardio: mas de 7 dias despues del evento (+5 pts) | Asegurado con 3 o mas siniestros en 18 meses (+8 pts) | Documentos incompletos o faltantes (+4 pts) | Proveedor en lista restrictiva (+10 pts) | Beneficiario asociado a mas de 2 siniestros en la cartera (+5 pts) | Monto reclamado es el 100% de la suma asegurada (+5 pts) | Robo reportado con mas de 48 horas de demora (+8 pts) | Dinamica sospechosa: narrativa con indicadores de riesgo (+5 pts) | Documentacion con inconsistencia detectada (+8 pts) | Narrativa muy similar a otro reclamo (100% similitud, +8 pts)",0.04642682039088836,0
SIN-00177,11018.75,13,3,3,False,P007,15463.08,Incendio,Cuenca,Hogar,Grua Rapida,Colision frontal con vehiculo desconocido en horas de la madrugada sin testigos.,ASG-00069,N660E825,1,Nissan,Versa,2023,0,0,False,92,0.9999999999999993,44,ROJO,"Siniestro ocurrido en los primeros 30 dias de la poliza (+4 pts) | Asegurado con 3 o mas siniestros en 18 meses (+8 pts) | Documentos incompletos o faltantes (+4 pts) | Proveedor en lista restrictiva (+10 pts) | Beneficiario asociado a mas de 2 siniestros en la cartera (+5 pts) | Dinamica sospechosa: narrativa con indicadores de riesgo (+5 pts) | Narrativa muy similar a otro reclamo (100% similitud, +8 pts)",0.050745485526736966,0
SIN-00178,33534.18,21,6,3,False,P007,45253.74,Atencion medica,Loja,Salud,Grua Rapida,Colision frontal con vehiculo desconocido en horas de la madrugada sin testigos.,ASG-00332,E477N451,1,Hyundai,Santa Fe,2012,0,0,False,92,0.9999999999999993,47,ROJO,"Siniestro ocurrido en los primeros 30 dias de la poliza (+4 pts) | Reporte con demora de 4 a 7 dias (+3 pts) | Asegurado con 3 o mas siniestros en 18 meses (+8 pts) | Documentos incompletos o faltantes (+4 pts) | Proveedor en lista restrictiva (+10 pts) | Beneficiario asociado a mas de 2 siniestros en la cartera (+5 pts) | Dinamica sospechosa: narrativa con indicadores de riesgo (+5 pts) | Narrativa muy similar a otro reclamo (100% similitud, +8 pts)",0.06073630496853061,0
SIN-00179,5387.04,11,7,2,False,P008,7454.6,Robo,Guayaquil,Hogar,Taller Premium,El asegurado reporta que su vehiculo fue robado en un estacionamiento sin camaras.,ASG-00217,C382F818,1,Mazda,CX-5,2023,0,0,False,2,1.0,31,AMARILLO,"Siniestro ocurrido en los primeros 30 dias de la poliza (+4 pts) | Reporte con demora de 4 a 7 dias (+3 pts) | Asegurado con 2 siniestros recientes (+4 pts) | Documentos incompletos o faltantes (+4 pts) | Robo reportado con mas de 48 horas de demora (+8 pts) | Narrativa muy similar a otro reclamo (100% similitud, +8 pts)",-0.0026143198988192173,1
SIN-00181,38632.53,15,5,3,True,P001,45415.45,Incendio,Ambato,Generales,Taller El Veloz,Robo de autopartes reportado inmediatamente a la policia. Denuncia adjunta.,ASG-00191,K975A423,1,Kia,Picanto,2019,0,0,False,80,1.0,38,AMARILLO,"Siniestro ocurrido en los primeros 30 dias de la poliza (+4 pts) | Reporte con demora de 4 a 7 dias (+3 pts) | Asegurado con 3 o mas siniestros en 18 meses (+8 pts) | Proveedor en lista restrictiva (+10 pts) | Beneficiario asociado a mas de 2 siniestros en la cartera (+5 pts) | Narrativa muy similar a otro reclamo (100% similitud, +8 pts)",0.04264380837893389,0
SIN-00198,21797.92,13,5,3,False,P001,34733.03,Choque,Guayaquil,Vehiculos,Taller El Veloz,Colision leve en interseccion con semaforo. El tercero presento sus datos.,ASG-00284,G974D701,1,Mazda,CX-5,2016,0,2,False,80,1.0000000000000004,42,ROJO,"Siniestro ocurrido en los primeros 30 dias de la poliza (+4 pts) | Reporte con demora de 4 a 7 dias (+3 pts) | Asegurado con 3 o mas siniestros en 18 meses (+8 pts) | Documentos incompletos o faltantes (+4 pts) | Proveedor en lista restrictiva (+10 pts) | Beneficiario asociado a mas de 2 siniestros en la cartera (+5 pts) | Narrativa muy similar a otro reclamo (100% similitud, +8 pts)",0.08494156870093755,0
SIN-00200,8036.39,14,2,3,True,P001,9187.89,Choque,Guayaquil,Vehiculos,Taller El Veloz,Colision leve en interseccion con semaforo. El tercero presento sus datos.,ASG-00014,C938J986,1,Mazda,2,2015,0,1,False,80,1.0000000000000004,35,AMARILLO,"Siniestro ocurrido en los primeros 30 dias de la poliza (+4 pts) | Asegurado con 3 o mas siniestros en 18 meses (+8 pts) | Proveedor en lista restrictiva (+10 pts) | Beneficiario asociado a mas de 2 siniestros en la cartera (+5 pts) | Narrativa muy similar a otro reclamo (100% similitud, +8 pts)",-0.02131190787981385,1
SIN-00207,22901.08,19,5,3,True,P007,34716.78,Robo,Cuenca,Vehiculos,Grua Rapida,Dano por granizo en estacionamiento del trabajo. Evidencia fotografica adjunta.,ASG-00239,G160K403,1,Toyota,Corolla,2019,0,1,False,92,1.0,46,ROJO,"Siniestro ocurrido en los primeros 30 dias de la poliza (+4 pts) | Reporte con demora de 4 a 7 dias (+3 pts) | Asegurado con 3 o mas siniestros en 18 meses (+8 pts) | Proveedor en lista restrictiva (+10 pts) | Beneficiario asociado a mas de 2 siniestros en la cartera (+5 pts) | Robo reportado con mas de 48 horas de demora (+8 pts) | Narrativa muy similar a otro reclamo (100% similitud, +8 pts)",0.0905275760693709,0
SIN-00211,17596.97,24,4,3,True,P001,26668.98,Responsabilidad Civil,Manta,Hogar,Taller El Veloz,Impacto en la parte trasera por vehiculo que huyo del lugar del accidente.,ASG-00248,F711D244,1,Mazda,2,2021,0,0,False,80,1.000000000000001,49,ROJO,"Siniestro ocurrido en los primeros 30 dias de la poliza (+4 pts) | Reporte con demora de 4 a 7 dias (+3 pts) | Asegurado con 3 o mas siniestros en 18 meses (+8 pts) | Proveedor en lista restrictiva (+10 pts) | Beneficiario asociado a mas de 2 siniestros en la cartera (+5 pts) | Dinamica sospechosa: cobertura Responsabilidad Civil sola (+6 pts) | Dinamica sospechosa: narrativa con indicadores de riesgo (+5 pts) | Narrativa muy similar a otro reclamo (100% similitud, +8 pts)",0.052169538111403624,0
SIN-00214,23698.5,20,6,3,True,P001,29886.7,Atencion medica,Guayaquil,Vida,Taller El Veloz,Colision frontal con vehiculo desconocido en horas de la madrugada sin testigos.,ASG-00231,N756N806,1,Nissan,Versa,2012,0,0,False,80,0.9999999999999993,43,ROJO,"Siniestro ocurrido en los primeros 30 dias de la poliza (+4 pts) | Reporte con demora de 4 a 7 dias (+3 pts) | Asegurado con 3 o mas siniestros en 18 meses (+8 pts) | Proveedor en lista restrictiva (+10 pts) | Beneficiario asociado a mas de 2 siniestros en la cartera (+5 pts) | Dinamica sospechosa: narrativa con indicadores de riesgo (+5 pts) | Narrativa muy similar a otro reclamo (100% similitud, +8 pts)",0.09329482124424515,0
SIN-00216,19699.92,25,6,2,False,P002,30160.12,Responsabilidad Civil,Guayaquil,Hogar,Clinica San Marcos,Colision frontal con vehiculo desconocido en horas de la madrugada sin testigos.,ASG-00282,E527E255,1,Mazda,3,2022,0,0,False,86,0.9999999999999993,49,ROJO,"Siniestro ocurrido en los primeros 30 dias de la poliza (+4 pts) | Reporte con demora de 4 a 7 dias (+3 pts) | Asegurado con 2 siniestros recientes (+4 pts) | Documentos incompletos o faltantes (+4 pts) | Proveedor en lista restrictiva (+10 pts) | Beneficiario asociado a mas de 2 siniestros en la cartera (+5 pts) | Dinamica sospechosa: cobertura Responsabilidad Civil sola (+6 pts) | Dinamica sospechosa: narrativa con indicadores de riesgo (+5 pts) | Narrativa muy similar a otro reclamo (100% similitud, +8 pts)",0.011850261372278514,0
SIN-00218,8370.11,20,6,2,False,P002,11316.68,Choque,Guayaquil,Salud,Clinica San Marcos,El vehiculo fue impactado por un tercero que se dio a la fuga sin dejar datos.,ASG-00351,N249A641,1,Mazda,CX-5,2022,0,0,False,86,0.9999999999999992,43,ROJO,"Siniestro ocurrido en los primeros 30 dias de la poliza (+4 pts) | Reporte con demora de 4 a 7 dias (+3 pts) | Asegurado con 2 siniestros recientes (+4 pts) | Documentos incompletos o faltantes (+4 pts) | Proveedor en lista restrictiva (+10 pts) | Beneficiario asociado a mas de 2 siniestros en la cartera (+5 pts) | Dinamica sospechosa: narrativa con indicadores de riesgo (+5 pts) | Narrativa muy similar a otro reclamo (100% similitud, +8 pts)",0.019764283502614832,0
SIN-00222,37871.23,1,12,3,False,P007,41920.39,Robo,Ambato,Salud,Grua Rapida,Impacto en la parte trasera por vehiculo que huyo del lugar del accidente.,ASG-00308,Q965J672,1,Toyota,RAV4,2021,0,0,True,92,1.000000000000001,69,ROJO,"Siniestro ocurrido en los primeros 10 dias de la poliza (+8 pts) | Reporte tardio: mas de 7 dias despues del evento (+5 pts) | Asegurado con 3 o mas siniestros en 18 meses (+8 pts) | Documentos incompletos o faltantes (+4 pts) | Proveedor en lista restrictiva (+10 pts) | Beneficiario asociado a mas de 2 siniestros en la cartera (+5 pts) | Robo reportado con mas de 48 horas de demora (+8 pts) | Dinamica sospechosa: narrativa con indicadores de riesgo (+5 pts) | Documentacion con inconsistencia detectada (+8 pts) | Narrativa muy similar a otro reclamo (100% similitud, +8 pts)",0.05110952219865311,0
SIN-00224,21400.64,3,11,6,False,P001,23526.13,Robo,Manta,Generales,Taller El Veloz,Impacto en la parte trasera por vehiculo que huyo del lugar del accidente.,ASG-00119,M190K442,1,Chevrolet,D-Max,2023,0,0,False,80,1.000000000000001,61,ROJO,"Siniestro ocurrido en los primeros 10 dias de la poliza (+8 pts) | Reporte tardio: mas de 7 dias despues del evento (+5 pts) | Asegurado con 3 o mas siniestros en 18 meses (+8 pts) | Documentos incompletos o faltantes (+4 pts) | Proveedor en lista restrictiva (+10 pts) | Beneficiario asociado a mas de 2 siniestros en la cartera (+5 pts) | Robo reportado con mas de 48 horas de demora (+8 pts) | Dinamica sospechosa: narrativa con indicadores de riesgo (+5 pts) | Narrativa muy similar a otro reclamo (100% similitud, +8 pts)",0.05127102596751698,0
SIN-00225,37655.1,2,15,4,False,P007,38567.8,Robo,Manta,Generales,Grua Rapida,El vehiculo fue impactado por un tercero que se dio a la fuga sin dejar datos.,ASG-00004,L793A823,1,Toyota,Hilux,2022,0,0,True,92,0.9999999999999992,74,ROJO,"Siniestro ocurrido en los primeros 10 dias de la poliza (+8 pts) | Reporte tardio: mas de 7 dias despues del evento (+5 pts) | Asegurado con 3 o mas siniestros en 18 meses (+8 pts) | Documentos incompletos o faltantes (+4 pts) | Proveedor en lista restrictiva (+10 pts) | Beneficiario asociado a mas de 2 siniestros en la cartera (+5 pts) | Monto reclamado es el 98% de la suma asegurada (+5 pts) | Robo reportado con mas de 48 horas de demora (+8 pts) | Dinamica sospechosa: narrativa con indicadores de riesgo (+5 pts) | Documentacion con inconsistencia detectada (+8 pts) | Narrativa muy similar a otro reclamo (100% similitud, +8 pts)",0.022550739017419885,0
SIN-00226,18699.87,1,13,5,False,P007,19131.5,Robo,Guayaquil,Salud,Grua Rapida,El vehiculo fue impactado por un tercero que se dio a la fuga sin dejar datos.,ASG-00055,N116N144,1,Mazda,BT-50,2020,0,0,True,92,0.9999999999999992,74,ROJO,"Siniestro ocurrido en los primeros 10 dias de la poliza (+8 pts) | Reporte tardio: mas de 7 dias despues del evento (+5 pts) | Asegurado con 3 o mas siniestros en 18 meses (+8 pts) | Documentos incompletos o faltantes (+4 pts) | Proveedor en lista restrictiva (+10 pts) | Beneficiario asociado a mas de 2 siniestros en la cartera (+5 pts) | Monto reclamado es el 98% de la suma asegurada (+5 pts) | Robo reportado con mas de 48 horas de demora (+8 pts) | Dinamica sospechosa: narrativa con indicadores de riesgo (+5 pts) | Documentacion con inconsistencia detectada (+8 pts) | Narrativa muy similar a otro reclamo (100% similitud, +8 pts)",0.04637208000429355,0
SIN-00227,5257.79,4,8,4,False,P002,5476.01,Robo,Quito,Salud,Clinica San Marcos,El vehiculo fue impactado por un tercero que se dio a la fuga sin dejar datos.,ASG-00354,F910F368,1,Toyota,Corolla,2018,0,0,True,86,0.9999999999999992,74,ROJO,"Siniestro ocurrido en los primeros 10 dias de la poliza (+8 pts) | Reporte tardio: mas de 7 dias despues del evento (+5 pts) | Asegurado con 3 o mas siniestros en 18 meses (+8 pts) | Documentos incompletos o faltantes (+4 pts) | Proveedor en lista restrictiva (+10 pts) | Beneficiario asociado a mas de 2 siniestros en la cartera (+5 pts) | Monto reclamado es el 96% de la suma asegurada (+5 pts) | Robo reportado con mas de 48 horas de demora (+8 pts) | Dinamica sospechosa: narrativa con indicadores de riesgo (+5 pts) | Documentacion con inconsistencia detectada (+8 pts) | Narrativa muy similar a otro reclamo (100% similitud, +8 pts)",-0.01668077407233437,1
SIN-00229,23775.82,24,6,3,True,P001,29194.49,Choque,Cuenca,Vehiculos,Taller El Veloz,Choque en parqueadero de centro comercial con camaras de seguridad.,ASG-00206,L142A363,1,Mazda,3,2022,0,2,False,80,1.0,38,AMARILLO,"Siniestro ocurrido en los primeros 30 dias de la poliza (+4 pts) | Reporte con demora de 4 a 7 dias (+3 pts) | Asegurado con 3 o mas siniestros en 18 meses (+8 pts) | Proveedor en lista restrictiva (+10 pts) | Beneficiario asociado a mas de 2 siniestros en la cartera (+5 pts) | Narrativa muy similar a otro reclamo (100% similitud, +8 pts)",0.07947829721586269,0
SIN-00233,46285.74,4,15,6,False,P002,47691.42,Robo,Quito,Vehiculos,Clinica San Marcos,Colision frontal con vehiculo desconocido en horas de la madrugada sin testigos.,ASG-00091,M535H175,1,Kia,Sportage,2018,0,1,True,86,0.9999999999999993,74,ROJO,"Siniestro ocurrido en los primeros 10 dias de la poliza (+8 pts) | Reporte tardio: mas de 7 dias despues del evento (+5 pts) | Asegurado con 3 o mas siniestros en 18 meses (+8 pts) | Documentos incompletos o faltantes (+4 pts) | Proveedor en lista restrictiva (+10 pts) | Beneficiario asociado a mas de 2 siniestros en la cartera (+5 pts) | Monto reclamado es el 97% de la suma asegurada (+5 pts) | Robo reportado con mas de 48 horas de demora (+8 pts) | Dinamica sospechosa: narrativa con indicadores de riesgo (+5 pts) | Documentacion con inconsistencia detectada (+8 pts) | Narrativa muy similar a otro reclamo (100% similitud, +8 pts)",-0.03935005280147985,1
SIN-00238,10839.88,9,12,5,False,P002,11608.93,Robo,Cuenca,Vehiculos,Clinica San Marcos,El vehiculo fue impactado por un tercero que se dio a la fuga sin dejar datos.,ASG-00263,L847H673,1,Mazda,CX-5,2023,0,2,True,86,0.9999999999999992,69,ROJO,"Siniestro ocurrido en los primeros 10 dias de la poliza (+8 pts) | Reporte tardio: mas de 7 dias despues del evento (+5 pts) | Asegurado con 3 o mas siniestros en 18 meses (+8 pts) | Documentos incompletos o faltantes (+4 pts) | Proveedor en lista restrictiva (+10 pts) | Beneficiario asociado a mas de 2 siniestros en la cartera (+5 pts) | Robo reportado con mas de 48 horas de demora (+8 pts) | Dinamica sospechosa: narrativa con indicadores de riesgo (+5 pts) | Documentacion con inconsistencia detectada (+8 pts) | Narrativa muy similar a otro reclamo (100% similitud, +8 pts)",0.026132730942763693,0
SIN-00239,30194.61,8,8,6,False,P002,30297.97,Robo,Cuenca,Generales,Clinica San Marcos,Colision frontal con vehiculo desconocido en horas de la madrugada sin testigos.,ASG-00339,K415C703,1,Mazda,3,2016,0,0,True,86,0.9999999999999993,74,ROJO,"Siniestro ocurrido en los primeros 10 dias de la poliza (+8 pts) | Reporte tardio: mas de 7 dias despues del evento (+5 pts) | Asegurado con 3 o mas siniestros en 18 meses (+8 pts) | Documentos incompletos o faltantes (+4 pts) | Proveedor en lista restrictiva (+10 pts) | Beneficiario asociado a mas de 2 siniestros en la cartera (+5 pts) | Monto reclamado es el 100% de la suma asegurada (+5 pts) | Robo reportado con mas de 48 horas de demora (+8 pts) | Dinamica sospechosa: narrativa con indicadores de riesgo (+5 pts) | Documentacion con inconsistencia detectada (+8 pts) | Narrativa muy similar a otro reclamo (100% similitud, +8 pts)",0.0051523092394655245,0
SIN-00240,31854.65,3,15,3,False,P001,33251.58,Robo,Ambato,Generales,Taller El Veloz,Colision frontal con vehiculo desconocido en horas de la madrugada sin testigos.,ASG-00073,B470H415,1,Kia,Sorento,2014,0,0,True,80,0.9999999999999993,74,ROJO,"Siniestro ocurrido en los primeros 10 dias de la poliza (+8 pts) | Reporte tardio: mas de 7 dias despues del evento (+5 pts) | Asegurado con 3 o mas siniestros en 18 meses (+8 pts) | Documentos incompletos o faltantes (+4 pts) | Proveedor en lista restrictiva (+10 pts) | Beneficiario asociado a mas de 2 siniestros en la cartera (+5 pts) | Monto reclamado es el 96% de la suma asegurada (+5 pts) | Robo reportado con mas de 48 horas de demora (+8 pts) | Dinamica sospechosa: narrativa con indicadores de riesgo (+5 pts) | Documentacion con inconsistencia detectada (+8 pts) | Narrativa muy similar a otro reclamo (100% similitud, +8 pts)",0.03990989734176709,0
SIN-00246,36754.53,9,15,6,False,P001,37724.6,Robo,Cuenca,Generales,Taller El Veloz,El vehiculo fue impactado por un tercero que se dio a la fuga sin dejar datos.,ASG-00394,F834A878,1,Mazda,3,2020,0,0,True,80,0.9999999999999992,74,ROJO,"Siniestro ocurrido en los primeros 10 dias de la poliza (+8 pts) | Reporte tardio: mas de 7 dias despues del evento (+5 pts) | Asegurado con 3 o mas siniestros en 18 meses (+8 pts) | Documentos incompletos o faltantes (+4 pts) | Proveedor en lista restrictiva (+10 pts) | Beneficiario asociado a mas de 2 siniestros en la cartera (+5 pts) | Monto reclamado es el 97% de la suma asegurada (+5 pts) | Robo reportado con mas de 48 horas de demora (+8 pts) | Dinamica sospechosa: narrativa con indicadores de riesgo (+5 pts) | Documentacion con inconsistencia detectada (+8 pts) | Narrativa muy similar a otro reclamo (100% similitud, +8 pts)",-0.014887244429439339,1
SIN-00250,23964.6,9,10,3,False,P001,26546.66,Robo,Cuenca,Vehiculos,Taller El Veloz,Colision frontal con vehiculo desconocido en horas de la madrugada sin testigos.,ASG-00170,H591J851,1,Hyundai,Santa Fe,2021,0,2,True,80,0.9999999999999993,69,ROJO,"Siniestro ocurrido en los primeros 10 dias de la poliza (+8 pts) | Reporte tardio: mas de 7 dias despues del evento (+5 pts) | Asegurado con 3 o mas siniestros en 18 meses (+8 pts) | Documentos incompletos o faltantes (+4 pts) | Proveedor en lista restrictiva (+10 pts) | Beneficiario asociado a mas de 2 siniestros en la cartera (+5 pts) | Robo reportado con mas de 48 horas de demora (+8 pts) | Dinamica sospechosa: narrativa con indicadores de riesgo (+5 pts) | Documentacion con inconsistencia detectada (+8 pts) | Narrativa muy similar a otro reclamo (100% similitud, +8 pts)",0.08323059325785737,0
SIN-00253,22654.9,26,3,2,False,P004,27874.98,Robo,Ambato,Generales,Peritajes Express,El asegurado reporta que su vehiculo fue robado en un estacionamiento sin camaras.,ASG-00222,L714F615,1,Nissan,Sentra,2016,0,0,False,6,1.0,33,AMARILLO,"Siniestro ocurrido en los primeros 30 dias de la poliza (+4 pts) | Asegurado con 2 siniestros recientes (+4 pts) | Documentos incompletos o faltantes (+4 pts) | Beneficiario asociado a mas de 2 siniestros en la cartera (+5 pts) | Robo reportado con mas de 48 horas de demora (+8 pts) | Narrativa muy similar a otro reclamo (100% similitud, +8 pts)",-0.010463713550807552,1
SIN-00254,25154.31,5,14,6,False,P001,26118.0,Robo,Loja,Salud,Taller El Veloz,El asegurado reporta que su vehiculo fue robado en un estacionamiento sin camaras.,ASG-00330,Q383C802,1,Mazda,3,2023,0,0,True,80,1.0,69,ROJO,"Siniestro ocurrido en los primeros 10 dias de la poliza (+8 pts) | Reporte tardio: mas de 7 dias despues del evento (+5 pts) | Asegurado con 3 o mas siniestros en 18 meses (+8 pts) | Documentos incompletos o faltantes (+4 pts) | Proveedor en lista restrictiva (+10 pts) | Beneficiario asociado a mas de 2 siniestros en la cartera (+5 pts) | Monto reclamado es el 96% de la suma asegurada (+5 pts) | Robo reportado con mas de 48 horas de demora (+8 pts) | Documentacion con inconsistencia detectada (+8 pts) | Narrativa muy similar a otro reclamo (100% similitud, +8 pts)",0.07115188224174124,0
SIN-00258,19457.36,6,13,3,False,P007,19921.85,Robo,Guayaquil,Vida,Grua Rapida,El vehiculo fue impactado por un tercero que se dio a la fuga sin dejar datos.,ASG-00331,P464L173,1,Mazda,BT-50,2024,0,0,True,92,0.9999999999999992,74,ROJO,"Siniestro ocurrido en los primeros 10 dias de la poliza (+8 pts) | Reporte tardio: mas de 7 dias despues del evento (+5 pts) | Asegurado con 3 o mas siniestros en 18 meses (+8 pts) | Documentos incompletos o faltantes (+4 pts) | Proveedor en lista restrictiva (+10 pts) | Beneficiario asociado a mas de 2 siniestros en la cartera (+5 pts) | Monto reclamado es el 98% de la suma asegurada (+5 pts) | Robo reportado con mas de 48 horas de demora (+8 pts) | Dinamica sospechosa: narrativa con indicadores de riesgo (+5 pts) | Documentacion con inconsistencia detectada (+8 pts) | Narrativa muy similar a otro reclamo (100% similitud, +8 pts)",0.06565726043740788,0
SIN-00259,29334.26,9,9,4,False,P002,30873.3,Robo,Manta,Hogar,Clinica San Marcos,El vehiculo fue impactado por un tercero que se dio a la fuga sin dejar datos.,ASG-00092,P418D726,1,Nissan,Sentra,2019,0,0,True,86,0.9999999999999992,74,ROJO,"Siniestro ocurrido en los primeros 10 dias de la poliza (+8 pts) | Reporte tardio: mas de 7 dias despues del evento (+5 pts) | Asegurado con 3 o mas siniestros en 18 meses (+8 pts) | Documentos incompletos o faltantes (+4 pts) | Proveedor en lista restrictiva (+10 pts) | Beneficiario asociado a mas de 2 siniestros en la cartera (+5 pts) | Monto reclamado es el 95% de la suma asegurada (+5 pts) | Robo reportado con mas de 48 horas de demora (+8 pts) | Dinamica sospechosa: narrativa con indicadores de riesgo (+5 pts) | Documentacion con inconsistencia detectada (+8 pts) | Narrativa muy similar a otro reclamo (100% similitud, +8 pts)",0.07777375293321892,0
SIN-00260,24873.33,7,8,3,False,P007,27591.84,Robo,Manta,Generales,Grua Rapida,Colision frontal con vehiculo desconocido en horas de la madrugada sin testigos.,ASG-00040,P343A928,1,Mazda,3,2021,0,0,True,92,0.9999999999999993,69,ROJO,"Siniestro ocurrido en los primeros 10 dias de la poliza (+8 pts) | Reporte tardio: mas de 7 dias despues del evento (+5 pts) | Asegurado con 3 o mas siniestros en 18 meses (+8 pts) | Documentos incompletos o faltantes (+4 pts) | Proveedor en lista restrictiva (+10 pts) | Beneficiario asociado a mas de 2 siniestros en la cartera (+5 pts) | Robo reportado con mas de 48 horas de demora (+8 pts) | Dinamica sospechosa: narrativa con indicadores de riesgo (+5 pts) | Documentacion con inconsistencia detectada (+8 pts) | Narrativa muy similar a otro reclamo (100% similitud, +8 pts)",0.08529254282035492,0
SIN-00261,13844.86,28,4,2,True,P002,18704.94,Incendio,Loja,Vida,Clinica San Marcos,Robo de autopartes reportado inmediatamente a la policia. Denuncia adjunta.,ASG-00150,M854F162,1,Chevrolet,Spark,2018,0,0,False,86,1.0,34,AMARILLO,"Siniestro ocurrido en los primeros 30 dias de la poliza (+4 pts) | Reporte con demora de 4 a 7 dias (+3 pts) | Asegurado con 2 siniestros recientes (+4 pts) | Proveedor en lista restrictiva (+10 pts) | Beneficiario asociado a mas de 2 siniestros en la cartera (+5 pts) | Narrativa muy similar a otro reclamo (100% similitud, +8 pts)",-0.03428647756429959,1
SIN-00267,21229.52,5,11,5,False,P001,23077.4,Robo,Loja,Generales,Taller El Veloz,Impacto en la parte trasera por vehiculo que huyo del lugar del accidente.,ASG-00317,A173L991,1,Hyundai,Tucson,2019,0,0,True,80,1.000000000000001,69,ROJO,"Siniestro ocurrido en los primeros 10 dias de la poliza (+8 pts) | Reporte tardio: mas de 7 dias despues del evento (+5 pts) | Asegurado con 3 o mas siniestros en 18 meses (+8 pts) | Documentos incompletos o faltantes (+4 pts) | Proveedor en lista restrictiva (+10 pts) | Beneficiario asociado a mas de 2 siniestros en la cartera (+5 pts) | Robo reportado con mas de 48 horas de demora (+8 pts) | Dinamica sospechosa: narrativa con indicadores de riesgo (+5 pts) | Documentacion con inconsistencia detectada (+8 pts) | Narrativa muy similar a otro reclamo (100% similitud, +8 pts)",0.07494810115724243,0
SIN-00272,11510.14,17,5,3,True,P007,16245.33,Dano parcial,Manta,Generales,Grua Rapida,Impacto en la parte trasera por vehiculo que huyo del lugar del accidente.,ASG-00211,L867G504,1,Nissan,Frontier,2021,0,0,False,92,1.000000000000001,43,ROJO,"Siniestro ocurrido en los primeros 30 dias de la poliza (+4 pts) | Reporte con demora de 4 a 7 dias (+3 pts) | Asegurado con 3 o mas siniestros en 18 meses (+8 pts) | Proveedor en lista restrictiva (+10 pts) | Beneficiario asociado a mas de 2 siniestros en la cartera (+5 pts) | Dinamica sospechosa: narrativa con indicadores de riesgo (+5 pts) | Narrativa muy similar a otro reclamo (100% similitud, +8 pts)",0.053718262207839984,0
SIN-00276,30615.51,11,4,3,False,P007,45063.14,Responsabilidad Civil,Manta,Vehiculos,Grua Rapida,Colision frontal con vehiculo desconocido en horas de la madrugada sin testigos.,ASG-00060,R564L995,1,Nissan,Frontier,2020,0,2,False,92,0.9999999999999993,53,ROJO,"Siniestro ocurrido en los primeros 30 dias de la poliza (+4 pts) | Reporte con demora de 4 a 7 dias (+3 pts) | Asegurado con 3 o mas siniestros en 18 meses (+8 pts) | Documentos incompletos o faltantes (+4 pts) | Proveedor en lista restrictiva (+10 pts) | Beneficiario asociado a mas de 2 siniestros en la cartera (+5 pts) | Dinamica sospechosa: cobertura Responsabilidad Civil sola (+6 pts) | Dinamica sospechosa: narrativa con indicadores de riesgo (+5 pts) | Narrativa muy similar a otro reclamo (100% similitud, +8 pts)",0.03564511039789653,0
SIN-00279,24892.65,5,11,4,False,P001,26292.22,Robo,Ambato,Hogar,Taller El Veloz,El vehiculo fue impactado por un tercero que se dio a la fuga sin dejar datos.,ASG-00289,N102Q674,1,Nissan,Versa,2019,0,0,True,80,0.9999999999999992,69,ROJO,"Siniestro ocurrido en los primeros 10 dias de la poliza (+8 pts) | Reporte tardio: mas de 7 dias despues del evento (+5 pts) | Asegurado con 3 o mas siniestros en 18 meses (+8 pts) | Documentos incompletos o faltantes (+4 pts) | Proveedor en lista restrictiva (+10 pts) | Beneficiario asociado a mas de 2 siniestros en la cartera (+5 pts) | Robo reportado con mas de 48 horas de demora (+8 pts) | Dinamica sospechosa: narrativa con indicadores de riesgo (+5 pts) | Documentacion con inconsistencia detectada (+8 pts) | Narrativa muy similar a otro reclamo (100% similitud, +8 pts)",0.08819876102468788,0
SIN-00283,12744.96,6,9,4,False,P007,13457.11,Robo,Quito,Generales,Grua Rapida,Impacto en la parte trasera por vehiculo que huyo del lugar del accidente.,ASG-00214,P382F632,1,Toyota,Hilux,2020,0,0,True,92,1.000000000000001,69,ROJO,"Siniestro ocurrido en los primeros 10 dias de la poliza (+8 pts) | Reporte tardio: mas de 7 dias despues del evento (+5 pts) | Asegurado con 3 o mas siniestros en 18 meses (+8 pts) | Documentos incompletos o faltantes (+4 pts) | Proveedor en lista restrictiva (+10 pts) | Beneficiario asociado a mas de 2 siniestros en la cartera (+5 pts) | Robo reportado con mas de 48 horas de demora (+8 pts) | Dinamica sospechosa: narrativa con indicadores de riesgo (+5 pts) | Documentacion con inconsistencia detectada (+8 pts) | Narrativa muy similar a otro reclamo (100% similitud, +8 pts)",0.05201467573972307,0
SIN-00291,3587.38,20,5,2,True,P002,5008.8,Responsabilidad Civil,Quito,Vida,Clinica San Marcos,Colision leve en interseccion con semaforo. El tercero presento sus datos.,ASG-00232,M315M707,1,Toyota,Yaris,2019,0,0,False,86,1.0000000000000004,40,ROJO,"Siniestro ocurrido en los primeros 30 dias de la poliza (+4 pts) | Reporte con demora de 4 a 7 dias (+3 pts) | Asegurado con 2 siniestros recientes (+4 pts) | Proveedor en lista restrictiva (+10 pts) | Beneficiario asociado a mas de 2 siniestros en la cartera (+5 pts) | Dinamica sospechosa: cobertura Responsabilidad Civil sola (+6 pts) | Narrativa muy similar a otro reclamo (100% similitud, +8 pts)",-0.06438537217320328,1
SIN-00295,12562.15,16,6,2,False,P001,17895.53,Dano parcial,Cuenca,Hogar,Taller El Veloz,Robo de autopartes reportado inmediatamente a la policia. Denuncia adjunta.,ASG-00108,R236F460,1,Mazda,BT-50,2019,0,0,False,80,1.0,38,AMARILLO,"Siniestro ocurrido en los primeros 30 dias de la poliza (+4 pts) | Reporte con demora de 4 a 7 dias (+3 pts) | Asegurado con 2 siniestros recientes (+4 pts) | Documentos incompletos o faltantes (+4 pts) | Proveedor en lista restrictiva (+10 pts) | Beneficiario asociado a mas de 2 siniestros en la cartera (+5 pts) | Narrativa muy similar a otro reclamo (100% similitud, +8 pts)",0.014375452110896636,0
SIN-00314,34669.18,17,3,2,False,P007,44499.51,Dano parcial,Ambato,Vida,Grua Rapida,Colision leve en interseccion con semaforo. El tercero presento sus datos.,ASG-00056,M692H780,1,Nissan,Sentra,2019,0,0,False,92,1.0000000000000004,35,AMARILLO,"Siniestro ocurrido en los primeros 30 dias de la poliza (+4 pts) | Asegurado con 2 siniestros recientes (+4 pts) | Documentos incompletos o faltantes (+4 pts) | Proveedor en lista restrictiva (+10 pts) | Beneficiario asociado a mas de 2 siniestros en la cartera (+5 pts) | Narrativa muy similar a otro reclamo (100% similitud, +8 pts)",-0.005830976811577737,1
SIN-00319,20284.72,21,5,3,False,P002,26937.22,Dano parcial,Loja,Hogar,Clinica San Marcos,El vehiculo fue impactado por un tercero que se dio a la fuga sin dejar datos.,ASG-00182,A176J294,1,Chevrolet,Spark,2021,0,0,False,86,0.9999999999999992,47,ROJO,"Siniestro ocurrido en los primeros 30 dias de la poliza (+4 pts) | Reporte con demora de 4 a 7 dias (+3 pts) | Asegurado con 3 o mas siniestros en 18 meses (+8 pts) | Documentos incompletos o faltantes (+4 pts) | Proveedor en lista restrictiva (+10 pts) | Beneficiario asociado a mas de 2 siniestros en la cartera (+5 pts) | Dinamica sospechosa: narrativa con indicadores de riesgo (+5 pts) | Narrativa muy similar a otro reclamo (100% similitud, +8 pts)",0.0753008114649174,0
SIN-00322,24727.93,1,15,6,False,P007,25059.89,Robo,Manta,Vida,Grua Rapida,Colision frontal con vehiculo desconocido en horas de la madrugada sin testigos.,ASG-00190,P552C811,1,Nissan,Frontier,2020,0,0,False,92,0.9999999999999993,66,ROJO,"Siniestro ocurrido en los primeros 10 dias de la poliza (+8 pts) | Reporte tardio: mas de 7 dias despues del evento (+5 pts) | Asegurado con 3 o mas siniestros en 18 meses (+8 pts) | Documentos incompletos o faltantes (+4 pts) | Proveedor en lista restrictiva (+10 pts) | Beneficiario asociado a mas de 2 siniestros en la cartera (+5 pts) | Monto reclamado es el 99% de la suma asegurada (+5 pts) | Robo reportado con mas de 48 horas de demora (+8 pts) | Dinamica sospechosa: narrativa con indicadores de riesgo (+5 pts) | Narrativa muy similar a otro reclamo (100% similitud, +8 pts)",0.011372870462562523,0
SIN-00323,25659.73,14,5,3,False,P002,31492.59,Robo,Loja,Salud,Clinica San Marcos,Dano por granizo en estacionamiento del trabajo. Evidencia fotografica adjunta.,ASG-00384,G820A780,1,Toyota,Corolla,2019,0,0,False,86,1.0,50,ROJO,"Siniestro ocurrido en los primeros 30 dias de la poliza (+4 pts) | Reporte con demora de 4 a 7 dias (+3 pts) | Asegurado con 3 o mas siniestros en 18 meses (+8 pts) | Documentos incompletos o faltantes (+4 pts) | Proveedor en lista restrictiva (+10 pts) | Beneficiario asociado a mas de 2 siniestros en la cartera (+5 pts) | Robo reportado con mas de 48 horas de demora (+8 pts) | Narrativa muy similar a otro reclamo (100% similitud, +8 pts)",0.10164997620653538,0
SIN-00329,10298.14,20,4,3,False,P004,12776.32,Robo,Quito,Vida,Peritajes Express,Choque en parqueadero de centro comercial con camaras de seguridad.,ASG-00016,F430F924,1,Nissan,Sentra,2013,0,0,False,6,1.0,40,ROJO,"Siniestro ocurrido en los primeros 30 dias de la poliza (+4 pts) | Reporte con demora de 4 a 7 dias (+3 pts) | Asegurado con 3 o mas siniestros en 18 meses (+8 pts) | Documentos incompletos o faltantes (+4 pts) | Beneficiario asociado a mas de 2 siniestros en la cartera (+5 pts) | Robo reportado con mas de 48 horas de demora (+8 pts) | Narrativa muy similar a otro reclamo (100% similitud, +8 pts)",0.05095417736467972,0
SIN-00330,19432.05,1,11,6,False,P002,21209.66,Robo,Manta,Vehiculos,Clinica San Marcos,El vehiculo fue impactado por un tercero que se dio a la fuga sin dejar datos.,ASG-00090,R908E963,1,Toyota,RAV4,2024,0,2,True,86,0.9999999999999992,69,ROJO,"Siniestro ocurrido en los primeros 10 dias de la poliza (+8 pts) | Reporte tardio: mas de 7 dias despues del evento (+5 pts) | Asegurado con 3 o mas siniestros en 18 meses (+8 pts) | Documentos incompletos o faltantes (+4 pts) | Proveedor en lista restrictiva (+10 pts) | Beneficiario asociado a mas de 2 siniestros en la cartera (+5 pts) | Robo reportado con mas de 48 horas de demora (+8 pts) | Dinamica sospechosa: narrativa con indicadores de riesgo (+5 pts) | Documentacion con inconsistencia detectada (+8 pts) | Narrativa muy similar a otro reclamo (100% similitud, +8 pts)",0.024644422315952985,0
SIN-00339,34378.97,8,11,5,False,P001,35864.54,Robo,Loja,Vehiculos,Taller El Veloz,Impacto en la parte trasera por vehiculo que huyo del lugar del accidente.,ASG-00258,H303H431,1,Hyundai,Santa Fe,2012,0,1,True,80,1.000000000000001,74,ROJO,"Siniestro ocurrido en los primeros 10 dias de la poliza (+8 pts) | Reporte tardio: mas de 7 dias despues del evento (+5 pts) | Asegurado con 3 o mas siniestros en 18 meses (+8 pts) | Documentos incompletos o faltantes (+4 pts) | Proveedor en lista restrictiva (+10 pts) | Beneficiario asociado a mas de 2 siniestros en la cartera (+5 pts) | Monto reclamado es el 96% de la suma asegurada (+5 pts) | Robo reportado con mas de 48 horas de demora (+8 pts) | Dinamica sospechosa: narrativa con indicadores de riesgo (+5 pts) | Documentacion con inconsistencia detectada (+8 pts) | Narrativa muy similar a otro reclamo (100% similitud, +8 pts)",0.05778778809594948,0
SIN-00341,34374.71,11,7,3,False,P002,46933.01,Incendio,Loja,Hogar,Clinica San Marcos,Dano por granizo en estacionamiento del trabajo. Evidencia fotografica adjunta.,ASG-00185,G101R999,1,Toyota,Yaris,2016,0,0,False,86,1.0,42,ROJO,"Siniestro ocurrido en los primeros 30 dias de la poliza (+4 pts) | Reporte con demora de 4 a 7 dias (+3 pts) | Asegurado con 3 o mas siniestros en 18 meses (+8 pts) | Documentos incompletos o faltantes (+4 pts) | Proveedor en lista restrictiva (+10 pts) | Beneficiario asociado a mas de 2 siniestros en la cartera (+5 pts) | Narrativa muy similar a otro reclamo (100% similitud, +8 pts)",0.04135939281740991,0
SIN-00351,19752.24,10,14,4,False,P002,20145.25,Robo,Guayaquil,Vida,Clinica San Marcos,Impacto en la parte trasera por vehiculo que huyo del lugar del accidente.,ASG-00361,A496J915,1,Nissan,Versa,2021,0,0,True,86,1.000000000000001,74,ROJO,"Siniestro ocurrido en los primeros 10 dias de la poliza (+8 pts) | Reporte tardio: mas de 7 dias despues del evento (+5 pts) | Asegurado con 3 o mas siniestros en 18 meses (+8 pts) | Documentos incompletos o faltantes (+4 pts) | Proveedor en lista restrictiva (+10 pts) | Beneficiario asociado a mas de 2 siniestros en la cartera (+5 pts) | Monto reclamado es el 98% de la suma asegurada (+5 pts) | Robo reportado con mas de 48 horas de demora (+8 pts) | Dinamica sospechosa: narrativa con indicadores de riesgo (+5 pts) | Documentacion con inconsistencia detectada (+8 pts) | Narrativa muy similar a otro reclamo (100% similitud, +8 pts)",0.030918582473366762,0
SIN-00355,38240.22,4,14,3,False,P001,42293.69,Robo,Loja,Vehiculos,Taller El Veloz,Impacto en la parte trasera por vehiculo que huyo del lugar del accidente.,ASG-00218,E693N575,1,Kia,Rio,2019,0,1,True,80,1.000000000000001,69,ROJO,"Siniestro ocurrido en los primeros 10 dias de la poliza (+8 pts) | Reporte tardio: mas de 7 dias despues del evento (+5 pts) | Asegurado con 3 o mas siniestros en 18 meses (+8 pts) | Documentos incompletos o faltantes (+4 pts) | Proveedor en lista restrictiva (+10 pts) | Beneficiario asociado a mas de 2 siniestros en la cartera (+5 pts) | Robo reportado con mas de 48 horas de demora (+8 pts) | Dinamica sospechosa: narrativa con indicadores de riesgo (+5 pts) | Documentacion con inconsistencia detectada (+8 pts) | Narrativa muy similar a otro reclamo (100% similitud, +8 pts)",0.05587305976051349,0
SIN-00361,38435.57,7,11,4,False,P007,38627.9,Robo,Guayaquil,Vida,Grua Rapida,Impacto en la parte trasera por vehiculo que huyo del lugar del accidente.,ASG-00361,K296C104,1,Chevrolet,Aveo,2017,0,0,True,92,1.000000000000001,74,ROJO,"Siniestro ocurrido en los primeros 10 dias de la poliza (+8 pts) | Reporte tardio: mas de 7 dias despues del evento (+5 pts) | Asegurado con 3 o mas siniestros en 18 meses (+8 pts) | Documentos incompletos o faltantes (+4 pts) | Proveedor en lista restrictiva (+10 pts) | Beneficiario asociado a mas de 2 siniestros en la cartera (+5 pts) | Monto reclamado es el 100% de la suma asegurada (+5 pts) | Robo reportado con mas de 48 horas de demora (+8 pts) | Dinamica sospechosa: narrativa con indicadores de riesgo (+5 pts) | Documentacion con inconsistencia detectada (+8 pts) | Narrativa muy similar a otro reclamo (100% similitud, +8 pts)",0.07483213320385435,0
SIN-00364,23033.13,14,7,2,False,P006,34493.03,Robo,Quito,Salud,Clinica del Sur,El vehiculo fue impactado por un tercero que se dio a la fuga sin dejar datos.,ASG-00164,M225A997,1,Nissan,Kicks,2023,0,0,False,2,0.9999999999999992,36,AMARILLO,"Siniestro ocurrido en los primeros 30 dias de la poliza (+4 pts) | Reporte con demora de 4 a 7 dias (+3 pts) | Asegurado con 2 siniestros recientes (+4 pts) | Documentos incompletos o faltantes (+4 pts) | Robo reportado con mas de 48 horas de demora (+8 pts) | Dinamica sospechosa: narrativa con indicadores de riesgo (+5 pts) | Narrativa muy similar a otro reclamo (100% similitud, +8 pts)",0.03173062270393057,0
SIN-00365,30181.17,23,5,3,True,P007,34933.13,Dano parcial,Loja,Salud,Grua Rapida,Accidente en carretera con policia presente. Croquis firmado por ambas partes.,ASG-00201,K148C254,1,Toyota,Hilux,2015,0,0,False,92,1.0000000000000002,38,AMARILLO,"Siniestro ocurrido en los primeros 30 dias de la poliza (+4 pts) | Reporte con demora de 4 a 7 dias (+3 pts) | Asegurado con 3 o mas siniestros en 18 meses (+8 pts) | Proveedor en lista restrictiva (+10 pts) | Beneficiario asociado a mas de 2 siniestros en la cartera (+5 pts) | Narrativa muy similar a otro reclamo (100% similitud, +8 pts)",0.06576575114391853,0
SIN-00369,31311.34,11,7,2,True,P007,47450.66,Incendio,Manta,Vehiculos,Grua Rapida,Colision leve en interseccion con semaforo. El tercero presento sus datos.,ASG-00162,B686K175,1,Kia,Sportage,2016,0,1,False,92,1.0000000000000004,34,AMARILLO,"Siniestro ocurrido en los primeros 30 dias de la poliza (+4 pts) | Reporte con demora de 4 a 7 dias (+3 pts) | Asegurado con 2 siniestros recientes (+4 pts) | Proveedor en lista restrictiva (+10 pts) | Beneficiario asociado a mas de 2 siniestros en la cartera (+5 pts) | Narrativa muy similar a otro reclamo (100% similitud, +8 pts)",-0.019276190968105067,1
SIN-00373,8524.02,20,7,2,True,P002,11935.92,Dano parcial,Manta,Vida,Clinica San Marcos,Colision frontal con vehiculo desconocido en horas de la madrugada sin testigos.,ASG-00269,P978B109,1,Kia,Sorento,2016,0,0,False,86,0.9999999999999993,39,AMARILLO,"Siniestro ocurrido en los primeros 30 dias de la poliza (+4 pts) | Reporte con demora de 4 a 7 dias (+3 pts) | Asegurado con 2 siniestros recientes (+4 pts) | Proveedor en lista restrictiva (+10 pts) | Beneficiario asociado a mas de 2 siniestros en la cartera (+5 pts) | Dinamica sospechosa: narrativa con indicadores de riesgo (+5 pts) | Narrativa muy similar a otro reclamo (100% similitud, +8 pts)",0.013777054652453491,0
SIN-00375,16252.46,26,5,3,False,P001,22806.14,Robo,Cuenca,Hogar,Taller El Veloz,Robo de autopartes reportado inmediatamente a la policia. Denuncia adjunta.,ASG-00070,R878H145,1,Nissan,Kicks,2015,0,0,False,80,1.0,50,ROJO,"Siniestro ocurrido en los primeros 30 dias de la poliza (+4 pts) | Reporte con demora de 4 a 7 dias (+3 pts) | Asegurado con 3 o mas siniestros en 18 meses (+8 pts) | Documentos incompletos o faltantes (+4 pts) | Proveedor en lista restrictiva (+10 pts) | Beneficiario asociado a mas de 2 siniestros en la cartera (+5 pts) | Robo reportado con mas de 48 horas de demora (+8 pts) | Narrativa muy similar a otro reclamo (100% similitud, +8 pts)",0.04277711929754768,0
SIN-00391,30617.96,25,7,3,True,P002,43076.22,Robo,Manta,Vida,Clinica San Marcos,Accidente en carretera con policia presente. Croquis firmado por ambas partes.,ASG-00353,M579B875,1,Mazda,CX-5,2021,0,0,False,86,1.0000000000000002,46,ROJO,"Siniestro ocurrido en los primeros 30 dias de la poliza (+4 pts) | Reporte con demora de 4 a 7 dias (+3 pts) | Asegurado con 3 o mas siniestros en 18 meses (+8 pts) | Proveedor en lista restrictiva (+10 pts) | Beneficiario asociado a mas de 2 siniestros en la cartera (+5 pts) | Robo reportado con mas de 48 horas de demora (+8 pts) | Narrativa muy similar a otro reclamo (100% similitud, +8 pts)",0.04023884854875526,0
SIN-00392,9705.84,7,8,6,False,P007,10079.92,Robo,Manta,Vehiculos,Grua Rapida,El asegurado reporta que su vehiculo fue robado en un estacionamiento sin camaras.,ASG-00250,P247N328,1,Mazda,2,2019,0,1,True,92,1.0,69,ROJO,"Siniestro ocurrido en los primeros 10 dias de la poliza (+8 pts) | Reporte tardio: mas de 7 dias despues del evento (+5 pts) | Asegurado con 3 o mas siniestros en 18 meses (+8 pts) | Documentos incompletos o faltantes (+4 pts) | Proveedor en lista restrictiva (+10 pts) | Beneficiario asociado a mas de 2 siniestros en la cartera (+5 pts) | Monto reclamado es el 96% de la suma asegurada (+5 pts) | Robo reportado con mas de 48 horas de demora (+8 pts) | Documentacion con inconsistencia detectada (+8 pts) | Narrativa muy similar a otro reclamo (100% similitud, +8 pts)",0.010070637173523633,0
SIN-00393,17023.26,6,13,6,False,P002,18745.69,Robo,Loja,Generales,Clinica San Marcos,El vehiculo fue impactado por un tercero que se dio a la fuga sin dejar datos.,ASG-00130,F863Q171,1,Mazda,3,2012,0,0,True,86,0.9999999999999992,69,ROJO,"Siniestro ocurrido en los primeros 10 dias de la poliza (+8 pts) | Reporte tardio: mas de 7 dias despues del evento (+5 pts) | Asegurado con 3 o mas siniestros en 18 meses (+8 pts) | Documentos incompletos o faltantes (+4 pts) | Proveedor en lista restrictiva (+10 pts) | Beneficiario asociado a mas de 2 siniestros en la cartera (+5 pts) | Robo reportado con mas de 48 horas de demora (+8 pts) | Dinamica sospechosa: narrativa con indicadores de riesgo (+5 pts) | Documentacion con inconsistencia detectada (+8 pts) | Narrativa muy similar a otro reclamo (100% similitud, +8 pts)",0.06585727331269797,0
SIN-00394,46241.9,4,10,5,False,P001,46453.63,Robo,Guayaquil,Hogar,Taller El Veloz,El asegurado reporta que su vehiculo fue robado en un estacionamiento sin camaras.,ASG-00320,H466D233,1,Kia,Sorento,2014,0,0,True,80,1.0,69,ROJO,"Siniestro ocurrido en los primeros 10 dias de la poliza (+8 pts) | Reporte tardio: mas de 7 dias despues del evento (+5 pts) | Asegurado con 3 o mas siniestros en 18 meses (+8 pts) | Documentos incompletos o faltantes (+4 pts) | Proveedor en lista restrictiva (+10 pts) | Beneficiario asociado a mas de 2 siniestros en la cartera (+5 pts) | Monto reclamado es el 100% de la suma asegurada (+5 pts) | Robo reportado con mas de 48 horas de demora (+8 pts) | Documentacion con inconsistencia detectada (+8 pts) | Narrativa muy similar a otro reclamo (100% similitud, +8 pts)",-0.028027689607668216,1
SIN-00395,4804.56,1,11,5,False,P002,5205.65,Robo,Cuenca,Hogar,Clinica San Marcos,El vehiculo fue impactado por un tercero que se dio a la fuga sin dejar datos.,ASG-00046,B516F394,1,Chevrolet,D-Max,2014,0,0,True,86,0.9999999999999992,69,ROJO,"Siniestro ocurrido en los primeros 10 dias de la poliza (+8 pts) | Reporte tardio: mas de 7 dias despues del evento (+5 pts) | Asegurado con 3 o mas siniestros en 18 meses (+8 pts) | Documentos incompletos o faltantes (+4 pts) | Proveedor en lista restrictiva (+10 pts) | Beneficiario asociado a mas de 2 siniestros en la cartera (+5 pts) | Robo reportado con mas de 48 horas de demora (+8 pts) | Dinamica sospechosa: narrativa con indicadores de riesgo (+5 pts) | Documentacion con inconsistencia detectada (+8 pts) | Narrativa muy similar a otro reclamo (100% similitud, +8 pts)",-0.07047333876829032,1
SIN-00396,27084.93,30,4,3,False,P007,38859.25,Robo,Guayaquil,Vida,Grua Rapida,Colision leve en interseccion con semaforo. El tercero presento sus datos.,ASG-00155,G800H153,1,Chevrolet,D-Max,2015,0,0,False,92,1.0000000000000004,50,ROJO,"Siniestro ocurrido en los primeros 30 dias de la poliza (+4 pts) | Reporte con demora de 4 a 7 dias (+3 pts) | Asegurado con 3 o mas siniestros en 18 meses (+8 pts) | Documentos incompletos o faltantes (+4 pts) | Proveedor en lista restrictiva (+10 pts) | Beneficiario asociado a mas de 2 siniestros en la cartera (+5 pts) | Robo reportado con mas de 48 horas de demora (+8 pts) | Narrativa muy similar a otro reclamo (100% similitud, +8 pts)",0.031317410777605414,0
SIN-00409,31052.4,23,6,3,False,P001,37719.82,Incendio,Manta,Salud,Taller El Veloz,Dano por granizo en estacionamiento del trabajo. Evidencia fotografica adjunta.,ASG-00138,H176R135,1,Toyota,Corolla,2021,0,0,False,80,1.0,42,ROJO,"Siniestro ocurrido en los primeros 30 dias de la poliza (+4 pts) | Reporte con demora de 4 a 7 dias (+3 pts) | Asegurado con 3 o mas siniestros en 18 meses (+8 pts) | Documentos incompletos o faltantes (+4 pts) | Proveedor en lista restrictiva (+10 pts) | Beneficiario asociado a mas de 2 siniestros en la cartera (+5 pts) | Narrativa muy similar a otro reclamo (100% similitud, +8 pts)",0.05824116420194125,0
SIN-00415,5477.56,20,3,3,False,P001,6708.37,Robo,Manta,Hogar,Taller El Veloz,El vehiculo fue impactado por un tercero que se dio a la fuga sin dejar datos.,ASG-00278,G878F654,1,Chevrolet,Spark,2019,0,0,False,80,0.9999999999999992,52,ROJO,"Siniestro ocurrido en los primeros 30 dias de la poliza (+4 pts) | Asegurado con 3 o mas siniestros en 18 meses (+8 pts) | Documentos incompletos o faltantes (+4 pts) | Proveedor en lista restrictiva (+10 pts) | Beneficiario asociado a mas de 2 siniestros en la cartera (+5 pts) | Robo reportado con mas de 48 horas de demora (+8 pts) | Dinamica sospechosa: narrativa con indicadores de riesgo (+5 pts) | Narrativa muy similar a otro reclamo (100% similitud, +8 pts)",0.015253104147591068,0
SIN-00419,26051.75,19,5,3,False,P001,33037.61,Incendio,Loja,Vehiculos,Taller El Veloz,Colision leve en interseccion con semaforo. El tercero presento sus datos.,ASG-00235,R469K475,1,Nissan,Frontier,2013,0,1,False,80,1.0000000000000004,42,ROJO,"Siniestro ocurrido en los primeros 30 dias de la poliza (+4 pts) | Reporte con demora de 4 a 7 dias (+3 pts) | Asegurado con 3 o mas siniestros en 18 meses (+8 pts) | Documentos incompletos o faltantes (+4 pts) | Proveedor en lista restrictiva (+10 pts) | Beneficiario asociado a mas de 2 siniestros en la cartera (+5 pts) | Narrativa muy similar a otro reclamo (100% similitud, +8 pts)",0.09365631452774925,0
SIN-00423,41318.02,26,5,3,False,P002,47433.21,Atencion medica,Loja,Vehiculos,Clinica San Marcos,Choque en parqueadero de centro comercial con camaras de seguridad.,ASG-00185,N797Q358,1,Chevrolet,Captiva,2014,0,1,False,86,1.0,42,ROJO,"Siniestro ocurrido en los primeros 30 dias de la poliza (+4 pts) | Reporte con demora de 4 a 7 dias (+3 pts) | Asegurado con 3 o mas siniestros en 18 meses (+8 pts) | Documentos incompletos o faltantes (+4 pts) | Proveedor en lista restrictiva (+10 pts) | Beneficiario asociado a mas de 2 siniestros en la cartera (+5 pts) | Narrativa muy similar a otro reclamo (100% similitud, +8 pts)",0.0030384110694293698,0
SIN-00427,10302.74,5,14,6,False,P007,10754.83,Robo,Manta,Vehiculos,Grua Rapida,Impacto en la parte trasera por vehiculo que huyo del lugar del accidente.,ASG-00211,A536B914,1,Mazda,3,2016,0,2,True,92,1.000000000000001,74,ROJO,"Siniestro ocurrido en los primeros 10 dias de la poliza (+8 pts) | Reporte tardio: mas de 7 dias despues del evento (+5 pts) | Asegurado con 3 o mas siniestros en 18 meses (+8 pts) | Documentos incompletos o faltantes (+4 pts) | Proveedor en lista restrictiva (+10 pts) | Beneficiario asociado a mas de 2 siniestros en la cartera (+5 pts) | Monto reclamado es el 96% de la suma asegurada (+5 pts) | Robo reportado con mas de 48 horas de demora (+8 pts) | Dinamica sospechosa: narrativa con indicadores de riesgo (+5 pts) | Documentacion con inconsistencia detectada (+8 pts) | Narrativa muy similar a otro reclamo (100% similitud, +8 pts)",0.03455465454653439,0
SIN-00439,16498.18,4,13,6,False,P002,18282.27,Robo,Manta,Hogar,Clinica San Marcos,El asegurado reporta que su vehiculo fue robado en un estacionamiento sin camaras.,ASG-00088,D910K287,1,Nissan,Frontier,2020,0,0,True,86,1.0,64,ROJO,"Siniestro ocurrido en los primeros 10 dias de la poliza (+8 pts) | Reporte tardio: mas de 7 dias despues del evento (+5 pts) | Asegurado con 3 o mas siniestros en 18 meses (+8 pts) | Documentos incompletos o faltantes (+4 pts) | Proveedor en lista restrictiva (+10 pts) | Beneficiario asociado a mas de 2 siniestros en la cartera (+5 pts) | Robo reportado con mas de 48 horas de demora (+8 pts) | Documentacion con inconsistencia detectada (+8 pts) | Narrativa muy similar a otro reclamo (100% similitud, +8 pts)",0.05721716963206647,0
SIN-00445,17980.34,8,15,6,False,P002,18111.04,Robo,Cuenca,Hogar,Clinica San Marcos,Colision frontal con vehiculo desconocido en horas de la madrugada sin testigos.,ASG-00117,R268N470,1,Kia,Sorento,2013,0,0,True,86,0.9999999999999993,74,ROJO,"Siniestro ocurrido en los primeros 10 dias de la poliza (+8 pts) | Reporte tardio: mas de 7 dias despues del evento (+5 pts) | Asegurado con 3 o mas siniestros en 18 meses (+8 pts) | Documentos incompletos o faltantes (+4 pts) | Proveedor en lista restrictiva (+10 pts) | Beneficiario asociado a mas de 2 siniestros en la cartera (+5 pts) | Monto reclamado es el 99% de la suma asegurada (+5 pts) | Robo reportado con mas de 48 horas de demora (+8 pts) | Dinamica sospechosa: narrativa con indicadores de riesgo (+5 pts) | Documentacion con inconsistencia detectada (+8 pts) | Narrativa muy similar a otro reclamo (100% similitud, +8 pts)",0.006173427694772027,0
SIN-00449,35210.91,1,9,3,False,P001,38869.51,Robo,Loja,Hogar,Taller El Veloz,Colision frontal con vehiculo desconocido en horas de la madrugada sin testigos.,ASG-00185,A838B681,1,Nissan,Frontier,2012,0,0,True,80,0.9999999999999993,69,ROJO,"Siniestro ocurrido en los primeros 10 dias de la poliza (+8 pts) | Reporte tardio: mas de 7 dias despues del evento (+5 pts) | Asegurado con 3 o mas siniestros en 18 meses (+8 pts) | Documentos incompletos o faltantes (+4 pts) | Proveedor en lista restrictiva (+10 pts) | Beneficiario asociado a mas de 2 siniestros en la cartera (+5 pts) | Robo reportado con mas de 48 horas de demora (+8 pts) | Dinamica sospechosa: narrativa con indicadores de riesgo (+5 pts) | Documentacion con inconsistencia detectada (+8 pts) | Narrativa muy similar a otro reclamo (100% similitud, +8 pts)",0.04367905798517441,0
SIN-00450,48577.78,9,12,3,False,P001,48883.61,Robo,Guayaquil,Vida,Taller El Veloz,Impacto en la parte trasera por vehiculo que huyo del lugar del accidente.,ASG-00363,C529M594,1,Mazda,CX-5,2019,0,0,True,80,1.000000000000001,74,ROJO,"Siniestro ocurrido en los primeros 10 dias de la poliza (+8 pts) | Reporte tardio: mas de 7 dias despues del evento (+5 pts) | Asegurado con 3 o mas siniestros en 18 meses (+8 pts) | Documentos incompletos o faltantes (+4 pts) | Proveedor en lista restrictiva (+10 pts) | Beneficiario asociado a mas de 2 siniestros en la cartera (+5 pts) | Monto reclamado es el 99% de la suma asegurada (+5 pts) | Robo reportado con mas de 48 horas de demora (+8 pts) | Dinamica sospechosa: narrativa con indicadores de riesgo (+5 pts) | Documentacion con inconsistencia detectada (+8 pts) | Narrativa muy similar a otro reclamo (100% similitud, +8 pts)",-0.020422587673446624,1
SIN-00456,12620.85,4,15,4,False,P001,13991.0,Robo,Quito,Vehiculos,Taller El Veloz,El asegurado reporta que su vehiculo fue robado en un estacionamiento sin camaras.,ASG-00187,C364R987,1,Hyundai,Santa Fe,2018,0,1,True,80,1.0,64,ROJO,"Siniestro ocurrido en los primeros 10 dias de la poliza (+8 pts) | Reporte tardio: mas de 7 dias despues del evento (+5 pts) | Asegurado con 3 o mas siniestros en 18 meses (+8 pts) | Documentos incompletos o faltantes (+4 pts) | Proveedor en lista restrictiva (+10 pts) | Beneficiario asociado a mas de 2 siniestros en la cartera (+5 pts) | Robo reportado con mas de 48 horas de demora (+8 pts) | Documentacion con inconsistencia detectada (+8 pts) | Narrativa muy similar a otro reclamo (100% similitud, +8 pts)",0.02323195726487859,0
SIN-00459,34482.57,30,7,3,True,P007,46585.93,Robo,Manta,Vida,Grua Rapida,Impacto en la parte trasera por vehiculo que huyo del lugar del accidente.,ASG-00022,J559K267,1,Mazda,CX-5,2021,0,0,False,92,1.000000000000001,51,ROJO,"Siniestro ocurrido en los primeros 30 dias de la poliza (+4 pts) | Reporte con demora de 4 a 7 dias (+3 pts) | Asegurado con 3 o mas siniestros en 18 meses (+8 pts) | Proveedor en lista restrictiva (+10 pts) | Beneficiario asociado a mas de 2 siniestros en la cartera (+5 pts) | Robo reportado con mas de 48 horas de demora (+8 pts) | Dinamica sospechosa: narrativa con indicadores de riesgo (+5 pts) | Narrativa muy similar a otro reclamo (100% similitud, +8 pts)",0.0068844381318495795,0
SIN-00461,6462.75,6,11,3,False,P002,6940.2,Robo,Quito,Salud,Clinica San Marcos,El asegurado reporta que su vehiculo fue robado en un estacionamiento sin camaras.,ASG-00091,R906R916,1,Kia,Rio,2017,0,0,True,86,1.0,64,ROJO,"Siniestro ocurrido en los primeros 10 dias de la poliza (+8 pts) | Reporte tardio: mas de 7 dias despues del evento (+5 pts) | Asegurado con 3 o mas siniestros en 18 meses (+8 pts) | Documentos incompletos o faltantes (+4 pts) | Proveedor en lista restrictiva (+10 pts) | Beneficiario asociado a mas de 2 siniestros en la cartera (+5 pts) | Robo reportado con mas de 48 horas de demora (+8 pts) | Documentacion con inconsistencia detectada (+8 pts) | Narrativa muy similar a otro reclamo (100% similitud, +8 pts)",0.02863289360768395,0
SIN-00468,35491.33,5,9,3,False,P007,37068.31,Robo,Quito,Generales,Grua Rapida,Colision frontal con vehiculo desconocido en horas de la madrugada sin testigos.,ASG-00204,F756H227,1,Hyundai,Elantra,2021,0,0,True,92,0.9999999999999993,74,ROJO,"Siniestro ocurrido en los primeros 10 dias de la poliza (+8 pts) | Reporte tardio: mas de 7 dias despues del evento (+5 pts) | Asegurado con 3 o mas siniestros en 18 meses (+8 pts) | Documentos incompletos o faltantes (+4 pts) | Proveedor en lista restrictiva (+10 pts) | Beneficiario asociado a mas de 2 siniestros en la cartera (+5 pts) | Monto reclamado es el 96% de la suma asegurada (+5 pts) | Robo reportado con mas de 48 horas de demora (+8 pts) | Dinamica sospechosa: narrativa con indicadores de riesgo (+5 pts) | Documentacion con inconsistencia detectada (+8 pts) | Narrativa muy similar a otro reclamo (100% similitud, +8 pts)",0.07626124978145998,0
SIN-00476,11908.71,10,9,3,False,P002,13095.83,Robo,Ambato,Vida,Clinica San Marcos,Colision frontal con vehiculo desconocido en horas de la madrugada sin testigos.,ASG-00374,K203F256,1,Kia,Picanto,2024,0,0,True,86,0.9999999999999993,69,ROJO,"Siniestro ocurrido en los primeros 10 dias de la poliza (+8 pts) | Reporte tardio: mas de 7 dias despues del evento (+5 pts) | Asegurado con 3 o mas siniestros en 18 meses (+8 pts) | Documentos incompletos o faltantes (+4 pts) | Proveedor en lista restrictiva (+10 pts) | Beneficiario asociado a mas de 2 siniestros en la cartera (+5 pts) | Robo reportado con mas de 48 horas de demora (+8 pts) | Dinamica sospechosa: narrativa con indicadores de riesgo (+5 pts) | Documentacion con inconsistencia detectada (+8 pts) | Narrativa muy similar a otro reclamo (100% similitud, +8 pts)",0.056758230162361534,0
SIN-00479,6104.22,16,5,2,True,P007,8601.79,Choque,Ambato,Hogar,Grua Rapida,Dano por granizo en estacionamiento del trabajo. Evidencia fotografica adjunta.,ASG-00033,B228H941,1,Kia,Sportage,2017,0,0,False,92,1.0,34,AMARILLO,"Siniestro ocurrido en los primeros 30 dias de la poliza (+4 pts) | Reporte con demora de 4 a 7 dias (+3 pts) | Asegurado con 2 siniestros recientes (+4 pts) | Proveedor en lista restrictiva (+10 pts) | Beneficiario asociado a mas de 2 siniestros en la cartera (+5 pts) | Narrativa muy similar a otro reclamo (100% similitud, +8 pts)",0.009753963541328625,0
SIN-00483,31459.94,28,3,3,True,P002,37445.54,Atencion medica,Guayaquil,Vehiculos,Clinica San Marcos,Robo de autopartes reportado inmediatamente a la policia. Denuncia adjunta.,ASG-00174,C707F480,1,Toyota,RAV4,2013,0,1,False,86,1.0,35,AMARILLO,"Siniestro ocurrido en los primeros 30 dias de la poliza (+4 pts) | Asegurado con 3 o mas siniestros en 18 meses (+8 pts) | Proveedor en lista restrictiva (+10 pts) | Beneficiario asociado a mas de 2 siniestros en la cartera (+5 pts) | Narrativa muy similar a otro reclamo (100% similitud, +8 pts)",0.009461123380844039,0
SIN-00485,23631.93,8,9,3,False,P007,25036.53,Robo,Quito,Generales,Grua Rapida,El asegurado reporta que su vehiculo fue robado en un estacionamiento sin camaras.,ASG-00304,H942M121,1,Toyota,RAV4,2023,0,0,True,92,1.0,64,ROJO,"Siniestro ocurrido en los primeros 10 dias de la poliza (+8 pts) | Reporte tardio: mas de 7 dias despues del evento (+5 pts) | Asegurado con 3 o mas siniestros en 18 meses (+8 pts) | Documentos incompletos o faltantes (+4 pts) | Proveedor en lista restrictiva (+10 pts) | Beneficiario asociado a mas de 2 siniestros en la cartera (+5 pts) | Robo reportado con mas de 48 horas de demora (+8 pts) | Documentacion con inconsistencia detectada (+8 pts) | Narrativa muy similar a otro reclamo (100% similitud, +8 pts)",0.0731560801268063,0
SIN-00487,17691.15,1,12,5,False,P002,17895.53,Robo,Cuenca,Hogar,Clinica San Marcos,El asegurado reporta que su vehiculo fue robado en un estacionamiento sin camaras.,ASG-00108,R212L808,1,Toyota,Yaris,2024,0,0,True,86,1.0,69,ROJO,"Siniestro ocurrido en los primeros 10 dias de la poliza (+8 pts) | Reporte tardio: mas de 7 dias despues del evento (+5 pts) | Asegurado con 3 o mas siniestros en 18 meses (+8 pts) | Documentos incompletos o faltantes (+4 pts) | Proveedor en lista restrictiva (+10 pts) | Beneficiario asociado a mas de 2 siniestros en la cartera (+5 pts) | Monto reclamado es el 99% de la suma asegurada (+5 pts) | Robo reportado con mas de 48 horas de demora (+8 pts) | Documentacion con inconsistencia detectada (+8 pts) | Narrativa muy similar a otro reclamo (100% similitud, +8 pts)",0.0513822523315739,0
SIN-00489,16376.73,14,5,2,True,P001,24322.49,Choque,Ambato,Vida,Taller El Veloz,Choque en parqueadero de centro comercial con camaras de seguridad.,ASG-00374,F627E384,1,Chevrolet,Aveo,2015,0,0,False,80,1.0,34,AMARILLO,"Siniestro ocurrido en los primeros 30 dias de la poliza (+4 pts) | Reporte con demora de 4 a 7 dias (+3 pts) | Asegurado con 2 siniestros recientes (+4 pts) | Proveedor en lista restrictiva (+10 pts) | Beneficiario asociado a mas de 2 siniestros en la cartera (+5 pts) | Narrativa muy similar a otro reclamo (100% similitud, +8 pts)",0.043629542775406926,0
SIN-00504,24484.6,22,6,3,True,P001,30230.94,Responsabilidad Civil,Loja,Generales,Taller El Veloz,Colision frontal con vehiculo desconocido en horas de la madrugada sin testigos.,ASG-00102,R260A841,1,Nissan,Versa,2022,0,0,False,80,0.9999999999999993,49,ROJO,"Siniestro ocurrido en los primeros 30 dias de la poliza (+4 pts) | Reporte con demora de 4 a 7 dias (+3 pts) | Asegurado con 3 o mas siniestros en 18 meses (+8 pts) | Proveedor en lista restrictiva (+10 pts) | Beneficiario asociado a mas de 2 siniestros en la cartera (+5 pts) | Dinamica sospechosa: cobertura Responsabilidad Civil sola (+6 pts) | Dinamica sospechosa: narrativa con indicadores de riesgo (+5 pts) | Narrativa muy similar a otro reclamo (100% similitud, +8 pts)",0.08496008413496309,0
SIN-00506,35178.03,20,6,2,True,P002,45132.02,Dano parcial,Loja,Vida,Clinica San Marcos,El asegurado reporta que su vehiculo fue robado en un estacionamiento sin camaras.,ASG-00168,M530K118,1,Chevrolet,Aveo,2020,0,0,False,86,1.0,34,AMARILLO,"Siniestro ocurrido en los primeros 30 dias de la poliza (+4 pts) | Reporte con demora de 4 a 7 dias (+3 pts) | Asegurado con 2 siniestros recientes (+4 pts) | Proveedor en lista restrictiva (+10 pts) | Beneficiario asociado a mas de 2 siniestros en la cartera (+5 pts) | Narrativa muy similar a otro reclamo (100% similitud, +8 pts)",0.011446256530473597,0
SIN-00509,34370.06,7,14,4,False,P007,36780.2,Robo,Quito,Vehiculos,Grua Rapida,El vehiculo fue impactado por un tercero que se dio a la fuga sin dejar datos.,ASG-00376,G521Q181,1,Mazda,BT-50,2018,0,2,True,92,0.9999999999999992,69,ROJO,"Siniestro ocurrido en los primeros 10 dias de la poliza (+8 pts) | Reporte tardio: mas de 7 dias despues del evento (+5 pts) | Asegurado con 3 o mas siniestros en 18 meses (+8 pts) | Documentos incompletos o faltantes (+4 pts) | Proveedor en lista restrictiva (+10 pts) | Beneficiario asociado a mas de 2 siniestros en la cartera (+5 pts) | Robo reportado con mas de 48 horas de demora (+8 pts) | Dinamica sospechosa: narrativa con indicadores de riesgo (+5 pts) | Documentacion con inconsistencia detectada (+8 pts) | Narrativa muy similar a otro reclamo (100% similitud, +8 pts)",0.056898096786756114,0
SIN-00511,25828.32,4,13,3,False,P001,26292.22,Robo,Ambato,Hogar,Taller El Veloz,El vehiculo fue impactado por un tercero que se dio a la fuga sin dejar datos.,ASG-00289,P560M170,1,Mazda,BT-50,2024,0,0,True,80,0.9999999999999992,74,ROJO,"Siniestro ocurrido en los primeros 10 dias de la poliza (+8 pts) | Reporte tardio: mas de 7 dias despues del evento (+5 pts) | Asegurado con 3 o mas siniestros en 18 meses (+8 pts) | Documentos incompletos o faltantes (+4 pts) | Proveedor en lista restrictiva (+10 pts) | Beneficiario asociado a mas de 2 siniestros en la cartera (+5 pts) | Monto reclamado es el 98% de la suma asegurada (+5 pts) | Robo reportado con mas de 48 horas de demora (+8 pts) | Dinamica sospechosa: narrativa con indicadores de riesgo (+5 pts) | Documentacion con inconsistencia detectada (+8 pts) | Narrativa muy similar a otro reclamo (100% similitud, +8 pts)",0.07382421271606665,0
SIN-00514,9834.07,6,13,5,False,P001,10122.65,Robo,Guayaquil,Hogar,Taller El Veloz,Colision frontal con vehiculo desconocido en horas de la madrugada sin testigos.,ASG-00282,H868C615,1,Hyundai,Accent,2022,0,0,True,80,0.9999999999999993,74,ROJO,"Siniestro ocurrido en los primeros 10 dias de la poliza (+8 pts) | Reporte tardio: mas de 7 dias despues del evento (+5 pts) | Asegurado con 3 o mas siniestros en 18 meses (+8 pts) | Documentos incompletos o faltantes (+4 pts) | Proveedor en lista restrictiva (+10 pts) | Beneficiario asociado a mas de 2 siniestros en la cartera (+5 pts) | Monto reclamado es el 97% de la suma asegurada (+5 pts) | Robo reportado con mas de 48 horas de demora (+8 pts) | Dinamica sospechosa: narrativa con indicadores de riesgo (+5 pts) | Documentacion con inconsistencia detectada (+8 pts) | Narrativa muy similar a otro reclamo (100% similitud, +8 pts)",0.0424095930612835,0
SIN-00515,45266.6,9,13,6,False,P001,48279.32,Robo,Quito,Vida,Taller El Veloz,Colision frontal con vehiculo desconocido en horas de la madrugada sin testigos.,ASG-00230,Q314E116,1,Nissan,Versa,2014,0,0,True,80,0.9999999999999993,69,ROJO,"Siniestro ocurrido en los primeros 10 dias de la poliza (+8 pts) | Reporte tardio: mas de 7 dias despues del evento (+5 pts) | Asegurado con 3 o mas siniestros en 18 meses (+8 pts) | Documentos incompletos o faltantes (+4 pts) | Proveedor en lista restrictiva (+10 pts) | Beneficiario asociado a mas de 2 siniestros en la cartera (+5 pts) | Robo reportado con mas de 48 horas de demora (+8 pts) | Dinamica sospechosa: narrativa con indicadores de riesgo (+5 pts) | Documentacion con inconsistencia detectada (+8 pts) | Narrativa muy similar a otro reclamo (100% similitud, +8 pts)",-0.0327816976174502,1
SIN-00516,30776.29,18,5,3,False,P007,46671.89,Choque,Loja,Hogar,Grua Rapida,Colision frontal con vehiculo desconocido en horas de la madrugada sin testigos.,ASG-00150,M538L876,1,Hyundai,Tucson,2015,0,0,False,92,0.9999999999999993,47,ROJO,"Siniestro ocurrido en los primeros 30 dias de la poliza (+4 pts) | Reporte con demora de 4 a 7 dias (+3 pts) | Asegurado con 3 o mas siniestros en 18 meses (+8 pts) | Documentos incompletos o faltantes (+4 pts) | Proveedor en lista restrictiva (+10 pts) | Beneficiario asociado a mas de 2 siniestros en la cartera (+5 pts) | Dinamica sospechosa: narrativa con indicadores de riesgo (+5 pts) | Narrativa muy similar a otro reclamo (100% similitud, +8 pts)",0.04480842525553108,0
SIN-00517,44411.66,5,14,6,False,P007,48422.92,Robo,Cuenca,Hogar,Grua Rapida,El asegurado reporta que su vehiculo fue robado en un estacionamiento sin camaras.,ASG-00277,R593H118,1,Kia,Sportage,2013,0,0,True,92,1.0,64,ROJO,"Siniestro ocurrido en los primeros 10 dias de la poliza (+8 pts) | Reporte tardio: mas de 7 dias despues del evento (+5 pts) | Asegurado con 3 o mas siniestros en 18 meses (+8 pts) | Documentos incompletos o faltantes (+4 pts) | Proveedor en lista restrictiva (+10 pts) | Beneficiario asociado a mas de 2 siniestros en la cartera (+5 pts) | Robo reportado con mas de 48 horas de demora (+8 pts) | Documentacion con inconsistencia detectada (+8 pts) | Narrativa muy similar a otro reclamo (100% similitud, +8 pts)",-0.032628591225168924,1
SIN-00530,25316.35,14,4,2,True,P002,30138.38,Incendio,Manta,Vida,Clinica San Marcos,Colision frontal con vehiculo desconocido en horas de la madrugada sin testigos.,ASG-00090,N260E444,1,Mazda,CX-5,2019,0,0,False,86,0.9999999999999993,39,AMARILLO,"Siniestro ocurrido en los primeros 30 dias de la poliza (+4 pts) | Reporte con demora de 4 a 7 dias (+3 pts) | Asegurado con 2 siniestros recientes (+4 pts) | Proveedor en lista restrictiva (+10 pts) | Beneficiario asociado a mas de 2 siniestros en la cartera (+5 pts) | Dinamica sospechosa: narrativa con indicadores de riesgo (+5 pts) | Narrativa muy similar a otro reclamo (100% similitud, +8 pts)",0.05003879218597074,0
SIN-00531,15033.18,12,4,2,False,P002,23077.4,Choque,Loja,Generales,Clinica San Marcos,Choque en parqueadero de centro comercial con camaras de seguridad.,ASG-00317,N157A269,1,Hyundai,Tucson,2015,0,0,False,86,1.0,38,AMARILLO,"Siniestro ocurrido en los primeros 30 dias de la poliza (+4 pts) | Reporte con demora de 4 a 7 dias (+3 pts) | Asegurado con 2 siniestros recientes (+4 pts) | Documentos incompletos o faltantes (+4 pts) | Proveedor en lista restrictiva (+10 pts) | Beneficiario asociado a mas de 2 siniestros en la cartera (+5 pts) | Narrativa muy similar a otro reclamo (100% similitud, +8 pts)",0.02104847814938693,0
SIN-00534,38405.35,6,11,4,False,P001,40062.61,Robo,Guayaquil,Hogar,Taller El Veloz,El vehiculo fue impactado por un tercero que se dio a la fuga sin dejar datos.,ASG-00007,M631B945,1,Nissan,Frontier,2013,0,0,True,80,0.9999999999999992,74,ROJO,"Siniestro ocurrido en los primeros 10 dias de la poliza (+8 pts) | Reporte tardio: mas de 7 dias despues del evento (+5 pts) | Asegurado con 3 o mas siniestros en 18 meses (+8 pts) | Documentos incompletos o faltantes (+4 pts) | Proveedor en lista restrictiva (+10 pts) | Beneficiario asociado a mas de 2 siniestros en la cartera (+5 pts) | Monto reclamado es el 96% de la suma asegurada (+5 pts) | Robo reportado con mas de 48 horas de demora (+8 pts) | Dinamica sospechosa: narrativa con indicadores de riesgo (+5 pts) | Documentacion con inconsistencia detectada (+8 pts) | Narrativa muy similar a otro reclamo (100% similitud, +8 pts)",0.07315614918278496,0
SIN-00537,5918.43,13,6,2,False,P001,8820.61,Choque,Ambato,Vida,Taller El Veloz,Accidente en carretera con policia presente. Croquis firmado por ambas partes.,ASG-00191,E599K889,1,Mazda,BT-50,2019,0,0,False,80,1.0000000000000002,38,AMARILLO,"Siniestro ocurrido en los primeros 30 dias de la poliza (+4 pts) | Reporte con demora de 4 a 7 dias (+3 pts) | Asegurado con 2 siniestros recientes (+4 pts) | Documentos incompletos o faltantes (+4 pts) | Proveedor en lista restrictiva (+10 pts) | Beneficiario asociado a mas de 2 siniestros en la cartera (+5 pts) | Narrativa muy similar a otro reclamo (100% similitud, +8 pts)",0.01130393594723389,0
SIN-00547,43698.27,2,15,3,False,P007,46437.57,Robo,Ambato,Vehiculos,Grua Rapida,Colision frontal con vehiculo desconocido en horas de la madrugada sin testigos.,ASG-00122,E851L967,1,Mazda,2,2022,0,1,True,92,0.9999999999999993,69,ROJO,"Siniestro ocurrido en los primeros 10 dias de la poliza (+8 pts) | Reporte tardio: mas de 7 dias despues del evento (+5 pts) | Asegurado con 3 o mas siniestros en 18 meses (+8 pts) | Documentos incompletos o faltantes (+4 pts) | Proveedor en lista restrictiva (+10 pts) | Beneficiario asociado a mas de 2 siniestros en la cartera (+5 pts) | Robo reportado con mas de 48 horas de demora (+8 pts) | Dinamica sospechosa: narrativa con indicadores de riesgo (+5 pts) | Documentacion con inconsistencia detectada (+8 pts) | Narrativa muy similar a otro reclamo (100% similitud, +8 pts)",-0.005963896608885411,1
SIN-00552,22522.11,1,14,6,False,P007,24686.87,Robo,Ambato,Vehiculos,Grua Rapida,Colision frontal con vehiculo desconocido en horas de la madrugada sin testigos.,ASG-00301,Q994A417,1,Toyota,RAV4,2019,0,1,True,92,0.9999999999999993,69,ROJO,"Siniestro ocurrido en los primeros 10 dias de la poliza (+8 pts) | Reporte tardio: mas de 7 dias despues del evento (+5 pts) | Asegurado con 3 o mas siniestros en 18 meses (+8 pts) | Documentos incompletos o faltantes (+4 pts) | Proveedor en lista restrictiva (+10 pts) | Beneficiario asociado a mas de 2 siniestros en la cartera (+5 pts) | Robo reportado con mas de 48 horas de demora (+8 pts) | Dinamica sospechosa: narrativa con indicadores de riesgo (+5 pts) | Documentacion con inconsistencia detectada (+8 pts) | Narrativa muy similar a otro reclamo (100% similitud, +8 pts)",0.03803109903842794,0
SIN-00555,12578.35,9,8,3,False,P007,12875.57,Robo,Guayaquil,Salud,Grua Rapida,El vehiculo fue impactado por un tercero que se dio a la fuga sin dejar datos.,ASG-00155,C122G207,1,Chevrolet,Captiva,2024,0,0,True,92,0.9999999999999992,74,ROJO,"Siniestro ocurrido en los primeros 10 dias de la poliza (+8 pts) | Reporte tardio: mas de 7 dias despues del evento (+5 pts) | Asegurado con 3 o mas siniestros en 18 meses (+8 pts) | Documentos incompletos o faltantes (+4 pts) | Proveedor en lista restrictiva (+10 pts) | Beneficiario asociado a mas de 2 siniestros en la cartera (+5 pts) | Monto reclamado es el 98% de la suma asegurada (+5 pts) | Robo reportado con mas de 48 horas de demora (+8 pts) | Dinamica sospechosa: narrativa con indicadores de riesgo (+5 pts) | Documentacion con inconsistencia detectada (+8 pts) | Narrativa muy similar a otro reclamo (100% similitud, +8 pts)",0.04892514098130457,0
SIN-00557,7768.08,5,13,5,False,P002,7791.48,Robo,Ambato,Hogar,Clinica San Marcos,Impacto en la parte trasera por vehiculo que huyo del lugar del accidente.,ASG-00350,Q435R714,1,Chevrolet,Captiva,2024,0,0,True,86,1.000000000000001,74,ROJO,"Siniestro ocurrido en los primeros 10 dias de la poliza (+8 pts) | Reporte tardio: mas de 7 dias despues del evento (+5 pts) | Asegurado con 3 o mas siniestros en 18 meses (+8 pts) | Documentos incompletos o faltantes (+4 pts) | Proveedor en lista restrictiva (+10 pts) | Beneficiario asociado a mas de 2 siniestros en la cartera (+5 pts) | Monto reclamado es el 100% de la suma asegurada (+5 pts) | Robo reportado con mas de 48 horas de demora (+8 pts) | Dinamica sospechosa: narrativa con indicadores de riesgo (+5 pts) | Documentacion con inconsistencia detectada (+8 pts) | Narrativa muy similar a otro reclamo (100% similitud, +8 pts)",0.02465518975258507,0
SIN-00560,26499.54,29,2,3,True,P002,32356.85,Atencion medica,Ambato,Vida,Clinica San Marcos,El vehiculo fue impactado por un tercero que se dio a la fuga sin dejar datos.,ASG-00219,D825H502,1,Mazda,BT-50,2013,0,0,False,86,0.9999999999999992,40,ROJO,"Siniestro ocurrido en los primeros 30 dias de la poliza (+4 pts) | Asegurado con 3 o mas siniestros en 18 meses (+8 pts) | Proveedor en lista restrictiva (+10 pts) | Beneficiario asociado a mas de 2 siniestros en la cartera (+5 pts) | Dinamica sospechosa: narrativa con indicadores de riesgo (+5 pts) | Narrativa muy similar a otro reclamo (100% similitud, +8 pts)",0.036345619653416095,0
SIN-00565,11436.36,2,11,4,False,P007,12206.11,Robo,Guayaquil,Generales,Grua Rapida,Impacto en la parte trasera por vehiculo que huyo del lugar del accidente.,ASG-00125,K516D269,1,Hyundai,Santa Fe,2015,0,0,True,92,1.000000000000001,69,ROJO,"Siniestro ocurrido en los primeros 10 dias de la poliza (+8 pts) | Reporte tardio: mas de 7 dias despues del evento (+5 pts) | Asegurado con 3 o mas siniestros en 18 meses (+8 pts) | Documentos incompletos o faltantes (+4 pts) | Proveedor en lista restrictiva (+10 pts) | Beneficiario asociado a mas de 2 siniestros en la cartera (+5 pts) | Robo reportado con mas de 48 horas de demora (+8 pts) | Dinamica sospechosa: narrativa con indicadores de riesgo (+5 pts) | Documentacion con inconsistencia detectada (+8 pts) | Narrativa muy similar a otro reclamo (100% similitud, +8 pts)",0.03648747538013164,0
SIN-00567,6272.44,5,8,3,False,P002,6659.5,Robo,Manta,Salud,Clinica San Marcos,Impacto en la parte trasera por vehiculo que huyo del lugar del accidente.,ASG-00297,K633N575,1,Kia,Picanto,2020,0,0,True,86,1.000000000000001,69,ROJO,"Siniestro ocurrido en los primeros 10 dias de la poliza (+8 pts) | Reporte tardio: mas de 7 dias despues del evento (+5 pts) | Asegurado con 3 o mas siniestros en 18 meses (+8 pts) | Documentos incompletos o faltantes (+4 pts) | Proveedor en lista restrictiva (+10 pts) | Beneficiario asociado a mas de 2 siniestros en la cartera (+5 pts) | Robo reportado con mas de 48 horas de demora (+8 pts) | Dinamica sospechosa: narrativa con indicadores de riesgo (+5 pts) | Documentacion con inconsistencia detectada (+8 pts) | Narrativa muy similar a otro reclamo (100% similitud, +8 pts)",0.029652698570149405,0
SIN-00570,18991.74,19,6,3,False,P007,26213.61,Robo,Loja,Vida,Grua Rapida,Accidente en carretera con policia presente. Croquis firmado por ambas partes.,ASG-00111,A871C555,1,Kia,Sorento,2024,0,0,False,92,1.0000000000000002,50,ROJO,"Siniestro ocurrido en los primeros 30 dias de la poliza (+4 pts) | Reporte con demora de 4 a 7 dias (+3 pts) | Asegurado con 3 o mas siniestros en 18 meses (+8 pts) | Documentos incompletos o faltantes (+4 pts) | Proveedor en lista restrictiva (+10 pts) | Beneficiario asociado a mas de 2 siniestros en la cartera (+5 pts) | Robo reportado con mas de 48 horas de demora (+8 pts) | Narrativa muy similar a otro reclamo (100% similitud, +8 pts)",0.07228665364107606,0
SIN-00578,30121.24,10,10,5,False,P007,33251.58,Robo,Ambato,Generales,Grua Rapida,Impacto en la parte trasera por vehiculo que huyo del lugar del accidente.,ASG-00073,A938G844,1,Nissan,Kicks,2017,0,0,True,92,1.000000000000001,69,ROJO,"Siniestro ocurrido en los primeros 10 dias de la poliza (+8 pts) | Reporte tardio: mas de 7 dias despues del evento (+5 pts) | Asegurado con 3 o mas siniestros en 18 meses (+8 pts) | Documentos incompletos o faltantes (+4 pts) | Proveedor en lista restrictiva (+10 pts) | Beneficiario asociado a mas de 2 siniestros en la cartera (+5 pts) | Robo reportado con mas de 48 horas de demora (+8 pts) | Dinamica sospechosa: narrativa con indicadores de riesgo (+5 pts) | Documentacion con inconsistencia detectada (+8 pts) | Narrativa muy similar a otro reclamo (100% similitud, +8 pts)",0.050595825507940895,0
SIN-00585,13416.71,2,10,4,False,P007,14819.41,Robo,Manta,Hogar,Grua Rapida,El asegurado reporta que su vehiculo fue robado en un estacionamiento sin camaras.,ASG-00193,N666Q779,1,Nissan,Versa,2016,0,0,True,92,1.0,64,ROJO,"Siniestro ocurrido en los primeros 10 dias de la poliza (+8 pts) | Reporte tardio: mas de 7 dias despues del evento (+5 pts) | Asegurado con 3 o mas siniestros en 18 meses (+8 pts) | Documentos incompletos o faltantes (+4 pts) | Proveedor en lista restrictiva (+10 pts) | Beneficiario asociado a mas de 2 siniestros en la cartera (+5 pts) | Robo reportado con mas de 48 horas de demora (+8 pts) | Documentacion con inconsistencia detectada (+8 pts) | Narrativa muy similar a otro reclamo (100% similitud, +8 pts)",0.05166348658674824,0
SIN-00590,9337.82,2,9,6,False,P002,9611.6,Robo,Loja,Hogar,Clinica San Marcos,Impacto en la parte trasera por vehiculo que huyo del lugar del accidente.,ASG-00017,N814G997,1,Toyota,RAV4,2024,0,0,True,86,1.000000000000001,74,ROJO,"Siniestro ocurrido en los primeros 10 dias de la poliza (+8 pts) | Reporte tardio: mas de 7 dias despues del evento (+5 pts) | Asegurado con 3 o mas siniestros en 18 meses (+8 pts) | Documentos incompletos o faltantes (+4 pts) | Proveedor en lista restrictiva (+10 pts) | Beneficiario asociado a mas de 2 siniestros en la cartera (+5 pts) | Monto reclamado es el 97% de la suma asegurada (+5 pts) | Robo reportado con mas de 48 horas de demora (+8 pts) | Dinamica sospechosa: narrativa con indicadores de riesgo (+5 pts) | Documentacion con inconsistencia detectada (+8 pts) | Narrativa muy similar a otro reclamo (100% similitud, +8 pts)",-0.013068092753228067,1
SIN-00593,6782.82,3,12,6,False,P001,7233.59,Robo,Ambato,Hogar,Taller El Veloz,El vehiculo fue impactado por un tercero que se dio a la fuga sin dejar datos.,ASG-00145,H356E586,1,Chevrolet,Spark,2023,0,0,True,80,0.9999999999999992,69,ROJO,"Siniestro ocurrido en los primeros 10 dias de la poliza (+8 pts) | Reporte tardio: mas de 7 dias despues del evento (+5 pts) | Asegurado con 3 o mas siniestros en 18 meses (+8 pts) | Documentos incompletos o faltantes (+4 pts) | Proveedor en lista restrictiva (+10 pts) | Beneficiario asociado a mas de 2 siniestros en la cartera (+5 pts) | Robo reportado con mas de 48 horas de demora (+8 pts) | Dinamica sospechosa: narrativa con indicadores de riesgo (+5 pts) | Documentacion con inconsistencia detectada (+8 pts) | Narrativa muy similar a otro reclamo (100% similitud, +8 pts)",0.0006140875463768181,0
SIN-00594,42694.03,10,11,4,False,P007,42765.0,Robo,Loja,Vida,Grua Rapida,El vehiculo fue impactado por un tercero que se dio a la fuga sin dejar datos.,ASG-00295,N507E470,1,Mazda,BT-50,2014,0,0,True,92,0.9999999999999992,74,ROJO,"Siniestro ocurrido en los primeros 10 dias de la poliza (+8 pts) | Reporte tardio: mas de 7 dias despues del evento (+5 pts) | Asegurado con 3 o mas siniestros en 18 meses (+8 pts) | Documentos incompletos o faltantes (+4 pts) | Proveedor en lista restrictiva (+10 pts) | Beneficiario asociado a mas de 2 siniestros en la cartera (+5 pts) | Monto reclamado es el 100% de la suma asegurada (+5 pts) | Robo reportado con mas de 48 horas de demora (+8 pts) | Dinamica sospechosa: narrativa con indicadores de riesgo (+5 pts) | Documentacion con inconsistencia detectada (+8 pts) | Narrativa muy similar a otro reclamo (100% similitud, +8 pts)",0.042070330439814896,0
SIN-00597,41914.72,1,15,3,False,P002,42616.61,Robo,Guayaquil,Generales,Clinica San Marcos,Colision frontal con vehiculo desconocido en horas de la madrugada sin testigos.,ASG-00357,B185L534,1,Nissan,Versa,2018,0,0,True,86,0.9999999999999993,74,ROJO,"Siniestro ocurrido en los primeros 10 dias de la poliza (+8 pts) | Reporte tardio: mas de 7 dias despues del evento (+5 pts) | Asegurado con 3 o mas siniestros en 18 meses (+8 pts) | Documentos incompletos o faltantes (+4 pts) | Proveedor en lista restrictiva (+10 pts) | Beneficiario asociado a mas de 2 siniestros en la cartera (+5 pts) | Monto reclamado es el 98% de la suma asegurada (+5 pts) | Robo reportado con mas de 48 horas de demora (+8 pts) | Dinamica sospechosa: narrativa con indicadores de riesgo (+5 pts) | Documentacion con inconsistencia detectada (+8 pts) | Narrativa muy similar a otro reclamo (100% similitud, +8 pts)",0.0091182844619343,0
SIN-00600,15515.79,24,3,3,True,P001,21999.6,Dano parcial,Quito,Salud,Taller El Veloz,Accidente en carretera con policia presente. Croquis firmado por ambas partes.,ASG-00376,E770G643,1,Toyota,RAV4,2022,0,0,False,80,1.0000000000000002,35,AMARILLO,"Siniestro ocurrido en los primeros 30 dias de la poliza (+4 pts) | Asegurado con 3 o mas siniestros en 18 meses (+8 pts) | Proveedor en lista restrictiva (+10 pts) | Beneficiario asociado a mas de 2 siniestros en la cartera (+5 pts) | Narrativa muy similar a otro reclamo (100% similitud, +8 pts)",0.03186622678076079,0
SIN-00604,44091.58,8,8,3,False,P001,45406.99,Robo,Manta,Salud,Taller El Veloz,El vehiculo fue impactado por un tercero que se dio a la fuga sin dejar datos.,ASG-00390,M424P171,1,Kia,Sportage,2014,0,0,True,80,0.9999999999999992,74,ROJO,"Siniestro ocurrido en los primeros 10 dias de la poliza (+8 pts) | Reporte tardio: mas de 7 dias despues del evento (+5 pts) | Asegurado con 3 o mas siniestros en 18 meses (+8 pts) | Documentos incompletos o faltantes (+4 pts) | Proveedor en lista restrictiva (+10 pts) | Beneficiario asociado a mas de 2 siniestros en la cartera (+5 pts) | Monto reclamado es el 97% de la suma asegurada (+5 pts) | Robo reportado con mas de 48 horas de demora (+8 pts) | Dinamica sospechosa: narrativa con indicadores de riesgo (+5 pts) | Documentacion con inconsistencia detectada (+8 pts) | Narrativa muy similar a otro reclamo (100% similitud, +8 pts)",0.028494042505874617,0
SIN-00605,9852.41,9,10,4,False,P002,10754.83,Robo,Manta,Vehiculos,Clinica San Marcos,Impacto en la parte trasera por vehiculo que huyo del lugar del accidente.,ASG-00211,E999E121,1,Toyota,Yaris,2015,0,2,True,86,1.000000000000001,69,ROJO,"Siniestro ocurrido en los primeros 10 dias de la poliza (+8 pts) | Reporte tardio: mas de 7 dias despues del evento (+5 pts) | Asegurado con 3 o mas siniestros en 18 meses (+8 pts) | Documentos incompletos o faltantes (+4 pts) | Proveedor en lista restrictiva (+10 pts) | Beneficiario asociado a mas de 2 siniestros en la cartera (+5 pts) | Robo reportado con mas de 48 horas de demora (+8 pts) | Dinamica sospechosa: narrativa con indicadores de riesgo (+5 pts) | Documentacion con inconsistencia detectada (+8 pts) | Narrativa muy similar a otro reclamo (100% similitud, +8 pts)",0.03463233142675204,0
SIN-00608,22399.45,19,4,2,True,P007,25529.36,Dano parcial,Loja,Salud,Grua Rapida,Robo de autopartes reportado inmediatamente a la policia. Denuncia adjunta.,ASG-00288,D806P722,1,Hyundai,Tucson,2018,0,0,False,92,1.0,34,AMARILLO,"Siniestro ocurrido en los primeros 30 dias de la poliza (+4 pts) | Reporte con demora de 4 a 7 dias (+3 pts) | Asegurado con 2 siniestros recientes (+4 pts) | Proveedor en lista restrictiva (+10 pts) | Beneficiario asociado a mas de 2 siniestros en la cartera (+5 pts) | Narrativa muy similar a otro reclamo (100% similitud, +8 pts)",0.04299320284157798,0
SIN-00611,29710.1,25,5,3,True,P001,34195.39,Choque,Loja,Vehiculos,Taller El Veloz,Robo de autopartes reportado inmediatamente a la policia. Denuncia adjunta.,ASG-00317,C830H774,1,Mazda,CX-5,2017,0,2,False,80,1.0,38,AMARILLO,"Siniestro ocurrido en los primeros 30 dias de la poliza (+4 pts) | Reporte con demora de 4 a 7 dias (+3 pts) | Asegurado con 3 o mas siniestros en 18 meses (+8 pts) | Proveedor en lista restrictiva (+10 pts) | Beneficiario asociado a mas de 2 siniestros en la cartera (+5 pts) | Narrativa muy similar a otro reclamo (100% similitud, +8 pts)",0.07199999183404049,0
SIN-00617,31702.01,10,9,4,False,P007,31844.0,Robo,Ambato,Hogar,Grua Rapida,El asegurado reporta que su vehiculo fue robado en un estacionamiento sin camaras.,ASG-00371,P619D993,1,Nissan,Versa,2013,0,0,True,92,1.0,69,ROJO,"Siniestro ocurrido en los primeros 10 dias de la poliza (+8 pts) | Reporte tardio: mas de 7 dias despues del evento (+5 pts) | Asegurado con 3 o mas siniestros en 18 meses (+8 pts) | Documentos incompletos o faltantes (+4 pts) | Proveedor en lista restrictiva (+10 pts) | Beneficiario asociado a mas de 2 siniestros en la cartera (+5 pts) | Monto reclamado es el 100% de la suma asegurada (+5 pts) | Robo reportado con mas de 48 horas de demora (+8 pts) | Documentacion con inconsistencia detectada (+8 pts) | Narrativa muy similar a otro reclamo (100% similitud, +8 pts)",0.0615611389005869,0
SIN-00620,21824.16,7,13,5,False,P002,23580.67,Robo,Guayaquil,Generales,Clinica San Marcos,Colision frontal con vehiculo desconocido en horas de la madrugada sin testigos.,ASG-00333,M708B889,1,Hyundai,Elantra,2023,0,0,True,86,0.9999999999999993,69,ROJO,"Siniestro ocurrido en los primeros 10 dias de la poliza (+8 pts) | Reporte tardio: mas de 7 dias despues del evento (+5 pts) | Asegurado con 3 o mas siniestros en 18 meses (+8 pts) | Documentos incompletos o faltantes (+4 pts) | Proveedor en lista restrictiva (+10 pts) | Beneficiario asociado a mas de 2 siniestros en la cartera (+5 pts) | Robo reportado con mas de 48 horas de demora (+8 pts) | Dinamica sospechosa: narrativa con indicadores de riesgo (+5 pts) | Documentacion con inconsistencia detectada (+8 pts) | Narrativa muy similar a otro reclamo (100% similitud, +8 pts)",0.0691240187660066,0
SIN-00622,26565.7,8,11,5,False,P007,27122.86,Robo,Manta,Hogar,Grua Rapida,El vehiculo fue impactado por un tercero que se dio a la fuga sin dejar datos.,ASG-00156,D804E116,1,Hyundai,Santa Fe,2018,0,0,True,92,0.9999999999999992,74,ROJO,"Siniestro ocurrido en los primeros 10 dias de la poliza (+8 pts) | Reporte tardio: mas de 7 dias despues del evento (+5 pts) | Asegurado con 3 o mas siniestros en 18 meses (+8 pts) | Documentos incompletos o faltantes (+4 pts) | Proveedor en lista restrictiva (+10 pts) | Beneficiario asociado a mas de 2 siniestros en la cartera (+5 pts) | Monto reclamado es el 98% de la suma asegurada (+5 pts) | Robo reportado con mas de 48 horas de demora (+8 pts) | Dinamica sospechosa: narrativa con indicadores de riesgo (+5 pts) | Documentacion con inconsistencia detectada (+8 pts) | Narrativa muy similar a otro reclamo (100% similitud, +8 pts)",0.06228119108190877,0
SIN-00624,30902.97,16,2,3,True,P001,39234.88,Incendio,Manta,Hogar,Taller El Veloz,Colision frontal con vehiculo desconocido en horas de la madrugada sin testigos.,ASG-00278,N842A321,1,Kia,Sportage,2015,0,0,False,80,0.9999999999999993,40,ROJO,"Siniestro ocurrido en los primeros 30 dias de la poliza (+4 pts) | Asegurado con 3 o mas siniestros en 18 meses (+8 pts) | Proveedor en lista restrictiva (+10 pts) | Beneficiario asociado a mas de 2 siniestros en la cartera (+5 pts) | Dinamica sospechosa: narrativa con indicadores de riesgo (+5 pts) | Narrativa muy similar a otro reclamo (100% similitud, +8 pts)",0.009435229719437666,0
SIN-00626,42631.11,10,10,4,False,P007,44834.64,Robo,Cuenca,Hogar,Grua Rapida,Impacto en la parte trasera por vehiculo que huyo del lugar del accidente.,ASG-00323,R579H838,1,Nissan,Sentra,2024,0,0,True,92,1.000000000000001,74,ROJO,"Siniestro ocurrido en los primeros 10 dias de la poliza (+8 pts) | Reporte tardio: mas de 7 dias despues del evento (+5 pts) | Asegurado con 3 o mas siniestros en 18 meses (+8 pts) | Documentos incompletos o faltantes (+4 pts) | Proveedor en lista restrictiva (+10 pts) | Beneficiario asociado a mas de 2 siniestros en la cartera (+5 pts) | Monto reclamado es el 95% de la suma asegurada (+5 pts) | Robo reportado con mas de 48 horas de demora (+8 pts) | Dinamica sospechosa: narrativa con indicadores de riesgo (+5 pts) | Documentacion con inconsistencia detectada (+8 pts) | Narrativa muy similar a otro reclamo (100% similitud, +8 pts)",0.043042420290657135,0
SIN-00627,18909.36,1,12,5,False,P002,20805.4,Robo,Manta,Vida,Clinica San Marcos,Impacto en la parte trasera por vehiculo que huyo del lugar del accidente.,ASG-00212,G716M600,1,Mazda,BT-50,2024,0,0,True,86,1.000000000000001,69,ROJO,"Siniestro ocurrido en los primeros 10 dias de la poliza (+8 pts) | Reporte tardio: mas de 7 dias despues del evento (+5 pts) | Asegurado con 3 o mas siniestros en 18 meses (+8 pts) | Documentos incompletos o faltantes (+4 pts) | Proveedor en lista restrictiva (+10 pts) | Beneficiario asociado a mas de 2 siniestros en la cartera (+5 pts) | Robo reportado con mas de 48 horas de demora (+8 pts) | Dinamica sospechosa: narrativa con indicadores de riesgo (+5 pts) | Documentacion con inconsistencia detectada (+8 pts) | Narrativa muy similar a otro reclamo (100% similitud, +8 pts)",0.054715920112019756,0
SIN-00629,6817.43,12,3,2,False,P004,9139.04,Robo,Loja,Vida,Peritajes Express,Dano por granizo en estacionamiento del trabajo. Evidencia fotografica adjunta.,ASG-00102,C175C590,1,Nissan,Kicks,2018,0,0,False,6,1.0,33,AMARILLO,"Siniestro ocurrido en los primeros 30 dias de la poliza (+4 pts) | Asegurado con 2 siniestros recientes (+4 pts) | Documentos incompletos o faltantes (+4 pts) | Beneficiario asociado a mas de 2 siniestros en la cartera (+5 pts) | Robo reportado con mas de 48 horas de demora (+8 pts) | Narrativa muy similar a otro reclamo (100% similitud, +8 pts)",-0.008677632273152658,1
SIN-00630,19113.65,1,10,3,False,P001,19131.5,Robo,Guayaquil,Salud,Taller El Veloz,Impacto en la parte trasera por vehiculo que huyo del lugar del accidente.,ASG-00055,A323P251,1,Kia,Picanto,2018,0,0,True,80,1.000000000000001,74,ROJO,"Siniestro ocurrido en los primeros 10 dias de la poliza (+8 pts) | Reporte tardio: mas de 7 dias despues del evento (+5 pts) | Asegurado con 3 o mas siniestros en 18 meses (+8 pts) | Documentos incompletos o faltantes (+4 pts) | Proveedor en lista restrictiva (+10 pts) | Beneficiario asociado a mas de 2 siniestros en la cartera (+5 pts) | Monto reclamado es el 100% de la suma asegurada (+5 pts) | Robo reportado con mas de 48 horas de demora (+8 pts) | Dinamica sospechosa: narrativa con indicadores de riesgo (+5 pts) | Documentacion con inconsistencia detectada (+8 pts) | Narrativa muy similar a otro reclamo (100% similitud, +8 pts)",0.030253213765845,0
SIN-00631,38974.19,7,10,3,False,P001,42590.85,Robo,Loja,Vida,Taller El Veloz,Colision frontal con vehiculo desconocido en horas de la madrugada sin testigos.,ASG-00050,Q983P206,1,Nissan,Versa,2014,0,0,True,80,0.9999999999999993,69,ROJO,"Siniestro ocurrido en los primeros 10 dias de la poliza (+8 pts) | Reporte tardio: mas de 7 dias despues del evento (+5 pts) | Asegurado con 3 o mas siniestros en 18 meses (+8 pts) | Documentos incompletos o faltantes (+4 pts) | Proveedor en lista restrictiva (+10 pts) | Beneficiario asociado a mas de 2 siniestros en la cartera (+5 pts) | Robo reportado con mas de 48 horas de demora (+8 pts) | Dinamica sospechosa: narrativa con indicadores de riesgo (+5 pts) | Documentacion con inconsistencia detectada (+8 pts) | Narrativa muy similar a otro reclamo (100% similitud, +8 pts)",0.07123148823936326,0
SIN-00633,24774.68,20,6,3,True,P007,30089.69,Robo,Guayaquil,Hogar,Grua Rapida,Robo de autopartes reportado inmediatamente a la policia. Denuncia adjunta.,ASG-00281,B470N355,1,Toyota,Corolla,2023,0,0,False,92,1.0,46,ROJO,"Siniestro ocurrido en los primeros 30 dias de la poliza (+4 pts) | Reporte con demora de 4 a 7 dias (+3 pts) | Asegurado con 3 o mas siniestros en 18 meses (+8 pts) | Proveedor en lista restrictiva (+10 pts) | Beneficiario asociado a mas de 2 siniestros en la cartera (+5 pts) | Robo reportado con mas de 48 horas de demora (+8 pts) | Narrativa muy similar a otro reclamo (100% similitud, +8 pts)",0.09204706458579442,0
SIN-00635,41159.19,5,9,5,False,P007,42616.61,Robo,Guayaquil,Generales,Grua Rapida,Impacto en la parte trasera por vehiculo que huyo del lugar del accidente.,ASG-00357,E623Q328,1,Mazda,CX-5,2024,0,0,True,92,1.000000000000001,74,ROJO,"Siniestro ocurrido en los primeros 10 dias de la poliza (+8 pts) | Reporte tardio: mas de 7 dias despues del evento (+5 pts) | Asegurado con 3 o mas siniestros en 18 meses (+8 pts) | Documentos incompletos o faltantes (+4 pts) | Proveedor en lista restrictiva (+10 pts) | Beneficiario asociado a mas de 2 siniestros en la cartera (+5 pts) | Monto reclamado es el 97% de la suma asegurada (+5 pts) | Robo reportado con mas de 48 horas de demora (+8 pts) | Dinamica sospechosa: narrativa con indicadores de riesgo (+5 pts) | Documentacion con inconsistencia detectada (+8 pts) | Narrativa muy similar a otro reclamo (100% similitud, +8 pts)",0.01746093436266405,0
SIN-00636,11314.4,12,7,3,True,P004,16890.78,Robo,Ambato,Vida,Peritajes Express,Dano por granizo en estacionamiento del trabajo. Evidencia fotografica adjunta.,ASG-00021,B583G185,1,Toyota,Hilux,2022,0,0,False,6,1.0,36,AMARILLO,"Siniestro ocurrido en los primeros 30 dias de la poliza (+4 pts) | Reporte con demora de 4 a 7 dias (+3 pts) | Asegurado con 3 o mas siniestros en 18 meses (+8 pts) | Beneficiario asociado a mas de 2 siniestros en la cartera (+5 pts) | Robo reportado con mas de 48 horas de demora (+8 pts) | Narrativa muy similar a otro reclamo (100% similitud, +8 pts)",0.05892293962459627,0
SIN-00641,37060.69,2,13,5,False,P002,38089.53,Robo,Guayaquil,Vehiculos,Clinica San Marcos,El vehiculo fue impactado por un tercero que se dio a la fuga sin dejar datos.,ASG-00378,P880G744,1,Mazda,2,2017,0,2,True,86,0.9999999999999992,74,ROJO,"Siniestro ocurrido en los primeros 10 dias de la poliza (+8 pts) | Reporte tardio: mas de 7 dias despues del evento (+5 pts) | Asegurado con 3 o mas siniestros en 18 meses (+8 pts) | Documentos incompletos o faltantes (+4 pts) | Proveedor en lista restrictiva (+10 pts) | Beneficiario asociado a mas de 2 siniestros en la cartera (+5 pts) | Monto reclamado es el 97% de la suma asegurada (+5 pts) | Robo reportado con mas de 48 horas de demora (+8 pts) | Dinamica sospechosa: narrativa con indicadores de riesgo (+5 pts) | Documentacion con inconsistencia detectada (+8 pts) | Narrativa muy similar a otro reclamo (100% similitud, +8 pts)",0.027449592046298044,0
SIN-00644,7032.27,25,7,3,True,P002,8316.92,Atencion medica,Quito,Salud,Clinica San Marcos,Colision frontal con vehiculo desconocido en horas de la madrugada sin testigos.,ASG-00334,K805J827,1,Toyota,Hilux,2014,0,0,False,86,0.9999999999999993,43,ROJO,"Siniestro ocurrido en los primeros 30 dias de la poliza (+4 pts) | Reporte con demora de 4 a 7 dias (+3 pts) | Asegurado con 3 o mas siniestros en 18 meses (+8 pts) | Proveedor en lista restrictiva (+10 pts) | Beneficiario asociado a mas de 2 siniestros en la cartera (+5 pts) | Dinamica sospechosa: narrativa con indicadores de riesgo (+5 pts) | Narrativa muy similar a otro reclamo (100% similitud, +8 pts)",0.02740834701701589,0
SIN-00646,24761.72,8,11,3,False,P001,25529.36,Robo,Loja,Salud,Taller El Veloz,Colision frontal con vehiculo desconocido en horas de la madrugada sin testigos.,ASG-00288,Q237E346,1,Toyota,RAV4,2012,0,0,True,80,0.9999999999999993,74,ROJO,"Siniestro ocurrido en los primeros 10 dias de la poliza (+8 pts) | Reporte tardio: mas de 7 dias despues del evento (+5 pts) | Asegurado con 3 o mas siniestros en 18 meses (+8 pts) | Documentos incompletos o faltantes (+4 pts) | Proveedor en lista restrictiva (+10 pts) | Beneficiario asociado a mas de 2 siniestros en la cartera (+5 pts) | Monto reclamado es el 97% de la suma asegurada (+5 pts) | Robo reportado con mas de 48 horas de demora (+8 pts) | Dinamica sospechosa: narrativa con indicadores de riesgo (+5 pts) | Documentacion con inconsistencia detectada (+8 pts) | Narrativa muy similar a otro reclamo (100% similitud, +8 pts)",0.07673066873852236,0
SIN-00649,10886.2,15,3,3,True,P003,12424.87,Robo,Quito,Vida,Taller Norte,Colision frontal con vehiculo desconocido en horas de la madrugada sin testigos.,ASG-00016,P885E969,1,Toyota,Corolla,2021,0,0,False,2,0.9999999999999993,33,AMARILLO,"Siniestro ocurrido en los primeros 30 dias de la poliza (+4 pts) | Asegurado con 3 o mas siniestros en 18 meses (+8 pts) | Robo reportado con mas de 48 horas de demora (+8 pts) | Dinamica sospechosa: narrativa con indicadores de riesgo (+5 pts) | Narrativa muy similar a otro reclamo (100% similitud, +8 pts)",0.05072442745343764,0
SIN-00651,45059.19,1,15,3,False,P001,46601.69,Robo,Quito,Generales,Taller El Veloz,El asegurado reporta que su vehiculo fue robado en un estacionamiento sin camaras.,ASG-00097,N956R844,1,Kia,Picanto,2012,0,0,True,80,1.0,69,ROJO,"Siniestro ocurrido en los primeros 10 dias de la poliza (+8 pts) | Reporte tardio: mas de 7 dias despues del evento (+5 pts) | Asegurado con 3 o mas siniestros en 18 meses (+8 pts) | Documentos incompletos o faltantes (+4 pts) | Proveedor en lista restrictiva (+10 pts) | Beneficiario asociado a mas de 2 siniestros en la cartera (+5 pts) | Monto reclamado es el 97% de la suma asegurada (+5 pts) | Robo reportado con mas de 48 horas de demora (+8 pts) | Documentacion con inconsistencia detectada (+8 pts) | Narrativa muy similar a otro reclamo (100% similitud, +8 pts)",-0.02142481923283379,1
SIN-00656,35055.02,7,8,6,False,P002,37054.55,Robo,Ambato,Generales,Clinica San Marcos,Impacto en la parte trasera por vehiculo que huyo del lugar del accidente.,ASG-00140,D601P406,1,Nissan,Kicks,2021,0,0,True,86,1.000000000000001,69,ROJO,"Siniestro ocurrido en los primeros 10 dias de la poliza (+8 pts) | Reporte tardio: mas de 7 dias despues del evento (+5 pts) | Asegurado con 3 o mas siniestros en 18 meses (+8 pts) | Documentos incompletos o faltantes (+4 pts) | Proveedor en lista restrictiva (+10 pts) | Beneficiario asociado a mas de 2 siniestros en la cartera (+5 pts) | Robo reportado con mas de 48 horas de demora (+8 pts) | Dinamica sospechosa: narrativa con indicadores de riesgo (+5 pts) | Documentacion con inconsistencia detectada (+8 pts) | Narrativa muy similar a otro reclamo (100% similitud, +8 pts)",0.014764089426225202,0
SIN-00659,26126.49,6,13,3,False,P002,26937.22,Robo,Loja,Hogar,Clinica San Marcos,Colision frontal con vehiculo desconocido en horas de la madrugada sin testigos.,ASG-00182,P730P201,1,Mazda,CX-5,2013,0,0,True,86,0.9999999999999993,74,ROJO,"Siniestro ocurrido en los primeros 10 dias de la poliza (+8 pts) | Reporte tardio: mas de 7 dias despues del evento (+5 pts) | Asegurado con 3 o mas siniestros en 18 meses (+8 pts) | Documentos incompletos o faltantes (+4 pts) | Proveedor en lista restrictiva (+10 pts) | Beneficiario asociado a mas de 2 siniestros en la cartera (+5 pts) | Monto reclamado es el 97% de la suma asegurada (+5 pts) | Robo reportado con mas de 48 horas de demora (+8 pts) | Dinamica sospechosa: narrativa con indicadores de riesgo (+5 pts) | Documentacion con inconsistencia detectada (+8 pts) | Narrativa muy similar a otro reclamo (100% similitud, +8 pts)",0.07609225962063149,0
SIN-00665,35550.17,4,15,6,False,P002,38089.53,Robo,Guayaquil,Vehiculos,Clinica San Marcos,El asegurado reporta que su vehiculo fue robado en un estacionamiento sin camaras.,ASG-00378,L894F936,1,Toyota,RAV4,2017,0,2,True,86,1.0,64,ROJO,"Siniestro ocurrido en los primeros 10 dias de la poliza (+8 pts) | Reporte tardio: mas de 7 dias despues del evento (+5 pts) | Asegurado con 3 o mas siniestros en 18 meses (+8 pts) | Documentos incompletos o faltantes (+4 pts) | Proveedor en lista restrictiva (+10 pts) | Beneficiario asociado a mas de 2 siniestros en la cartera (+5 pts) | Robo reportado con mas de 48 horas de demora (+8 pts) | Documentacion con inconsistencia detectada (+8 pts) | Narrativa muy similar a otro reclamo (100% similitud, +8 pts)",0.015882983047124655,0
SIN-00666,13717.51,5,10,4,False,P002,14925.76,Robo,Quito,Generales,Clinica San Marcos,Colision frontal con vehiculo desconocido en horas de la madrugada sin testigos.,ASG-00255,P954F574,1,Mazda,2,2023,0,0,True,86,0.9999999999999993,69,ROJO,"Siniestro ocurrido en los primeros 10 dias de la poliza (+8 pts) | Reporte tardio: mas de 7 dias despues del evento (+5 pts) | Asegurado con 3 o mas siniestros en 18 meses (+8 pts) | Documentos incompletos o faltantes (+4 pts) | Proveedor en lista restrictiva (+10 pts) | Beneficiario asociado a mas de 2 siniestros en la cartera (+5 pts) | Robo reportado con mas de 48 horas de demora (+8 pts) | Dinamica sospechosa: narrativa con indicadores de riesgo (+5 pts) | Documentacion con inconsistencia detectada (+8 pts) | Narrativa muy similar a otro reclamo (100% similitud, +8 pts)",0.06502338907945787,0
SIN-00670,21593.87,5,14,6,False,P001,22806.14,Robo,Cuenca,Hogar,Taller El Veloz,El vehiculo fue impactado por un tercero que se dio a la fuga sin dejar datos.,ASG-00070,E282H476,1,Hyundai,Santa Fe,2023,0,0,True,80,0.9999999999999992,69,ROJO,"Siniestro ocurrido en los primeros 10 dias de la poliza (+8 pts) | Reporte tardio: mas de 7 dias despues del evento (+5 pts) | Asegurado con 3 o mas siniestros en 18 meses (+8 pts) | Documentos incompletos o faltantes (+4 pts) | Proveedor en lista restrictiva (+10 pts) | Beneficiario asociado a mas de 2 siniestros en la cartera (+5 pts) | Robo reportado con mas de 48 horas de demora (+8 pts) | Dinamica sospechosa: narrativa con indicadores de riesgo (+5 pts) | Documentacion con inconsistencia detectada (+8 pts) | Narrativa muy similar a otro reclamo (100% similitud, +8 pts)",0.06840286803673146,0
SIN-00680,14409.51,3,8,4,False,P007,14925.76,Robo,Quito,Generales,Grua Rapida,Colision frontal con vehiculo desconocido en horas de la madrugada sin testigos.,ASG-00255,H107R387,1,Nissan,Sentra,2013,0,0,True,92,0.9999999999999993,74,ROJO,"Siniestro ocurrido en los primeros 10 dias de la poliza (+8 pts) | Reporte tardio: mas de 7 dias despues del evento (+5 pts) | Asegurado con 3 o mas siniestros en 18 meses (+8 pts) | Documentos incompletos o faltantes (+4 pts) | Proveedor en lista restrictiva (+10 pts) | Beneficiario asociado a mas de 2 siniestros en la cartera (+5 pts) | Monto reclamado es el 97% de la suma asegurada (+5 pts) | Robo reportado con mas de 48 horas de demora (+8 pts) | Dinamica sospechosa: narrativa con indicadores de riesgo (+5 pts) | Documentacion con inconsistencia detectada (+8 pts) | Narrativa muy similar a otro reclamo (100% similitud, +8 pts)",0.044737045399945,0
SIN-00681,11055.61,20,7,3,True,P007,13457.11,Dano parcial,Quito,Generales,Grua Rapida,El vehiculo fue impactado por un tercero que se dio a la fuga sin dejar datos.,ASG-00214,D865H848,1,Nissan,Sentra,2021,0,0,False,92,0.9999999999999992,43,ROJO,"Siniestro ocurrido en los primeros 30 dias de la poliza (+4 pts) | Reporte con demora de 4 a 7 dias (+3 pts) | Asegurado con 3 o mas siniestros en 18 meses (+8 pts) | Proveedor en lista restrictiva (+10 pts) | Beneficiario asociado a mas de 2 siniestros en la cartera (+5 pts) | Dinamica sospechosa: narrativa con indicadores de riesgo (+5 pts) | Narrativa muy similar a otro reclamo (100% similitud, +8 pts)",0.05591568430984645,0
SIN-00684,39230.79,26,5,3,False,P007,49969.07,Dano parcial,Manta,Salud,Grua Rapida,Impacto en la parte trasera por vehiculo que huyo del lugar del accidente.,ASG-00377,M948E625,1,Mazda,BT-50,2023,0,0,False,92,1.000000000000001,47,ROJO,"Siniestro ocurrido en los primeros 30 dias de la poliza (+4 pts) | Reporte con demora de 4 a 7 dias (+3 pts) | Asegurado con 3 o mas siniestros en 18 meses (+8 pts) | Documentos incompletos o faltantes (+4 pts) | Proveedor en lista restrictiva (+10 pts) | Beneficiario asociado a mas de 2 siniestros en la cartera (+5 pts) | Dinamica sospechosa: narrativa con indicadores de riesgo (+5 pts) | Narrativa muy similar a otro reclamo (100% similitud, +8 pts)",-0.03418669758726145,1
SIN-00687,6037.67,7,14,3,False,P007,6692.95,Robo,Cuenca,Salud,Grua Rapida,Colision frontal con vehiculo desconocido en horas de la madrugada sin testigos.,ASG-00123,R342R701,1,Toyota,RAV4,2021,0,0,True,92,0.9999999999999993,69,ROJO,"Siniestro ocurrido en los primeros 10 dias de la poliza (+8 pts) | Reporte tardio: mas de 7 dias despues del evento (+5 pts) | Asegurado con 3 o mas siniestros en 18 meses (+8 pts) | Documentos incompletos o faltantes (+4 pts) | Proveedor en lista restrictiva (+10 pts) | Beneficiario asociado a mas de 2 siniestros en la cartera (+5 pts) | Robo reportado con mas de 48 horas de demora (+8 pts) | Dinamica sospechosa: narrativa con indicadores de riesgo (+5 pts) | Documentacion con inconsistencia detectada (+8 pts) | Narrativa muy similar a otro reclamo (100% similitud, +8 pts)",0.0007014231034553342,0
SIN-00690,26416.93,14,3,2,False,P007,36393.2,Incendio,Quito,Hogar,Grua Rapida,Colision frontal con vehiculo desconocido en horas de la madrugada sin testigos.,ASG-00304,N695F861,1,Kia,Sorento,2014,0,0,False,92,0.9999999999999993,40,ROJO,"Siniestro ocurrido en los primeros 30 dias de la poliza (+4 pts) | Asegurado con 2 siniestros recientes (+4 pts) | Documentos incompletos o faltantes (+4 pts) | Proveedor en lista restrictiva (+10 pts) | Beneficiario asociado a mas de 2 siniestros en la cartera (+5 pts) | Dinamica sospechosa: narrativa con indicadores de riesgo (+5 pts) | Narrativa muy similar a otro reclamo (100% similitud, +8 pts)",0.025015582218996246,0
SIN-00691,26468.09,25,7,3,True,P004,34195.39,Robo,Loja,Vehiculos,Peritajes Express,Choque en parqueadero de centro comercial con camaras de seguridad.,ASG-00317,L391H404,1,Kia,Sorento,2017,0,2,False,6,1.0,36,AMARILLO,"Siniestro ocurrido en los primeros 30 dias de la poliza (+4 pts) | Reporte con demora de 4 a 7 dias (+3 pts) | Asegurado con 3 o mas siniestros en 18 meses (+8 pts) | Beneficiario asociado a mas de 2 siniestros en la cartera (+5 pts) | Robo reportado con mas de 48 horas de demora (+8 pts) | Narrativa muy similar a otro reclamo (100% similitud, +8 pts)",0.07308178678229338,0
SIN-00694,32557.67,30,4,3,True,P003,40971.74,Robo,Manta,Salud,Taller Norte,Accidente en carretera con policia presente. Croquis firmado por ambas partes.,ASG-00359,P472L561,1,Mazda,CX-5,2022,0,0,False,2,1.0000000000000002,31,AMARILLO,"Siniestro ocurrido en los primeros 30 dias de la poliza (+4 pts) | Reporte con demora de 4 a 7 dias (+3 pts) | Asegurado con 3 o mas siniestros en 18 meses (+8 pts) | Robo reportado con mas de 48 horas de demora (+8 pts) | Narrativa muy similar a otro reclamo (100% similitud, +8 pts)",0.02251347574384721,0
SIN-00695,7654.05,9,15,5,False,P007,8223.98,Robo,Ambato,Generales,Grua Rapida,Impacto en la parte trasera por vehiculo que huyo del lugar del accidente.,ASG-00316,L526C487,1,Kia,Sorento,2020,0,0,True,92,1.000000000000001,69,ROJO,"Siniestro ocurrido en los primeros 10 dias de la poliza (+8 pts) | Reporte tardio: mas de 7 dias despues del evento (+5 pts) | Asegurado con 3 o mas siniestros en 18 meses (+8 pts) | Documentos incompletos o faltantes (+4 pts) | Proveedor en lista restrictiva (+10 pts) | Beneficiario asociado a mas de 2 siniestros en la cartera (+5 pts) | Robo reportado con mas de 48 horas de demora (+8 pts) | Dinamica sospechosa: narrativa con indicadores de riesgo (+5 pts) | Documentacion con inconsistencia detectada (+8 pts) | Narrativa muy similar a otro reclamo (100% similitud, +8 pts)",0.002571534595141922,0
SIN-00699,27202.34,7,14,4,False,P007,29886.7,Robo,Guayaquil,Vida,Grua Rapida,El asegurado reporta que su vehiculo fue robado en un estacionamiento sin camaras.,ASG-00231,G497F252,1,Mazda,CX-5,2015,0,0,True,92,1.0,64,ROJO,"Siniestro ocurrido en los primeros 10 dias de la poliza (+8 pts) | Reporte tardio: mas de 7 dias despues del evento (+5 pts) | Asegurado con 3 o mas siniestros en 18 meses (+8 pts) | Documentos incompletos o faltantes (+4 pts) | Proveedor en lista restrictiva (+10 pts) | Beneficiario asociado a mas de 2 siniestros en la cartera (+5 pts) | Robo reportado con mas de 48 horas de demora (+8 pts) | Documentacion con inconsistencia detectada (+8 pts) | Narrativa muy similar a otro reclamo (100% similitud, +8 pts)",0.07312767289648603,0
SIN-00701,8448.23,1,14,6,False,P007,8907.93,Robo,Cuenca,Vehiculos,Grua Rapida,El asegurado reporta que su vehiculo fue robado en un estacionamiento sin camaras.,ASG-00123,L233L798,1,Mazda,3,2023,0,1,True,92,1.0,64,ROJO,"Siniestro ocurrido en los primeros 10 dias de la poliza (+8 pts) | Reporte tardio: mas de 7 dias despues del evento (+5 pts) | Asegurado con 3 o mas siniestros en 18 meses (+8 pts) | Documentos incompletos o faltantes (+4 pts) | Proveedor en lista restrictiva (+10 pts) | Beneficiario asociado a mas de 2 siniestros en la cartera (+5 pts) | Robo reportado con mas de 48 horas de demora (+8 pts) | Documentacion con inconsistencia detectada (+8 pts) | Narrativa muy similar a otro reclamo (100% similitud, +8 pts)",-0.02114429870476775,1
SIN-00704,17801.82,7,10,6,False,P001,18431.42,Robo,Loja,Generales,Taller El Veloz,El vehiculo fue impactado por un tercero que se dio a la fuga sin dejar datos.,ASG-00332,K738Q259,1,Toyota,RAV4,2021,0,0,True,80,0.9999999999999992,74,ROJO,"Siniestro ocurrido en los primeros 10 dias de la poliza (+8 pts) | Reporte tardio: mas de 7 dias despues del evento (+5 pts) | Asegurado con 3 o mas siniestros en 18 meses (+8 pts) | Documentos incompletos o faltantes (+4 pts) | Proveedor en lista restrictiva (+10 pts) | Beneficiario asociado a mas de 2 siniestros en la cartera (+5 pts) | Monto reclamado es el 97% de la suma asegurada (+5 pts) | Robo reportado con mas de 48 horas de demora (+8 pts) | Dinamica sospechosa: narrativa con indicadores de riesgo (+5 pts) | Documentacion con inconsistencia detectada (+8 pts) | Narrativa muy similar a otro reclamo (100% similitud, +8 pts)",0.03830769423053093,0
SIN-00721,5005.24,25,7,3,False,P002,7454.6,Atencion medica,Guayaquil,Hogar,Clinica San Marcos,Robo de autopartes reportado inmediatamente a la policia. Denuncia adjunta.,ASG-00217,H509N838,1,Chevrolet,D-Max,2018,0,0,False,86,1.0,42,ROJO,"Siniestro ocurrido en los primeros 30 dias de la poliza (+4 pts) | Reporte con demora de 4 a 7 dias (+3 pts) | Asegurado con 3 o mas siniestros en 18 meses (+8 pts) | Documentos incompletos o faltantes (+4 pts) | Proveedor en lista restrictiva (+10 pts) | Beneficiario asociado a mas de 2 siniestros en la cartera (+5 pts) | Narrativa muy similar a otro reclamo (100% similitud, +8 pts)",0.015589447783829202,0
SIN-00723,8161.86,10,15,5,False,P002,8195.54,Robo,Quito,Vida,Clinica San Marcos,Colision frontal con vehiculo desconocido en horas de la madrugada sin testigos.,ASG-00124,M445A510,1,Kia,Rio,2019,0,0,True,86,0.9999999999999993,74,ROJO,"Siniestro ocurrido en los primeros 10 dias de la poliza (+8 pts) | Reporte tardio: mas de 7 dias despues del evento (+5 pts) | Asegurado con 3 o mas siniestros en 18 meses (+8 pts) | Documentos incompletos o faltantes (+4 pts) | Proveedor en lista restrictiva (+10 pts) | Beneficiario asociado a mas de 2 siniestros en la cartera (+5 pts) | Monto reclamado es el 100% de la suma asegurada (+5 pts) | Robo reportado con mas de 48 horas de demora (+8 pts) | Dinamica sospechosa: narrativa con indicadores de riesgo (+5 pts) | Documentacion con inconsistencia detectada (+8 pts) | Narrativa muy similar a otro reclamo (100% similitud, +8 pts)",-0.005862035764526152,1
SIN-00726,30394.86,9,9,3,False,P002,31050.54,Robo,Ambato,Vehiculos,Clinica San Marcos,El asegurado reporta que su vehiculo fue robado en un estacionamiento sin camaras.,ASG-00260,J416B568,1,Chevrolet,Aveo,2021,0,1,True,86,1.0,69,ROJO,"Siniestro ocurrido en los primeros 10 dias de la poliza (+8 pts) | Reporte tardio: mas de 7 dias despues del evento (+5 pts) | Asegurado con 3 o mas siniestros en 18 meses (+8 pts) | Documentos incompletos o faltantes (+4 pts) | Proveedor en lista restrictiva (+10 pts) | Beneficiario asociado a mas de 2 siniestros en la cartera (+5 pts) | Monto reclamado es el 98% de la suma asegurada (+5 pts) | Robo reportado con mas de 48 horas de demora (+8 pts) | Documentacion con inconsistencia detectada (+8 pts) | Narrativa muy similar a otro reclamo (100% similitud, +8 pts)",0.08210444575834264,0
SIN-00733,11189.24,4,14,3,False,P007,11235.94,Robo,Manta,Salud,Grua Rapida,El vehiculo fue impactado por un tercero que se dio a la fuga sin dejar datos.,ASG-00278,J286Q898,1,Nissan,Versa,2017,0,0,True,92,0.9999999999999992,74,ROJO,"Siniestro ocurrido en los primeros 10 dias de la poliza (+8 pts) | Reporte tardio: mas de 7 dias despues del evento (+5 pts) | Asegurado con 3 o mas siniestros en 18 meses (+8 pts) | Documentos incompletos o faltantes (+4 pts) | Proveedor en lista restrictiva (+10 pts) | Beneficiario asociado a mas de 2 siniestros en la cartera (+5 pts) | Monto reclamado es el 100% de la suma asegurada (+5 pts) | Robo reportado con mas de 48 horas de demora (+8 pts) | Dinamica sospechosa: narrativa con indicadores de riesgo (+5 pts) | Documentacion con inconsistencia detectada (+8 pts) | Narrativa muy similar a otro reclamo (100% similitud, +8 pts)",0.022302723643552236,0
SIN-00734,8323.69,25,3,3,True,P002,12875.57,Choque,Guayaquil,Salud,Clinica San Marcos,Impacto en la parte trasera por vehiculo que huyo del lugar del accidente.,ASG-00155,L602Q908,1,Hyundai,Tucson,2020,0,0,False,86,1.000000000000001,40,ROJO,"Siniestro ocurrido en los primeros 30 dias de la poliza (+4 pts) | Asegurado con 3 o mas siniestros en 18 meses (+8 pts) | Proveedor en lista restrictiva (+10 pts) | Beneficiario asociado a mas de 2 siniestros en la cartera (+5 pts) | Dinamica sospechosa: narrativa con indicadores de riesgo (+5 pts) | Narrativa muy similar a otro reclamo (100% similitud, +8 pts)",0.020102523694696672,0
SIN-00736,23033.49,4,12,5,False,P001,23611.19,Robo,Loja,Vehiculos,Taller El Veloz,El vehiculo fue impactado por un tercero que se dio a la fuga sin dejar datos.,ASG-00295,A181F531,1,Nissan,Versa,2016,0,1,True,80,0.9999999999999992,74,ROJO,"Siniestro ocurrido en los primeros 10 dias de la poliza (+8 pts) | Reporte tardio: mas de 7 dias despues del evento (+5 pts) | Asegurado con 3 o mas siniestros en 18 meses (+8 pts) | Documentos incompletos o faltantes (+4 pts) | Proveedor en lista restrictiva (+10 pts) | Beneficiario asociado a mas de 2 siniestros en la cartera (+5 pts) | Monto reclamado es el 98% de la suma asegurada (+5 pts) | Robo reportado con mas de 48 horas de demora (+8 pts) | Dinamica sospechosa: narrativa con indicadores de riesgo (+5 pts) | Documentacion con inconsistencia detectada (+8 pts) | Narrativa muy similar a otro reclamo (100% similitud, +8 pts)",0.07387832335501981,0
SIN-00738,21343.61,29,2,3,False,P002,32861.01,Dano parcial,Guayaquil,Vida,Clinica San Marcos,Choque en parqueadero de centro comercial con camaras de seguridad.,ASG-00057,J602P113,1,Nissan,Sentra,2023,0,0,False,86,1.0,39,AMARILLO,"Siniestro ocurrido en los primeros 30 dias de la poliza (+4 pts) | Asegurado con 3 o mas siniestros en 18 meses (+8 pts) | Documentos incompletos o faltantes (+4 pts) | Proveedor en lista restrictiva (+10 pts) | Beneficiario asociado a mas de 2 siniestros en la cartera (+5 pts) | Narrativa muy similar a otro reclamo (100% similitud, +8 pts)",0.02875826638420298,0
SIN-00741,10431.63,11,3,3,True,P007,16849.22,Responsabilidad Civil,Loja,Hogar,Grua Rapida,Impacto en la parte trasera por vehiculo que huyo del lugar del accidente.,ASG-00267,Q663Q811,1,Chevrolet,Captiva,2019,0,0,False,92,1.000000000000001,46,ROJO,"Siniestro ocurrido en los primeros 30 dias de la poliza (+4 pts) | Asegurado con 3 o mas siniestros en 18 meses (+8 pts) | Proveedor en lista restrictiva (+10 pts) | Beneficiario asociado a mas de 2 siniestros en la cartera (+5 pts) | Dinamica sospechosa: cobertura Responsabilidad Civil sola (+6 pts) | Dinamica sospechosa: narrativa con indicadores de riesgo (+5 pts) | Narrativa muy similar a otro reclamo (100% similitud, +8 pts)",0.03383929506714434,0
SIN-00742,6116.45,23,5,2,True,P007,9137.36,Atencion medica,Cuenca,Vehiculos,Grua Rapida,El vehiculo fue impactado por un tercero que se dio a la fuga sin dejar datos.,ASG-00099,J114Q103,1,Kia,Picanto,2018,0,1,False,92,0.9999999999999992,39,AMARILLO,"Siniestro ocurrido en los primeros 30 dias de la poliza (+4 pts) | Reporte con demora de 4 a 7 dias (+3 pts) | Asegurado con 2 siniestros recientes (+4 pts) | Proveedor en lista restrictiva (+10 pts) | Beneficiario asociado a mas de 2 siniestros en la cartera (+5 pts) | Dinamica sospechosa: narrativa con indicadores de riesgo (+5 pts) | Narrativa muy similar a otro reclamo (100% similitud, +8 pts)",-0.021801133773974746,1
SIN-00743,22780.82,15,3,3,False,P002,35580.0,Responsabilidad Civil,Loja,Vida,Clinica San Marcos,Impacto en la parte trasera por vehiculo que huyo del lugar del accidente.,ASG-00192,R579Q894,1,Hyundai,Accent,2018,0,0,False,86,1.000000000000001,50,ROJO,"Siniestro ocurrido en los primeros 30 dias de la poliza (+4 pts) | Asegurado con 3 o mas siniestros en 18 meses (+8 pts) | Documentos incompletos o faltantes (+4 pts) | Proveedor en lista restrictiva (+10 pts) | Beneficiario asociado a mas de 2 siniestros en la cartera (+5 pts) | Dinamica sospechosa: cobertura Responsabilidad Civil sola (+6 pts) | Dinamica sospechosa: narrativa con indicadores de riesgo (+5 pts) | Narrativa muy similar a otro reclamo (100% similitud, +8 pts)",0.055039961912482394,0
SIN-00745,7681.05,29,4,3,True,P005,11935.92,Robo,Manta,Vida,Taller Central,Impacto en la parte trasera por vehiculo que huyo del lugar del accidente.,ASG-00269,B914E624,1,Kia,Sportage,2018,0,0,False,2,1.000000000000001,36,AMARILLO,"Siniestro ocurrido en los primeros 30 dias de la poliza (+4 pts) | Reporte con demora de 4 a 7 dias (+3 pts) | Asegurado con 3 o mas siniestros en 18 meses (+8 pts) | Robo reportado con mas de 48 horas de demora (+8 pts) | Dinamica sospechosa: narrativa con indicadores de riesgo (+5 pts) | Narrativa muy similar a otro reclamo (100% similitud, +8 pts)",0.02074362653195405,0
SIN-00750,27302.97,7,8,4,False,P001,30156.42,Robo,Cuenca,Hogar,Taller El Veloz,Colision frontal con vehiculo desconocido en horas de la madrugada sin testigos.,ASG-00066,R990M751,1,Hyundai,Accent,2014,0,0,True,80,0.9999999999999993,69,ROJO,"Siniestro ocurrido en los primeros 10 dias de la poliza (+8 pts) | Reporte tardio: mas de 7 dias despues del evento (+5 pts) | Asegurado con 3 o mas siniestros en 18 meses (+8 pts) | Documentos incompletos o faltantes (+4 pts) | Proveedor en lista restrictiva (+10 pts) | Beneficiario asociado a mas de 2 siniestros en la cartera (+5 pts) | Robo reportado con mas de 48 horas de demora (+8 pts) | Dinamica sospechosa: narrativa con indicadores de riesgo (+5 pts) | Documentacion con inconsistencia detectada (+8 pts) | Narrativa muy similar a otro reclamo (100% similitud, +8 pts)",0.08294319503493003,0
SIN-00751,9651.45,7,14,5,False,P001,9897.47,Robo,Quito,Hogar,Taller El Veloz,El asegurado reporta que su vehiculo fue robado en un estacionamiento sin camaras.,ASG-00397,G226F879,1,Kia,Picanto,2014,0,0,True,80,1.0,69,ROJO,"Siniestro ocurrido en los primeros 10 dias de la poliza (+8 pts) | Reporte tardio: mas de 7 dias despues del evento (+5 pts) | Asegurado con 3 o mas siniestros en 18 meses (+8 pts) | Documentos incompletos o faltantes (+4 pts) | Proveedor en lista restrictiva (+10 pts) | Beneficiario asociado a mas de 2 siniestros en la cartera (+5 pts) | Monto reclamado es el 98% de la suma asegurada (+5 pts) | Robo reportado con mas de 48 horas de demora (+8 pts) | Documentacion con inconsistencia detectada (+8 pts) | Narrativa muy similar a otro reclamo (100% similitud, +8 pts)",0.030120981050890228,0
SIN-00752,41005.16,4,12,4,False,P001,43200.53,Robo,Loja,Generales,Taller El Veloz,El asegurado reporta que su vehiculo fue robado en un estacionamiento sin camaras.,ASG-00324,M343M788,1,Mazda,BT-50,2013,0,0,True,80,1.0,64,ROJO,"Siniestro ocurrido en los primeros 10 dias de la poliza (+8 pts) | Reporte tardio: mas de 7 dias despues del evento (+5 pts) | Asegurado con 3 o mas siniestros en 18 meses (+8 pts) | Documentos incompletos o faltantes (+4 pts) | Proveedor en lista restrictiva (+10 pts) | Beneficiario asociado a mas de 2 siniestros en la cartera (+5 pts) | Robo reportado con mas de 48 horas de demora (+8 pts) | Documentacion con inconsistencia detectada (+8 pts) | Narrativa muy similar a otro reclamo (100% similitud, +8 pts)",0.04440545612187946,0
SIN-00756,45897.16,10,15,4,False,P007,46957.89,Robo,Cuenca,Salud,Grua Rapida,El vehiculo fue impactado por un tercero que se dio a la fuga sin dejar datos.,ASG-00280,Q764D841,1,Kia,Rio,2019,0,0,True,92,0.9999999999999992,74,ROJO,"Siniestro ocurrido en los primeros 10 dias de la poliza (+8 pts) | Reporte tardio: mas de 7 dias despues del evento (+5 pts) | Asegurado con 3 o mas siniestros en 18 meses (+8 pts) | Documentos incompletos o faltantes (+4 pts) | Proveedor en lista restrictiva (+10 pts) | Beneficiario asociado a mas de 2 siniestros en la cartera (+5 pts) | Monto reclamado es el 98% de la suma asegurada (+5 pts) | Robo reportado con mas de 48 horas de demora (+8 pts) | Dinamica sospechosa: narrativa con indicadores de riesgo (+5 pts) | Documentacion con inconsistencia detectada (+8 pts) | Narrativa muy similar a otro reclamo (100% similitud, +8 pts)",-0.013246088470702522,1
SIN-00759,15754.92,4,10,3,False,P007,17384.77,Robo,Loja,Salud,Grua Rapida,Colision frontal con vehiculo desconocido en horas de la madrugada sin testigos.,ASG-00130,E763K522,1,Nissan,Versa,2022,0,0,False,92,0.9999999999999993,61,ROJO,"Siniestro ocurrido en los primeros 10 dias de la poliza (+8 pts) | Reporte tardio: mas de 7 dias despues del evento (+5 pts) | Asegurado con 3 o mas siniestros en 18 meses (+8 pts) | Documentos incompletos o faltantes (+4 pts) | Proveedor en lista restrictiva (+10 pts) | Beneficiario asociado a mas de 2 siniestros en la cartera (+5 pts) | Robo reportado con mas de 48 horas de demora (+8 pts) | Dinamica sospechosa: narrativa con indicadores de riesgo (+5 pts) | Narrativa muy similar a otro reclamo (100% similitud, +8 pts)",0.05501479972999401,0
SIN-00761,40240.29,5,15,3,False,P002,40971.74,Robo,Manta,Salud,Clinica San Marcos,El asegurado reporta que su vehiculo fue robado en un estacionamiento sin camaras.,ASG-00359,R152D608,1,Nissan,Frontier,2012,0,0,True,86,1.0,69,ROJO,"Siniestro ocurrido en los primeros 10 dias de la poliza (+8 pts) | Reporte tardio: mas de 7 dias despues del evento (+5 pts) | Asegurado con 3 o mas siniestros en 18 meses (+8 pts) | Documentos incompletos o faltantes (+4 pts) | Proveedor en lista restrictiva (+10 pts) | Beneficiario asociado a mas de 2 siniestros en la cartera (+5 pts) | Monto reclamado es el 98% de la suma asegurada (+5 pts) | Robo reportado con mas de 48 horas de demora (+8 pts) | Documentacion con inconsistencia detectada (+8 pts) | Narrativa muy similar a otro reclamo (100% similitud, +8 pts)",0.043166403704988476,0
SIN-00764,17526.35,5,12,6,False,P001,19062.49,Robo,Cuenca,Generales,Taller El Veloz,Colision frontal con vehiculo desconocido en horas de la madrugada sin testigos.,ASG-00325,F133C112,1,Nissan,Kicks,2021,0,0,True,80,0.9999999999999993,69,ROJO,"Siniestro ocurrido en los primeros 10 dias de la poliza (+8 pts) | Reporte tardio: mas de 7 dias despues del evento (+5 pts) | Asegurado con 3 o mas siniestros en 18 meses (+8 pts) | Documentos incompletos o faltantes (+4 pts) | Proveedor en lista restrictiva (+10 pts) | Beneficiario asociado a mas de 2 siniestros en la cartera (+5 pts) | Robo reportado con mas de 48 horas de demora (+8 pts) | Dinamica sospechosa: narrativa con indicadores de riesgo (+5 pts) | Documentacion con inconsistencia detectada (+8 pts) | Narrativa muy similar a otro reclamo (100% similitud, +8 pts)",0.06297707791982421,0
SIN-00766,20982.27,9,12,4,False,P001,21209.66,Robo,Manta,Vehiculos,Taller El Veloz,El asegurado reporta que su vehiculo fue robado en un estacionamiento sin camaras.,ASG-00090,L755H988,1,Nissan,Sentra,2017,0,2,True,80,1.0,69,ROJO,"Siniestro ocurrido en los primeros 10 dias de la poliza (+8 pts) | Reporte tardio: mas de 7 dias despues del evento (+5 pts) | Asegurado con 3 o mas siniestros en 18 meses (+8 pts) | Documentos incompletos o faltantes (+4 pts) | Proveedor en lista restrictiva (+10 pts) | Beneficiario asociado a mas de 2 siniestros en la cartera (+5 pts) | Monto reclamado es el 99% de la suma asegurada (+5 pts) | Robo reportado con mas de 48 horas de demora (+8 pts) | Documentacion con inconsistencia detectada (+8 pts) | Narrativa muy similar a otro reclamo (100% similitud, +8 pts)",0.056519729773096716,0
SIN-00770,42086.47,5,14,6,False,P002,43128.55,Robo,Quito,Generales,Clinica San Marcos,El asegurado reporta que su vehiculo fue robado en un estacionamiento sin camaras.,ASG-00383,G551K140,1,Nissan,Frontier,2013,0,0,True,86,1.0,69,ROJO,"Siniestro ocurrido en los primeros 10 dias de la poliza (+8 pts) | Reporte tardio: mas de 7 dias despues del evento (+5 pts) | Asegurado con 3 o mas siniestros en 18 meses (+8 pts) | Documentos incompletos o faltantes (+4 pts) | Proveedor en lista restrictiva (+10 pts) | Beneficiario asociado a mas de 2 siniestros en la cartera (+5 pts) | Monto reclamado es el 98% de la suma asegurada (+5 pts) | Robo reportado con mas de 48 horas de demora (+8 pts) | Documentacion con inconsistencia detectada (+8 pts) | Narrativa muy similar a otro reclamo (100% similitud, +8 pts)",0.0019975122728776995,0
SIN-00771,18169.52,5,15,6,False,P007,19062.49,Robo,Cuenca,Generales,Grua Rapida,Colision frontal con vehiculo desconocido en horas de la madrugada sin testigos.,ASG-00325,H569H989,1,Chevrolet,Aveo,2024,0,0,True,92,0.9999999999999993,74,ROJO,"Siniestro ocurrido en los primeros 10 dias de la poliza (+8 pts) | Reporte tardio: mas de 7 dias despues del evento (+5 pts) | Asegurado con 3 o mas siniestros en 18 meses (+8 pts) | Documentos incompletos o faltantes (+4 pts) | Proveedor en lista restrictiva (+10 pts) | Beneficiario asociado a mas de 2 siniestros en la cartera (+5 pts) | Monto reclamado es el 95% de la suma asegurada (+5 pts) | Robo reportado con mas de 48 horas de demora (+8 pts) | Dinamica sospechosa: narrativa con indicadores de riesgo (+5 pts) | Documentacion con inconsistencia detectada (+8 pts) | Narrativa muy similar a otro reclamo (100% similitud, +8 pts)",0.05015111274509654,0
SIN-00773,25832.57,25,7,3,True,P007,30080.31,Choque,Loja,Salud,Grua Rapida,El asegurado reporta que su vehiculo fue robado en un estacionamiento sin camaras.,ASG-00290,N885A957,1,Nissan,Frontier,2017,0,0,False,92,1.0,38,AMARILLO,"Siniestro ocurrido en los primeros 30 dias de la poliza (+4 pts) | Reporte con demora de 4 a 7 dias (+3 pts) | Asegurado con 3 o mas siniestros en 18 meses (+8 pts) | Proveedor en lista restrictiva (+10 pts) | Beneficiario asociado a mas de 2 siniestros en la cartera (+5 pts) | Narrativa muy similar a otro reclamo (100% similitud, +8 pts)",0.07443020828324348,0
SIN-00775,17360.18,27,6,3,False,P001,21071.23,Choque,Cuenca,Vida,Taller El Veloz,Impacto en la parte trasera por vehiculo que huyo del lugar del accidente.,ASG-00298,K730N628,1,Hyundai,Accent,2016,0,0,False,80,1.000000000000001,47,ROJO,"Siniestro ocurrido en los primeros 30 dias de la poliza (+4 pts) | Reporte con demora de 4 a 7 dias (+3 pts) | Asegurado con 3 o mas siniestros en 18 meses (+8 pts) | Documentos incompletos o faltantes (+4 pts) | Proveedor en lista restrictiva (+10 pts) | Beneficiario asociado a mas de 2 siniestros en la cartera (+5 pts) | Dinamica sospechosa: narrativa con indicadores de riesgo (+5 pts) | Narrativa muy similar a otro reclamo (100% similitud, +8 pts)",0.041487821333462405,0
SIN-00790,24857.24,13,6,2,False,P007,37724.6,Atencion medica,Cuenca,Generales,Grua Rapida,Dano por granizo en estacionamiento del trabajo. Evidencia fotografica adjunta.,ASG-00394,N105K278,1,Hyundai,Tucson,2019,0,0,False,92,1.0,38,AMARILLO,"Siniestro ocurrido en los primeros 30 dias de la poliza (+4 pts) | Reporte con demora de 4 a 7 dias (+3 pts) | Asegurado con 2 siniestros recientes (+4 pts) | Documentos incompletos o faltantes (+4 pts) | Proveedor en lista restrictiva (+10 pts) | Beneficiario asociado a mas de 2 siniestros en la cartera (+5 pts) | Narrativa muy similar a otro reclamo (100% similitud, +8 pts)",0.03841958233619702,0
SIN-00801,10998.3,7,8,6,False,P002,11608.93,Robo,Cuenca,Vehiculos,Clinica San Marcos,Colision frontal con vehiculo desconocido en horas de la madrugada sin testigos.,ASG-00263,J961K906,1,Chevrolet,Captiva,2019,0,2,True,86,0.9999999999999993,69,ROJO,"Siniestro ocurrido en los primeros 10 dias de la poliza (+8 pts) | Reporte tardio: mas de 7 dias despues del evento (+5 pts) | Asegurado con 3 o mas siniestros en 18 meses (+8 pts) | Documentos incompletos o faltantes (+4 pts) | Proveedor en lista restrictiva (+10 pts) | Beneficiario asociado a mas de 2 siniestros en la cartera (+5 pts) | Robo reportado con mas de 48 horas de demora (+8 pts) | Dinamica sospechosa: narrativa con indicadores de riesgo (+5 pts) | Documentacion con inconsistencia detectada (+8 pts) | Narrativa muy similar a otro reclamo (100% similitud, +8 pts)",0.008323733104616426,0
SIN-00810,16663.86,5,13,3,False,P002,18431.42,Robo,Loja,Generales,Clinica San Marcos,Impacto en la parte trasera por vehiculo que huyo del lugar del accidente.,ASG-00332,C918D233,1,Chevrolet,Spark,2015,0,0,True,86,1.000000000000001,69,ROJO,"Siniestro ocurrido en los primeros 10 dias de la poliza (+8 pts) | Reporte tardio: mas de 7 dias despues del evento (+5 pts) | Asegurado con 3 o mas siniestros en 18 meses (+8 pts) | Documentos incompletos o faltantes (+4 pts) | Proveedor en lista restrictiva (+10 pts) | Beneficiario asociado a mas de 2 siniestros en la cartera (+5 pts) | Robo reportado con mas de 48 horas de demora (+8 pts) | Dinamica sospechosa: narrativa con indicadores de riesgo (+5 pts) | Documentacion con inconsistencia detectada (+8 pts) | Narrativa muy similar a otro reclamo (100% similitud, +8 pts)",0.06225238844408304,0
SIN-00816,30350.41,30,5,2,False,P002,41553.36,Dano parcial,Loja,Hogar,Clinica San Marcos,El asegurado reporta que su vehiculo fue robado en un estacionamiento sin camaras.,ASG-00019,N543B423,1,Mazda,BT-50,2018,0,0,False,86,1.0,38,AMARILLO,"Siniestro ocurrido en los primeros 30 dias de la poliza (+4 pts) | Reporte con demora de 4 a 7 dias (+3 pts) | Asegurado con 2 siniestros recientes (+4 pts) | Documentos incompletos o faltantes (+4 pts) | Proveedor en lista restrictiva (+10 pts) | Beneficiario asociado a mas de 2 siniestros en la cartera (+5 pts) | Narrativa muy similar a otro reclamo (100% similitud, +8 pts)",-0.031922702045033,1
SIN-00818,39305.39,27,6,3,True,P002,46215.96,Responsabilidad Civil,Cuenca,Vida,Clinica San Marcos,Colision frontal con vehiculo desconocido en horas de la madrugada sin testigos.,ASG-00197,L257B348,1,Toyota,Corolla,2022,0,0,False,86,0.9999999999999993,49,ROJO,"Siniestro ocurrido en los primeros 30 dias de la poliza (+4 pts) | Reporte con demora de 4 a 7 dias (+3 pts) | Asegurado con 3 o mas siniestros en 18 meses (+8 pts) | Proveedor en lista restrictiva (+10 pts) | Beneficiario asociado a mas de 2 siniestros en la cartera (+5 pts) | Dinamica sospechosa: cobertura Responsabilidad Civil sola (+6 pts) | Dinamica sospechosa: narrativa con indicadores de riesgo (+5 pts) | Narrativa muy similar a otro reclamo (100% similitud, +8 pts)",0.013896442108449203,0
SIN-00826,27979.23,29,5,3,True,P002,31457.04,Responsabilidad Civil,Quito,Salud,Clinica San Marcos,Choque en parqueadero de centro comercial con camaras de seguridad.,ASG-00213,P286H943,1,Toyota,Hilux,2016,0,0,False,86,1.0,44,ROJO,"Siniestro ocurrido en los primeros 30 dias de la poliza (+4 pts) | Reporte con demora de 4 a 7 dias (+3 pts) | Asegurado con 3 o mas siniestros en 18 meses (+8 pts) | Proveedor en lista restrictiva (+10 pts) | Beneficiario asociado a mas de 2 siniestros en la cartera (+5 pts) | Dinamica sospechosa: cobertura Responsabilidad Civil sola (+6 pts) | Narrativa muy similar a otro reclamo (100% similitud, +8 pts)",0.05449672125601951,0
SIN-00827,21954.53,15,4,2,False,P007,28563.26,Choque,Loja,Vida,Grua Rapida,El asegurado reporta que su vehiculo fue robado en un estacionamiento sin camaras.,ASG-00175,M932M591,1,Nissan,Kicks,2017,0,0,False,92,1.0,38,AMARILLO,"Siniestro ocurrido en los primeros 30 dias de la poliza (+4 pts) | Reporte con demora de 4 a 7 dias (+3 pts) | Asegurado con 2 siniestros recientes (+4 pts) | Documentos incompletos o faltantes (+4 pts) | Proveedor en lista restrictiva (+10 pts) | Beneficiario asociado a mas de 2 siniestros en la cartera (+5 pts) | Narrativa muy similar a otro reclamo (100% similitud, +8 pts)",0.056707065368439,0
SIN-00828,44244.58,23,6,2,True,P007,49952.82,Atencion medica,Guayaquil,Hogar,Grua Rapida,Choque en parqueadero de centro comercial con camaras de seguridad.,ASG-00184,F297E979,1,Kia,Sorento,2019,0,0,False,92,1.0,34,AMARILLO,"Siniestro ocurrido en los primeros 30 dias de la poliza (+4 pts) | Reporte con demora de 4 a 7 dias (+3 pts) | Asegurado con 2 siniestros recientes (+4 pts) | Proveedor en lista restrictiva (+10 pts) | Beneficiario asociado a mas de 2 siniestros en la cartera (+5 pts) | Narrativa muy similar a otro reclamo (100% similitud, +8 pts)",-0.09183212928320328,1
SIN-00829,32532.15,16,2,2,False,P002,43275.54,Dano parcial,Quito,Vida,Clinica San Marcos,Impacto en la parte trasera por vehiculo que huyo del lugar del accidente.,ASG-00254,B157J438,1,Nissan,Kicks,2017,0,0,False,86,1.000000000000001,40,ROJO,"Siniestro ocurrido en los primeros 30 dias de la poliza (+4 pts) | Asegurado con 2 siniestros recientes (+4 pts) | Documentos incompletos o faltantes (+4 pts) | Proveedor en lista restrictiva (+10 pts) | Beneficiario asociado a mas de 2 siniestros en la cartera (+5 pts) | Dinamica sospechosa: narrativa con indicadores de riesgo (+5 pts) | Narrativa muy similar a otro reclamo (100% similitud, +8 pts)",-0.019592728717747643,1
SIN-00832,7562.63,7,14,6,False,P001,7870.66,Robo,Guayaquil,Vida,Taller El Veloz,El asegurado reporta que su vehiculo fue robado en un estacionamiento sin camaras.,ASG-00086,A419F907,1,Kia,Picanto,2012,0,0,True,80,1.0,69,ROJO,"Siniestro ocurrido en los primeros 10 dias de la poliza (+8 pts) | Reporte tardio: mas de 7 dias despues del evento (+5 pts) | Asegurado con 3 o mas siniestros en 18 meses (+8 pts) | Documentos incompletos o faltantes (+4 pts) | Proveedor en lista restrictiva (+10 pts) | Beneficiario asociado a mas de 2 siniestros en la cartera (+5 pts) | Monto reclamado es el 96% de la suma asegurada (+5 pts) | Robo reportado con mas de 48 horas de demora (+8 pts) | Documentacion con inconsistencia detectada (+8 pts) | Narrativa muy similar a otro reclamo (100% similitud, +8 pts)",0.017717667620326116,0
SIN-00835,46132.68,1,11,3,False,P007,48978.09,Robo,Loja,Salud,Grua Rapida,Colision frontal con vehiculo desconocido en horas de la madrugada sin testigos.,ASG-00330,D525R671,1,Toyota,Corolla,2017,0,0,True,92,0.9999999999999993,69,ROJO,"Siniestro ocurrido en los primeros 10 dias de la poliza (+8 pts) | Reporte tardio: mas de 7 dias despues del evento (+5 pts) | Asegurado con 3 o mas siniestros en 18 meses (+8 pts) | Documentos incompletos o faltantes (+4 pts) | Proveedor en lista restrictiva (+10 pts) | Beneficiario asociado a mas de 2 siniestros en la cartera (+5 pts) | Robo reportado con mas de 48 horas de demora (+8 pts) | Dinamica sospechosa: narrativa con indicadores de riesgo (+5 pts) | Documentacion con inconsistencia detectada (+8 pts) | Narrativa muy similar a otro reclamo (100% similitud, +8 pts)",-0.026514604120347562,1
SIN-00837,25512.36,13,5,3,False,P007,32596.83,Dano parcial,Cuenca,Salud,Grua Rapida,Colision frontal con vehiculo desconocido en horas de la madrugada sin testigos.,ASG-00126,N961L489,1,Mazda,3,2016,0,0,False,92,0.9999999999999993,47,ROJO,"Siniestro ocurrido en los primeros 30 dias de la poliza (+4 pts) | Reporte con demora de 4 a 7 dias (+3 pts) | Asegurado con 3 o mas siniestros en 18 meses (+8 pts) | Documentos incompletos o faltantes (+4 pts) | Proveedor en lista restrictiva (+10 pts) | Beneficiario asociado a mas de 2 siniestros en la cartera (+5 pts) | Dinamica sospechosa: narrativa con indicadores de riesgo (+5 pts) | Narrativa muy similar a otro reclamo (100% similitud, +8 pts)",0.10047355276744385,0
SIN-00839,36102.58,1,12,5,False,P002,38741.11,Robo,Cuenca,Vehiculos,Clinica San Marcos,El vehiculo fue impactado por un tercero que se dio a la fuga sin dejar datos.,ASG-00394,F738C806,1,Chevrolet,D-Max,2016,0,2,True,86,0.9999999999999992,69,ROJO,"Siniestro ocurrido en los primeros 10 dias de la poliza (+8 pts) | Reporte tardio: mas de 7 dias despues del evento (+5 pts) | Asegurado con 3 o mas siniestros en 18 meses (+8 pts) | Documentos incompletos o faltantes (+4 pts) | Proveedor en lista restrictiva (+10 pts) | Beneficiario asociado a mas de 2 siniestros en la cartera (+5 pts) | Robo reportado con mas de 48 horas de demora (+8 pts) | Dinamica sospechosa: narrativa con indicadores de riesgo (+5 pts) | Documentacion con inconsistencia detectada (+8 pts) | Narrativa muy similar a otro reclamo (100% similitud, +8 pts)",0.03885680783808998,0
SIN-00843,24516.41,5,13,6,False,P002,25642.43,Robo,Guayaquil,Generales,Clinica San Marcos,Colision frontal con vehiculo desconocido en horas de la madrugada sin testigos.,ASG-00055,A751L311,1,Kia,Rio,2013,0,0,True,86,0.9999999999999993,74,ROJO,"Siniestro ocurrido en los primeros 10 dias de la poliza (+8 pts) | Reporte tardio: mas de 7 dias despues del evento (+5 pts) | Asegurado con 3 o mas siniestros en 18 meses (+8 pts) | Documentos incompletos o faltantes (+4 pts) | Proveedor en lista restrictiva (+10 pts) | Beneficiario asociado a mas de 2 siniestros en la cartera (+5 pts) | Monto reclamado es el 96% de la suma asegurada (+5 pts) | Robo reportado con mas de 48 horas de demora (+8 pts) | Dinamica sospechosa: narrativa con indicadores de riesgo (+5 pts) | Documentacion con inconsistencia detectada (+8 pts) | Narrativa muy similar a otro reclamo (100% similitud, +8 pts)",0.07298540437361334,0
SIN-00844,30710.57,10,15,5,False,P002,31731.96,Robo,Quito,Salud,Clinica San Marcos,Impacto en la parte trasera por vehiculo que huyo del lugar del accidente.,ASG-00016,B330H689,1,Chevrolet,Spark,2023,0,0,True,86,1.000000000000001,74,ROJO,"Siniestro ocurrido en los primeros 10 dias de la poliza (+8 pts) | Reporte tardio: mas de 7 dias despues del evento (+5 pts) | Asegurado con 3 o mas siniestros en 18 meses (+8 pts) | Documentos incompletos o faltantes (+4 pts) | Proveedor en lista restrictiva (+10 pts) | Beneficiario asociado a mas de 2 siniestros en la cartera (+5 pts) | Monto reclamado es el 97% de la suma asegurada (+5 pts) | Robo reportado con mas de 48 horas de demora (+8 pts) | Dinamica sospechosa: narrativa con indicadores de riesgo (+5 pts) | Documentacion con inconsistencia detectada (+8 pts) | Narrativa muy similar a otro reclamo (100% similitud, +8 pts)",0.016724651099547683,0
SIN-00847,32106.72,2,14,3,False,P001,34650.1,Robo,Guayaquil,Vehiculos,Taller El Veloz,El vehiculo fue impactado por un tercero que se dio a la fuga sin dejar datos.,ASG-00165,C139A219,1,Mazda,BT-50,2015,0,1,False,80,0.9999999999999992,61,ROJO,"Siniestro ocurrido en los primeros 10 dias de la poliza (+8 pts) | Reporte tardio: mas de 7 dias despues del evento (+5 pts) | Asegurado con 3 o mas siniestros en 18 meses (+8 pts) | Documentos incompletos o faltantes (+4 pts) | Proveedor en lista restrictiva (+10 pts) | Beneficiario asociado a mas de 2 siniestros en la cartera (+5 pts) | Robo reportado con mas de 48 horas de demora (+8 pts) | Dinamica sospechosa: narrativa con indicadores de riesgo (+5 pts) | Narrativa muy similar a otro reclamo (100% similitud, +8 pts)",0.05738734617105251,0
SIN-00848,28506.68,6,10,6,False,P002,29423.03,Robo,Guayaquil,Vida,Clinica San Marcos,El asegurado reporta que su vehiculo fue robado en un estacionamiento sin camaras.,ASG-00249,Q386G433,1,Chevrolet,Aveo,2019,0,0,True,86,1.0,69,ROJO,"Siniestro ocurrido en los primeros 10 dias de la poliza (+8 pts) | Reporte tardio: mas de 7 dias despues del evento (+5 pts) | Asegurado con 3 o mas siniestros en 18 meses (+8 pts) | Documentos incompletos o faltantes (+4 pts) | Proveedor en lista restrictiva (+10 pts) | Beneficiario asociado a mas de 2 siniestros en la cartera (+5 pts) | Monto reclamado es el 97% de la suma asegurada (+5 pts) | Robo reportado con mas de 48 horas de demora (+8 pts) | Documentacion con inconsistencia detectada (+8 pts) | Narrativa muy similar a otro reclamo (100% similitud, +8 pts)",0.032605596549663884,0
SIN-00849,34505.34,6,15,5,False,P007,34733.03,Robo,Guayaquil,Vehiculos,Grua Rapida,El asegurado reporta que su vehiculo fue robado en un estacionamiento sin camaras.,ASG-00284,E751Q602,1,Toyota,Hilux,2020,0,2,True,92,1.0,69,ROJO,"Siniestro ocurrido en los primeros 10 dias de la poliza (+8 pts) | Reporte tardio: mas de 7 dias despues del evento (+5 pts) | Asegurado con 3 o mas siniestros en 18 meses (+8 pts) | Documentos incompletos o faltantes (+4 pts) | Proveedor en lista restrictiva (+10 pts) | Beneficiario asociado a mas de 2 siniestros en la cartera (+5 pts) | Monto reclamado es el 99% de la suma asegurada (+5 pts) | Robo reportado con mas de 48 horas de demora (+8 pts) | Documentacion con inconsistencia detectada (+8 pts) | Narrativa muy similar a otro reclamo (100% similitud, +8 pts)",0.04173498703075218,0
SIN-00850,23742.32,9,9,5,False,P007,24430.36,Robo,Cuenca,Hogar,Grua Rapida,Impacto en la parte trasera por vehiculo que huyo del lugar del accidente.,ASG-00273,C426N474,1,Kia,Sorento,2022,0,0,True,92,1.000000000000001,74,ROJO,"Siniestro ocurrido en los primeros 10 dias de la poliza (+8 pts) | Reporte tardio: mas de 7 dias despues del evento (+5 pts) | Asegurado con 3 o mas siniestros en 18 meses (+8 pts) | Documentos incompletos o faltantes (+4 pts) | Proveedor en lista restrictiva (+10 pts) | Beneficiario asociado a mas de 2 siniestros en la cartera (+5 pts) | Monto reclamado es el 97% de la suma asegurada (+5 pts) | Robo reportado con mas de 48 horas de demora (+8 pts) | Dinamica sospechosa: narrativa con indicadores de riesgo (+5 pts) | Documentacion con inconsistencia detectada (+8 pts) | Narrativa muy similar a otro reclamo (100% similitud, +8 pts)",0.038963110990104965,0
SIN-00854,6099.85,2,14,6,False,P007,6465.32,Robo,Guayaquil,Vida,Grua Rapida,El asegurado reporta que su vehiculo fue robado en un estacionamiento sin camaras.,ASG-00217,K626M996,1,Toyota,RAV4,2013,0,0,True,92,1.0,64,ROJO,"Siniestro ocurrido en los primeros 10 dias de la poliza (+8 pts) | Reporte tardio: mas de 7 dias despues del evento (+5 pts) | Asegurado con 3 o mas siniestros en 18 meses (+8 pts) | Documentos incompletos o faltantes (+4 pts) | Proveedor en lista restrictiva (+10 pts) | Beneficiario asociado a mas de 2 siniestros en la cartera (+5 pts) | Robo reportado con mas de 48 horas de demora (+8 pts) | Documentacion con inconsistencia detectada (+8 pts) | Narrativa muy similar a otro reclamo (100% similitud, +8 pts)",-0.016530512988232382,1
SIN-00856,33770.68,30,7,3,True,P004,45702.34,Robo,Loja,Hogar,Peritajes Express,Impacto en la parte trasera por vehiculo que huyo del lugar del accidente.,ASG-00343,M246B564,1,Nissan,Kicks,2024,0,0,False,6,1.000000000000001,41,ROJO,"Siniestro ocurrido en los primeros 30 dias de la poliza (+4 pts) | Reporte con demora de 4 a 7 dias (+3 pts) | Asegurado con 3 o mas siniestros en 18 meses (+8 pts) | Beneficiario asociado a mas de 2 siniestros en la cartera (+5 pts) | Robo reportado con mas de 48 horas de demora (+8 pts) | Dinamica sospechosa: narrativa con indicadores de riesgo (+5 pts) | Narrativa muy similar a otro reclamo (100% similitud, +8 pts)",0.0143273028415134,0
SIN-00861,40190.2,1,11,6,False,P001,42046.5,Robo,Quito,Vehiculos,Taller El Veloz,Colision frontal con vehiculo desconocido en horas de la madrugada sin testigos.,ASG-00200,A625E407,1,Chevrolet,Spark,2015,0,1,True,80,0.9999999999999993,74,ROJO,"Siniestro ocurrido en los primeros 10 dias de la poliza (+8 pts) | Reporte tardio: mas de 7 dias despues del evento (+5 pts) | Asegurado con 3 o mas siniestros en 18 meses (+8 pts) | Documentos incompletos o faltantes (+4 pts) | Proveedor en lista restrictiva (+10 pts) | Beneficiario asociado a mas de 2 siniestros en la cartera (+5 pts) | Monto reclamado es el 96% de la suma asegurada (+5 pts) | Robo reportado con mas de 48 horas de demora (+8 pts) | Dinamica sospechosa: narrativa con indicadores de riesgo (+5 pts) | Documentacion con inconsistencia detectada (+8 pts) | Narrativa muy similar a otro reclamo (100% similitud, +8 pts)",-0.01591883754871526,1
SIN-00863,11553.69,22,7,3,False,P007,13663.06,Dano parcial,Guayaquil,Hogar,Grua Rapida,Colision leve en interseccion con semaforo. El tercero presento sus datos.,ASG-00023,K999K109,1,Chevrolet,D-Max,2021,0,0,False,92,1.0000000000000004,42,ROJO,"Siniestro ocurrido en los primeros 30 dias de la poliza (+4 pts) | Reporte con demora de 4 a 7 dias (+3 pts) | Asegurado con 3 o mas siniestros en 18 meses (+8 pts) | Documentos incompletos o faltantes (+4 pts) | Proveedor en lista restrictiva (+10 pts) | Beneficiario asociado a mas de 2 siniestros en la cartera (+5 pts) | Narrativa muy similar a otro reclamo (100% similitud, +8 pts)",0.039429908291121474,0
SIN-00865,31053.1,7,12,5,False,P001,33693.02,Robo,Manta,Generales,Taller El Veloz,Colision frontal con vehiculo desconocido en horas de la madrugada sin testigos.,ASG-00208,C280C942,1,Hyundai,Accent,2017,0,0,True,80,0.9999999999999993,69,ROJO,"Siniestro ocurrido en los primeros 10 dias de la poliza (+8 pts) | Reporte tardio: mas de 7 dias despues del evento (+5 pts) | Asegurado con 3 o mas siniestros en 18 meses (+8 pts) | Documentos incompletos o faltantes (+4 pts) | Proveedor en lista restrictiva (+10 pts) | Beneficiario asociado a mas de 2 siniestros en la cartera (+5 pts) | Robo reportado con mas de 48 horas de demora (+8 pts) | Dinamica sospechosa: narrativa con indicadores de riesgo (+5 pts) | Documentacion con inconsistencia detectada (+8 pts) | Narrativa muy similar a otro reclamo (100% similitud, +8 pts)",0.06360188420609797,0
SIN-00867,26570.18,9,10,6,False,P001,26814.21,Robo,Loja,Generales,Taller El Veloz,Colision frontal con vehiculo desconocido en horas de la madrugada sin testigos.,ASG-00150,B824A389,1,Mazda,2,2021,0,0,True,80,0.9999999999999993,74,ROJO,"Siniestro ocurrido en los primeros 10 dias de la poliza (+8 pts) | Reporte tardio: mas de 7 dias despues del evento (+5 pts) | Asegurado con 3 o mas siniestros en 18 meses (+8 pts) | Documentos incompletos o faltantes (+4 pts) | Proveedor en lista restrictiva (+10 pts) | Beneficiario asociado a mas de 2 siniestros en la cartera (+5 pts) | Monto reclamado es el 99% de la suma asegurada (+5 pts) | Robo reportado con mas de 48 horas de demora (+8 pts) | Dinamica sospechosa: narrativa con indicadores de riesgo (+5 pts) | Documentacion con inconsistencia detectada (+8 pts) | Narrativa muy similar a otro reclamo (100% similitud, +8 pts)",0.030713209748428505,0
SIN-00872,26453.93,6,15,6,False,P007,26809.8,Robo,Quito,Vehiculos,Grua Rapida,El vehiculo fue impactado por un tercero que se dio a la fuga sin dejar datos.,ASG-00364,C290R344,1,Kia,Picanto,2014,0,3,True,92,0.9999999999999992,79,ROJO,"Siniestro ocurrido en los primeros 10 dias de la poliza (+8 pts) | Reporte tardio: mas de 7 dias despues del evento (+5 pts) | Asegurado con 3 o mas siniestros en 18 meses (+8 pts) | Documentos incompletos o faltantes (+4 pts) | Proveedor en lista restrictiva (+10 pts) | Beneficiario asociado a mas de 2 siniestros en la cartera (+5 pts) | Monto reclamado es el 99% de la suma asegurada (+5 pts) | Robo reportado con mas de 48 horas de demora (+8 pts) | Alta frecuencia conductor: 3 o mas siniestros vehiculares del mismo asegurado (+5 pts) | Dinamica sospechosa: narrativa con indicadores de riesgo (+5 pts) | Documentacion con inconsistencia detectada (+8 pts) | Narrativa muy similar a otro reclamo (100% similitud, +8 pts)",0.047888241643854024,0
SIN-00878,23567.24,3,11,6,False,P001,24430.36,Robo,Cuenca,Hogar,Taller El Veloz,Colision frontal con vehiculo desconocido en horas de la madrugada sin testigos.,ASG-00273,B625E171,1,Mazda,CX-5,2015,0,0,True,80,0.9999999999999993,74,ROJO,"Siniestro ocurrido en los primeros 10 dias de la poliza (+8 pts) | Reporte tardio: mas de 7 dias despues del evento (+5 pts) | Asegurado con 3 o mas siniestros en 18 meses (+8 pts) | Documentos incompletos o faltantes (+4 pts) | Proveedor en lista restrictiva (+10 pts) | Beneficiario asociado a mas de 2 siniestros en la cartera (+5 pts) | Monto reclamado es el 96% de la suma asegurada (+5 pts) | Robo reportado con mas de 48 horas de demora (+8 pts) | Dinamica sospechosa: narrativa con indicadores de riesgo (+5 pts) | Documentacion con inconsistencia detectada (+8 pts) | Narrativa muy similar a otro reclamo (100% similitud, +8 pts)",0.05886252697888783,0
SIN-00879,19322.05,13,5,2,True,P002,25529.36,Dano parcial,Loja,Salud,Clinica San Marcos,Colision leve en interseccion con semaforo. El tercero presento sus datos.,ASG-00288,N675G196,1,Hyundai,Elantra,2014,0,0,False,86,1.0000000000000004,34,AMARILLO,"Siniestro ocurrido en los primeros 30 dias de la poliza (+4 pts) | Reporte con demora de 4 a 7 dias (+3 pts) | Asegurado con 2 siniestros recientes (+4 pts) | Proveedor en lista restrictiva (+10 pts) | Beneficiario asociado a mas de 2 siniestros en la cartera (+5 pts) | Narrativa muy similar a otro reclamo (100% similitud, +8 pts)",0.05984705487534214,0
SIN-00881,14902.52,5,15,5,False,P007,14925.76,Robo,Quito,Generales,Grua Rapida,El asegurado reporta que su vehiculo fue robado en un estacionamiento sin camaras.,ASG-00255,C595C111,1,Nissan,Kicks,2023,0,0,True,92,1.0,69,ROJO,"Siniestro ocurrido en los primeros 10 dias de la poliza (+8 pts) | Reporte tardio: mas de 7 dias despues del evento (+5 pts) | Asegurado con 3 o mas siniestros en 18 meses (+8 pts) | Documentos incompletos o faltantes (+4 pts) | Proveedor en lista restrictiva (+10 pts) | Beneficiario asociado a mas de 2 siniestros en la cartera (+5 pts) | Monto reclamado es el 100% de la suma asegurada (+5 pts) | Robo reportado con mas de 48 horas de demora (+8 pts) | Documentacion con inconsistencia detectada (+8 pts) | Narrativa muy similar a otro reclamo (100% similitud, +8 pts)",0.022051568248903308,0
SIN-00883,4433.12,23,7,3,True,P002,7019.49,Dano parcial,Cuenca,Generales,Clinica San Marcos,El vehiculo fue impactado por un tercero que se dio a la fuga sin dejar datos.,ASG-00227,L932A214,1,Toyota,Hilux,2023,0,0,False,86,0.9999999999999992,43,ROJO,"Siniestro ocurrido en los primeros 30 dias de la poliza (+4 pts) | Reporte con demora de 4 a 7 dias (+3 pts) | Asegurado con 3 o mas siniestros en 18 meses (+8 pts) | Proveedor en lista restrictiva (+10 pts) | Beneficiario asociado a mas de 2 siniestros en la cartera (+5 pts) | Dinamica sospechosa: narrativa con indicadores de riesgo (+5 pts) | Narrativa muy similar a otro reclamo (100% similitud, +8 pts)",0.012410551673080139,0
SIN-00884,20179.1,7,8,4,False,P001,20438.51,Robo,Quito,Vehiculos,Taller El Veloz,Impacto en la parte trasera por vehiculo que huyo del lugar del accidente.,ASG-00364,F123H378,1,Chevrolet,Captiva,2021,0,3,True,80,1.000000000000001,79,ROJO,"Siniestro ocurrido en los primeros 10 dias de la poliza (+8 pts) | Reporte tardio: mas de 7 dias despues del evento (+5 pts) | Asegurado con 3 o mas siniestros en 18 meses (+8 pts) | Documentos incompletos o faltantes (+4 pts) | Proveedor en lista restrictiva (+10 pts) | Beneficiario asociado a mas de 2 siniestros en la cartera (+5 pts) | Monto reclamado es el 99% de la suma asegurada (+5 pts) | Robo reportado con mas de 48 horas de demora (+8 pts) | Alta frecuencia conductor: 3 o mas siniestros vehiculares del mismo asegurado (+5 pts) | Dinamica sospechosa: narrativa con indicadores de riesgo (+5 pts) | Documentacion con inconsistencia detectada (+8 pts) | Narrativa muy similar a otro reclamo (100% similitud, +8 pts)",0.0541522735518597,0
SIN-00885,31506.36,12,5,3,False,P001,42441.92,Atencion medica,Loja,Generales,Taller El Veloz,Choque en parqueadero de centro comercial con camaras de seguridad.,ASG-00292,P128R178,1,Hyundai,Santa Fe,2020,0,0,False,80,1.0,42,ROJO,"Siniestro ocurrido en los primeros 30 dias de la poliza (+4 pts) | Reporte con demora de 4 a 7 dias (+3 pts) | Asegurado con 3 o mas siniestros en 18 meses (+8 pts) | Documentos incompletos o faltantes (+4 pts) | Proveedor en lista restrictiva (+10 pts) | Beneficiario asociado a mas de 2 siniestros en la cartera (+5 pts) | Narrativa muy similar a otro reclamo (100% similitud, +8 pts)",0.061660386005073564,0
SIN-00886,30240.72,6,8,3,False,P002,31236.07,Robo,Manta,Vida,Clinica San Marcos,Impacto en la parte trasera por vehiculo que huyo del lugar del accidente.,ASG-00208,N453B946,1,Kia,Sorento,2019,0,0,True,86,1.000000000000001,74,ROJO,"Siniestro ocurrido en los primeros 10 dias de la poliza (+8 pts) | Reporte tardio: mas de 7 dias despues del evento (+5 pts) | Asegurado con 3 o mas siniestros en 18 meses (+8 pts) | Documentos incompletos o faltantes (+4 pts) | Proveedor en lista restrictiva (+10 pts) | Beneficiario asociado a mas de 2 siniestros en la cartera (+5 pts) | Monto reclamado es el 97% de la suma asegurada (+5 pts) | Robo reportado con mas de 48 horas de demora (+8 pts) | Dinamica sospechosa: narrativa con indicadores de riesgo (+5 pts) | Documentacion con inconsistencia detectada (+8 pts) | Narrativa muy similar a otro reclamo (100% similitud, +8 pts)",0.07766081042870637,0
SIN-00890,25913.67,6,13,4,False,P007,26118.0,Robo,Loja,Salud,Grua Rapida,El asegurado reporta que su vehiculo fue robado en un estacionamiento sin camaras.,ASG-00330,N980G161,1,Chevrolet,Aveo,2018,0,0,True,92,1.0,69,ROJO,"Siniestro ocurrido en los primeros 10 dias de la poliza (+8 pts) | Reporte tardio: mas de 7 dias despues del evento (+5 pts) | Asegurado con 3 o mas siniestros en 18 meses (+8 pts) | Documentos incompletos o faltantes (+4 pts) | Proveedor en lista restrictiva (+10 pts) | Beneficiario asociado a mas de 2 siniestros en la cartera (+5 pts) | Monto reclamado es el 99% de la suma asegurada (+5 pts) | Robo reportado con mas de 48 horas de demora (+8 pts) | Documentacion con inconsistencia detectada (+8 pts) | Narrativa muy similar a otro reclamo (100% similitud, +8 pts)",0.07984402878334168,0
SIN-00892,30205.33,6,8,3,False,P001,30362.29,Robo,Manta,Hogar,Taller El Veloz,El vehiculo fue impactado por un tercero que se dio a la fuga sin dejar datos.,ASG-00359,N506H981,1,Mazda,CX-5,2024,0,0,False,80,0.9999999999999992,66,ROJO,"Siniestro ocurrido en los primeros 10 dias de la poliza (+8 pts) | Reporte tardio: mas de 7 dias despues del evento (+5 pts) | Asegurado con 3 o mas siniestros en 18 meses (+8 pts) | Documentos incompletos o faltantes (+4 pts) | Proveedor en lista restrictiva (+10 pts) | Beneficiario asociado a mas de 2 siniestros en la cartera (+5 pts) | Monto reclamado es el 99% de la suma asegurada (+5 pts) | Robo reportado con mas de 48 horas de demora (+8 pts) | Dinamica sospechosa: narrativa con indicadores de riesgo (+5 pts) | Narrativa muy similar a otro reclamo (100% similitud, +8 pts)",0.0744787089090142,0
SIN-00895,35674.58,3,11,3,False,P007,38489.45,Robo,Cuenca,Salud,Grua Rapida,El vehiculo fue impactado por un tercero que se dio a la fuga sin dejar datos.,ASG-00046,C380B672,1,Kia,Sorento,2015,0,0,True,92,0.9999999999999992,69,ROJO,"Siniestro ocurrido en los primeros 10 dias de la poliza (+8 pts) | Reporte tardio: mas de 7 dias despues del evento (+5 pts) | Asegurado con 3 o mas siniestros en 18 meses (+8 pts) | Documentos incompletos o faltantes (+4 pts) | Proveedor en lista restrictiva (+10 pts) | Beneficiario asociado a mas de 2 siniestros en la cartera (+5 pts) | Robo reportado con mas de 48 horas de demora (+8 pts) | Dinamica sospechosa: narrativa con indicadores de riesgo (+5 pts) | Documentacion con inconsistencia detectada (+8 pts) | Narrativa muy similar a otro reclamo (100% similitud, +8 pts)",0.07384715752541576,0
SIN-00897,6763.06,29,4,3,False,P007,8316.92,Dano parcial,Quito,Salud,Grua Rapida,Dano por granizo en estacionamiento del trabajo. Evidencia fotografica adjunta.,ASG-00334,L647R400,1,Kia,Picanto,2023,0,0,False,92,1.0,42,ROJO,"Siniestro ocurrido en los primeros 30 dias de la poliza (+4 pts) | Reporte con demora de 4 a 7 dias (+3 pts) | Asegurado con 3 o mas siniestros en 18 meses (+8 pts) | Documentos incompletos o faltantes (+4 pts) | Proveedor en lista restrictiva (+10 pts) | Beneficiario asociado a mas de 2 siniestros en la cartera (+5 pts) | Narrativa muy similar a otro reclamo (100% similitud, +8 pts)",0.003231720059611365,0
SIN-00900,40937.32,1,12,4,False,P002,45415.45,Robo,Ambato,Generales,Clinica San Marcos,El asegurado reporta que su vehiculo fue robado en un estacionamiento sin camaras.,ASG-00191,E802M663,1,Hyundai,Santa Fe,2023,0,0,True,86,1.0,64,ROJO,"Siniestro ocurrido en los primeros 10 dias de la poliza (+8 pts) | Reporte tardio: mas de 7 dias despues del evento (+5 pts) | Asegurado con 3 o mas siniestros en 18 meses (+8 pts) | Documentos incompletos o faltantes (+4 pts) | Proveedor en lista restrictiva (+10 pts) | Beneficiario asociado a mas de 2 siniestros en la cartera (+5 pts) | Robo reportado con mas de 48 horas de demora (+8 pts) | Documentacion con inconsistencia detectada (+8 pts) | Narrativa muy similar a otro reclamo (100% similitud, +8 pts)",0.01820388468814993,0
SIN-00902,25854.73,25,2,3,True,P007,36014.47,Atencion medica,Cuenca,Generales,Grua Rapida,El asegurado reporta que su vehiculo fue robado en un estacionamiento sin camaras.,ASG-00062,A319K631,1,Kia,Sportage,2024,0,0,False,92,1.0,35,AMARILLO,"Siniestro ocurrido en los primeros 30 dias de la poliza (+4 pts) | Asegurado con 3 o mas siniestros en 18 meses (+8 pts) | Proveedor en lista restrictiva (+10 pts) | Beneficiario asociado a mas de 2 siniestros en la cartera (+5 pts) | Narrativa muy similar a otro reclamo (100% similitud, +8 pts)",0.03364907333625433,0
SIN-00903,20155.72,7,13,3,False,P007,20202.58,Robo,Cuenca,Generales,Grua Rapida,El asegurado reporta que su vehiculo fue robado en un estacionamiento sin camaras.,ASG-00373,P607G660,1,Chevrolet,Aveo,2015,0,0,True,92,1.0,69,ROJO,"Siniestro ocurrido en los primeros 10 dias de la poliza (+8 pts) | Reporte tardio: mas de 7 dias despues del evento (+5 pts) | Asegurado con 3 o mas siniestros en 18 meses (+8 pts) | Documentos incompletos o faltantes (+4 pts) | Proveedor en lista restrictiva (+10 pts) | Beneficiario asociado a mas de 2 siniestros en la cartera (+5 pts) | Monto reclamado es el 100% de la suma asegurada (+5 pts) | Robo reportado con mas de 48 horas de demora (+8 pts) | Documentacion con inconsistencia detectada (+8 pts) | Narrativa muy similar a otro reclamo (100% similitud, +8 pts)",0.06764844012109456,0
SIN-00904,6262.38,7,11,4,False,P007,6802.64,Robo,Quito,Vida,Grua Rapida,Colision frontal con vehiculo desconocido en horas de la madrugada sin testigos.,ASG-00003,G248H644,1,Kia,Rio,2012,0,0,True,92,0.9999999999999993,69,ROJO,"Siniestro ocurrido en los primeros 10 dias de la poliza (+8 pts) | Reporte tardio: mas de 7 dias despues del evento (+5 pts) | Asegurado con 3 o mas siniestros en 18 meses (+8 pts) | Documentos incompletos o faltantes (+4 pts) | Proveedor en lista restrictiva (+10 pts) | Beneficiario asociado a mas de 2 siniestros en la cartera (+5 pts) | Robo reportado con mas de 48 horas de demora (+8 pts) | Dinamica sospechosa: narrativa con indicadores de riesgo (+5 pts) | Documentacion con inconsistencia detectada (+8 pts) | Narrativa muy similar a otro reclamo (100% similitud, +8 pts)",0.031811163650565466,0
SIN-00913,29955.92,17,5,2,True,P001,46957.89,Incendio,Cuenca,Salud,Taller El Veloz,Accidente en carretera con policia presente. Croquis firmado por ambas partes.,ASG-00280,C174P651,1,Kia,Sorento,2013,0,0,False,80,1.0000000000000002,34,AMARILLO,"Siniestro ocurrido en los primeros 30 dias de la poliza (+4 pts) | Reporte con demora de 4 a 7 dias (+3 pts) | Asegurado con 2 siniestros recientes (+4 pts) | Proveedor en lista restrictiva (+10 pts) | Beneficiario asociado a mas de 2 siniestros en la cartera (+5 pts) | Narrativa muy similar a otro reclamo (100% similitud, +8 pts)",0.010775243554489222,0
SIN-00915,36193.7,10,12,3,False,P002,40164.58,Robo,Quito,Hogar,Clinica San Marcos,El asegurado reporta que su vehiculo fue robado en un estacionamiento sin camaras.,ASG-00366,C628F509,1,Toyota,Corolla,2024,0,0,True,86,1.0,64,ROJO,"Siniestro ocurrido en los primeros 10 dias de la poliza (+8 pts) | Reporte tardio: mas de 7 dias despues del evento (+5 pts) | Asegurado con 3 o mas siniestros en 18 meses (+8 pts) | Documentos incompletos o faltantes (+4 pts) | Proveedor en lista restrictiva (+10 pts) | Beneficiario asociado a mas de 2 siniestros en la cartera (+5 pts) | Robo reportado con mas de 48 horas de demora (+8 pts) | Documentacion con inconsistencia detectada (+8 pts) | Narrativa muy similar a otro reclamo (100% similitud, +8 pts)",0.06652688943051838,0
SIN-00927,33878.83,1,14,5,False,P002,35627.26,Robo,Quito,Generales,Clinica San Marcos,Colision frontal con vehiculo desconocido en horas de la madrugada sin testigos.,ASG-00188,P922J976,1,Chevrolet,Spark,2015,0,0,True,86,0.9999999999999993,74,ROJO,"Siniestro ocurrido en los primeros 10 dias de la poliza (+8 pts) | Reporte tardio: mas de 7 dias despues del evento (+5 pts) | Asegurado con 3 o mas siniestros en 18 meses (+8 pts) | Documentos incompletos o faltantes (+4 pts) | Proveedor en lista restrictiva (+10 pts) | Beneficiario asociado a mas de 2 siniestros en la cartera (+5 pts) | Monto reclamado es el 95% de la suma asegurada (+5 pts) | Robo reportado con mas de 48 horas de demora (+8 pts) | Dinamica sospechosa: narrativa con indicadores de riesgo (+5 pts) | Documentacion con inconsistencia detectada (+8 pts) | Narrativa muy similar a otro reclamo (100% similitud, +8 pts)",0.023941615618924383,0
SIN-00928,25906.69,3,10,4,False,P007,28069.84,Robo,Guayaquil,Vehiculos,Grua Rapida,Colision frontal con vehiculo desconocido en horas de la madrugada sin testigos.,ASG-00399,J675J293,1,Hyundai,Elantra,2019,0,1,True,92,0.9999999999999993,69,ROJO,"Siniestro ocurrido en los primeros 10 dias de la poliza (+8 pts) | Reporte tardio: mas de 7 dias despues del evento (+5 pts) | Asegurado con 3 o mas siniestros en 18 meses (+8 pts) | Documentos incompletos o faltantes (+4 pts) | Proveedor en lista restrictiva (+10 pts) | Beneficiario asociado a mas de 2 siniestros en la cartera (+5 pts) | Robo reportado con mas de 48 horas de demora (+8 pts) | Dinamica sospechosa: narrativa con indicadores de riesgo (+5 pts) | Documentacion con inconsistencia detectada (+8 pts) | Narrativa muy similar a otro reclamo (100% similitud, +8 pts)",0.06830338350160337,0
SIN-00929,26348.92,1,12,5,False,P001,27875.46,Robo,Manta,Salud,Taller El Veloz,Colision frontal con vehiculo desconocido en horas de la madrugada sin testigos.,ASG-00359,A807P276,1,Toyota,Yaris,2021,0,0,True,80,0.9999999999999993,69,ROJO,"Siniestro ocurrido en los primeros 10 dias de la poliza (+8 pts) | Reporte tardio: mas de 7 dias despues del evento (+5 pts) | Asegurado con 3 o mas siniestros en 18 meses (+8 pts) | Documentos incompletos o faltantes (+4 pts) | Proveedor en lista restrictiva (+10 pts) | Beneficiario asociado a mas de 2 siniestros en la cartera (+5 pts) | Robo reportado con mas de 48 horas de demora (+8 pts) | Dinamica sospechosa: narrativa con indicadores de riesgo (+5 pts) | Documentacion con inconsistencia detectada (+8 pts) | Narrativa muy similar a otro reclamo (100% similitud, +8 pts)",0.04869603895213509,0
SIN-00932,6329.88,27,7,3,True,P001,8316.92,Responsabilidad Civil,Quito,Salud,Taller El Veloz,El vehiculo fue impactado por un tercero que se dio a la fuga sin dejar datos.,ASG-00334,C859R962,1,Chevrolet,Captiva,2018,0,0,False,80,0.9999999999999992,49,ROJO,"Siniestro ocurrido en los primeros 30 dias de la poliza (+4 pts) | Reporte con demora de 4 a 7 dias (+3 pts) | Asegurado con 3 o mas siniestros en 18 meses (+8 pts) | Proveedor en lista restrictiva (+10 pts) | Beneficiario asociado a mas de 2 siniestros en la cartera (+5 pts) | Dinamica sospechosa: cobertura Responsabilidad Civil sola (+6 pts) | Dinamica sospechosa: narrativa con indicadores de riesgo (+5 pts) | Narrativa muy similar a otro reclamo (100% similitud, +8 pts)",0.018035750789032412,0
SIN-00939,4121.41,13,4,3,True,P006,5246.13,Robo,Loja,Vida,Clinica del Sur,Choque en parqueadero de centro comercial con camaras de seguridad.,ASG-00279,Q113Q669,1,Toyota,Corolla,2014,0,0,False,2,1.0,31,AMARILLO,"Siniestro ocurrido en los primeros 30 dias de la poliza (+4 pts) | Reporte con demora de 4 a 7 dias (+3 pts) | Asegurado con 3 o mas siniestros en 18 meses (+8 pts) | Robo reportado con mas de 48 horas de demora (+8 pts) | Narrativa muy similar a otro reclamo (100% similitud, +8 pts)",-0.020971766421876814,1
SIN-00940,22546.17,7,15,5,False,P001,23629.4,Robo,Loja,Hogar,Taller El Veloz,El vehiculo fue impactado por un tercero que se dio a la fuga sin dejar datos.,ASG-00343,K751L559,1,Nissan,Sentra,2013,0,0,True,80,0.9999999999999992,74,ROJO,"Siniestro ocurrido en los primeros 10 dias de la poliza (+8 pts) | Reporte tardio: mas de 7 dias despues del evento (+5 pts) | Asegurado con 3 o mas siniestros en 18 meses (+8 pts) | Documentos incompletos o faltantes (+4 pts) | Proveedor en lista restrictiva (+10 pts) | Beneficiario asociado a mas de 2 siniestros en la cartera (+5 pts) | Monto reclamado es el 95% de la suma asegurada (+5 pts) | Robo reportado con mas de 48 horas de demora (+8 pts) | Dinamica sospechosa: narrativa con indicadores de riesgo (+5 pts) | Documentacion con inconsistencia detectada (+8 pts) | Narrativa muy similar a otro reclamo (100% similitud, +8 pts)",0.04776077287037428,0
SIN-00941,33134.1,1,14,3,False,P007,36430.24,Robo,Manta,Generales,Grua Rapida,El vehiculo fue impactado por un tercero que se dio a la fuga sin dejar datos.,ASG-00018,H141J994,1,Nissan,Frontier,2020,0,0,True,92,0.9999999999999992,69,ROJO,"Siniestro ocurrido en los primeros 10 dias de la poliza (+8 pts) | Reporte tardio: mas de 7 dias despues del evento (+5 pts) | Asegurado con 3 o mas siniestros en 18 meses (+8 pts) | Documentos incompletos o faltantes (+4 pts) | Proveedor en lista restrictiva (+10 pts) | Beneficiario asociado a mas de 2 siniestros en la cartera (+5 pts) | Robo reportado con mas de 48 horas de demora (+8 pts) | Dinamica sospechosa: narrativa con indicadores de riesgo (+5 pts) | Documentacion con inconsistencia detectada (+8 pts) | Narrativa muy similar a otro reclamo (100% similitud, +8 pts)",0.04865118876875346,0
SIN-00947,40879.53,10,10,5,False,P001,45063.14,Robo,Manta,Vehiculos,Taller El Veloz,Impacto en la parte trasera por vehiculo que huyo del lugar del accidente.,ASG-00060,D947C449,1,Kia,Sportage,2023,0,2,True,80,1.000000000000001,69,ROJO,"Siniestro ocurrido en los primeros 10 dias de la poliza (+8 pts) | Reporte tardio: mas de 7 dias despues del evento (+5 pts) | Asegurado con 3 o mas siniestros en 18 meses (+8 pts) | Documentos incompletos o faltantes (+4 pts) | Proveedor en lista restrictiva (+10 pts) | Beneficiario asociado a mas de 2 siniestros en la cartera (+5 pts) | Robo reportado con mas de 48 horas de demora (+8 pts) | Dinamica sospechosa: narrativa con indicadores de riesgo (+5 pts) | Documentacion con inconsistencia detectada (+8 pts) | Narrativa muy similar a otro reclamo (100% similitud, +8 pts)",0.01893165447132983,0
SIN-00952,17687.09,1,14,6,False,P002,18111.04,Robo,Cuenca,Hogar,Clinica San Marcos,Impacto en la parte trasera por vehiculo que huyo del lugar del accidente.,ASG-00117,F849K994,1,Hyundai,Elantra,2015,0,0,True,86,1.000000000000001,74,ROJO,"Siniestro ocurrido en los primeros 10 dias de la poliza (+8 pts) | Reporte tardio: mas de 7 dias despues del evento (+5 pts) | Asegurado con 3 o mas siniestros en 18 meses (+8 pts) | Documentos incompletos o faltantes (+4 pts) | Proveedor en lista restrictiva (+10 pts) | Beneficiario asociado a mas de 2 siniestros en la cartera (+5 pts) | Monto reclamado es el 98% de la suma asegurada (+5 pts) | Robo reportado con mas de 48 horas de demora (+8 pts) | Dinamica sospechosa: narrativa con indicadores de riesgo (+5 pts) | Documentacion con inconsistencia detectada (+8 pts) | Narrativa muy similar a otro reclamo (100% similitud, +8 pts)",0.029246266296360734,0
SIN-00953,11645.91,5,14,3,False,P007,11800.88,Robo,Cuenca,Hogar,Grua Rapida,El asegurado reporta que su vehiculo fue robado en un estacionamiento sin camaras.,ASG-00116,L827F346,1,Nissan,Sentra,2023,0,0,True,92,1.0,69,ROJO,"Siniestro ocurrido en los primeros 10 dias de la poliza (+8 pts) | Reporte tardio: mas de 7 dias despues del evento (+5 pts) | Asegurado con 3 o mas siniestros en 18 meses (+8 pts) | Documentos incompletos o faltantes (+4 pts) | Proveedor en lista restrictiva (+10 pts) | Beneficiario asociado a mas de 2 siniestros en la cartera (+5 pts) | Monto reclamado es el 99% de la suma asegurada (+5 pts) | Robo reportado con mas de 48 horas de demora (+8 pts) | Documentacion con inconsistencia detectada (+8 pts) | Narrativa muy similar a otro reclamo (100% similitud, +8 pts)",0.03766190225227084,0
SIN-00957,36126.71,5,12,3,False,P007,36526.11,Robo,Guayaquil,Generales,Grua Rapida,Colision frontal con vehiculo desconocido en horas de la madrugada sin testigos.,ASG-00174,F515R685,1,Chevrolet,Spark,2021,0,0,True,92,0.9999999999999993,74,ROJO,"Siniestro ocurrido en los primeros 10 dias de la poliza (+8 pts) | Reporte tardio: mas de 7 dias despues del evento (+5 pts) | Asegurado con 3 o mas siniestros en 18 meses (+8 pts) | Documentos incompletos o faltantes (+4 pts) | Proveedor en lista restrictiva (+10 pts) | Beneficiario asociado a mas de 2 siniestros en la cartera (+5 pts) | Monto reclamado es el 99% de la suma asegurada (+5 pts) | Robo reportado con mas de 48 horas de demora (+8 pts) | Dinamica sospechosa: narrativa con indicadores de riesgo (+5 pts) | Documentacion con inconsistencia detectada (+8 pts) | Narrativa muy similar a otro reclamo (100% similitud, +8 pts)",0.07750423746137891,0
SIN-00958,27225.96,5,14,3,False,P002,29886.7,Robo,Guayaquil,Vida,Clinica San Marcos,El vehiculo fue impactado por un tercero que se dio a la fuga sin dejar datos.,ASG-00231,N521A251,1,Kia,Sorento,2017,0,0,True,86,0.9999999999999992,69,ROJO,"Siniestro ocurrido en los primeros 10 dias de la poliza (+8 pts) | Reporte tardio: mas de 7 dias despues del evento (+5 pts) | Asegurado con 3 o mas siniestros en 18 meses (+8 pts) | Documentos incompletos o faltantes (+4 pts) | Proveedor en lista restrictiva (+10 pts) | Beneficiario asociado a mas de 2 siniestros en la cartera (+5 pts) | Robo reportado con mas de 48 horas de demora (+8 pts) | Dinamica sospechosa: narrativa con indicadores de riesgo (+5 pts) | Documentacion con inconsistencia detectada (+8 pts) | Narrativa muy similar a otro reclamo (100% similitud, +8 pts)",0.0755653649373983,0
SIN-00959,28426.67,27,4,2,True,P002,45702.34,Incendio,Loja,Hogar,Clinica San Marcos,Dano por granizo en estacionamiento del trabajo. Evidencia fotografica adjunta.,ASG-00343,G662G948,1,Nissan,Frontier,2019,0,0,False,86,1.0,34,AMARILLO,"Siniestro ocurrido en los primeros 30 dias de la poliza (+4 pts) | Reporte con demora de 4 a 7 dias (+3 pts) | Asegurado con 2 siniestros recientes (+4 pts) | Proveedor en lista restrictiva (+10 pts) | Beneficiario asociado a mas de 2 siniestros en la cartera (+5 pts) | Narrativa muy similar a otro reclamo (100% similitud, +8 pts)",-0.026345086346064694,1
SIN-00960,38439.6,1,9,6,False,P007,38741.11,Robo,Cuenca,Vehiculos,Grua Rapida,El asegurado reporta que su vehiculo fue robado en un estacionamiento sin camaras.,ASG-00394,P414N876,1,Toyota,Hilux,2013,0,2,True,92,1.0,69,ROJO,"Siniestro ocurrido en los primeros 10 dias de la poliza (+8 pts) | Reporte tardio: mas de 7 dias despues del evento (+5 pts) | Asegurado con 3 o mas siniestros en 18 meses (+8 pts) | Documentos incompletos o faltantes (+4 pts) | Proveedor en lista restrictiva (+10 pts) | Beneficiario asociado a mas de 2 siniestros en la cartera (+5 pts) | Monto reclamado es el 99% de la suma asegurada (+5 pts) | Robo reportado con mas de 48 horas de demora (+8 pts) | Documentacion con inconsistencia detectada (+8 pts) | Narrativa muy similar a otro reclamo (100% similitud, +8 pts)",-0.01876965654131224,1
SIN-00971,38869.7,5,15,3,False,P002,40188.85,Robo,Loja,Vida,Clinica San Marcos,El vehiculo fue impactado por un tercero que se dio a la fuga sin dejar datos.,ASG-00150,M103B298,1,Kia,Picanto,2017,0,0,True,86,0.9999999999999992,74,ROJO,"Siniestro ocurrido en los primeros 10 dias de la poliza (+8 pts) | Reporte tardio: mas de 7 dias despues del evento (+5 pts) | Asegurado con 3 o mas siniestros en 18 meses (+8 pts) | Documentos incompletos o faltantes (+4 pts) | Proveedor en lista restrictiva (+10 pts) | Beneficiario asociado a mas de 2 siniestros en la cartera (+5 pts) | Monto reclamado es el 97% de la suma asegurada (+5 pts) | Robo reportado con mas de 48 horas de demora (+8 pts) | Dinamica sospechosa: narrativa con indicadores de riesgo (+5 pts) | Documentacion con inconsistencia detectada (+8 pts) | Narrativa muy similar a otro reclamo (100% similitud, +8 pts)",0.05414886760148985,0
SIN-00977,39692.0,9,9,4,False,P002,40805.51,Robo,Loja,Hogar,Clinica San Marcos,El vehiculo fue impactado por un tercero que se dio a la fuga sin dejar datos.,ASG-00235,E378Q509,1,Nissan,Sentra,2017,0,0,True,86,0.9999999999999992,74,ROJO,"Siniestro ocurrido en los primeros 10 dias de la poliza (+8 pts) | Reporte tardio: mas de 7 dias despues del evento (+5 pts) | Asegurado con 3 o mas siniestros en 18 meses (+8 pts) | Documentos incompletos o faltantes (+4 pts) | Proveedor en lista restrictiva (+10 pts) | Beneficiario asociado a mas de 2 siniestros en la cartera (+5 pts) | Monto reclamado es el 97% de la suma asegurada (+5 pts) | Robo reportado con mas de 48 horas de demora (+8 pts) | Dinamica sospechosa: narrativa con indicadores de riesgo (+5 pts) | Documentacion con inconsistencia detectada (+8 pts) | Narrativa muy similar a otro reclamo (100% similitud, +8 pts)",0.055853987214734335,0
SIN-00984,27237.47,2,14,3,False,P007,29194.49,Robo,Cuenca,Vehiculos,Grua Rapida,Colision frontal con vehiculo desconocido en horas de la madrugada sin testigos.,ASG-00206,H929H834,1,Toyota,Yaris,2024,0,2,True,92,0.9999999999999993,69,ROJO,"Siniestro ocurrido en los primeros 10 dias de la poliza (+8 pts) | Reporte tardio: mas de 7 dias despues del evento (+5 pts) | Asegurado con 3 o mas siniestros en 18 meses (+8 pts) | Documentos incompletos o faltantes (+4 pts) | Proveedor en lista restrictiva (+10 pts) | Beneficiario asociado a mas de 2 siniestros en la cartera (+5 pts) | Robo reportado con mas de 48 horas de demora (+8 pts) | Dinamica sospechosa: narrativa con indicadores de riesgo (+5 pts) | Documentacion con inconsistencia detectada (+8 pts) | Narrativa muy similar a otro reclamo (100% similitud, +8 pts)",0.05417280573903499,0
SIN-00985,25488.49,3,12,6,False,P007,27496.36,Robo,Ambato,Vehiculos,Grua Rapida,Colision frontal con vehiculo desconocido en horas de la madrugada sin testigos.,ASG-00395,B107K245,1,Nissan,Kicks,2016,0,2,True,92,0.9999999999999993,69,ROJO,"Siniestro ocurrido en los primeros 10 dias de la poliza (+8 pts) | Reporte tardio: mas de 7 dias despues del evento (+5 pts) | Asegurado con 3 o mas siniestros en 18 meses (+8 pts) | Documentos incompletos o faltantes (+4 pts) | Proveedor en lista restrictiva (+10 pts) | Beneficiario asociado a mas de 2 siniestros en la cartera (+5 pts) | Robo reportado con mas de 48 horas de demora (+8 pts) | Dinamica sospechosa: narrativa con indicadores de riesgo (+5 pts) | Documentacion con inconsistencia detectada (+8 pts) | Narrativa muy similar a otro reclamo (100% similitud, +8 pts)",0.06099314083511387,0
SIN-00987,48795.58,5,10,4,False,P007,49265.08,Robo,Guayaquil,Generales,Grua Rapida,Impacto en la parte trasera por vehiculo que huyo del lugar del accidente.,ASG-00375,H879G799,1,Chevrolet,Spark,2022,0,0,True,92,1.000000000000001,74,ROJO,"Siniestro ocurrido en los primeros 10 dias de la poliza (+8 pts) | Reporte tardio: mas de 7 dias despues del evento (+5 pts) | Asegurado con 3 o mas siniestros en 18 meses (+8 pts) | Documentos incompletos o faltantes (+4 pts) | Proveedor en lista restrictiva (+10 pts) | Beneficiario asociado a mas de 2 siniestros en la cartera (+5 pts) | Monto reclamado es el 99% de la suma asegurada (+5 pts) | Robo reportado con mas de 48 horas de demora (+8 pts) | Dinamica sospechosa: narrativa con indicadores de riesgo (+5 pts) | Documentacion con inconsistencia detectada (+8 pts) | Narrativa muy similar a otro reclamo (100% similitud, +8 pts)",-0.03529230854081988,1
SIN-00995,28076.18,23,4,2,False,P001,42959.58,Robo,Guayaquil,Vehiculos,Taller El Veloz,Colision leve en interseccion con semaforo. El tercero presento sus datos.,ASG-00357,E744Q302,1,Nissan,Sentra,2020,0,2,False,80,1.0000000000000004,46,ROJO,"Siniestro ocurrido en los primeros 30 dias de la poliza (+4 pts) | Reporte con demora de 4 a 7 dias (+3 pts) | Asegurado con 2 siniestros recientes (+4 pts) | Documentos incompletos o faltantes (+4 pts) | Proveedor en lista restrictiva (+10 pts) | Beneficiario asociado a mas de 2 siniestros en la cartera (+5 pts) | Robo reportado con mas de 48 horas de demora (+8 pts) | Narrativa muy similar a otro reclamo (100% similitud, +8 pts)",0.0031365552140699693,0
