id_documento,id_siniestro,tipo_documento,entregado,legible,fecha_emision,inconsistencia_detectada,observacion,nombre_pdf
DOC-000004,SIN-00002,Cedula asegurado,True,True,2024-12-22,False,Sin observaciones,
DOC-000005,SIN-00002,Informe perito,True,True,2024-12-19,False,Sin observaciones,
DOC-000006,SIN-00002,Denuncia policial,True,True,2024-12-19,False,Sin observaciones,
DOC-000010,SIN-00004,Cedula asegurado,False,False,2024-07-07,True,Fecha previa al evento detectada,
DOC-000011,SIN-00004,Factura taller,False,False,2024-07-04,True,Fecha previa al evento detectada,
DOC-000012,SIN-00004,Foto evidencia,False,True,2024-07-07,False,Sin observaciones,
DOC-000020,SIN-00007,Denuncia policial,False,False,2024-11-21,True,Fecha previa al evento detectada,
DOC-000021,SIN-00007,Informe perito,False,False,2024-11-24,True,Fecha previa al evento detectada,
DOC-000022,SIN-00007,Foto evidencia,False,False,2024-11-22,True,Fecha previa al evento detectada,
DOC-000023,SIN-00007,Factura taller,False,True,2024-11-19,False,Sin observaciones,
DOC-000024,SIN-00007,Cedula asegurado,False,False,2024-11-19,True,Fecha previa al evento detectada,
DOC-000025,SIN-00008,Informe perito,False,True,2024-08-01,False,Sin observaciones,
DOC-000026,SIN-00008,Foto evidencia,False,True,2024-07-31,False,Sin observaciones,
DOC-000027,SIN-00008,Cedula asegurado,False,True,2024-08-01,False,Sin observaciones,
DOC-000028,SIN-00008,Denuncia policial,False,True,2024-08-05,False,Sin observaciones,
DOC-000029,SIN-00008,Factura taller,False,True,2024-08-03,False,Sin observaciones,
DOC-000034,SIN-00010,Foto evidencia,True,True,2024-12-29,False,Sin observaciones,
DOC-000035,SIN-00010,Cedula asegurado,True,True,2024-12-28,False,Sin observaciones,
DOC-000036,SIN-00010,Factura taller,True,True,2024-12-28,False,Sin observaciones,
DOC-000037,SIN-00010,Denuncia policial,True,True,2024-12-25,False,Sin observaciones,
DOC-000044,SIN-00013,Factura taller,True,True,2025-03-28,False,Sin observaciones,
DOC-000045,SIN-00013,Informe perito,True,True,2025-03-27,False,Sin observaciones,
DOC-000046,SIN-00013,Denuncia policial,True,True,2025-03-23,False,Sin observaciones,
DOC-000047,SIN-00014,Denuncia policial,True,True,2024-06-23,False,Sin observaciones,
DOC-000048,SIN-00014,Factura taller,True,True,2024-06-22,False,Sin observaciones,
DOC-000049,SIN-00015,Foto evidencia,True,True,2025-07-16,False,Sin observaciones,
DOC-000050,SIN-00015,Denuncia policial,True,True,2025-07-13,False,Sin observaciones,
DOC-000051,SIN-00015,Factura taller,True,True,2025-07-16,False,Sin observaciones,
DOC-000052,SIN-00016,Foto evidencia,True,True,2025-04-23,False,Sin observaciones,
DOC-000053,SIN-00016,Factura taller,True,True,2025-04-22,False,Sin observaciones,
DOC-000054,SIN-00016,Informe perito,True,True,2025-04-24,False,Sin observaciones,
DOC-000055,SIN-00016,Cedula asegurado,True,True,2025-04-25,False,Sin observaciones,
DOC-000056,SIN-00017,Factura taller,False,True,2024-07-15,False,Sin observaciones,
DOC-000057,SIN-00017,Denuncia policial,False,True,2024-07-16,False,Sin observaciones,
DOC-000058,SIN-00018,Foto evidencia,True,True,2025-03-29,False,Sin observaciones,
DOC-000059,SIN-00018,Informe perito,True,True,2025-03-28,False,Sin observaciones,
DOC-000060,SIN-00018,Factura taller,True,True,2025-03-30,False,Sin observaciones,
DOC-000061,SIN-00018,Cedula asegurado,True,True,2025-03-31,False,Sin observaciones,
DOC-000062,SIN-00019,Factura taller,False,True,2025-02-05,False,Sin observaciones,
DOC-000063,SIN-00019,Foto evidencia,False,False,2025-02-03,True,Fecha previa al evento detectada,
DOC-000068,SIN-00021,Denuncia policial,True,True,2025-02-21,False,Sin observaciones,
DOC-000069,SIN-00021,Foto evidencia,True,True,2025-02-24,False,Sin observaciones,
DOC-000070,SIN-00021,Informe perito,True,True,2025-02-21,False,Sin observaciones,
DOC-000071,SIN-00021,Factura taller,True,True,2025-02-25,False,Sin observaciones,
DOC-000072,SIN-00021,Cedula asegurado,True,True,2025-02-22,False,Sin observaciones,
DOC-000081,SIN-00024,Foto evidencia,True,True,2025-07-27,False,Sin observaciones,
DOC-000082,SIN-00024,Informe perito,True,True,2025-07-26,False,Sin observaciones,
DOC-000083,SIN-00024,Denuncia policial,True,True,2025-07-28,False,Sin observaciones,
DOC-000084,SIN-00024,Factura taller,True,True,2025-07-26,False,Sin observaciones,
DOC-000090,SIN-00026,Factura taller,True,True,2025-07-17,False,Sin observaciones,
DOC-000091,SIN-00026,Foto evidencia,True,True,2025-07-20,False,Sin observaciones,
DOC-000092,SIN-00026,Cedula asegurado,True,True,2025-07-19,False,Sin observaciones,
DOC-000093,SIN-00026,Informe perito,True,True,2025-07-18,False,Sin observaciones,
DOC-000094,SIN-00026,Denuncia policial,True,True,2025-07-20,False,Sin observaciones,
DOC-000102,SIN-00029,Cedula asegurado,True,True,2025-06-22,False,Sin observaciones,
DOC-000103,SIN-00029,Denuncia policial,True,True,2025-06-21,False,Sin observaciones,
DOC-000114,SIN-00032,Denuncia policial,True,True,2025-03-27,False,Sin observaciones,
DOC-000115,SIN-00032,Factura taller,True,True,2025-03-25,False,Sin observaciones,
DOC-000116,SIN-00032,Foto evidencia,True,True,2025-03-23,False,Sin observaciones,
DOC-000117,SIN-00032,Cedula asegurado,True,True,2025-03-26,False,Sin observaciones,
DOC-000122,SIN-00034,Informe perito,False,False,2024-11-17,True,Fecha previa al evento detectada,
DOC-000123,SIN-00034,Foto evidencia,False,True,2024-11-19,False,Sin observaciones,
DOC-000124,SIN-00034,Factura taller,False,False,2024-11-18,True,Fecha previa al evento detectada,
DOC-000125,SIN-00034,Denuncia policial,False,False,2024-11-18,True,Fecha previa al evento detectada,
DOC-000126,SIN-00034,Cedula asegurado,False,True,2024-11-17,False,Sin observaciones,
DOC-000127,SIN-00035,Cedula asegurado,True,True,2024-10-04,False,Sin observaciones,
DOC-000128,SIN-00035,Informe perito,True,True,2024-10-01,False,Sin observaciones,
DOC-000129,SIN-00035,Denuncia policial,True,True,2024-10-05,False,Sin observaciones,
DOC-000130,SIN-00035,Foto evidencia,True,True,2024-10-05,False,Sin observaciones,
DOC-000131,SIN-00035,Factura taller,True,True,2024-09-30,False,Sin observaciones,
DOC-000132,SIN-00036,Foto evidencia,True,True,2025-04-01,False,Sin observaciones,
DOC-000133,SIN-00036,Factura taller,True,True,2025-03-29,False,Sin observaciones,
DOC-000134,SIN-00036,Cedula asegurado,True,True,2025-03-29,False,Sin observaciones,
DOC-000135,SIN-00036,Denuncia policial,True,True,2025-04-02,False,Sin observaciones,
DOC-000136,SIN-00036,Informe perito,True,True,2025-03-31,False,Sin observaciones,
DOC-000137,SIN-00037,Denuncia policial,True,True,2025-08-11,False,Sin observaciones,
DOC-000138,SIN-00037,Foto evidencia,True,True,2025-08-10,False,Sin observaciones,
DOC-000162,SIN-00044,Informe perito,False,True,2024-05-25,False,Sin observaciones,
DOC-000163,SIN-00044,Factura taller,False,True,2024-05-28,False,Sin observaciones,
DOC-000164,SIN-00044,Denuncia policial,False,True,2024-05-26,False,Sin observaciones,
DOC-000165,SIN-00044,Foto evidencia,False,False,2024-05-25,True,Fecha previa al evento detectada,
DOC-000166,SIN-00044,Cedula asegurado,False,False,2024-05-28,True,Fecha previa al evento detectada,
DOC-000170,SIN-00046,Factura taller,True,True,2024-12-16,False,Sin observaciones,
DOC-000171,SIN-00046,Informe perito,True,True,2024-12-17,False,Sin observaciones,
DOC-000172,SIN-00046,Denuncia policial,True,True,2024-12-18,False,Sin observaciones,
DOC-000181,SIN-00049,Informe perito,True,True,2025-03-31,False,Sin observaciones,
DOC-000182,SIN-00049,Cedula asegurado,True,True,2025-03-30,False,Sin observaciones,
DOC-000183,SIN-00049,Foto evidencia,True,True,2025-03-30,False,Sin observaciones,
DOC-000184,SIN-00049,Factura taller,True,True,2025-03-31,False,Sin observaciones,
DOC-000185,SIN-00049,Denuncia policial,True,True,2025-03-30,False,Sin observaciones,
DOC-000186,SIN-00050,Informe perito,True,True,2025-07-20,False,Sin observaciones,
DOC-000187,SIN-00050,Foto evidencia,True,True,2025-07-18,False,Sin observaciones,
DOC-000192,SIN-00052,Cedula asegurado,False,True,2024-07-24,False,Sin observaciones,
DOC-000193,SIN-00052,Informe perito,False,True,2024-07-23,False,Sin observaciones,
DOC-000194,SIN-00052,Factura taller,False,True,2024-07-20,False,Sin observaciones,
DOC-000195,SIN-00052,Foto evidencia,False,True,2024-07-24,False,Sin observaciones,
DOC-000196,SIN-00052,Denuncia policial,False,True,2024-07-22,False,Sin observaciones,
DOC-000197,SIN-00053,Factura taller,False,True,2025-04-27,False,Sin observaciones,
DOC-000198,SIN-00053,Cedula asegurado,False,True,2025-04-27,False,Sin observaciones,
DOC-000199,SIN-00053,Foto evidencia,False,True,2025-04-27,False,Sin observaciones,
DOC-000200,SIN-00053,Denuncia policial,False,True,2025-04-27,False,Sin observaciones,
DOC-000201,SIN-00053,Informe perito,False,True,2025-04-24,False,Sin observaciones,
DOC-000202,SIN-00054,Factura taller,True,True,2025-05-13,False,Sin observaciones,
DOC-000203,SIN-00054,Denuncia policial,True,True,2025-05-12,False,Sin observaciones,
DOC-000204,SIN-00054,Foto evidencia,True,True,2025-05-15,False,Sin observaciones,
DOC-000207,SIN-00056,Denuncia policial,True,True,2024-11-11,False,Sin observaciones,
DOC-000208,SIN-00056,Factura taller,True,True,2024-11-12,False,Sin observaciones,
DOC-000209,SIN-00056,Informe perito,True,True,2024-11-11,False,Sin observaciones,
DOC-000210,SIN-00056,Foto evidencia,True,True,2024-11-09,False,Sin observaciones,
DOC-000211,SIN-00056,Cedula asegurado,True,True,2024-11-09,False,Sin observaciones,
DOC-000212,SIN-00057,Factura taller,True,True,2025-05-22,False,Sin observaciones,
DOC-000213,SIN-00057,Foto evidencia,True,True,2025-05-20,False,Sin observaciones,
DOC-000214,SIN-00057,Denuncia policial,True,True,2025-05-20,False,Sin observaciones,
DOC-000217,SIN-00059,Denuncia policial,False,True,2025-04-27,False,Sin observaciones,
DOC-000218,SIN-00059,Informe perito,False,True,2025-04-29,False,Sin observaciones,
DOC-000219,SIN-00059,Foto evidencia,False,True,2025-04-29,False,Sin observaciones,
DOC-000220,SIN-00059,Cedula asegurado,False,True,2025-04-27,False,Sin observaciones,
DOC-000225,SIN-00061,Cedula asegurado,True,True,2025-05-14,False,Sin observaciones,
DOC-000226,SIN-00061,Informe perito,True,True,2025-05-19,False,Sin observaciones,
DOC-000227,SIN-00061,Denuncia policial,True,True,2025-05-16,False,Sin observaciones,
DOC-000228,SIN-00061,Foto evidencia,True,True,2025-05-17,False,Sin observaciones,
DOC-000229,SIN-00062,Cedula asegurado,True,True,2025-04-20,False,Sin observaciones,
DOC-000230,SIN-00062,Factura taller,True,True,2025-04-19,False,Sin observaciones,
DOC-000231,SIN-00062,Foto evidencia,True,True,2025-04-15,False,Sin observaciones,
DOC-000232,SIN-00062,Informe perito,True,True,2025-04-17,False,Sin observaciones,
DOC-000233,SIN-00063,Cedula asegurado,False,True,2025-05-13,False,Sin observaciones,
DOC-000234,SIN-00063,Foto evidencia,False,True,2025-05-15,False,Sin observaciones,
DOC-000235,SIN-00063,Informe perito,False,True,2025-05-15,False,Sin observaciones,
DOC-000236,SIN-00063,Factura taller,False,True,2025-05-17,False,Sin observaciones,
DOC-000237,SIN-00064,Denuncia policial,True,True,2024-10-26,False,Sin observaciones,
DOC-000238,SIN-00064,Foto evidencia,True,True,2024-10-24,False,Sin observaciones,
DOC-000239,SIN-00064,Cedula asegurado,True,True,2024-10-26,False,Sin observaciones,
DOC-000240,SIN-00064,Informe perito,True,True,2024-10-28,False,Sin observaciones,
DOC-000241,SIN-00065,Informe perito,False,False,2025-04-07,True,Fecha previa al evento detectada,
DOC-000242,SIN-00065,Factura taller,False,False,2025-04-11,True,Fecha previa al evento detectada,
DOC-000243,SIN-00065,Denuncia policial,False,False,2025-04-07,True,Fecha previa al evento detectada,
DOC-000244,SIN-00065,Foto evidencia,False,False,2025-04-08,True,Fecha previa al evento detectada,
DOC-000269,SIN-00073,Denuncia policial,True,True,2025-02-19,False,Sin observaciones,
DOC-000270,SIN-00073,Foto evidencia,True,True,2025-02-15,False,Sin observaciones,
DOC-000271,SIN-00073,Informe perito,True,True,2025-02-16,False,Sin observaciones,
DOC-000272,SIN-00073,Cedula asegurado,True,True,2025-02-18,False,Sin observaciones,
DOC-000278,SIN-00075,Foto evidencia,True,True,2025-07-28,False,Sin observaciones,
DOC-000279,SIN-00075,Denuncia policial,True,True,2025-07-27,False,Sin observaciones,
DOC-000283,SIN-00077,Denuncia policial,False,True,2024-07-30,False,Sin observaciones,
DOC-000284,SIN-00077,Factura taller,False,True,2024-07-29,False,Sin observaciones,
DOC-000285,SIN-00077,Informe perito,False,True,2024-07-28,False,Sin observaciones,
DOC-000288,SIN-00079,Foto evidencia,True,True,2024-08-16,False,Sin observaciones,
DOC-000289,SIN-00079,Factura taller,True,True,2024-08-18,False,Sin observaciones,
DOC-000296,SIN-00083,Cedula asegurado,True,True,2024-12-27,False,Sin observaciones,
DOC-000297,SIN-00083,Informe perito,True,True,2024-12-27,False,Sin observaciones,
DOC-000298,SIN-00083,Foto evidencia,True,True,2024-12-23,False,Sin observaciones,
DOC-000299,SIN-00083,Denuncia policial,True,True,2024-12-22,False,Sin observaciones,
DOC-000300,SIN-00083,Factura taller,True,True,2024-12-27,False,Sin observaciones,
DOC-000304,SIN-00085,Informe perito,False,False,2025-01-23,True,Fecha previa al evento detectada,
DOC-000305,SIN-00085,Factura taller,False,False,2025-01-23,True,Fecha previa al evento detectada,
DOC-000306,SIN-00085,Denuncia policial,False,True,2025-01-24,False,Sin observaciones,
DOC-000307,SIN-00085,Cedula asegurado,False,True,2025-01-24,False,Sin observaciones,
DOC-000308,SIN-00085,Foto evidencia,False,False,2025-01-26,True,Fecha previa al evento detectada,
DOC-000320,SIN-00089,Informe perito,True,True,2025-03-21,False,Sin observaciones,
DOC-000321,SIN-00089,Factura taller,True,True,2025-03-24,False,Sin observaciones,
DOC-000322,SIN-00089,Denuncia policial,True,True,2025-03-25,False,Sin observaciones,
DOC-000323,SIN-00090,Cedula asegurado,True,True,2024-08-01,False,Sin observaciones,
DOC-000324,SIN-00090,Foto evidencia,True,True,2024-07-31,False,Sin observaciones,
DOC-000325,SIN-00090,Denuncia policial,True,True,2024-08-02,False,Sin observaciones,
DOC-000326,SIN-00090,Factura taller,True,True,2024-07-31,False,Sin observaciones,
DOC-000327,SIN-00090,Informe perito,True,True,2024-08-02,False,Sin observaciones,
DOC-000328,SIN-00091,Cedula asegurado,True,True,2025-02-16,False,Sin observaciones,
DOC-000329,SIN-00091,Factura taller,True,True,2025-02-17,False,Sin observaciones,
DOC-000330,SIN-00091,Foto evidencia,True,True,2025-02-15,False,Sin observaciones,
DOC-000331,SIN-00091,Informe perito,True,True,2025-02-14,False,Sin observaciones,
DOC-000332,SIN-00091,Denuncia policial,True,True,2025-02-13,False,Sin observaciones,
DOC-000342,SIN-00094,Factura taller,True,True,2024-08-03,False,Sin observaciones,
DOC-000343,SIN-00094,Foto evidencia,True,True,2024-08-01,False,Sin observaciones,
DOC-000344,SIN-00094,Informe perito,True,True,2024-08-02,False,Sin observaciones,
DOC-000345,SIN-00094,Cedula asegurado,True,True,2024-07-31,False,Sin observaciones,
DOC-000346,SIN-00094,Denuncia policial,True,True,2024-07-29,False,Sin observaciones,
DOC-000347,SIN-00095,Factura taller,True,True,2025-02-16,False,Sin observaciones,
DOC-000348,SIN-00095,Foto evidencia,True,True,2025-02-17,False,Sin observaciones,
DOC-000349,SIN-00095,Cedula asegurado,True,True,2025-02-19,False,Sin observaciones,
DOC-000350,SIN-00095,Informe perito,True,True,2025-02-19,False,Sin observaciones,
DOC-000356,SIN-00097,Foto evidencia,False,False,2024-07-16,True,Fecha previa al evento detectada,
DOC-000357,SIN-00097,Denuncia policial,False,False,2024-07-13,True,Fecha previa al evento detectada,
DOC-000358,SIN-00098,Foto evidencia,True,True,2025-07-31,False,Sin observaciones,
DOC-000359,SIN-00098,Cedula asegurado,True,True,2025-08-03,False,Sin observaciones,
DOC-000360,SIN-00098,Denuncia policial,True,True,2025-07-31,False,Sin observaciones,
DOC-000361,SIN-00098,Factura taller,True,True,2025-07-30,False,Sin observaciones,
DOC-000362,SIN-00099,Denuncia policial,True,True,2025-06-13,False,Sin observaciones,
DOC-000363,SIN-00099,Informe perito,True,True,2025-06-15,False,Sin observaciones,
DOC-000364,SIN-00100,Denuncia policial,False,True,2025-03-03,False,Sin observaciones,
DOC-000365,SIN-00100,Factura taller,False,True,2025-03-08,False,Sin observaciones,
DOC-000366,SIN-00100,Cedula asegurado,False,True,2025-03-03,False,Sin observaciones,
DOC-000367,SIN-00100,Foto evidencia,False,True,2025-03-03,False,Sin observaciones,
DOC-000368,SIN-00100,Informe perito,False,True,2025-03-03,False,Sin observaciones,
DOC-000369,SIN-00101,Informe perito,True,True,2025-08-27,False,Sin observaciones,
DOC-000370,SIN-00101,Factura taller,True,True,2025-08-24,False,Sin observaciones,
DOC-000371,SIN-00101,Cedula asegurado,True,True,2025-08-27,False,Sin observaciones,
DOC-000372,SIN-00102,Foto evidencia,True,True,2025-04-30,False,Sin observaciones,
DOC-000373,SIN-00102,Denuncia policial,True,True,2025-04-28,False,Sin observaciones,
DOC-000374,SIN-00102,Cedula asegurado,True,True,2025-04-29,False,Sin observaciones,
DOC-000375,SIN-00102,Informe perito,True,True,2025-04-30,False,Sin observaciones,
DOC-000376,SIN-00102,Factura taller,True,True,2025-04-30,False,Sin observaciones,
DOC-000383,SIN-00105,Cedula asegurado,False,True,2024-09-22,False,Sin observaciones,
DOC-000384,SIN-00105,Foto evidencia,False,True,2024-09-21,False,Sin observaciones,
DOC-000385,SIN-00105,Factura taller,False,True,2024-09-21,False,Sin observaciones,
DOC-000386,SIN-00106,Denuncia policial,False,True,2024-11-06,False,Sin observaciones,
DOC-000387,SIN-00106,Cedula asegurado,False,True,2024-11-04,False,Sin observaciones,
DOC-000388,SIN-00106,Foto evidencia,False,True,2024-11-05,False,Sin observaciones,
DOC-000389,SIN-00106,Factura taller,False,True,2024-11-08,False,Sin observaciones,
DOC-000390,SIN-00107,Denuncia policial,False,True,2025-01-07,False,Sin observaciones,
DOC-000391,SIN-00107,Informe perito,False,True,2025-01-06,False,Sin observaciones,
DOC-000392,SIN-00107,Cedula asegurado,False,True,2025-01-06,False,Sin observaciones,
DOC-000393,SIN-00107,Factura taller,False,True,2025-01-10,False,Sin observaciones,
DOC-000394,SIN-00107,Foto evidencia,False,True,2025-01-07,False,Sin observaciones,
DOC-000395,SIN-00108,Factura taller,False,True,2024-08-25,False,Sin observaciones,
DOC-000396,SIN-00108,Foto evidencia,False,True,2024-08-22,False,Sin observaciones,
DOC-000397,SIN-00108,Denuncia policial,False,True,2024-08-23,False,Sin observaciones,
DOC-000404,SIN-00111,Factura taller,True,True,2025-05-15,False,Sin observaciones,
DOC-000405,SIN-00111,Informe perito,True,True,2025-05-15,False,Sin observaciones,
DOC-000406,SIN-00111,Cedula asegurado,True,True,2025-05-17,False,Sin observaciones,
DOC-000407,SIN-00111,Denuncia policial,True,True,2025-05-15,False,Sin observaciones,
DOC-000408,SIN-00111,Foto evidencia,True,True,2025-05-15,False,Sin observaciones,
DOC-000412,SIN-00113,Foto evidencia,False,True,2025-08-26,False,Sin observaciones,
DOC-000413,SIN-00113,Cedula asegurado,False,True,2025-08-27,False,Sin observaciones,
DOC-000414,SIN-00113,Factura taller,False,True,2025-08-24,False,Sin observaciones,
DOC-000415,SIN-00113,Informe perito,False,True,2025-08-25,False,Sin observaciones,
DOC-000416,SIN-00113,Denuncia policial,False,True,2025-08-29,False,Sin observaciones,
DOC-000417,SIN-00114,Informe perito,True,True,2025-03-02,False,Sin observaciones,
DOC-000418,SIN-00114,Denuncia policial,True,True,2025-03-06,False,Sin observaciones,
DOC-000419,SIN-00114,Cedula asegurado,True,True,2025-03-06,False,Sin observaciones,
DOC-000420,SIN-00114,Factura taller,True,True,2025-03-04,False,Sin observaciones,
DOC-000421,SIN-00114,Foto evidencia,True,True,2025-03-07,False,Sin observaciones,
DOC-000424,SIN-00116,Foto evidencia,True,True,2024-11-23,False,Sin observaciones,
DOC-000425,SIN-00116,Denuncia policial,True,True,2024-11-22,False,Sin observaciones,
DOC-000426,SIN-00116,Cedula asegurado,True,True,2024-11-19,False,Sin observaciones,
DOC-000427,SIN-00116,Factura taller,True,True,2024-11-23,False,Sin observaciones,
DOC-000428,SIN-00117,Factura taller,False,True,2025-06-19,False,Sin observaciones,
DOC-000429,SIN-00117,Informe perito,False,False,2025-06-16,True,Fecha previa al evento detectada,
DOC-000430,SIN-00117,Denuncia policial,False,True,2025-06-17,False,Sin observaciones,
DOC-000436,SIN-00119,Informe perito,False,True,2025-08-05,False,Sin observaciones,
DOC-000437,SIN-00119,Foto evidencia,False,True,2025-08-01,False,Sin observaciones,
DOC-000438,SIN-00119,Factura taller,False,False,2025-08-02,True,Fecha previa al evento detectada,
DOC-000439,SIN-00119,Cedula asegurado,False,False,2025-08-04,True,Fecha previa al evento detectada,
DOC-000440,SIN-00119,Denuncia policial,False,True,2025-08-06,False,Sin observaciones,
DOC-000441,SIN-00120,Cedula asegurado,True,True,2025-03-26,False,Sin observaciones,
DOC-000442,SIN-00120,Foto evidencia,True,True,2025-03-21,False,Sin observaciones,
DOC-000443,SIN-00120,Informe perito,True,True,2025-03-24,False,Sin observaciones,
DOC-000444,SIN-00120,Factura taller,True,True,2025-03-26,False,Sin observaciones,
DOC-000445,SIN-00120,Denuncia policial,True,True,2025-03-21,False,Sin observaciones,
DOC-000454,SIN-00123,Informe perito,True,True,2025-03-22,False,Sin observaciones,
DOC-000455,SIN-00123,Foto evidencia,True,True,2025-03-22,False,Sin observaciones,
DOC-000472,SIN-00130,Factura taller,True,True,2025-01-07,False,Sin observaciones,
DOC-000473,SIN-00130,Foto evidencia,True,True,2025-01-05,False,Sin observaciones,
DOC-000474,SIN-00130,Denuncia policial,True,True,2025-01-05,False,Sin observaciones,
DOC-000475,SIN-00130,Informe perito,True,True,2025-01-06,False,Sin observaciones,
DOC-000476,SIN-00130,Cedula asegurado,True,True,2025-01-03,False,Sin observaciones,
DOC-000483,SIN-00133,Informe perito,True,True,2025-03-01,False,Sin observaciones,
DOC-000484,SIN-00133,Denuncia policial,True,True,2025-03-05,False,Sin observaciones,
DOC-000485,SIN-00133,Foto evidencia,True,True,2025-03-06,False,Sin observaciones,
DOC-000486,SIN-00133,Cedula asegurado,True,True,2025-03-02,False,Sin observaciones,
DOC-000487,SIN-00133,Factura taller,True,True,2025-03-04,False,Sin observaciones,
DOC-000492,SIN-00135,Cedula asegurado,True,True,2025-05-17,False,Sin observaciones,
DOC-000493,SIN-00135,Informe perito,True,True,2025-05-13,False,Sin observaciones,
DOC-000494,SIN-00135,Factura taller,True,True,2025-05-14,False,Sin observaciones,
DOC-000501,SIN-00138,Foto evidencia,False,False,2025-07-17,True,Fecha previa al evento detectada,
DOC-000502,SIN-00138,Denuncia policial,False,True,2025-07-18,False,Sin observaciones,
DOC-000503,SIN-00138,Cedula asegurado,False,True,2025-07-19,False,Sin observaciones,
DOC-000504,SIN-00139,Foto evidencia,True,True,2025-01-13,False,Sin observaciones,
DOC-000505,SIN-00139,Factura taller,True,True,2025-01-17,False,Sin observaciones,
DOC-000506,SIN-00139,Cedula asegurado,True,True,2025-01-17,False,Sin observaciones,
DOC-000507,SIN-00139,Denuncia policial,True,True,2025-01-15,False,Sin observaciones,
DOC-000508,SIN-00139,Informe perito,True,True,2025-01-14,False,Sin observaciones,
DOC-000523,SIN-00144,Informe perito,True,True,2025-05-30,False,Sin observaciones,
DOC-000524,SIN-00144,Denuncia policial,True,True,2025-06-03,False,Sin observaciones,
DOC-000525,SIN-00144,Foto evidencia,True,True,2025-06-01,False,Sin observaciones,
DOC-000526,SIN-00144,Factura taller,True,True,2025-06-02,False,Sin observaciones,
DOC-000527,SIN-00145,Foto evidencia,True,True,2024-08-13,False,Sin observaciones,
DOC-000528,SIN-00145,Cedula asegurado,True,True,2024-08-13,False,Sin observaciones,
DOC-000529,SIN-00145,Factura taller,True,True,2024-08-12,False,Sin observaciones,
DOC-000530,SIN-00146,Factura taller,False,False,2025-05-15,True,Fecha previa al evento detectada,
DOC-000531,SIN-00146,Informe perito,False,False,2025-05-16,True,Fecha previa al evento detectada,
DOC-000537,SIN-00148,Cedula asegurado,True,True,2025-04-27,False,Sin observaciones,
DOC-000538,SIN-00148,Factura taller,True,True,2025-04-30,False,Sin observaciones,
DOC-000539,SIN-00148,Informe perito,True,True,2025-04-30,False,Sin observaciones,
DOC-000543,SIN-00150,Factura taller,True,True,2025-07-26,False,Sin observaciones,
DOC-000544,SIN-00150,Informe perito,True,True,2025-07-29,False,Sin observaciones,
DOC-000545,SIN-00150,Cedula asegurado,True,True,2025-07-25,False,Sin observaciones,
DOC-000546,SIN-00151,Factura taller,False,True,2024-12-11,False,Sin observaciones,
DOC-000547,SIN-00151,Informe perito,False,True,2024-12-15,False,Sin observaciones,
DOC-000548,SIN-00151,Cedula asegurado,False,True,2024-12-12,False,Sin observaciones,
DOC-000549,SIN-00151,Foto evidencia,False,True,2024-12-14,False,Sin observaciones,
DOC-000550,SIN-00152,Factura taller,True,True,2024-09-12,False,Sin observaciones,
DOC-000551,SIN-00152,Informe perito,True,True,2024-09-12,False,Sin observaciones,
DOC-000552,SIN-00152,Denuncia policial,True,True,2024-09-11,False,Sin observaciones,
DOC-000553,SIN-00152,Cedula asegurado,True,True,2024-09-07,False,Sin observaciones,
DOC-000559,SIN-00154,Cedula asegurado,True,True,2025-08-04,False,Sin observaciones,
DOC-000560,SIN-00154,Informe perito,True,True,2025-08-03,False,Sin observaciones,
DOC-000561,SIN-00154,Foto evidencia,True,True,2025-08-05,False,Sin observaciones,
DOC-000569,SIN-00157,Informe perito,False,True,2025-05-22,False,Sin observaciones,
DOC-000570,SIN-00157,Denuncia policial,False,True,2025-05-23,False,Sin observaciones,
DOC-000571,SIN-00157,Cedula asegurado,False,False,2025-05-25,True,Fecha previa al evento detectada,
DOC-000572,SIN-00157,Factura taller,False,True,2025-05-25,False,Sin observaciones,
DOC-000581,SIN-00160,Denuncia policial,False,True,2025-02-04,False,Sin observaciones,
DOC-000582,SIN-00160,Cedula asegurado,False,True,2025-02-08,False,Sin observaciones,
DOC-000583,SIN-00161,Factura taller,True,True,2025-07-26,False,Sin observaciones,
DOC-000584,SIN-00161,Informe perito,True,True,2025-07-27,False,Sin observaciones,
DOC-000585,SIN-00161,Cedula asegurado,True,True,2025-07-23,False,Sin observaciones,
DOC-000586,SIN-00161,Foto evidencia,True,True,2025-07-22,False,Sin observaciones,
DOC-000587,SIN-00161,Denuncia policial,True,True,2025-07-25,False,Sin observaciones,
DOC-000588,SIN-00162,Foto evidencia,False,True,2024-11-14,False,Sin observaciones,
DOC-000589,SIN-00162,Factura taller,False,False,2024-11-14,True,Fecha previa al evento detectada,
DOC-000590,SIN-00162,Cedula asegurado,False,True,2024-11-19,False,Sin observaciones,
DOC-000591,SIN-00162,Informe perito,False,False,2024-11-19,True,Fecha previa al evento detectada,
DOC-000592,SIN-00162,Denuncia policial,False,False,2024-11-17,True,Fecha previa al evento detectada,
DOC-000596,SIN-00164,Factura taller,True,True,2025-06-02,False,Sin observaciones,
DOC-000597,SIN-00164,Foto evidencia,True,True,2025-06-02,False,Sin observaciones,
DOC-000598,SIN-00164,Cedula asegurado,True,True,2025-05-29,False,Sin observaciones,
DOC-000599,SIN-00164,Informe perito,True,True,2025-05-30,False,Sin observaciones,
DOC-000600,SIN-00165,Factura taller,False,False,2025-03-10,True,Fecha previa al evento detectada,
DOC-000601,SIN-00165,Cedula asegurado,False,False,2025-03-10,True,Fecha previa al evento detectada,
DOC-000602,SIN-00165,Foto evidencia,False,False,2025-03-13,True,Fecha previa al evento detectada,
DOC-000603,SIN-00165,Informe perito,False,False,2025-03-10,True,Fecha previa al evento detectada,
DOC-000608,SIN-00167,Foto evidencia,False,False,2025-07-24,True,Fecha previa al evento detectada,
DOC-000609,SIN-00167,Factura taller,False,False,2025-07-25,True,Fecha previa al evento detectada,
DOC-000615,SIN-00169,Cedula asegurado,False,True,2025-07-15,False,Sin observaciones,
DOC-000616,SIN-00169,Foto evidencia,False,True,2025-07-13,False,Sin observaciones,
DOC-000619,SIN-00171,Cedula asegurado,False,True,2024-12-23,False,Sin observaciones,
DOC-000620,SIN-00171,Factura taller,False,False,2024-12-20,True,Fecha previa al evento detectada,
DOC-000621,SIN-00171,Informe perito,False,False,2024-12-20,True,Fecha previa al evento detectada,
DOC-000622,SIN-00172,Denuncia policial,False,True,2025-06-02,False,Sin observaciones,
DOC-000623,SIN-00172,Informe perito,False,False,2025-06-05,True,Fecha previa al evento detectada,
DOC-000624,SIN-00172,Factura taller,False,False,2025-06-03,True,Fecha previa al evento detectada,
DOC-000625,SIN-00173,Foto evidencia,True,True,2024-09-14,False,Sin observaciones,
DOC-000626,SIN-00173,Factura taller,True,True,2024-09-12,False,Sin observaciones,
DOC-000627,SIN-00173,Cedula asegurado,True,True,2024-09-13,False,Sin observaciones,
DOC-000628,SIN-00173,Informe perito,True,True,2024-09-16,False,Sin observaciones,
DOC-000634,SIN-00175,Informe perito,False,False,2025-01-08,True,Fecha previa al evento detectada,
DOC-000635,SIN-00175,Cedula asegurado,False,True,2025-01-11,False,Sin observaciones,
DOC-000636,SIN-00176,Factura taller,True,True,2025-06-26,False,Sin observaciones,
DOC-000637,SIN-00176,Denuncia policial,True,True,2025-06-27,False,Sin observaciones,
DOC-000640,SIN-00178,Informe perito,False,True,2025-08-15,False,Sin observaciones,
DOC-000641,SIN-00178,Denuncia policial,False,True,2025-08-18,False,Sin observaciones,
DOC-000642,SIN-00178,Cedula asegurado,False,True,2025-08-16,False,Sin observaciones,
DOC-000643,SIN-00179,Foto evidencia,False,True,2025-06-13,False,Sin observaciones,
DOC-000644,SIN-00179,Factura taller,False,True,2025-06-13,False,Sin observaciones,
DOC-000645,SIN-00179,Informe perito,False,True,2025-06-10,False,Sin observaciones,
DOC-000646,SIN-00179,Cedula asegurado,False,True,2025-06-11,False,Sin observaciones,
DOC-000647,SIN-00179,Denuncia policial,False,True,2025-06-11,False,Sin observaciones,
DOC-000648,SIN-00180,Denuncia policial,True,True,2025-02-05,False,Sin observaciones,
DOC-000649,SIN-00180,Factura taller,True,True,2025-02-05,False,Sin observaciones,
DOC-000650,SIN-00180,Foto evidencia,True,True,2025-02-05,False,Sin observaciones,
DOC-000651,SIN-00181,Cedula asegurado,True,True,2024-07-07,False,Sin observaciones,
DOC-000652,SIN-00181,Denuncia policial,True,True,2024-07-05,False,Sin observaciones,
DOC-000653,SIN-00181,Foto evidencia,True,True,2024-07-06,False,Sin observaciones,
DOC-000654,SIN-00181,Informe perito,True,True,2024-07-09,False,Sin observaciones,
DOC-000655,SIN-00181,Factura taller,True,True,2024-07-06,False,Sin observaciones,
DOC-000656,SIN-00182,Foto evidencia,False,True,2024-09-06,False,Sin observaciones,
DOC-000657,SIN-00182,Cedula asegurado,False,True,2024-09-08,False,Sin observaciones,
DOC-000658,SIN-00182,Factura taller,False,True,2024-09-10,False,Sin observaciones,
DOC-000659,SIN-00182,Informe perito,False,True,2024-09-09,False,Sin observaciones,
DOC-000660,SIN-00182,Denuncia policial,False,True,2024-09-07,False,Sin observaciones,
DOC-000661,SIN-00183,Denuncia policial,False,True,2025-05-05,False,Sin observaciones,
DOC-000662,SIN-00183,Cedula asegurado,False,True,2025-05-06,False,Sin observaciones,
DOC-000670,SIN-00186,Denuncia policial,True,True,2024-09-17,False,Sin observaciones,
DOC-000671,SIN-00186,Foto evidencia,True,True,2024-09-18,False,Sin observaciones,
DOC-000672,SIN-00186,Cedula asegurado,True,True,2024-09-16,False,Sin observaciones,
DOC-000673,SIN-00186,Factura taller,True,True,2024-09-19,False,Sin observaciones,
DOC-000674,SIN-00186,Informe perito,True,True,2024-09-17,False,Sin observaciones,
DOC-000683,SIN-00190,Informe perito,True,True,2024-11-13,False,Sin observaciones,
DOC-000684,SIN-00190,Denuncia policial,True,True,2024-11-14,False,Sin observaciones,
DOC-000685,SIN-00190,Foto evidencia,True,True,2024-11-13,False,Sin observaciones,
DOC-000695,SIN-00194,Denuncia policial,True,True,2025-07-31,False,Sin observaciones,
DOC-000696,SIN-00194,Informe perito,True,True,2025-08-01,False,Sin observaciones,
DOC-000697,SIN-00194,Foto evidencia,True,True,2025-07-30,False,Sin observaciones,
DOC-000698,SIN-00195,Denuncia policial,True,True,2025-05-28,False,Sin observaciones,
DOC-000699,SIN-00195,Cedula asegurado,True,True,2025-05-31,False,Sin observaciones,
DOC-000700,SIN-00195,Factura taller,True,True,2025-06-01,False,Sin observaciones,
DOC-000701,SIN-00195,Foto evidencia,True,True,2025-05-30,False,Sin observaciones,
DOC-000702,SIN-00196,Cedula asegurado,True,True,2025-03-28,False,Sin observaciones,
DOC-000703,SIN-00196,Foto evidencia,True,True,2025-03-30,False,Sin observaciones,
DOC-000709,SIN-00198,Foto evidencia,False,True,2025-05-13,False,Sin observaciones,
DOC-000710,SIN-00198,Denuncia policial,False,True,2025-05-15,False,Sin observaciones,
DOC-000711,SIN-00198,Factura taller,False,True,2025-05-15,False,Sin observaciones,
DOC-000712,SIN-00198,Informe perito,False,True,2025-05-13,False,Sin observaciones,
DOC-000713,SIN-00199,Factura taller,True,True,2024-10-26,False,Sin observaciones,
DOC-000714,SIN-00199,Denuncia policial,True,True,2024-10-29,False,Sin observaciones,
DOC-000715,SIN-00199,Foto evidencia,True,True,2024-10-27,False,Sin observaciones,
DOC-000716,SIN-00200,Factura taller,True,True,2025-04-27,False,Sin observaciones,
DOC-000717,SIN-00200,Foto evidencia,True,True,2025-04-26,False,Sin observaciones,
DOC-000718,SIN-00200,Denuncia policial,True,True,2025-04-27,False,Sin observaciones,
DOC-000732,SIN-00204,Informe perito,True,True,2025-08-23,False,Sin observaciones,
DOC-000733,SIN-00204,Denuncia policial,True,True,2025-08-22,False,Sin observaciones,
DOC-000734,SIN-00204,Cedula asegurado,True,True,2025-08-24,False,Sin observaciones,
DOC-000735,SIN-00204,Foto evidencia,True,True,2025-08-24,False,Sin observaciones,
DOC-000742,SIN-00207,Cedula asegurado,True,True,2024-09-21,False,Sin observaciones,
DOC-000743,SIN-00207,Foto evidencia,True,True,2024-09-18,False,Sin observaciones,
DOC-000744,SIN-00207,Informe perito,True,True,2024-09-22,False,Sin observaciones,
DOC-000745,SIN-00208,Factura taller,True,True,2025-08-15,False,Sin observaciones,
DOC-000746,SIN-00208,Informe perito,True,True,2025-08-14,False,Sin observaciones,
DOC-000747,SIN-00209,Cedula asegurado,True,True,2024-09-03,False,Sin observaciones,
DOC-000748,SIN-00209,Factura taller,True,True,2024-09-03,False,Sin observaciones,
DOC-000749,SIN-00209,Denuncia policial,True,True,2024-09-01,False,Sin observaciones,
DOC-000750,SIN-00210,Denuncia policial,True,True,2025-02-02,False,Sin observaciones,
DOC-000751,SIN-00210,Informe perito,True,True,2025-02-04,False,Sin observaciones,
DOC-000752,SIN-00210,Foto evidencia,True,True,2025-01-31,False,Sin observaciones,
DOC-000753,SIN-00210,Cedula asegurado,True,True,2025-02-04,False,Sin observaciones,
DOC-000754,SIN-00210,Factura taller,True,True,2025-02-03,False,Sin observaciones,
DOC-000768,SIN-00215,Informe perito,True,True,2025-07-02,False,Sin observaciones,
DOC-000769,SIN-00215,Factura taller,True,True,2025-06-30,False,Sin observaciones,
DOC-000770,SIN-00215,Cedula asegurado,True,True,2025-06-29,False,Sin observaciones,
DOC-000771,SIN-00215,Denuncia policial,True,True,2025-07-02,False,Sin observaciones,
DOC-000772,SIN-00215,Foto evidencia,True,True,2025-07-01,False,Sin observaciones,
DOC-000786,SIN-00219,Factura taller,True,True,2025-06-13,False,Sin observaciones,
DOC-000787,SIN-00219,Cedula asegurado,True,True,2025-06-10,False,Sin observaciones,
DOC-000788,SIN-00220,Foto evidencia,True,True,2024-08-27,False,Sin observaciones,
DOC-000789,SIN-00220,Factura taller,True,True,2024-09-01,False,Sin observaciones,
DOC-000800,SIN-00223,Cedula asegurado,True,True,2025-03-01,False,Sin observaciones,
DOC-000801,SIN-00223,Factura taller,True,True,2025-03-04,False,Sin observaciones,
DOC-000802,SIN-00223,Informe perito,True,True,2025-03-02,False,Sin observaciones,
DOC-000803,SIN-00223,Foto evidencia,True,True,2025-03-02,False,Sin observaciones,
DOC-000804,SIN-00223,Denuncia policial,True,True,2025-03-04,False,Sin observaciones,
DOC-000812,SIN-00226,Factura taller,False,False,2025-03-17,True,Fecha previa al evento detectada,
DOC-000813,SIN-00226,Cedula asegurado,False,True,2025-03-21,False,Sin observaciones,
DOC-000814,SIN-00226,Informe perito,False,False,2025-03-16,True,Fecha previa al evento detectada,
DOC-000815,SIN-00226,Foto evidencia,False,False,2025-03-21,True,Fecha previa al evento detectada,
DOC-000816,SIN-00226,Denuncia policial,False,False,2025-03-20,True,Fecha previa al evento detectada,
DOC-000817,SIN-00227,Informe perito,False,False,2024-07-30,True,Fecha previa al evento detectada,
DOC-000818,SIN-00227,Denuncia policial,False,True,2024-07-27,False,Sin observaciones,
DOC-000819,SIN-00227,Foto evidencia,False,False,2024-07-28,True,Fecha previa al evento detectada,
DOC-000820,SIN-00227,Factura taller,False,True,2024-07-27,False,Sin observaciones,
DOC-000821,SIN-00227,Cedula asegurado,False,True,2024-07-31,False,Sin observaciones,
DOC-000825,SIN-00229,Foto evidencia,True,True,2025-04-27,False,Sin observaciones,
DOC-000826,SIN-00229,Factura taller,True,True,2025-04-30,False,Sin observaciones,
DOC-000832,SIN-00232,Cedula asegurado,True,True,2025-03-04,False,Sin observaciones,
DOC-000833,SIN-00232,Factura taller,True,True,2025-03-05,False,Sin observaciones,
DOC-000834,SIN-00232,Foto evidencia,True,True,2025-03-05,False,Sin observaciones,
DOC-000835,SIN-00232,Denuncia policial,True,True,2025-03-03,False,Sin observaciones,
DOC-000836,SIN-00233,Factura taller,False,False,2024-10-23,True,Fecha previa al evento detectada,
DOC-000837,SIN-00233,Informe perito,False,True,2024-10-22,False,Sin observaciones,
DOC-000838,SIN-00233,Cedula asegurado,False,False,2024-10-26,True,Fecha previa al evento detectada,
DOC-000839,SIN-00233,Denuncia policial,False,False,2024-10-25,True,Fecha previa al evento detectada,
DOC-000840,SIN-00234,Foto evidencia,True,True,2024-07-24,False,Sin observaciones,
DOC-000841,SIN-00234,Denuncia policial,True,True,2024-07-24,False,Sin observaciones,
DOC-000842,SIN-00235,Factura taller,True,True,2025-07-04,False,Sin observaciones,
DOC-000843,SIN-00235,Cedula asegurado,True,True,2025-07-06,False,Sin observaciones,
DOC-000846,SIN-00237,Foto evidencia,True,True,2025-08-18,False,Sin observaciones,
DOC-000847,SIN-00237,Cedula asegurado,True,True,2025-08-18,False,Sin observaciones,
DOC-000848,SIN-00237,Informe perito,True,True,2025-08-19,False,Sin observaciones,
DOC-000849,SIN-00238,Denuncia policial,False,False,2025-03-11,True,Fecha previa al evento detectada,
DOC-000850,SIN-00238,Informe perito,False,True,2025-03-12,False,Sin observaciones,
DOC-000851,SIN-00239,Denuncia policial,False,True,2024-11-22,False,Sin observaciones,
DOC-000852,SIN-00239,Foto evidencia,False,False,2024-11-21,True,Fecha previa al evento detectada,
DOC-000853,SIN-00239,Cedula asegurado,False,False,2024-11-19,True,Fecha previa al evento detectada,
DOC-000854,SIN-00239,Factura taller,False,False,2024-11-20,True,Fecha previa al evento detectada,
DOC-000857,SIN-00241,Informe perito,True,True,2025-05-19,False,Sin observaciones,
DOC-000858,SIN-00241,Cedula asegurado,True,True,2025-05-18,False,Sin observaciones,
DOC-000862,SIN-00243,Cedula asegurado,True,True,2025-07-21,False,Sin observaciones,
DOC-000863,SIN-00243,Foto evidencia,True,True,2025-07-23,False,Sin observaciones,
DOC-000864,SIN-00243,Factura taller,True,True,2025-07-24,False,Sin observaciones,
DOC-000865,SIN-00243,Informe perito,True,True,2025-07-23,False,Sin observaciones,
DOC-000866,SIN-00243,Denuncia policial,True,True,2025-07-24,False,Sin observaciones,
DOC-000867,SIN-00244,Foto evidencia,True,True,2025-05-01,False,Sin observaciones,
DOC-000868,SIN-00244,Factura taller,True,True,2025-04-28,False,Sin observaciones,
DOC-000869,SIN-00244,Cedula asegurado,True,True,2025-05-01,False,Sin observaciones,
DOC-000870,SIN-00244,Informe perito,True,True,2025-04-28,False,Sin observaciones,
DOC-000871,SIN-00245,Cedula asegurado,True,True,2025-01-23,False,Sin observaciones,
DOC-000872,SIN-00245,Foto evidencia,True,True,2025-01-23,False,Sin observaciones,
DOC-000873,SIN-00245,Informe perito,True,True,2025-01-21,False,Sin observaciones,
DOC-000874,SIN-00246,Cedula asegurado,False,False,2024-06-04,True,Fecha previa al evento detectada,
DOC-000875,SIN-00246,Foto evidencia,False,True,2024-06-06,False,Sin observaciones,
DOC-000876,SIN-00246,Factura taller,False,True,2024-06-07,False,Sin observaciones,
DOC-000877,SIN-00247,Foto evidencia,True,True,2025-08-12,False,Sin observaciones,
DOC-000878,SIN-00247,Informe perito,True,True,2025-08-13,False,Sin observaciones,
DOC-000879,SIN-00247,Factura taller,True,True,2025-08-13,False,Sin observaciones,
DOC-000880,SIN-00247,Denuncia policial,True,True,2025-08-17,False,Sin observaciones,
DOC-000881,SIN-00247,Cedula asegurado,True,True,2025-08-16,False,Sin observaciones,
DOC-000882,SIN-00248,Denuncia policial,True,True,2025-06-04,False,Sin observaciones,
DOC-000883,SIN-00248,Foto evidencia,True,True,2025-06-05,False,Sin observaciones,
DOC-000884,SIN-00248,Factura taller,True,True,2025-06-06,False,Sin observaciones,
DOC-000885,SIN-00248,Informe perito,True,True,2025-06-06,False,Sin observaciones,
DOC-000889,SIN-00250,Informe perito,False,False,2025-03-19,True,Fecha previa al evento detectada,
DOC-000890,SIN-00250,Foto evidencia,False,True,2025-03-18,False,Sin observaciones,
DOC-000891,SIN-00250,Cedula asegurado,False,True,2025-03-15,False,Sin observaciones,
DOC-000897,SIN-00253,Foto evidencia,False,True,2025-02-07,False,Sin observaciones,
DOC-000898,SIN-00253,Denuncia policial,False,True,2025-02-06,False,Sin observaciones,
DOC-000899,SIN-00254,Informe perito,False,True,2025-06-13,False,Sin observaciones,
DOC-000900,SIN-00254,Foto evidencia,False,False,2025-06-12,True,Fecha previa al evento detectada,
DOC-000901,SIN-00254,Factura taller,False,False,2025-06-16,True,Fecha previa al evento detectada,
DOC-000904,SIN-00256,Informe perito,True,True,2025-06-03,False,Sin observaciones,
DOC-000905,SIN-00256,Cedula asegurado,True,True,2025-06-03,False,Sin observaciones,
DOC-000906,SIN-00256,Factura taller,True,True,2025-06-03,False,Sin observaciones,
DOC-000907,SIN-00256,Foto evidencia,True,True,2025-06-04,False,Sin observaciones,
DOC-000908,SIN-00257,Denuncia policial,True,True,2025-02-10,False,Sin observaciones,
DOC-000909,SIN-00257,Informe perito,True,True,2025-02-10,False,Sin observaciones,
DOC-000910,SIN-00257,Cedula asegurado,True,True,2025-02-14,False,Sin observaciones,
DOC-000914,SIN-00259,Denuncia policial,False,False,2025-07-03,True,Fecha previa al evento detectada,
DOC-000915,SIN-00259,Informe perito,False,True,2025-07-05,False,Sin observaciones,
DOC-000916,SIN-00259,Foto evidencia,False,True,2025-07-04,False,Sin observaciones,
DOC-000921,SIN-00261,Foto evidencia,True,True,2025-02-18,False,Sin observaciones,
DOC-000922,SIN-00261,Factura taller,True,True,2025-02-22,False,Sin observaciones,
DOC-000926,SIN-00263,Cedula asegurado,True,True,2025-08-24,False,Sin observaciones,
DOC-000927,SIN-00263,Foto evidencia,True,True,2025-08-28,False,Sin observaciones,
DOC-000928,SIN-00263,Denuncia policial,True,True,2025-08-25,False,Sin observaciones,
DOC-000929,SIN-00263,Factura taller,True,True,2025-08-26,False,Sin observaciones,
DOC-000930,SIN-00264,Denuncia policial,False,True,2025-04-30,False,Sin observaciones,
DOC-000931,SIN-00264,Factura taller,False,True,2025-05-05,False,Sin observaciones,
DOC-000932,SIN-00264,Informe perito,False,True,2025-05-04,False,Sin observaciones,
DOC-000942,SIN-00267,Denuncia policial,False,False,2025-07-01,True,Fecha previa al evento detectada,
DOC-000943,SIN-00267,Informe perito,False,False,2025-07-02,True,Fecha previa al evento detectada,
DOC-000944,SIN-00267,Foto evidencia,False,True,2025-06-30,False,Sin observaciones,
DOC-000945,SIN-00268,Denuncia policial,True,True,2025-04-15,False,Sin observaciones,
DOC-000946,SIN-00268,Factura taller,True,True,2025-04-14,False,Sin observaciones,
DOC-000947,SIN-00268,Foto evidencia,True,True,2025-04-12,False,Sin observaciones,
DOC-000948,SIN-00269,Factura taller,True,True,2024-07-21,False,Sin observaciones,
DOC-000949,SIN-00269,Denuncia policial,True,True,2024-07-22,False,Sin observaciones,
DOC-000950,SIN-00269,Foto evidencia,True,True,2024-07-18,False,Sin observaciones,
DOC-000951,SIN-00270,Factura taller,True,True,2025-08-08,False,Sin observaciones,
DOC-000952,SIN-00270,Foto evidencia,True,True,2025-08-08,False,Sin observaciones,
DOC-000953,SIN-00271,Informe perito,True,True,2025-02-02,False,Sin observaciones,
DOC-000954,SIN-00271,Denuncia policial,True,True,2025-02-03,False,Sin observaciones,
DOC-000955,SIN-00271,Cedula asegurado,True,True,2025-02-01,False,Sin observaciones,
DOC-000956,SIN-00271,Factura taller,True,True,2025-01-31,False,Sin observaciones,
DOC-000957,SIN-00271,Foto evidencia,True,True,2025-01-29,False,Sin observaciones,
DOC-000962,SIN-00273,Denuncia policial,True,True,2025-06-27,False,Sin observaciones,
DOC-000963,SIN-00273,Informe perito,True,True,2025-06-23,False,Sin observaciones,
DOC-000975,SIN-00277,Informe perito,True,True,2025-07-26,False,Sin observaciones,
DOC-000976,SIN-00277,Factura taller,True,True,2025-07-28,False,Sin observaciones,
DOC-000977,SIN-00277,Foto evidencia,True,True,2025-07-28,False,Sin observaciones,
DOC-000978,SIN-00277,Denuncia policial,True,True,2025-07-27,False,Sin observaciones,
DOC-000979,SIN-00277,Cedula asegurado,True,True,2025-07-28,False,Sin observaciones,
DOC-000985,SIN-00279,Informe perito,False,False,2024-12-01,True,Fecha previa al evento detectada,
DOC-000986,SIN-00279,Foto evidencia,False,True,2024-12-01,False,Sin observaciones,
DOC-000987,SIN-00279,Cedula asegurado,False,False,2024-11-28,True,Fecha previa al evento detectada,
DOC-000988,SIN-00279,Denuncia policial,False,False,2024-11-26,True,Fecha previa al evento detectada,
DOC-000989,SIN-00280,Foto evidencia,True,True,2025-02-20,False,Sin observaciones,
DOC-000990,SIN-00280,Cedula asegurado,True,True,2025-02-22,False,Sin observaciones,
DOC-000991,SIN-00280,Denuncia policial,True,True,2025-02-21,False,Sin observaciones,
DOC-000992,SIN-00280,Factura taller,True,True,2025-02-19,False,Sin observaciones,
DOC-000993,SIN-00280,Informe perito,True,True,2025-02-21,False,Sin observaciones,
DOC-000997,SIN-00282,Denuncia policial,True,True,2024-11-20,False,Sin observaciones,
DOC-000998,SIN-00282,Factura taller,True,True,2024-11-23,False,Sin observaciones,
DOC-000999,SIN-00282,Cedula asegurado,True,True,2024-11-18,False,Sin observaciones,
DOC-001000,SIN-00282,Informe perito,True,True,2024-11-22,False,Sin observaciones,
DOC-001001,SIN-00283,Factura taller,False,True,2024-06-07,False,Sin observaciones,
DOC-001002,SIN-00283,Denuncia policial,False,False,2024-06-06,True,Fecha previa al evento detectada,
DOC-001003,SIN-00283,Cedula asegurado,False,True,2024-06-03,False,Sin observaciones,
DOC-001004,SIN-00283,Foto evidencia,False,True,2024-06-05,False,Sin observaciones,
DOC-001005,SIN-00283,Informe perito,False,False,2024-06-04,True,Fecha previa al evento detectada,
DOC-001006,SIN-00284,Cedula asegurado,True,True,2025-08-18,False,Sin observaciones,
DOC-001007,SIN-00284,Foto evidencia,True,True,2025-08-13,False,Sin observaciones,
DOC-001012,SIN-00286,Foto evidencia,True,True,2024-12-20,False,Sin observaciones,
DOC-001013,SIN-00286,Denuncia policial,True,True,2024-12-18,False,Sin observaciones,
DOC-001014,SIN-00286,Factura taller,True,True,2024-12-17,False,Sin observaciones,
DOC-001015,SIN-00286,Informe perito,True,True,2024-12-18,False,Sin observaciones,
DOC-001016,SIN-00286,Cedula asegurado,True,True,2024-12-15,False,Sin observaciones,
DOC-001017,SIN-00287,Factura taller,True,True,2025-08-09,False,Sin observaciones,
DOC-001018,SIN-00287,Denuncia policial,True,True,2025-08-06,False,Sin observaciones,
DOC-001019,SIN-00288,Cedula asegurado,True,True,2025-07-13,False,Sin observaciones,
DOC-001020,SIN-00288,Informe perito,True,True,2025-07-12,False,Sin observaciones,
DOC-001023,SIN-00290,Denuncia policial,False,True,2025-08-15,False,Sin observaciones,
DOC-001024,SIN-00290,Cedula asegurado,False,True,2025-08-12,False,Sin observaciones,
DOC-001025,SIN-00290,Factura taller,False,True,2025-08-11,False,Sin observaciones,
DOC-001026,SIN-00290,Informe perito,False,True,2025-08-11,False,Sin observaciones,
DOC-001027,SIN-00290,Foto evidencia,False,True,2025-08-16,False,Sin observaciones,
DOC-001028,SIN-00291,Informe perito,True,True,2024-10-03,False,Sin observaciones,
DOC-001029,SIN-00291,Factura taller,True,True,2024-10-01,False,Sin observaciones,
DOC-001030,SIN-00291,Cedula asegurado,True,True,2024-10-02,False,Sin observaciones,
DOC-001031,SIN-00291,Denuncia policial,True,True,2024-10-04,False,Sin observaciones,
DOC-001032,SIN-00292,Factura taller,True,True,2025-07-03,False,Sin observaciones,
DOC-001033,SIN-00292,Denuncia policial,True,True,2025-07-02,False,Sin observaciones,
DOC-001034,SIN-00292,Cedula asegurado,True,True,2025-07-01,False,Sin observaciones,
DOC-001035,SIN-00292,Foto evidencia,True,True,2025-06-30,False,Sin observaciones,
DOC-001036,SIN-00292,Informe perito,True,True,2025-07-03,False,Sin observaciones,
DOC-001055,SIN-00298,Informe perito,True,True,2025-02-01,False,Sin observaciones,
DOC-001056,SIN-00298,Denuncia policial,True,True,2025-02-02,False,Sin observaciones,
DOC-001057,SIN-00299,Informe perito,True,True,2024-11-14,False,Sin observaciones,
DOC-001058,SIN-00299,Denuncia policial,True,True,2024-11-11,False,Sin observaciones,
DOC-001059,SIN-00299,Foto evidencia,True,True,2024-11-12,False,Sin observaciones,
DOC-001060,SIN-00300,Denuncia policial,True,True,2025-03-22,False,Sin observaciones,
DOC-001061,SIN-00300,Cedula asegurado,True,True,2025-03-23,False,Sin observaciones,
DOC-001062,SIN-00300,Informe perito,True,True,2025-03-23,False,Sin observaciones,
DOC-001063,SIN-00300,Foto evidencia,True,True,2025-03-26,False,Sin observaciones,
DOC-001064,SIN-00300,Factura taller,True,True,2025-03-23,False,Sin observaciones,
DOC-001069,SIN-00302,Factura taller,False,True,2024-10-17,False,Sin observaciones,
DOC-001070,SIN-00302,Informe perito,False,True,2024-10-16,False,Sin observaciones,
DOC-001071,SIN-00302,Cedula asegurado,False,True,2024-10-14,False,Sin observaciones,
DOC-001072,SIN-00302,Foto evidencia,False,True,2024-10-17,False,Sin observaciones,
DOC-001073,SIN-00302,Denuncia policial,False,True,2024-10-15,False,Sin observaciones,
DOC-001083,SIN-00305,Informe perito,False,True,2025-07-11,False,Sin observaciones,
DOC-001084,SIN-00305,Foto evidencia,False,True,2025-07-10,False,Sin observaciones,
DOC-001085,SIN-00305,Factura taller,False,True,2025-07-15,False,Sin observaciones,
DOC-001088,SIN-00307,Denuncia policial,True,True,2025-04-25,False,Sin observaciones,
DOC-001089,SIN-00307,Factura taller,True,True,2025-04-22,False,Sin observaciones,
DOC-001090,SIN-00307,Informe perito,True,True,2025-04-24,False,Sin observaciones,
DOC-001091,SIN-00307,Cedula asegurado,True,True,2025-04-26,False,Sin observaciones,
DOC-001092,SIN-00308,Denuncia policial,True,True,2025-01-07,False,Sin observaciones,
DOC-001093,SIN-00308,Factura taller,True,True,2025-01-08,False,Sin observaciones,
DOC-001094,SIN-00308,Informe perito,True,True,2025-01-06,False,Sin observaciones,
DOC-001095,SIN-00309,Foto evidencia,True,True,2025-06-22,False,Sin observaciones,
DOC-001096,SIN-00309,Factura taller,True,True,2025-06-24,False,Sin observaciones,
DOC-001097,SIN-00309,Cedula asegurado,True,True,2025-06-21,False,Sin observaciones,
DOC-001098,SIN-00309,Informe perito,True,True,2025-06-24,False,Sin observaciones,
DOC-001104,SIN-00311,Informe perito,False,True,2025-06-06,False,Sin observaciones,
DOC-001105,SIN-00311,Factura taller,False,True,2025-06-08,False,Sin observaciones,
DOC-001106,SIN-00311,Denuncia policial,False,True,2025-06-08,False,Sin observaciones,
DOC-001110,SIN-00313,Denuncia policial,True,True,2024-11-28,False,Sin observaciones,
DOC-001111,SIN-00313,Factura taller,True,True,2024-11-28,False,Sin observaciones,
DOC-001112,SIN-00313,Cedula asegurado,True,True,2024-11-30,False,Sin observaciones,
DOC-001113,SIN-00313,Foto evidencia,True,True,2024-11-28,False,Sin observaciones,
DOC-001114,SIN-00314,Denuncia policial,False,True,2024-12-08,False,Sin observaciones,
DOC-001115,SIN-00314,Foto evidencia,False,True,2024-12-06,False,Sin observaciones,
DOC-001116,SIN-00314,Informe perito,False,True,2024-12-06,False,Sin observaciones,
DOC-001117,SIN-00314,Factura taller,False,True,2024-12-07,False,Sin observaciones,
DOC-001118,SIN-00314,Cedula asegurado,False,True,2024-12-10,False,Sin observaciones,
DOC-001141,SIN-00321,Foto evidencia,True,True,2025-05-12,False,Sin observaciones,
DOC-001142,SIN-00321,Informe perito,True,True,2025-05-11,False,Sin observaciones,
DOC-001143,SIN-00321,Denuncia policial,True,True,2025-05-13,False,Sin observaciones,
DOC-001144,SIN-00322,Factura taller,False,True,2024-09-05,False,Sin observaciones,
DOC-001145,SIN-00322,Foto evidencia,False,True,2024-09-01,False,Sin observaciones,
DOC-001146,SIN-00322,Informe perito,False,True,2024-08-31,False,Sin observaciones,
DOC-001147,SIN-00323,Informe perito,False,True,2025-04-05,False,Sin observaciones,
DOC-001148,SIN-00323,Denuncia policial,False,True,2025-04-05,False,Sin observaciones,
DOC-001149,SIN-00323,Factura taller,False,True,2025-04-05,False,Sin observaciones,
DOC-001150,SIN-00323,Foto evidencia,False,True,2025-04-08,False,Sin observaciones,
DOC-001151,SIN-00323,Cedula asegurado,False,True,2025-04-06,False,Sin observaciones,
DOC-001154,SIN-00325,Factura taller,True,True,2025-01-07,False,Sin observaciones,
DOC-001155,SIN-00325,Foto evidencia,True,True,2025-01-07,False,Sin observaciones,
DOC-001156,SIN-00325,Denuncia policial,True,True,2025-01-11,False,Sin observaciones,
DOC-001157,SIN-00325,Informe perito,True,True,2025-01-10,False,Sin observaciones,
DOC-001158,SIN-00325,Cedula asegurado,True,True,2025-01-12,False,Sin observaciones,
DOC-001161,SIN-00327,Cedula asegurado,True,True,2024-08-31,False,Sin observaciones,
DOC-001162,SIN-00327,Denuncia policial,True,True,2024-08-31,False,Sin observaciones,
DOC-001163,SIN-00327,Factura taller,True,True,2024-09-01,False,Sin observaciones,
DOC-001166,SIN-00329,Cedula asegurado,False,True,2025-01-12,False,Sin observaciones,
DOC-001167,SIN-00329,Denuncia policial,False,True,2025-01-10,False,Sin observaciones,
DOC-001168,SIN-00329,Informe perito,False,True,2025-01-15,False,Sin observaciones,
DOC-001169,SIN-00330,Foto evidencia,False,False,2025-08-01,True,Fecha previa al evento detectada,
DOC-001170,SIN-00330,Factura taller,False,True,2025-07-30,False,Sin observaciones,
DOC-001171,SIN-00330,Cedula asegurado,False,True,2025-08-01,False,Sin observaciones,
DOC-001172,SIN-00330,Informe perito,False,True,2025-08-02,False,Sin observaciones,
DOC-001173,SIN-00330,Denuncia policial,False,False,2025-07-31,True,Fecha previa al evento detectada,
DOC-001180,SIN-00333,Denuncia policial,True,True,2025-03-24,False,Sin observaciones,
DOC-001181,SIN-00333,Factura taller,True,True,2025-03-25,False,Sin observaciones,
DOC-001182,SIN-00333,Informe perito,True,True,2025-03-28,False,Sin observaciones,
DOC-001183,SIN-00334,Informe perito,True,True,2025-05-13,False,Sin observaciones,
DOC-001184,SIN-00334,Factura taller,True,True,2025-05-11,False,Sin observaciones,
DOC-001185,SIN-00334,Cedula asegurado,True,True,2025-05-08,False,Sin observaciones,
DOC-001186,SIN-00334,Foto evidencia,True,True,2025-05-09,False,Sin observaciones,
DOC-001187,SIN-00334,Denuncia policial,True,True,2025-05-08,False,Sin observaciones,
DOC-001191,SIN-00336,Denuncia policial,True,True,2024-11-19,False,Sin observaciones,
DOC-001192,SIN-00336,Informe perito,True,True,2024-11-23,False,Sin observaciones,
DOC-001207,SIN-00340,Factura taller,True,True,2025-02-10,False,Sin observaciones,
DOC-001208,SIN-00340,Cedula asegurado,True,True,2025-02-05,False,Sin observaciones,
DOC-001214,SIN-00343,Factura taller,True,True,2025-05-14,False,Sin observaciones,
DOC-001215,SIN-00343,Cedula asegurado,True,True,2025-05-13,False,Sin observaciones,
DOC-001216,SIN-00343,Foto evidencia,True,True,2025-05-10,False,Sin observaciones,
DOC-001217,SIN-00343,Denuncia policial,True,True,2025-05-12,False,Sin observaciones,
DOC-001229,SIN-00347,Cedula asegurado,True,True,2024-12-06,False,Sin observaciones,
DOC-001230,SIN-00347,Factura taller,True,True,2024-12-10,False,Sin observaciones,
DOC-001231,SIN-00347,Foto evidencia,True,True,2024-12-07,False,Sin observaciones,
DOC-001232,SIN-00347,Informe perito,True,True,2024-12-06,False,Sin observaciones,
DOC-001233,SIN-00348,Informe perito,True,True,2025-02-20,False,Sin observaciones,
DOC-001234,SIN-00348,Denuncia policial,True,True,2025-02-23,False,Sin observaciones,
DOC-001271,SIN-00358,Factura taller,True,True,2024-11-21,False,Sin observaciones,
DOC-001272,SIN-00358,Informe perito,True,True,2024-11-18,False,Sin observaciones,
DOC-001273,SIN-00358,Cedula asegurado,True,True,2024-11-21,False,Sin observaciones,
DOC-001274,SIN-00358,Denuncia policial,True,True,2024-11-18,False,Sin observaciones,
DOC-001275,SIN-00358,Foto evidencia,True,True,2024-11-17,False,Sin observaciones,
DOC-001276,SIN-00359,Factura taller,True,True,2024-12-17,False,Sin observaciones,
DOC-001277,SIN-00359,Foto evidencia,True,True,2024-12-17,False,Sin observaciones,
DOC-001278,SIN-00359,Cedula asegurado,True,True,2024-12-19,False,Sin observaciones,
DOC-001279,SIN-00359,Denuncia policial,True,True,2024-12-22,False,Sin observaciones,
DOC-001284,SIN-00361,Denuncia policial,False,False,2025-05-14,True,Fecha previa al evento detectada,
DOC-001285,SIN-00361,Cedula asegurado,False,True,2025-05-18,False,Sin observaciones,
DOC-001286,SIN-00361,Foto evidencia,False,False,2025-05-17,True,Fecha previa al evento detectada,
DOC-001287,SIN-00361,Informe perito,False,False,2025-05-18,True,Fecha previa al evento detectada,
DOC-001288,SIN-00361,Factura taller,False,False,2025-05-19,True,Fecha previa al evento detectada,
DOC-001298,SIN-00364,Cedula asegurado,False,True,2025-07-18,False,Sin observaciones,
DOC-001299,SIN-00364,Denuncia policial,False,True,2025-07-13,False,Sin observaciones,
DOC-001300,SIN-00365,Foto evidencia,True,True,2024-07-13,False,Sin observaciones,
DOC-001301,SIN-00365,Informe perito,True,True,2024-07-12,False,Sin observaciones,
DOC-001302,SIN-00365,Denuncia policial,True,True,2024-07-09,False,Sin observaciones,
DOC-001313,SIN-00369,Informe perito,True,True,2024-08-02,False,Sin observaciones,
DOC-001314,SIN-00369,Foto evidencia,True,True,2024-07-31,False,Sin observaciones,
DOC-001315,SIN-00369,Denuncia policial,True,True,2024-07-31,False,Sin observaciones,
DOC-001316,SIN-00369,Cedula asegurado,True,True,2024-07-31,False,Sin observaciones,
DOC-001317,SIN-00369,Factura taller,True,True,2024-07-30,False,Sin observaciones,
DOC-001321,SIN-00371,Factura taller,True,True,2025-06-30,False,Sin observaciones,
DOC-001322,SIN-00371,Foto evidencia,True,True,2025-06-25,False,Sin observaciones,
DOC-001323,SIN-00371,Informe perito,True,True,2025-06-29,False,Sin observaciones,
DOC-001324,SIN-00371,Cedula asegurado,True,True,2025-06-27,False,Sin observaciones,
DOC-001325,SIN-00371,Denuncia policial,True,True,2025-06-30,False,Sin observaciones,
DOC-001326,SIN-00372,Foto evidencia,True,True,2025-04-01,False,Sin observaciones,
DOC-001327,SIN-00372,Informe perito,True,True,2025-04-03,False,Sin observaciones,
DOC-001328,SIN-00373,Cedula asegurado,True,True,2025-04-18,False,Sin observaciones,
DOC-001329,SIN-00373,Foto evidencia,True,True,2025-04-17,False,Sin observaciones,
DOC-001330,SIN-00373,Denuncia policial,True,True,2025-04-17,False,Sin observaciones,
DOC-001331,SIN-00373,Factura taller,True,True,2025-04-18,False,Sin observaciones,
DOC-001332,SIN-00374,Informe perito,True,True,2025-08-16,False,Sin observaciones,
DOC-001333,SIN-00374,Denuncia policial,True,True,2025-08-14,False,Sin observaciones,
DOC-001334,SIN-00374,Factura taller,True,True,2025-08-18,False,Sin observaciones,
DOC-001335,SIN-00374,Cedula asegurado,True,True,2025-08-17,False,Sin observaciones,
DOC-001336,SIN-00374,Foto evidencia,True,True,2025-08-14,False,Sin observaciones,
DOC-001337,SIN-00375,Factura taller,False,True,2024-11-12,False,Sin observaciones,
DOC-001338,SIN-00375,Informe perito,False,True,2024-11-15,False,Sin observaciones,
DOC-001339,SIN-00375,Foto evidencia,False,True,2024-11-13,False,Sin observaciones,
DOC-001340,SIN-00375,Cedula asegurado,False,True,2024-11-14,False,Sin observaciones,
DOC-001345,SIN-00378,Foto evidencia,True,True,2024-12-27,False,Sin observaciones,
DOC-001346,SIN-00378,Informe perito,True,True,2024-12-28,False,Sin observaciones,
DOC-001350,SIN-00380,Cedula asegurado,True,True,2025-06-05,False,Sin observaciones,
DOC-001351,SIN-00380,Informe perito,True,True,2025-06-02,False,Sin observaciones,
DOC-001352,SIN-00380,Denuncia policial,True,True,2025-06-06,False,Sin observaciones,
DOC-001353,SIN-00380,Factura taller,True,True,2025-06-03,False,Sin observaciones,
DOC-001354,SIN-00380,Foto evidencia,True,True,2025-06-07,False,Sin observaciones,
DOC-001360,SIN-00383,Foto evidencia,True,True,2025-03-12,False,Sin observaciones,
DOC-001361,SIN-00383,Informe perito,True,True,2025-03-10,False,Sin observaciones,
DOC-001362,SIN-00383,Denuncia policial,True,True,2025-03-14,False,Sin observaciones,
DOC-001366,SIN-00385,Factura taller,True,True,2025-05-19,False,Sin observaciones,
DOC-001367,SIN-00385,Foto evidencia,True,True,2025-05-19,False,Sin observaciones,
DOC-001368,SIN-00385,Denuncia policial,True,True,2025-05-22,False,Sin observaciones,
DOC-001369,SIN-00386,Cedula asegurado,True,True,2025-06-27,False,Sin observaciones,
DOC-001370,SIN-00386,Foto evidencia,True,True,2025-06-28,False,Sin observaciones,
DOC-001371,SIN-00386,Denuncia policial,True,True,2025-06-27,False,Sin observaciones,
DOC-001372,SIN-00386,Informe perito,True,True,2025-06-29,False,Sin observaciones,
DOC-001377,SIN-00388,Foto evidencia,True,True,2025-05-14,False,Sin observaciones,
DOC-001378,SIN-00388,Cedula asegurado,True,True,2025-05-13,False,Sin observaciones,
DOC-001392,SIN-00392,Informe perito,False,True,2024-08-24,False,Sin observaciones,
DOC-001393,SIN-00392,Denuncia policial,False,False,2024-08-29,True,Fecha previa al evento detectada,
DOC-001394,SIN-00392,Cedula asegurado,False,True,2024-08-28,False,Sin observaciones,
DOC-001395,SIN-00392,Foto evidencia,False,False,2024-08-25,True,Fecha previa al evento detectada,
DOC-001396,SIN-00393,Foto evidencia,False,False,2025-07-22,True,Fecha previa al evento detectada,
DOC-001397,SIN-00393,Factura taller,False,True,2025-07-20,False,Sin observaciones,
DOC-001398,SIN-00393,Informe perito,False,False,2025-07-22,True,Fecha previa al evento detectada,
DOC-001399,SIN-00393,Denuncia policial,False,True,2025-07-18,False,Sin observaciones,
DOC-001400,SIN-00393,Cedula asegurado,False,False,2025-07-17,True,Fecha previa al evento detectada,
DOC-001401,SIN-00394,Cedula asegurado,False,False,2025-08-21,True,Fecha previa al evento detectada,
DOC-001402,SIN-00394,Informe perito,False,True,2025-08-23,False,Sin observaciones,
DOC-001411,SIN-00397,Informe perito,True,True,2025-03-26,False,Sin observaciones,
DOC-001412,SIN-00397,Factura taller,True,True,2025-03-28,False,Sin observaciones,
DOC-001413,SIN-00397,Foto evidencia,True,True,2025-03-26,False,Sin observaciones,
DOC-001430,SIN-00402,Informe perito,True,True,2025-04-17,False,Sin observaciones,
DOC-001431,SIN-00402,Denuncia policial,True,True,2025-04-17,False,Sin observaciones,
DOC-001432,SIN-00402,Cedula asegurado,True,True,2025-04-16,False,Sin observaciones,
DOC-001433,SIN-00402,Factura taller,True,True,2025-04-19,False,Sin observaciones,
DOC-001438,SIN-00404,Cedula asegurado,True,True,2025-04-06,False,Sin observaciones,
DOC-001439,SIN-00404,Factura taller,True,True,2025-04-02,False,Sin observaciones,
DOC-001440,SIN-00404,Informe perito,True,True,2025-04-04,False,Sin observaciones,
DOC-001441,SIN-00404,Denuncia policial,True,True,2025-04-07,False,Sin observaciones,
DOC-001448,SIN-00407,Denuncia policial,True,True,2024-12-13,False,Sin observaciones,
DOC-001449,SIN-00407,Informe perito,True,True,2024-12-16,False,Sin observaciones,
DOC-001452,SIN-00409,Informe perito,False,True,2024-06-20,False,Sin observaciones,
DOC-001453,SIN-00409,Denuncia policial,False,True,2024-06-20,False,Sin observaciones,
DOC-001454,SIN-00409,Foto evidencia,False,True,2024-06-18,False,Sin observaciones,
DOC-001455,SIN-00409,Cedula asegurado,False,True,2024-06-21,False,Sin observaciones,
DOC-001456,SIN-00409,Factura taller,False,True,2024-06-22,False,Sin observaciones,
DOC-001457,SIN-00410,Denuncia policial,True,True,2024-12-21,False,Sin observaciones,
DOC-001458,SIN-00410,Factura taller,True,True,2024-12-20,False,Sin observaciones,
DOC-001459,SIN-00410,Foto evidencia,True,True,2024-12-20,False,Sin observaciones,
DOC-001460,SIN-00410,Informe perito,True,True,2024-12-25,False,Sin observaciones,
DOC-001461,SIN-00410,Cedula asegurado,True,True,2024-12-23,False,Sin observaciones,
DOC-001467,SIN-00413,Foto evidencia,True,True,2025-04-29,False,Sin observaciones,
DOC-001468,SIN-00413,Cedula asegurado,True,True,2025-04-27,False,Sin observaciones,
DOC-001469,SIN-00413,Denuncia policial,True,True,2025-04-24,False,Sin observaciones,
DOC-001470,SIN-00413,Informe perito,True,True,2025-04-27,False,Sin observaciones,
DOC-001475,SIN-00415,Cedula asegurado,False,True,2024-11-20,False,Sin observaciones,
DOC-001476,SIN-00415,Denuncia policial,False,True,2024-11-21,False,Sin observaciones,
DOC-001477,SIN-00415,Factura taller,False,True,2024-11-19,False,Sin observaciones,
DOC-001478,SIN-00415,Foto evidencia,False,True,2024-11-21,False,Sin observaciones,
DOC-001479,SIN-00416,Foto evidencia,True,True,2025-08-08,False,Sin observaciones,
DOC-001480,SIN-00416,Denuncia policial,True,True,2025-08-11,False,Sin observaciones,
DOC-001490,SIN-00420,Informe perito,True,True,2024-12-08,False,Sin observaciones,
DOC-001491,SIN-00420,Cedula asegurado,True,True,2024-12-06,False,Sin observaciones,
DOC-001492,SIN-00420,Denuncia policial,True,True,2024-12-05,False,Sin observaciones,
DOC-001493,SIN-00421,Factura taller,True,True,2025-06-01,False,Sin observaciones,
DOC-001494,SIN-00421,Foto evidencia,True,True,2025-05-27,False,Sin observaciones,
DOC-001495,SIN-00421,Informe perito,True,True,2025-05-27,False,Sin observaciones,
DOC-001496,SIN-00421,Denuncia policial,True,True,2025-05-30,False,Sin observaciones,
DOC-001502,SIN-00423,Foto evidencia,False,True,2025-03-01,False,Sin observaciones,
DOC-001503,SIN-00423,Cedula asegurado,False,True,2025-03-02,False,Sin observaciones,
DOC-001507,SIN-00425,Cedula asegurado,True,True,2025-05-18,False,Sin observaciones,
DOC-001508,SIN-00425,Informe perito,True,True,2025-05-18,False,Sin observaciones,
DOC-001521,SIN-00429,Foto evidencia,True,True,2024-11-06,False,Sin observaciones,
DOC-001522,SIN-00429,Cedula asegurado,True,True,2024-11-07,False,Sin observaciones,
DOC-001523,SIN-00429,Denuncia policial,True,True,2024-11-06,False,Sin observaciones,
DOC-001524,SIN-00429,Factura taller,True,True,2024-11-06,False,Sin observaciones,
DOC-001525,SIN-00429,Informe perito,True,True,2024-11-06,False,Sin observaciones,
DOC-001526,SIN-00430,Cedula asegurado,True,True,2024-07-30,False,Sin observaciones,
DOC-001527,SIN-00430,Denuncia policial,True,True,2024-08-01,False,Sin observaciones,
DOC-001528,SIN-00431,Denuncia policial,True,True,2025-03-14,False,Sin observaciones,
DOC-001529,SIN-00431,Cedula asegurado,True,True,2025-03-14,False,Sin observaciones,
DOC-001530,SIN-00431,Informe perito,True,True,2025-03-18,False,Sin observaciones,
DOC-001531,SIN-00432,Foto evidencia,True,True,2025-05-03,False,Sin observaciones,
DOC-001532,SIN-00432,Informe perito,True,True,2025-05-07,False,Sin observaciones,
DOC-001545,SIN-00436,Foto evidencia,True,True,2025-02-17,False,Sin observaciones,
DOC-001546,SIN-00436,Factura taller,True,True,2025-02-15,False,Sin observaciones,
DOC-001547,SIN-00436,Denuncia policial,True,True,2025-02-16,False,Sin observaciones,
DOC-001548,SIN-00436,Informe perito,True,True,2025-02-15,False,Sin observaciones,
DOC-001553,SIN-00438,Denuncia policial,True,True,2025-02-01,False,Sin observaciones,
DOC-001554,SIN-00438,Factura taller,True,True,2025-02-01,False,Sin observaciones,
DOC-001555,SIN-00439,Denuncia policial,False,False,2024-10-29,True,Fecha previa al evento detectada,
DOC-001556,SIN-00439,Cedula asegurado,False,False,2024-10-29,True,Fecha previa al evento detectada,
DOC-001557,SIN-00439,Factura taller,False,True,2024-10-29,False,Sin observaciones,
DOC-001558,SIN-00439,Informe perito,False,False,2024-11-01,True,Fecha previa al evento detectada,
DOC-001559,SIN-00440,Informe perito,True,True,2025-03-06,False,Sin observaciones,
DOC-001560,SIN-00440,Denuncia policial,True,True,2025-03-06,False,Sin observaciones,
DOC-001566,SIN-00442,Cedula asegurado,True,True,2025-05-03,False,Sin observaciones,
DOC-001567,SIN-00442,Factura taller,True,True,2025-05-03,False,Sin observaciones,
DOC-001568,SIN-00442,Denuncia policial,True,True,2025-05-04,False,Sin observaciones,
DOC-001569,SIN-00442,Informe perito,True,True,2025-05-04,False,Sin observaciones,
DOC-001573,SIN-00444,Denuncia policial,True,True,2025-05-27,False,Sin observaciones,
DOC-001574,SIN-00444,Foto evidencia,True,True,2025-05-25,False,Sin observaciones,
DOC-001575,SIN-00444,Factura taller,True,True,2025-05-25,False,Sin observaciones,
DOC-001576,SIN-00444,Informe perito,True,True,2025-05-28,False,Sin observaciones,
DOC-001577,SIN-00445,Cedula asegurado,False,False,2025-05-14,True,Fecha previa al evento detectada,
DOC-001578,SIN-00445,Factura taller,False,False,2025-05-16,True,Fecha previa al evento detectada,
DOC-001579,SIN-00445,Foto evidencia,False,False,2025-05-16,True,Fecha previa al evento detectada,
DOC-001580,SIN-00446,Informe perito,True,True,2024-08-02,False,Sin observaciones,
DOC-001581,SIN-00446,Denuncia policial,True,True,2024-08-02,False,Sin observaciones,
DOC-001582,SIN-00446,Foto evidencia,True,True,2024-08-04,False,Sin observaciones,
DOC-001583,SIN-00446,Cedula asegurado,True,True,2024-08-04,False,Sin observaciones,
DOC-001593,SIN-00449,Informe perito,False,True,2025-05-13,False,Sin observaciones,
DOC-001594,SIN-00449,Cedula asegurado,False,False,2025-05-14,True,Fecha previa al evento detectada,
DOC-001595,SIN-00450,Denuncia policial,False,False,2024-11-16,True,Fecha previa al evento detectada,
DOC-001596,SIN-00450,Cedula asegurado,False,False,2024-11-16,True,Fecha previa al evento detectada,
DOC-001597,SIN-00450,Foto evidencia,False,True,2024-11-17,False,Sin observaciones,
DOC-001598,SIN-00450,Factura taller,False,False,2024-11-17,True,Fecha previa al evento detectada,
DOC-001601,SIN-00452,Denuncia policial,True,True,2025-07-20,False,Sin observaciones,
DOC-001602,SIN-00452,Foto evidencia,True,True,2025-07-23,False,Sin observaciones,
DOC-001603,SIN-00453,Denuncia policial,True,True,2024-08-28,False,Sin observaciones,
DOC-001604,SIN-00453,Informe perito,True,True,2024-08-27,False,Sin observaciones,
DOC-001605,SIN-00453,Factura taller,True,True,2024-09-01,False,Sin observaciones,
DOC-001606,SIN-00453,Cedula asegurado,True,True,2024-08-29,False,Sin observaciones,
DOC-001607,SIN-00453,Foto evidencia,True,True,2024-08-29,False,Sin observaciones,
DOC-001608,SIN-00454,Informe perito,True,True,2025-03-21,False,Sin observaciones,
DOC-001609,SIN-00454,Denuncia policial,True,True,2025-03-19,False,Sin observaciones,
DOC-001610,SIN-00454,Cedula asegurado,True,True,2025-03-21,False,Sin observaciones,
DOC-001611,SIN-00454,Foto evidencia,True,True,2025-03-19,False,Sin observaciones,
DOC-001612,SIN-00454,Factura taller,True,True,2025-03-22,False,Sin observaciones,
DOC-001613,SIN-00455,Denuncia policial,True,True,2025-08-28,False,Sin observaciones,
DOC-001614,SIN-00455,Factura taller,True,True,2025-08-25,False,Sin observaciones,
DOC-001615,SIN-00455,Foto evidencia,True,True,2025-08-24,False,Sin observaciones,
DOC-001616,SIN-00455,Informe perito,True,True,2025-08-28,False,Sin observaciones,
DOC-001617,SIN-00456,Factura taller,False,False,2025-05-24,True,Fecha previa al evento detectada,
DOC-001618,SIN-00456,Foto evidencia,False,False,2025-05-22,True,Fecha previa al evento detectada,
DOC-001619,SIN-00456,Denuncia policial,False,True,2025-05-21,False,Sin observaciones,
DOC-001620,SIN-00456,Informe perito,False,False,2025-05-25,True,Fecha previa al evento detectada,
DOC-001621,SIN-00456,Cedula asegurado,False,True,2025-05-26,False,Sin observaciones,
DOC-001627,SIN-00459,Denuncia policial,True,True,2025-05-22,False,Sin observaciones,
DOC-001628,SIN-00459,Cedula asegurado,True,True,2025-05-23,False,Sin observaciones,
DOC-001629,SIN-00459,Factura taller,True,True,2025-05-19,False,Sin observaciones,
DOC-001630,SIN-00460,Cedula asegurado,True,True,2025-05-27,False,Sin observaciones,
DOC-001631,SIN-00460,Factura taller,True,True,2025-05-27,False,Sin observaciones,
DOC-001632,SIN-00461,Informe perito,False,False,2024-07-09,True,Fecha previa al evento detectada,
DOC-001633,SIN-00461,Foto evidencia,False,True,2024-07-08,False,Sin observaciones,
DOC-001634,SIN-00461,Denuncia policial,False,False,2024-07-09,True,Fecha previa al evento detectada,
DOC-001635,SIN-00462,Denuncia policial,True,True,2025-07-04,False,Sin observaciones,
DOC-001636,SIN-00462,Informe perito,True,True,2025-07-04,False,Sin observaciones,
DOC-001641,SIN-00464,Cedula asegurado,True,True,2025-08-29,False,Sin observaciones,
DOC-001642,SIN-00464,Denuncia policial,True,True,2025-08-27,False,Sin observaciones,
DOC-001643,SIN-00464,Factura taller,True,True,2025-08-28,False,Sin observaciones,
DOC-001644,SIN-00464,Foto evidencia,True,True,2025-08-28,False,Sin observaciones,
DOC-001645,SIN-00464,Informe perito,True,True,2025-08-24,False,Sin observaciones,
DOC-001657,SIN-00468,Informe perito,False,False,2024-11-30,True,Fecha previa al evento detectada,
DOC-001658,SIN-00468,Factura taller,False,True,2024-12-01,False,Sin observaciones,
DOC-001666,SIN-00471,Factura taller,False,True,2024-09-06,False,Sin observaciones,
DOC-001667,SIN-00471,Cedula asegurado,False,True,2024-09-08,False,Sin observaciones,
DOC-001668,SIN-00471,Denuncia policial,False,True,2024-09-05,False,Sin observaciones,
DOC-001669,SIN-00471,Foto evidencia,False,True,2024-09-10,False,Sin observaciones,
DOC-001670,SIN-00471,Informe perito,False,True,2024-09-08,False,Sin observaciones,
DOC-001674,SIN-00473,Foto evidencia,True,True,2025-05-16,False,Sin observaciones,
DOC-001675,SIN-00473,Informe perito,True,True,2025-05-16,False,Sin observaciones,
DOC-001676,SIN-00473,Denuncia policial,True,True,2025-05-15,False,Sin observaciones,
DOC-001677,SIN-00474,Cedula asegurado,False,True,2025-05-25,False,Sin observaciones,
DOC-001678,SIN-00474,Factura taller,False,True,2025-05-23,False,Sin observaciones,
DOC-001683,SIN-00476,Denuncia policial,False,True,2024-08-29,False,Sin observaciones,
DOC-001684,SIN-00476,Foto evidencia,False,False,2024-08-27,True,Fecha previa al evento detectada,
DOC-001685,SIN-00476,Cedula asegurado,False,False,2024-08-27,True,Fecha previa al evento detectada,
DOC-001686,SIN-00477,Informe perito,True,True,2025-01-05,False,Sin observaciones,
DOC-001687,SIN-00477,Factura taller,True,True,2025-01-05,False,Sin observaciones,
DOC-001699,SIN-00483,Cedula asegurado,True,True,2025-07-05,False,Sin observaciones,
DOC-001700,SIN-00483,Foto evidencia,True,True,2025-07-03,False,Sin observaciones,
DOC-001701,SIN-00483,Denuncia policial,True,True,2025-07-03,False,Sin observaciones,
DOC-001706,SIN-00486,Cedula asegurado,False,True,2024-12-12,False,Sin observaciones,
DOC-001707,SIN-00486,Denuncia policial,False,True,2024-12-15,False,Sin observaciones,
DOC-001708,SIN-00486,Factura taller,False,True,2024-12-11,False,Sin observaciones,
DOC-001709,SIN-00486,Informe perito,False,True,2024-12-12,False,Sin observaciones,
DOC-001719,SIN-00489,Foto evidencia,True,True,2025-07-10,False,Sin observaciones,
DOC-001720,SIN-00489,Factura taller,True,True,2025-07-14,False,Sin observaciones,
DOC-001721,SIN-00489,Informe perito,True,True,2025-07-11,False,Sin observaciones,
DOC-001722,SIN-00489,Denuncia policial,True,True,2025-07-10,False,Sin observaciones,
DOC-001723,SIN-00489,Cedula asegurado,True,True,2025-07-15,False,Sin observaciones,
DOC-001724,SIN-00490,Informe perito,False,True,2025-05-04,False,Sin observaciones,
DOC-001725,SIN-00490,Foto evidencia,False,True,2025-05-02,False,Sin observaciones,
DOC-001726,SIN-00490,Denuncia policial,False,True,2025-05-02,False,Sin observaciones,
DOC-001730,SIN-00492,Factura taller,False,True,2024-11-26,False,Sin observaciones,
DOC-001731,SIN-00492,Denuncia policial,False,True,2024-11-27,False,Sin observaciones,
DOC-001732,SIN-00493,Informe perito,True,True,2025-08-27,False,Sin observaciones,
DOC-001733,SIN-00493,Denuncia policial,True,True,2025-08-28,False,Sin observaciones,
DOC-001736,SIN-00495,Foto evidencia,True,True,2025-04-23,False,Sin observaciones,
DOC-001737,SIN-00495,Denuncia policial,True,True,2025-04-28,False,Sin observaciones,
DOC-001738,SIN-00496,Factura taller,True,True,2025-01-14,False,Sin observaciones,
DOC-001739,SIN-00496,Cedula asegurado,True,True,2025-01-14,False,Sin observaciones,
DOC-001740,SIN-00497,Informe perito,True,True,2025-06-06,False,Sin observaciones,
DOC-001741,SIN-00497,Denuncia policial,True,True,2025-06-02,False,Sin observaciones,
DOC-001742,SIN-00497,Cedula asegurado,True,True,2025-06-01,False,Sin observaciones,
DOC-001743,SIN-00497,Factura taller,True,True,2025-06-05,False,Sin observaciones,
DOC-001753,SIN-00500,Cedula asegurado,True,True,2025-04-03,False,Sin observaciones,
DOC-001754,SIN-00500,Denuncia policial,True,True,2025-03-29,False,Sin observaciones,
DOC-001760,SIN-00503,Factura taller,True,True,2024-12-12,False,Sin observaciones,
DOC-001761,SIN-00503,Informe perito,True,True,2024-12-13,False,Sin observaciones,
DOC-001762,SIN-00503,Cedula asegurado,True,True,2024-12-12,False,Sin observaciones,
DOC-001763,SIN-00503,Denuncia policial,True,True,2024-12-13,False,Sin observaciones,
DOC-001764,SIN-00503,Foto evidencia,True,True,2024-12-16,False,Sin observaciones,
DOC-001765,SIN-00504,Cedula asegurado,True,True,2024-12-15,False,Sin observaciones,
DOC-001766,SIN-00504,Denuncia policial,True,True,2024-12-18,False,Sin observaciones,
DOC-001767,SIN-00504,Factura taller,True,True,2024-12-19,False,Sin observaciones,
DOC-001768,SIN-00504,Informe perito,True,True,2024-12-14,False,Sin observaciones,
DOC-001769,SIN-00505,Denuncia policial,True,True,2025-03-10,False,Sin observaciones,
DOC-001770,SIN-00505,Informe perito,True,True,2025-03-11,False,Sin observaciones,
DOC-001771,SIN-00505,Cedula asegurado,True,True,2025-03-14,False,Sin observaciones,
DOC-001772,SIN-00505,Factura taller,True,True,2025-03-14,False,Sin observaciones,
DOC-001773,SIN-00505,Foto evidencia,True,True,2025-03-13,False,Sin observaciones,
DOC-001774,SIN-00506,Foto evidencia,True,True,2024-09-28,False,Sin observaciones,
DOC-001775,SIN-00506,Cedula asegurado,True,True,2024-10-02,False,Sin observaciones,
DOC-001776,SIN-00506,Informe perito,True,True,2024-09-29,False,Sin observaciones,
DOC-001777,SIN-00507,Informe perito,True,True,2025-04-27,False,Sin observaciones,
DOC-001778,SIN-00507,Cedula asegurado,True,True,2025-04-24,False,Sin observaciones,
DOC-001779,SIN-00507,Foto evidencia,True,True,2025-04-27,False,Sin observaciones,
DOC-001780,SIN-00508,Informe perito,True,True,2024-10-05,False,Sin observaciones,
DOC-001781,SIN-00508,Denuncia policial,True,True,2024-10-07,False,Sin observaciones,
DOC-001782,SIN-00508,Cedula asegurado,True,True,2024-10-05,False,Sin observaciones,
DOC-001783,SIN-00508,Foto evidencia,True,True,2024-10-04,False,Sin observaciones,
DOC-001784,SIN-00508,Factura taller,True,True,2024-10-08,False,Sin observaciones,
DOC-001785,SIN-00509,Factura taller,False,True,2025-04-22,False,Sin observaciones,
DOC-001786,SIN-00509,Cedula asegurado,False,False,2025-04-24,True,Fecha previa al evento detectada,
DOC-001792,SIN-00511,Denuncia policial,False,True,2024-11-28,False,Sin observaciones,
DOC-001793,SIN-00511,Informe perito,False,False,2024-11-27,True,Fecha previa al evento detectada,
DOC-001794,SIN-00511,Foto evidencia,False,True,2024-11-25,False,Sin observaciones,
DOC-001795,SIN-00511,Cedula asegurado,False,False,2024-11-26,True,Fecha previa al evento detectada,
DOC-001796,SIN-00512,Foto evidencia,True,True,2025-03-08,False,Sin observaciones,
DOC-001797,SIN-00512,Factura taller,True,True,2025-03-04,False,Sin observaciones,
DOC-001798,SIN-00512,Denuncia policial,True,True,2025-03-06,False,Sin observaciones,
DOC-001799,SIN-00512,Cedula asegurado,True,True,2025-03-06,False,Sin observaciones,
DOC-001800,SIN-00513,Denuncia policial,False,True,2025-01-29,False,Sin observaciones,
DOC-001801,SIN-00513,Foto evidencia,False,True,2025-01-28,False,Sin observaciones,
DOC-001802,SIN-00513,Informe perito,False,True,2025-01-28,False,Sin observaciones,
DOC-001803,SIN-00513,Factura taller,False,True,2025-01-28,False,Sin observaciones,
DOC-001804,SIN-00514,Cedula asegurado,False,True,2025-08-08,False,Sin observaciones,
DOC-001805,SIN-00514,Denuncia policial,False,True,2025-08-09,False,Sin observaciones,
DOC-001806,SIN-00514,Factura taller,False,True,2025-08-09,False,Sin observaciones,
DOC-001807,SIN-00514,Foto evidencia,False,False,2025-08-08,True,Fecha previa al evento detectada,
DOC-001808,SIN-00514,Informe perito,False,True,2025-08-08,False,Sin observaciones,
DOC-001809,SIN-00515,Informe perito,False,True,2025-01-10,False,Sin observaciones,
DOC-001810,SIN-00515,Cedula asegurado,False,True,2025-01-09,False,Sin observaciones,
DOC-001811,SIN-00515,Foto evidencia,False,False,2025-01-08,True,Fecha previa al evento detectada,
DOC-001812,SIN-00515,Denuncia policial,False,False,2025-01-11,True,Fecha previa al evento detectada,
DOC-001813,SIN-00516,Cedula asegurado,False,True,2024-08-19,False,Sin observaciones,
DOC-001814,SIN-00516,Factura taller,False,True,2024-08-15,False,Sin observaciones,
DOC-001815,SIN-00516,Denuncia policial,False,True,2024-08-20,False,Sin observaciones,
DOC-001816,SIN-00516,Informe perito,False,True,2024-08-17,False,Sin observaciones,
DOC-001817,SIN-00516,Foto evidencia,False,True,2024-08-16,False,Sin observaciones,
DOC-001818,SIN-00517,Factura taller,False,True,2024-12-16,False,Sin observaciones,
DOC-001819,SIN-00517,Foto evidencia,False,False,2024-12-15,True,Fecha previa al evento detectada,
DOC-001820,SIN-00517,Denuncia policial,False,False,2024-12-15,True,Fecha previa al evento detectada,
DOC-001821,SIN-00517,Informe perito,False,False,2024-12-14,True,Fecha previa al evento detectada,
DOC-001822,SIN-00517,Cedula asegurado,False,True,2024-12-17,False,Sin observaciones,
DOC-001830,SIN-00520,Factura taller,False,True,2024-10-18,False,Sin observaciones,
DOC-001831,SIN-00520,Denuncia policial,False,True,2024-10-14,False,Sin observaciones,
DOC-001832,SIN-00520,Cedula asegurado,False,True,2024-10-13,False,Sin observaciones,
DOC-001838,SIN-00523,Cedula asegurado,True,True,2024-09-03,False,Sin observaciones,
DOC-001839,SIN-00523,Foto evidencia,True,True,2024-09-01,False,Sin observaciones,
DOC-001840,SIN-00523,Informe perito,True,True,2024-09-01,False,Sin observaciones,
DOC-001841,SIN-00523,Denuncia policial,True,True,2024-09-04,False,Sin observaciones,
DOC-001842,SIN-00523,Factura taller,True,True,2024-09-02,False,Sin observaciones,
DOC-001852,SIN-00526,Cedula asegurado,True,True,2025-03-13,False,Sin observaciones,
DOC-001853,SIN-00526,Informe perito,True,True,2025-03-15,False,Sin observaciones,
DOC-001854,SIN-00526,Foto evidencia,True,True,2025-03-14,False,Sin observaciones,
DOC-001855,SIN-00527,Factura taller,True,True,2025-05-11,False,Sin observaciones,
DOC-001856,SIN-00527,Denuncia policial,True,True,2025-05-10,False,Sin observaciones,
DOC-001857,SIN-00528,Factura taller,False,True,2025-05-18,False,Sin observaciones,
DOC-001858,SIN-00528,Denuncia policial,False,True,2025-05-19,False,Sin observaciones,
DOC-001859,SIN-00528,Foto evidencia,False,True,2025-05-23,False,Sin observaciones,
DOC-001860,SIN-00528,Cedula asegurado,False,True,2025-05-18,False,Sin observaciones,
DOC-001864,SIN-00530,Cedula asegurado,True,True,2025-05-07,False,Sin observaciones,
DOC-001865,SIN-00530,Denuncia policial,True,True,2025-05-09,False,Sin observaciones,
DOC-001866,SIN-00530,Foto evidencia,True,True,2025-05-09,False,Sin observaciones,
DOC-001867,SIN-00530,Factura taller,True,True,2025-05-05,False,Sin observaciones,
DOC-001868,SIN-00530,Informe perito,True,True,2025-05-07,False,Sin observaciones,
DOC-001869,SIN-00531,Foto evidencia,False,True,2025-07-07,False,Sin observaciones,
DOC-001870,SIN-00531,Denuncia policial,False,True,2025-07-08,False,Sin observaciones,
DOC-001871,SIN-00531,Factura taller,False,True,2025-07-08,False,Sin observaciones,
DOC-001879,SIN-00534,Denuncia policial,False,False,2025-02-11,True,Fecha previa al evento detectada,
DOC-001880,SIN-00534,Factura taller,False,False,2025-02-06,True,Fecha previa al evento detectada,
DOC-001881,SIN-00534,Cedula asegurado,False,True,2025-02-07,False,Sin observaciones,
DOC-001882,SIN-00534,Foto evidencia,False,True,2025-02-06,False,Sin observaciones,
DOC-001883,SIN-00535,Foto evidencia,False,True,2024-09-09,False,Sin observaciones,
DOC-001884,SIN-00535,Informe perito,False,True,2024-09-14,False,Sin observaciones,
DOC-001885,SIN-00535,Cedula asegurado,False,True,2024-09-13,False,Sin observaciones,
DOC-001886,SIN-00535,Factura taller,False,True,2024-09-12,False,Sin observaciones,
DOC-001887,SIN-00535,Denuncia policial,False,True,2024-09-10,False,Sin observaciones,
DOC-001904,SIN-00541,Factura taller,True,True,2025-03-18,False,Sin observaciones,
DOC-001905,SIN-00541,Cedula asegurado,True,True,2025-03-14,False,Sin observaciones,
DOC-001906,SIN-00541,Foto evidencia,True,True,2025-03-16,False,Sin observaciones,
DOC-001907,SIN-00541,Informe perito,True,True,2025-03-16,False,Sin observaciones,
DOC-001908,SIN-00541,Denuncia policial,True,True,2025-03-16,False,Sin observaciones,
DOC-001937,SIN-00551,Informe perito,True,True,2024-12-16,False,Sin observaciones,
DOC-001938,SIN-00551,Cedula asegurado,True,True,2024-12-17,False,Sin observaciones,
DOC-001939,SIN-00551,Foto evidencia,True,True,2024-12-17,False,Sin observaciones,
DOC-001940,SIN-00551,Factura taller,True,True,2024-12-18,False,Sin observaciones,
DOC-001941,SIN-00551,Denuncia policial,True,True,2024-12-16,False,Sin observaciones,
DOC-001944,SIN-00553,Informe perito,True,True,2025-08-07,False,Sin observaciones,
DOC-001945,SIN-00553,Denuncia policial,True,True,2025-08-07,False,Sin observaciones,
DOC-001946,SIN-00553,Foto evidencia,True,True,2025-08-07,False,Sin observaciones,
DOC-001947,SIN-00554,Foto evidencia,True,True,2024-08-21,False,Sin observaciones,
DOC-001948,SIN-00554,Factura taller,True,True,2024-08-24,False,Sin observaciones,
DOC-001949,SIN-00554,Denuncia policial,True,True,2024-08-23,False,Sin observaciones,
DOC-001950,SIN-00554,Cedula asegurado,True,True,2024-08-22,False,Sin observaciones,
DOC-001954,SIN-00556,Denuncia policial,True,True,2025-04-16,False,Sin observaciones,
DOC-001955,SIN-00556,Factura taller,True,True,2025-04-19,False,Sin observaciones,
DOC-001956,SIN-00556,Informe perito,True,True,2025-04-18,False,Sin observaciones,
DOC-001957,SIN-00556,Cedula asegurado,True,True,2025-04-19,False,Sin observaciones,
DOC-001958,SIN-00556,Foto evidencia,True,True,2025-04-16,False,Sin observaciones,
DOC-001959,SIN-00557,Factura taller,False,False,2025-05-20,True,Fecha previa al evento detectada,
DOC-001960,SIN-00557,Denuncia policial,False,False,2025-05-19,True,Fecha previa al evento detectada,
DOC-001964,SIN-00559,Denuncia policial,True,True,2025-08-13,False,Sin observaciones,
DOC-001965,SIN-00559,Informe perito,True,True,2025-08-13,False,Sin observaciones,
DOC-001966,SIN-00560,Denuncia policial,True,True,2024-08-07,False,Sin observaciones,
DOC-001967,SIN-00560,Informe perito,True,True,2024-08-10,False,Sin observaciones,
DOC-001968,SIN-00561,Informe perito,True,True,2025-03-31,False,Sin observaciones,
DOC-001969,SIN-00561,Denuncia policial,True,True,2025-04-02,False,Sin observaciones,
DOC-001970,SIN-00562,Cedula asegurado,True,True,2025-05-26,False,Sin observaciones,
DOC-001971,SIN-00562,Informe perito,True,True,2025-05-25,False,Sin observaciones,
DOC-001972,SIN-00562,Denuncia policial,True,True,2025-05-25,False,Sin observaciones,
DOC-001973,SIN-00562,Factura taller,True,True,2025-05-23,False,Sin observaciones,
DOC-001974,SIN-00562,Foto evidencia,True,True,2025-05-24,False,Sin observaciones,
DOC-001981,SIN-00565,Cedula asegurado,False,True,2025-04-18,False,Sin observaciones,
DOC-001982,SIN-00565,Informe perito,False,False,2025-04-22,True,Fecha previa al evento detectada,
DOC-001986,SIN-00567,Cedula asegurado,False,True,2025-03-21,False,Sin observaciones,
DOC-001987,SIN-00567,Denuncia policial,False,False,2025-03-25,True,Fecha previa al evento detectada,
DOC-001988,SIN-00567,Factura taller,False,False,2025-03-23,True,Fecha previa al evento detectada,
DOC-001989,SIN-00567,Informe perito,False,True,2025-03-22,False,Sin observaciones,
DOC-001990,SIN-00567,Foto evidencia,False,False,2025-03-25,True,Fecha previa al evento detectada,
DOC-001991,SIN-00568,Denuncia policial,True,True,2025-06-05,False,Sin observaciones,
DOC-001992,SIN-00568,Foto evidencia,True,True,2025-06-08,False,Sin observaciones,
DOC-001993,SIN-00568,Cedula asegurado,True,True,2025-06-05,False,Sin observaciones,
DOC-001994,SIN-00568,Factura taller,True,True,2025-06-04,False,Sin observaciones,
DOC-001998,SIN-00570,Denuncia policial,False,True,2024-09-02,False,Sin observaciones,
DOC-001999,SIN-00570,Foto evidencia,False,True,2024-08-31,False,Sin observaciones,
DOC-002000,SIN-00570,Cedula asegurado,False,True,2024-09-03,False,Sin observaciones,
DOC-002001,SIN-00570,Informe perito,False,True,2024-08-30,False,Sin observaciones,
DOC-002007,SIN-00573,Informe perito,True,True,2025-06-28,False,Sin observaciones,
DOC-002008,SIN-00573,Factura taller,True,True,2025-06-29,False,Sin observaciones,
DOC-002016,SIN-00577,Informe perito,True,True,2025-07-30,False,Sin observaciones,
DOC-002017,SIN-00577,Foto evidencia,True,True,2025-07-30,False,Sin observaciones,
DOC-002018,SIN-00577,Cedula asegurado,True,True,2025-07-28,False,Sin observaciones,
DOC-002019,SIN-00577,Factura taller,True,True,2025-07-30,False,Sin observaciones,
DOC-002020,SIN-00577,Denuncia policial,True,True,2025-07-30,False,Sin observaciones,
DOC-002027,SIN-00580,Factura taller,False,True,2025-06-06,False,Sin observaciones,
DOC-002028,SIN-00580,Denuncia policial,False,True,2025-06-07,False,Sin observaciones,
DOC-002029,SIN-00580,Cedula asegurado,False,True,2025-06-06,False,Sin observaciones,
DOC-002030,SIN-00580,Informe perito,False,True,2025-06-06,False,Sin observaciones,
DOC-002044,SIN-00584,Foto evidencia,True,True,2025-01-25,False,Sin observaciones,
DOC-002045,SIN-00584,Denuncia policial,True,True,2025-01-21,False,Sin observaciones,
DOC-002046,SIN-00584,Factura taller,True,True,2025-01-23,False,Sin observaciones,
DOC-002047,SIN-00584,Informe perito,True,True,2025-01-24,False,Sin observaciones,
DOC-002048,SIN-00585,Foto evidencia,False,False,2025-01-14,True,Fecha previa al evento detectada,
DOC-002049,SIN-00585,Informe perito,False,True,2025-01-13,False,Sin observaciones,
DOC-002050,SIN-00585,Cedula asegurado,False,False,2025-01-13,True,Fecha previa al evento detectada,
DOC-002051,SIN-00586,Denuncia policial,True,True,2025-01-18,False,Sin observaciones,
DOC-002052,SIN-00586,Foto evidencia,True,True,2025-01-18,False,Sin observaciones,
DOC-002057,SIN-00588,Foto evidencia,True,True,2025-03-10,False,Sin observaciones,
DOC-002058,SIN-00588,Informe perito,True,True,2025-03-15,False,Sin observaciones,
DOC-002059,SIN-00589,Informe perito,True,True,2024-12-29,False,Sin observaciones,
DOC-002060,SIN-00589,Factura taller,True,True,2025-01-01,False,Sin observaciones,
DOC-002061,SIN-00589,Foto evidencia,True,True,2024-12-31,False,Sin observaciones,
DOC-002072,SIN-00593,Factura taller,False,False,2025-01-02,True,Fecha previa al evento detectada,
DOC-002073,SIN-00593,Cedula asegurado,False,False,2025-01-02,True,Fecha previa al evento detectada,
DOC-002074,SIN-00593,Informe perito,False,True,2025-01-05,False,Sin observaciones,
DOC-002075,SIN-00594,Denuncia policial,False,False,2025-01-31,True,Fecha previa al evento detectada,
DOC-002076,SIN-00594,Factura taller,False,False,2025-01-26,True,Fecha previa al evento detectada,
DOC-002077,SIN-00595,Factura taller,True,True,2024-12-08,False,Sin observaciones,
DOC-002078,SIN-00595,Informe perito,True,True,2024-12-10,False,Sin observaciones,
DOC-002079,SIN-00595,Cedula asegurado,True,True,2024-12-05,False,Sin observaciones,
DOC-002080,SIN-00595,Denuncia policial,True,True,2024-12-09,False,Sin observaciones,
DOC-002081,SIN-00596,Informe perito,True,True,2024-11-06,False,Sin observaciones,
DOC-002082,SIN-00596,Cedula asegurado,True,True,2024-11-08,False,Sin observaciones,
DOC-002083,SIN-00596,Factura taller,True,True,2024-11-05,False,Sin observaciones,
DOC-002094,SIN-00599,Foto evidencia,True,True,2025-06-19,False,Sin observaciones,
DOC-002095,SIN-00599,Cedula asegurado,True,True,2025-06-23,False,Sin observaciones,
DOC-002096,SIN-00600,Factura taller,True,True,2025-06-17,False,Sin observaciones,
DOC-002097,SIN-00600,Foto evidencia,True,True,2025-06-20,False,Sin observaciones,
DOC-002098,SIN-00601,Foto evidencia,False,True,2025-02-09,False,Sin observaciones,
DOC-002099,SIN-00601,Cedula asegurado,False,True,2025-02-10,False,Sin observaciones,
DOC-002100,SIN-00602,Foto evidencia,True,True,2025-01-16,False,Sin observaciones,
DOC-002101,SIN-00602,Informe perito,True,True,2025-01-16,False,Sin observaciones,
DOC-002102,SIN-00602,Denuncia policial,True,True,2025-01-13,False,Sin observaciones,
DOC-002103,SIN-00603,Informe perito,True,True,2025-08-05,False,Sin observaciones,
DOC-002104,SIN-00603,Foto evidencia,True,True,2025-08-04,False,Sin observaciones,
DOC-002105,SIN-00603,Denuncia policial,True,True,2025-08-07,False,Sin observaciones,
DOC-002106,SIN-00603,Factura taller,True,True,2025-08-08,False,Sin observaciones,
DOC-002117,SIN-00606,Denuncia policial,True,True,2025-05-15,False,Sin observaciones,
DOC-002118,SIN-00606,Factura taller,True,True,2025-05-18,False,Sin observaciones,
DOC-002119,SIN-00606,Cedula asegurado,True,True,2025-05-15,False,Sin observaciones,
DOC-002120,SIN-00606,Informe perito,True,True,2025-05-14,False,Sin observaciones,
DOC-002121,SIN-00606,Foto evidencia,True,True,2025-05-16,False,Sin observaciones,
DOC-002122,SIN-00607,Cedula asegurado,True,True,2025-02-02,False,Sin observaciones,
DOC-002123,SIN-00607,Foto evidencia,True,True,2025-02-02,False,Sin observaciones,
DOC-002124,SIN-00607,Factura taller,True,True,2025-02-02,False,Sin observaciones,
DOC-002130,SIN-00609,Informe perito,True,True,2025-06-02,False,Sin observaciones,
DOC-002131,SIN-00609,Factura taller,True,True,2025-06-06,False,Sin observaciones,
DOC-002132,SIN-00609,Foto evidencia,True,True,2025-06-03,False,Sin observaciones,
DOC-002133,SIN-00609,Denuncia policial,True,True,2025-06-04,False,Sin observaciones,
DOC-002134,SIN-00609,Cedula asegurado,True,True,2025-06-02,False,Sin observaciones,
DOC-002135,SIN-00610,Factura taller,True,True,2025-05-11,False,Sin observaciones,
DOC-002136,SIN-00610,Informe perito,True,True,2025-05-14,False,Sin observaciones,
DOC-002137,SIN-00610,Denuncia policial,True,True,2025-05-13,False,Sin observaciones,
DOC-002138,SIN-00610,Cedula asegurado,True,True,2025-05-15,False,Sin observaciones,
DOC-002149,SIN-00613,Denuncia policial,True,True,2025-01-16,False,Sin observaciones,
DOC-002150,SIN-00613,Cedula asegurado,True,True,2025-01-16,False,Sin observaciones,
DOC-002151,SIN-00613,Informe perito,True,True,2025-01-14,False,Sin observaciones,
DOC-002152,SIN-00614,Cedula asegurado,True,True,2024-11-22,False,Sin observaciones,
DOC-002153,SIN-00614,Informe perito,True,True,2024-11-19,False,Sin observaciones,
DOC-002154,SIN-00614,Factura taller,True,True,2024-11-20,False,Sin observaciones,
DOC-002155,SIN-00614,Foto evidencia,True,True,2024-11-22,False,Sin observaciones,
DOC-002162,SIN-00617,Informe perito,False,False,2025-01-12,True,Fecha previa al evento detectada,
DOC-002163,SIN-00617,Cedula asegurado,False,False,2025-01-15,True,Fecha previa al evento detectada,
DOC-002164,SIN-00617,Denuncia policial,False,False,2025-01-12,True,Fecha previa al evento detectada,
DOC-002172,SIN-00620,Cedula asegurado,False,False,2025-07-27,True,Fecha previa al evento detectada,
DOC-002173,SIN-00620,Denuncia policial,False,True,2025-07-30,False,Sin observaciones,
DOC-002174,SIN-00620,Informe perito,False,False,2025-07-30,True,Fecha previa al evento detectada,
DOC-002175,SIN-00621,Factura taller,True,True,2025-08-09,False,Sin observaciones,
DOC-002176,SIN-00621,Denuncia policial,True,True,2025-08-11,False,Sin observaciones,
DOC-002177,SIN-00621,Informe perito,True,True,2025-08-12,False,Sin observaciones,
DOC-002178,SIN-00621,Cedula asegurado,True,True,2025-08-13,False,Sin observaciones,
DOC-002179,SIN-00622,Cedula asegurado,False,False,2024-09-04,True,Fecha previa al evento detectada,
DOC-002180,SIN-00622,Foto evidencia,False,True,2024-09-05,False,Sin observaciones,
DOC-002181,SIN-00622,Factura taller,False,False,2024-09-05,True,Fecha previa al evento detectada,
DOC-002182,SIN-00622,Denuncia policial,False,False,2024-09-07,True,Fecha previa al evento detectada,
DOC-002186,SIN-00624,Denuncia policial,True,True,2024-10-02,False,Sin observaciones,
DOC-002187,SIN-00624,Informe perito,True,True,2024-10-02,False,Sin observaciones,
DOC-002188,SIN-00624,Foto evidencia,True,True,2024-09-28,False,Sin observaciones,
DOC-002189,SIN-00624,Cedula asegurado,True,True,2024-09-29,False,Sin observaciones,
DOC-002190,SIN-00624,Factura taller,True,True,2024-10-01,False,Sin observaciones,
DOC-002193,SIN-00626,Denuncia policial,False,False,2024-11-16,True,Fecha previa al evento detectada,
DOC-002194,SIN-00626,Cedula asegurado,False,False,2024-11-19,True,Fecha previa al evento detectada,
DOC-002195,SIN-00626,Informe perito,False,False,2024-11-18,True,Fecha previa al evento detectada,
DOC-002196,SIN-00626,Foto evidencia,False,True,2024-11-15,False,Sin observaciones,
DOC-002197,SIN-00627,Denuncia policial,False,True,2025-02-25,False,Sin observaciones,
DOC-002198,SIN-00627,Foto evidencia,False,False,2025-02-22,True,Fecha previa al evento detectada,
DOC-002202,SIN-00629,Cedula asegurado,False,True,2025-02-26,False,Sin observaciones,
DOC-002203,SIN-00629,Factura taller,False,True,2025-02-27,False,Sin observaciones,
DOC-002204,SIN-00629,Foto evidencia,False,True,2025-02-26,False,Sin observaciones,
DOC-002205,SIN-00629,Informe perito,False,True,2025-02-25,False,Sin observaciones,
DOC-002206,SIN-00630,Factura taller,False,False,2025-03-21,True,Fecha previa al evento detectada,
DOC-002207,SIN-00630,Cedula asegurado,False,False,2025-03-16,True,Fecha previa al evento detectada,
DOC-002214,SIN-00633,Factura taller,True,True,2024-11-08,False,Sin observaciones,
DOC-002215,SIN-00633,Cedula asegurado,True,True,2024-11-11,False,Sin observaciones,
DOC-002216,SIN-00633,Denuncia policial,True,True,2024-11-11,False,Sin observaciones,
DOC-002217,SIN-00633,Foto evidencia,True,True,2024-11-09,False,Sin observaciones,
DOC-002218,SIN-00633,Informe perito,True,True,2024-11-10,False,Sin observaciones,
DOC-002224,SIN-00636,Foto evidencia,True,True,2024-06-07,False,Sin observaciones,
DOC-002225,SIN-00636,Cedula asegurado,True,True,2024-06-08,False,Sin observaciones,
DOC-002226,SIN-00636,Informe perito,True,True,2024-06-07,False,Sin observaciones,
DOC-002227,SIN-00636,Factura taller,True,True,2024-06-07,False,Sin observaciones,
DOC-002233,SIN-00638,Foto evidencia,True,True,2025-07-19,False,Sin observaciones,
DOC-002234,SIN-00638,Informe perito,True,True,2025-07-20,False,Sin observaciones,
DOC-002235,SIN-00638,Factura taller,True,True,2025-07-17,False,Sin observaciones,
DOC-002236,SIN-00638,Denuncia policial,True,True,2025-07-18,False,Sin observaciones,
DOC-002237,SIN-00638,Cedula asegurado,True,True,2025-07-19,False,Sin observaciones,
DOC-002243,SIN-00641,Factura taller,False,False,2025-05-15,True,Fecha previa al evento detectada,
DOC-002244,SIN-00641,Foto evidencia,False,True,2025-05-15,False,Sin observaciones,
DOC-002245,SIN-00641,Informe perito,False,False,2025-05-20,True,Fecha previa al evento detectada,
DOC-002246,SIN-00641,Cedula asegurado,False,False,2025-05-15,True,Fecha previa al evento detectada,
DOC-002257,SIN-00645,Informe perito,False,True,2024-06-20,False,Sin observaciones,
DOC-002258,SIN-00645,Factura taller,False,True,2024-06-18,False,Sin observaciones,
DOC-002259,SIN-00645,Cedula asegurado,False,True,2024-06-20,False,Sin observaciones,
DOC-002266,SIN-00648,Cedula asegurado,True,True,2025-05-05,False,Sin observaciones,
DOC-002267,SIN-00648,Informe perito,True,True,2025-05-04,False,Sin observaciones,
DOC-002268,SIN-00648,Factura taller,True,True,2025-05-03,False,Sin observaciones,
DOC-002269,SIN-00648,Foto evidencia,True,True,2025-05-04,False,Sin observaciones,
DOC-002273,SIN-00650,Denuncia policial,True,True,2025-01-25,False,Sin observaciones,
DOC-002274,SIN-00650,Cedula asegurado,True,True,2025-01-23,False,Sin observaciones,
DOC-002275,SIN-00650,Informe perito,True,True,2025-01-22,False,Sin observaciones,
DOC-002276,SIN-00651,Denuncia policial,False,True,2025-05-04,False,Sin observaciones,
DOC-002277,SIN-00651,Factura taller,False,False,2025-05-05,True,Fecha previa al evento detectada,
DOC-002278,SIN-00652,Informe perito,True,True,2025-04-23,False,Sin observaciones,
DOC-002279,SIN-00652,Cedula asegurado,True,True,2025-04-19,False,Sin observaciones,
DOC-002280,SIN-00652,Foto evidencia,True,True,2025-04-19,False,Sin observaciones,
DOC-002281,SIN-00652,Denuncia policial,True,True,2025-04-24,False,Sin observaciones,
DOC-002282,SIN-00653,Cedula asegurado,True,True,2025-07-06,False,Sin observaciones,
DOC-002283,SIN-00653,Factura taller,True,True,2025-07-07,False,Sin observaciones,
DOC-002284,SIN-00653,Informe perito,True,True,2025-07-08,False,Sin observaciones,
DOC-002285,SIN-00653,Foto evidencia,True,True,2025-07-09,False,Sin observaciones,
DOC-002286,SIN-00653,Denuncia policial,True,True,2025-07-10,False,Sin observaciones,
DOC-002287,SIN-00654,Denuncia policial,True,True,2025-03-05,False,Sin observaciones,
DOC-002288,SIN-00654,Factura taller,True,True,2025-03-04,False,Sin observaciones,
DOC-002289,SIN-00654,Foto evidencia,True,True,2025-03-01,False,Sin observaciones,
DOC-002290,SIN-00655,Denuncia policial,True,True,2025-07-07,False,Sin observaciones,
DOC-002291,SIN-00655,Factura taller,True,True,2025-07-07,False,Sin observaciones,
DOC-002292,SIN-00655,Foto evidencia,True,True,2025-07-09,False,Sin observaciones,
DOC-002301,SIN-00658,Informe perito,True,True,2025-02-06,False,Sin observaciones,
DOC-002302,SIN-00658,Denuncia policial,True,True,2025-02-05,False,Sin observaciones,
DOC-002303,SIN-00658,Factura taller,True,True,2025-02-03,False,Sin observaciones,
DOC-002304,SIN-00658,Foto evidencia,True,True,2025-02-08,False,Sin observaciones,
DOC-002305,SIN-00658,Cedula asegurado,True,True,2025-02-06,False,Sin observaciones,
DOC-002311,SIN-00660,Denuncia policial,True,True,2025-08-08,False,Sin observaciones,
DOC-002312,SIN-00660,Informe perito,True,True,2025-08-06,False,Sin observaciones,
DOC-002313,SIN-00660,Foto evidencia,True,True,2025-08-06,False,Sin observaciones,
DOC-002314,SIN-00661,Informe perito,True,True,2025-05-26,False,Sin observaciones,
DOC-002315,SIN-00661,Cedula asegurado,True,True,2025-05-24,False,Sin observaciones,
DOC-002316,SIN-00661,Denuncia policial,True,True,2025-05-28,False,Sin observaciones,
DOC-002324,SIN-00664,Informe perito,True,True,2025-07-06,False,Sin observaciones,
DOC-002325,SIN-00664,Foto evidencia,True,True,2025-07-10,False,Sin observaciones,
DOC-002326,SIN-00664,Denuncia policial,True,True,2025-07-10,False,Sin observaciones,
DOC-002327,SIN-00664,Cedula asegurado,True,True,2025-07-09,False,Sin observaciones,
DOC-002328,SIN-00664,Factura taller,True,True,2025-07-05,False,Sin observaciones,
DOC-002329,SIN-00665,Denuncia policial,False,False,2025-05-20,True,Fecha previa al evento detectada,
DOC-002330,SIN-00665,Foto evidencia,False,False,2025-05-21,True,Fecha previa al evento detectada,
DOC-002331,SIN-00665,Cedula asegurado,False,False,2025-05-20,True,Fecha previa al evento detectada,
DOC-002332,SIN-00665,Informe perito,False,False,2025-05-21,True,Fecha previa al evento detectada,
DOC-002333,SIN-00665,Factura taller,False,False,2025-05-21,True,Fecha previa al evento detectada,
DOC-002334,SIN-00666,Foto evidencia,False,False,2024-11-07,True,Fecha previa al evento detectada,
DOC-002335,SIN-00666,Informe perito,False,False,2024-11-10,True,Fecha previa al evento detectada,
DOC-002336,SIN-00666,Denuncia policial,False,False,2024-11-09,True,Fecha previa al evento detectada,
DOC-002337,SIN-00666,Factura taller,False,True,2024-11-09,False,Sin observaciones,
DOC-002347,SIN-00670,Foto evidencia,False,False,2024-10-21,True,Fecha previa al evento detectada,
DOC-002348,SIN-00670,Factura taller,False,False,2024-10-24,True,Fecha previa al evento detectada,
DOC-002349,SIN-00670,Cedula asegurado,False,True,2024-10-25,False,Sin observaciones,
DOC-002350,SIN-00670,Informe perito,False,False,2024-10-25,True,Fecha previa al evento detectada,
DOC-002351,SIN-00670,Denuncia policial,False,True,2024-10-21,False,Sin observaciones,
DOC-002354,SIN-00672,Informe perito,False,True,2025-07-26,False,Sin observaciones,
DOC-002355,SIN-00672,Foto evidencia,False,True,2025-07-28,False,Sin observaciones,
DOC-002356,SIN-00672,Denuncia policial,False,True,2025-07-25,False,Sin observaciones,
DOC-002357,SIN-00672,Cedula asegurado,False,True,2025-07-26,False,Sin observaciones,
DOC-002361,SIN-00674,Factura taller,True,True,2025-04-11,False,Sin observaciones,
DOC-002362,SIN-00674,Denuncia policial,True,True,2025-04-11,False,Sin observaciones,
DOC-002373,SIN-00677,Informe perito,True,True,2025-03-23,False,Sin observaciones,
DOC-002374,SIN-00677,Cedula asegurado,True,True,2025-03-26,False,Sin observaciones,
DOC-002375,SIN-00677,Factura taller,True,True,2025-03-24,False,Sin observaciones,
DOC-002376,SIN-00678,Cedula asegurado,True,True,2024-10-11,False,Sin observaciones,
DOC-002377,SIN-00678,Informe perito,True,True,2024-10-13,False,Sin observaciones,
DOC-002378,SIN-00678,Denuncia policial,True,True,2024-10-13,False,Sin observaciones,
DOC-002379,SIN-00678,Factura taller,True,True,2024-10-14,False,Sin observaciones,
DOC-002380,SIN-00678,Foto evidencia,True,True,2024-10-12,False,Sin observaciones,
DOC-002386,SIN-00680,Foto evidencia,False,False,2024-11-08,True,Fecha previa al evento detectada,
DOC-002387,SIN-00680,Factura taller,False,True,2024-11-05,False,Sin observaciones,
DOC-002388,SIN-00680,Denuncia policial,False,False,2024-11-09,True,Fecha previa al evento detectada,
DOC-002389,SIN-00680,Informe perito,False,False,2024-11-07,True,Fecha previa al evento detectada,
DOC-002390,SIN-00681,Cedula asegurado,True,True,2024-06-22,False,Sin observaciones,
DOC-002391,SIN-00681,Informe perito,True,True,2024-06-21,False,Sin observaciones,
DOC-002395,SIN-00683,Informe perito,True,True,2025-07-24,False,Sin observaciones,
DOC-002396,SIN-00683,Denuncia policial,True,True,2025-07-25,False,Sin observaciones,
DOC-002397,SIN-00683,Factura taller,True,True,2025-07-21,False,Sin observaciones,
DOC-002398,SIN-00683,Cedula asegurado,True,True,2025-07-26,False,Sin observaciones,
DOC-002399,SIN-00684,Foto evidencia,False,True,2024-10-18,False,Sin observaciones,
DOC-002400,SIN-00684,Informe perito,False,True,2024-10-19,False,Sin observaciones,
DOC-002401,SIN-00684,Cedula asegurado,False,True,2024-10-17,False,Sin observaciones,
DOC-002402,SIN-00684,Denuncia policial,False,True,2024-10-21,False,Sin observaciones,
DOC-002405,SIN-00686,Cedula asegurado,True,True,2025-08-14,False,Sin observaciones,
DOC-002406,SIN-00686,Informe perito,True,True,2025-08-13,False,Sin observaciones,
DOC-002407,SIN-00686,Foto evidencia,True,True,2025-08-17,False,Sin observaciones,
DOC-002408,SIN-00686,Denuncia policial,True,True,2025-08-18,False,Sin observaciones,
DOC-002409,SIN-00686,Factura taller,True,True,2025-08-13,False,Sin observaciones,
DOC-002415,SIN-00689,Foto evidencia,True,True,2025-05-13,False,Sin observaciones,
DOC-002416,SIN-00689,Cedula asegurado,True,True,2025-05-09,False,Sin observaciones,
DOC-002417,SIN-00689,Informe perito,True,True,2025-05-11,False,Sin observaciones,
DOC-002441,SIN-00695,Foto evidencia,False,True,2025-08-07,False,Sin observaciones,
DOC-002442,SIN-00695,Informe perito,False,True,2025-08-11,False,Sin observaciones,
DOC-002443,SIN-00695,Denuncia policial,False,False,2025-08-10,True,Fecha previa al evento detectada,
DOC-002444,SIN-00695,Cedula asegurado,False,False,2025-08-08,True,Fecha previa al evento detectada,
DOC-002445,SIN-00696,Denuncia policial,True,True,2025-07-15,False,Sin observaciones,
DOC-002446,SIN-00696,Factura taller,True,True,2025-07-13,False,Sin observaciones,
DOC-002447,SIN-00696,Informe perito,True,True,2025-07-14,False,Sin observaciones,
DOC-002448,SIN-00696,Foto evidencia,True,True,2025-07-15,False,Sin observaciones,
DOC-002472,SIN-00704,Foto evidencia,False,True,2024-10-03,False,Sin observaciones,
DOC-002473,SIN-00704,Factura taller,False,False,2024-10-02,True,Fecha previa al evento detectada,
DOC-002474,SIN-00704,Cedula asegurado,False,False,2024-10-05,True,Fecha previa al evento detectada,
DOC-002475,SIN-00704,Informe perito,False,False,2024-10-03,True,Fecha previa al evento detectada,
DOC-002476,SIN-00704,Denuncia policial,False,True,2024-10-06,False,Sin observaciones,
DOC-002483,SIN-00707,Denuncia policial,True,True,2024-10-22,False,Sin observaciones,
DOC-002484,SIN-00707,Factura taller,True,True,2024-10-18,False,Sin observaciones,
DOC-002485,SIN-00708,Denuncia policial,True,True,2024-10-22,False,Sin observaciones,
DOC-002486,SIN-00708,Informe perito,True,True,2024-10-24,False,Sin observaciones,
DOC-002487,SIN-00708,Foto evidencia,True,True,2024-10-23,False,Sin observaciones,
DOC-002488,SIN-00709,Cedula asegurado,True,True,2024-10-03,False,Sin observaciones,
DOC-002489,SIN-00709,Denuncia policial,True,True,2024-10-02,False,Sin observaciones,
DOC-002493,SIN-00711,Denuncia policial,True,True,2024-12-27,False,Sin observaciones,
DOC-002494,SIN-00711,Informe perito,True,True,2024-12-29,False,Sin observaciones,
DOC-002501,SIN-00714,Denuncia policial,True,True,2025-01-30,False,Sin observaciones,
DOC-002502,SIN-00714,Informe perito,True,True,2025-02-01,False,Sin observaciones,
DOC-002503,SIN-00714,Foto evidencia,True,True,2025-01-30,False,Sin observaciones,
DOC-002504,SIN-00714,Factura taller,True,True,2025-01-31,False,Sin observaciones,
DOC-002505,SIN-00714,Cedula asegurado,True,True,2025-01-29,False,Sin observaciones,
DOC-002506,SIN-00715,Denuncia policial,True,True,2024-12-02,False,Sin observaciones,
DOC-002507,SIN-00715,Factura taller,True,True,2024-12-03,False,Sin observaciones,
DOC-002508,SIN-00716,Cedula asegurado,True,True,2025-06-16,False,Sin observaciones,
DOC-002509,SIN-00716,Foto evidencia,True,True,2025-06-19,False,Sin observaciones,
DOC-002510,SIN-00716,Factura taller,True,True,2025-06-19,False,Sin observaciones,
DOC-002515,SIN-00718,Informe perito,True,True,2024-09-11,False,Sin observaciones,
DOC-002516,SIN-00718,Denuncia policial,True,True,2024-09-07,False,Sin observaciones,
DOC-002517,SIN-00718,Foto evidencia,True,True,2024-09-11,False,Sin observaciones,
DOC-002518,SIN-00718,Factura taller,True,True,2024-09-06,False,Sin observaciones,
DOC-002524,SIN-00721,Denuncia policial,False,True,2025-06-26,False,Sin observaciones,
DOC-002525,SIN-00721,Cedula asegurado,False,True,2025-06-24,False,Sin observaciones,
DOC-002526,SIN-00721,Factura taller,False,True,2025-06-22,False,Sin observaciones,
DOC-002527,SIN-00721,Informe perito,False,True,2025-06-23,False,Sin observaciones,
DOC-002528,SIN-00722,Denuncia policial,True,True,2025-03-15,False,Sin observaciones,
DOC-002529,SIN-00722,Informe perito,True,True,2025-03-19,False,Sin observaciones,
DOC-002530,SIN-00722,Cedula asegurado,True,True,2025-03-16,False,Sin observaciones,
DOC-002531,SIN-00722,Factura taller,True,True,2025-03-17,False,Sin observaciones,
DOC-002532,SIN-00722,Foto evidencia,True,True,2025-03-17,False,Sin observaciones,
DOC-002548,SIN-00727,Cedula asegurado,True,True,2025-08-01,False,Sin observaciones,
DOC-002549,SIN-00727,Denuncia policial,True,True,2025-08-02,False,Sin observaciones,
DOC-002553,SIN-00729,Denuncia policial,True,True,2025-07-19,False,Sin observaciones,
DOC-002554,SIN-00729,Factura taller,True,True,2025-07-20,False,Sin observaciones,
DOC-002555,SIN-00729,Cedula asegurado,True,True,2025-07-17,False,Sin observaciones,
DOC-002556,SIN-00729,Foto evidencia,True,True,2025-07-16,False,Sin observaciones,
DOC-002562,SIN-00731,Factura taller,True,True,2024-10-26,False,Sin observaciones,
DOC-002563,SIN-00731,Informe perito,True,True,2024-10-25,False,Sin observaciones,
DOC-002566,SIN-00733,Denuncia policial,False,False,2025-07-14,True,Fecha previa al evento detectada,
DOC-002567,SIN-00733,Cedula asegurado,False,True,2025-07-12,False,Sin observaciones,
DOC-002568,SIN-00733,Foto evidencia,False,True,2025-07-16,False,Sin observaciones,
DOC-002569,SIN-00733,Factura taller,False,True,2025-07-15,False,Sin observaciones,
DOC-002575,SIN-00735,Denuncia policial,True,True,2025-08-25,False,Sin observaciones,
DOC-002576,SIN-00735,Factura taller,True,True,2025-08-25,False,Sin observaciones,
DOC-002577,SIN-00735,Cedula asegurado,True,True,2025-08-24,False,Sin observaciones,
DOC-002578,SIN-00735,Foto evidencia,True,True,2025-08-25,False,Sin observaciones,
DOC-002579,SIN-00735,Informe perito,True,True,2025-08-26,False,Sin observaciones,
DOC-002592,SIN-00739,Cedula asegurado,False,True,2024-08-21,False,Sin observaciones,
DOC-002593,SIN-00739,Factura taller,False,True,2024-08-23,False,Sin observaciones,
DOC-002594,SIN-00739,Denuncia policial,False,True,2024-08-23,False,Sin observaciones,
DOC-002595,SIN-00739,Foto evidencia,False,True,2024-08-20,False,Sin observaciones,
DOC-002596,SIN-00740,Denuncia policial,True,True,2024-10-04,False,Sin observaciones,
DOC-002597,SIN-00740,Factura taller,True,True,2024-10-05,False,Sin observaciones,
DOC-002598,SIN-00740,Informe perito,True,True,2024-10-06,False,Sin observaciones,
DOC-002603,SIN-00742,Informe perito,True,True,2025-07-06,False,Sin observaciones,
DOC-002604,SIN-00742,Denuncia policial,True,True,2025-07-09,False,Sin observaciones,
DOC-002605,SIN-00743,Cedula asegurado,False,True,2025-04-27,False,Sin observaciones,
DOC-002606,SIN-00743,Denuncia policial,False,True,2025-04-25,False,Sin observaciones,
DOC-002607,SIN-00743,Factura taller,False,True,2025-04-29,False,Sin observaciones,
DOC-002608,SIN-00743,Foto evidencia,False,True,2025-04-25,False,Sin observaciones,
DOC-002609,SIN-00743,Informe perito,False,True,2025-04-26,False,Sin observaciones,
DOC-002615,SIN-00745,Informe perito,True,True,2025-04-25,False,Sin observaciones,
DOC-002616,SIN-00745,Factura taller,True,True,2025-04-25,False,Sin observaciones,
DOC-002617,SIN-00745,Foto evidencia,True,True,2025-04-28,False,Sin observaciones,
DOC-002623,SIN-00748,Denuncia policial,True,True,2025-04-22,False,Sin observaciones,
DOC-002624,SIN-00748,Cedula asegurado,True,True,2025-04-26,False,Sin observaciones,
DOC-002625,SIN-00748,Factura taller,True,True,2025-04-22,False,Sin observaciones,
DOC-002626,SIN-00748,Foto evidencia,True,True,2025-04-25,False,Sin observaciones,
DOC-002627,SIN-00748,Informe perito,True,True,2025-04-22,False,Sin observaciones,
DOC-002628,SIN-00749,Denuncia policial,True,True,2024-10-29,False,Sin observaciones,
DOC-002629,SIN-00749,Cedula asegurado,True,True,2024-10-28,False,Sin observaciones,
DOC-002630,SIN-00750,Factura taller,False,True,2025-07-10,False,Sin observaciones,
DOC-002631,SIN-00750,Cedula asegurado,False,False,2025-07-13,True,Fecha previa al evento detectada,
DOC-002632,SIN-00750,Informe perito,False,False,2025-07-15,True,Fecha previa al evento detectada,
DOC-002636,SIN-00752,Foto evidencia,False,True,2024-06-28,False,Sin observaciones,
DOC-002637,SIN-00752,Factura taller,False,True,2024-06-24,False,Sin observaciones,
DOC-002638,SIN-00752,Denuncia policial,False,True,2024-06-26,False,Sin observaciones,
DOC-002639,SIN-00752,Cedula asegurado,False,False,2024-06-29,True,Fecha previa al evento detectada,
DOC-002640,SIN-00752,Informe perito,False,False,2024-06-26,True,Fecha previa al evento detectada,
DOC-002646,SIN-00754,Informe perito,False,True,2025-02-19,False,Sin observaciones,
DOC-002647,SIN-00754,Factura taller,False,True,2025-02-16,False,Sin observaciones,
DOC-002648,SIN-00754,Foto evidencia,False,True,2025-02-18,False,Sin observaciones,
DOC-002649,SIN-00754,Denuncia policial,False,True,2025-02-16,False,Sin observaciones,
DOC-002659,SIN-00758,Cedula asegurado,True,True,2024-10-31,False,Sin observaciones,
DOC-002660,SIN-00758,Foto evidencia,True,True,2024-11-02,False,Sin observaciones,
DOC-002661,SIN-00758,Denuncia policial,True,True,2024-11-03,False,Sin observaciones,
DOC-002662,SIN-00758,Informe perito,True,True,2024-10-29,False,Sin observaciones,
DOC-002663,SIN-00759,Denuncia policial,False,True,2024-08-02,False,Sin observaciones,
DOC-002664,SIN-00759,Cedula asegurado,False,True,2024-08-01,False,Sin observaciones,
DOC-002665,SIN-00760,Denuncia policial,True,True,2025-02-11,False,Sin observaciones,
DOC-002666,SIN-00760,Cedula asegurado,True,True,2025-02-08,False,Sin observaciones,
DOC-002667,SIN-00760,Informe perito,True,True,2025-02-08,False,Sin observaciones,
DOC-002668,SIN-00760,Factura taller,True,True,2025-02-09,False,Sin observaciones,
DOC-002669,SIN-00760,Foto evidencia,True,True,2025-02-13,False,Sin observaciones,
DOC-002670,SIN-00761,Informe perito,False,False,2025-08-17,True,Fecha previa al evento detectada,
DOC-002671,SIN-00761,Factura taller,False,False,2025-08-13,True,Fecha previa al evento detectada,
DOC-002672,SIN-00761,Foto evidencia,False,True,2025-08-15,False,Sin observaciones,
DOC-002673,SIN-00761,Denuncia policial,False,False,2025-08-18,True,Fecha previa al evento detectada,
DOC-002674,SIN-00761,Cedula asegurado,False,False,2025-08-15,True,Fecha previa al evento detectada,
DOC-002680,SIN-00764,Cedula asegurado,False,True,2024-09-01,False,Sin observaciones,
DOC-002681,SIN-00764,Denuncia policial,False,False,2024-08-31,True,Fecha previa al evento detectada,
DOC-002682,SIN-00764,Factura taller,False,False,2024-08-31,True,Fecha previa al evento detectada,
DOC-002683,SIN-00764,Informe perito,False,True,2024-09-01,False,Sin observaciones,
DOC-002684,SIN-00764,Foto evidencia,False,False,2024-08-30,True,Fecha previa al evento detectada,
DOC-002687,SIN-00766,Cedula asegurado,False,False,2025-08-09,True,Fecha previa al evento detectada,
DOC-002688,SIN-00766,Factura taller,False,False,2025-08-10,True,Fecha previa al evento detectada,
DOC-002689,SIN-00766,Foto evidencia,False,False,2025-08-09,True,Fecha previa al evento detectada,
DOC-002700,SIN-00769,Informe perito,True,True,2025-07-16,False,Sin observaciones,
DOC-002701,SIN-00769,Factura taller,True,True,2025-07-17,False,Sin observaciones,
DOC-002702,SIN-00769,Foto evidencia,True,True,2025-07-18,False,Sin observaciones,
DOC-002703,SIN-00769,Denuncia policial,True,True,2025-07-20,False,Sin observaciones,
DOC-002706,SIN-00771,Foto evidencia,False,False,2024-09-02,True,Fecha previa al evento detectada,
DOC-002707,SIN-00771,Informe perito,False,False,2024-09-02,True,Fecha previa al evento detectada,
DOC-002713,SIN-00773,Factura taller,True,True,2025-06-12,False,Sin observaciones,
DOC-002714,SIN-00773,Foto evidencia,True,True,2025-06-16,False,Sin observaciones,
DOC-002715,SIN-00773,Cedula asegurado,True,True,2025-06-15,False,Sin observaciones,
DOC-002716,SIN-00773,Informe perito,True,True,2025-06-13,False,Sin observaciones,
DOC-002727,SIN-00777,Denuncia policial,True,True,2024-10-31,False,Sin observaciones,
DOC-002728,SIN-00777,Cedula asegurado,True,True,2024-11-02,False,Sin observaciones,
DOC-002729,SIN-00777,Foto evidencia,True,True,2024-11-02,False,Sin observaciones,
DOC-002730,SIN-00777,Factura taller,True,True,2024-11-01,False,Sin observaciones,
DOC-002731,SIN-00777,Informe perito,True,True,2024-11-05,False,Sin observaciones,
DOC-002732,SIN-00778,Denuncia policial,True,True,2025-08-15,False,Sin observaciones,
DOC-002733,SIN-00778,Informe perito,True,True,2025-08-12,False,Sin observaciones,
DOC-002734,SIN-00778,Cedula asegurado,True,True,2025-08-11,False,Sin observaciones,
DOC-002735,SIN-00779,Informe perito,True,True,2025-02-28,False,Sin observaciones,
DOC-002736,SIN-00779,Factura taller,True,True,2025-03-02,False,Sin observaciones,
DOC-002737,SIN-00780,Foto evidencia,True,True,2025-08-14,False,Sin observaciones,
DOC-002738,SIN-00780,Factura taller,True,True,2025-08-17,False,Sin observaciones,
DOC-002754,SIN-00785,Cedula asegurado,True,True,2025-07-05,False,Sin observaciones,
DOC-002755,SIN-00785,Denuncia policial,True,True,2025-07-06,False,Sin observaciones,
DOC-002756,SIN-00785,Foto evidencia,True,True,2025-07-04,False,Sin observaciones,
DOC-002772,SIN-00790,Denuncia policial,False,True,2024-06-10,False,Sin observaciones,
DOC-002773,SIN-00790,Foto evidencia,False,True,2024-06-06,False,Sin observaciones,
DOC-002774,SIN-00790,Factura taller,False,True,2024-06-08,False,Sin observaciones,
DOC-002793,SIN-00795,Cedula asegurado,True,True,2025-03-10,False,Sin observaciones,
DOC-002794,SIN-00795,Factura taller,True,True,2025-03-07,False,Sin observaciones,
DOC-002795,SIN-00795,Informe perito,True,True,2025-03-09,False,Sin observaciones,
DOC-002796,SIN-00795,Denuncia policial,True,True,2025-03-07,False,Sin observaciones,
DOC-002806,SIN-00798,Cedula asegurado,True,True,2024-12-05,False,Sin observaciones,
DOC-002807,SIN-00798,Informe perito,True,True,2024-12-07,False,Sin observaciones,
DOC-002808,SIN-00799,Informe perito,True,True,2025-03-30,False,Sin observaciones,
DOC-002809,SIN-00799,Factura taller,True,True,2025-04-02,False,Sin observaciones,
DOC-002810,SIN-00799,Cedula asegurado,True,True,2025-04-02,False,Sin observaciones,
DOC-002814,SIN-00801,Denuncia policial,False,False,2025-03-10,True,Fecha previa al evento detectada,
DOC-002815,SIN-00801,Cedula asegurado,False,False,2025-03-08,True,Fecha previa al evento detectada,
DOC-002816,SIN-00801,Informe perito,False,False,2025-03-08,True,Fecha previa al evento detectada,
DOC-002817,SIN-00801,Factura taller,False,True,2025-03-10,False,Sin observaciones,
DOC-002818,SIN-00802,Factura taller,True,True,2024-10-25,False,Sin observaciones,
DOC-002819,SIN-00802,Denuncia policial,True,True,2024-10-25,False,Sin observaciones,
DOC-002820,SIN-00802,Cedula asegurado,True,True,2024-10-25,False,Sin observaciones,
DOC-002827,SIN-00805,Cedula asegurado,True,True,2024-12-10,False,Sin observaciones,
DOC-002828,SIN-00805,Informe perito,True,True,2024-12-10,False,Sin observaciones,
DOC-002829,SIN-00805,Factura taller,True,True,2024-12-08,False,Sin observaciones,
DOC-002830,SIN-00805,Denuncia policial,True,True,2024-12-10,False,Sin observaciones,
DOC-002831,SIN-00805,Foto evidencia,True,True,2024-12-07,False,Sin observaciones,
DOC-002847,SIN-00810,Foto evidencia,False,True,2024-10-02,False,Sin observaciones,
DOC-002848,SIN-00810,Denuncia policial,False,False,2024-10-02,True,Fecha previa al evento detectada,
DOC-002849,SIN-00810,Factura taller,False,False,2024-10-04,True,Fecha previa al evento detectada,
DOC-002850,SIN-00810,Cedula asegurado,False,False,2024-10-02,True,Fecha previa al evento detectada,
DOC-002851,SIN-00810,Informe perito,False,False,2024-10-02,True,Fecha previa al evento detectada,
DOC-002852,SIN-00811,Denuncia policial,True,True,2025-03-24,False,Sin observaciones,
DOC-002853,SIN-00811,Cedula asegurado,True,True,2025-03-23,False,Sin observaciones,
DOC-002854,SIN-00811,Informe perito,True,True,2025-03-24,False,Sin observaciones,
DOC-002855,SIN-00811,Factura taller,True,True,2025-03-25,False,Sin observaciones,
DOC-002861,SIN-00813,Denuncia policial,True,True,2025-07-21,False,Sin observaciones,
DOC-002862,SIN-00813,Foto evidencia,True,True,2025-07-21,False,Sin observaciones,
DOC-002863,SIN-00813,Factura taller,True,True,2025-07-18,False,Sin observaciones,
DOC-002864,SIN-00813,Cedula asegurado,True,True,2025-07-20,False,Sin observaciones,
DOC-002865,SIN-00813,Informe perito,True,True,2025-07-17,False,Sin observaciones,
DOC-002866,SIN-00814,Factura taller,True,True,2024-06-24,False,Sin observaciones,
DOC-002867,SIN-00814,Foto evidencia,True,True,2024-06-22,False,Sin observaciones,
DOC-002868,SIN-00814,Denuncia policial,True,True,2024-06-27,False,Sin observaciones,
DOC-002872,SIN-00816,Informe perito,False,True,2025-03-29,False,Sin observaciones,
DOC-002873,SIN-00816,Cedula asegurado,False,True,2025-03-29,False,Sin observaciones,
DOC-002876,SIN-00818,Informe perito,True,True,2025-02-28,False,Sin observaciones,
DOC-002877,SIN-00818,Denuncia policial,True,True,2025-02-26,False,Sin observaciones,
DOC-002891,SIN-00823,Factura taller,True,True,2025-04-02,False,Sin observaciones,
DOC-002892,SIN-00823,Informe perito,True,True,2025-04-06,False,Sin observaciones,
DOC-002893,SIN-00823,Denuncia policial,True,True,2025-04-02,False,Sin observaciones,
DOC-002894,SIN-00823,Cedula asegurado,True,True,2025-04-06,False,Sin observaciones,
DOC-002902,SIN-00826,Factura taller,True,True,2025-08-19,False,Sin observaciones,
DOC-002903,SIN-00826,Cedula asegurado,True,True,2025-08-16,False,Sin observaciones,
DOC-002904,SIN-00826,Foto evidencia,True,True,2025-08-16,False,Sin observaciones,
DOC-002905,SIN-00827,Factura taller,False,True,2024-09-09,False,Sin observaciones,
DOC-002906,SIN-00827,Cedula asegurado,False,True,2024-09-09,False,Sin observaciones,
DOC-002907,SIN-00827,Foto evidencia,False,True,2024-09-09,False,Sin observaciones,
DOC-002908,SIN-00827,Denuncia policial,False,True,2024-09-12,False,Sin observaciones,
DOC-002909,SIN-00827,Informe perito,False,True,2024-09-09,False,Sin observaciones,
DOC-002915,SIN-00829,Factura taller,False,True,2024-12-29,False,Sin observaciones,
DOC-002916,SIN-00829,Cedula asegurado,False,True,2025-01-01,False,Sin observaciones,
DOC-002925,SIN-00832,Informe perito,False,False,2025-02-27,True,Fecha previa al evento detectada,
DOC-002926,SIN-00832,Foto evidencia,False,False,2025-02-22,True,Fecha previa al evento detectada,
DOC-002930,SIN-00834,Denuncia policial,True,True,2024-12-23,False,Sin observaciones,
DOC-002931,SIN-00834,Foto evidencia,True,True,2024-12-23,False,Sin observaciones,
DOC-002948,SIN-00839,Factura taller,False,False,2025-02-17,True,Fecha previa al evento detectada,
DOC-002949,SIN-00839,Denuncia policial,False,False,2025-02-15,True,Fecha previa al evento detectada,
DOC-002950,SIN-00839,Informe perito,False,True,2025-02-13,False,Sin observaciones,
DOC-002951,SIN-00840,Informe perito,True,True,2024-06-09,False,Sin observaciones,
DOC-002952,SIN-00840,Factura taller,True,True,2024-06-10,False,Sin observaciones,
DOC-002953,SIN-00840,Cedula asegurado,True,True,2024-06-07,False,Sin observaciones,
DOC-002954,SIN-00840,Foto evidencia,True,True,2024-06-09,False,Sin observaciones,
DOC-002955,SIN-00840,Denuncia policial,True,True,2024-06-07,False,Sin observaciones,
DOC-002956,SIN-00841,Foto evidencia,True,True,2024-12-29,False,Sin observaciones,
DOC-002957,SIN-00841,Cedula asegurado,True,True,2024-12-25,False,Sin observaciones,
DOC-002963,SIN-00844,Denuncia policial,False,False,2025-08-28,True,Fecha previa al evento detectada,
DOC-002964,SIN-00844,Factura taller,False,False,2025-08-23,True,Fecha previa al evento detectada,
DOC-002965,SIN-00844,Informe perito,False,False,2025-08-24,True,Fecha previa al evento detectada,
DOC-002966,SIN-00844,Cedula asegurado,False,False,2025-08-23,True,Fecha previa al evento detectada,
DOC-002967,SIN-00844,Foto evidencia,False,False,2025-08-26,True,Fecha previa al evento detectada,
DOC-002972,SIN-00846,Denuncia policial,False,True,2025-01-01,False,Sin observaciones,
DOC-002973,SIN-00846,Foto evidencia,False,True,2024-12-30,False,Sin observaciones,
DOC-002974,SIN-00846,Factura taller,False,True,2025-01-02,False,Sin observaciones,
DOC-002975,SIN-00847,Factura taller,False,True,2025-03-19,False,Sin observaciones,
DOC-002976,SIN-00847,Denuncia policial,False,True,2025-03-19,False,Sin observaciones,
DOC-002979,SIN-00849,Denuncia policial,False,True,2025-05-07,False,Sin observaciones,
DOC-002980,SIN-00849,Informe perito,False,False,2025-05-09,True,Fecha previa al evento detectada,
DOC-002981,SIN-00849,Factura taller,False,True,2025-05-10,False,Sin observaciones,
DOC-002982,SIN-00850,Informe perito,False,False,2025-07-01,True,Fecha previa al evento detectada,
DOC-002983,SIN-00850,Cedula asegurado,False,False,2025-06-27,True,Fecha previa al evento detectada,
DOC-002984,SIN-00850,Factura taller,False,False,2025-07-02,True,Fecha previa al evento detectada,
DOC-002985,SIN-00850,Foto evidencia,False,False,2025-06-29,True,Fecha previa al evento detectada,
DOC-002996,SIN-00853,Factura taller,False,True,2025-07-23,False,Sin observaciones,
DOC-002997,SIN-00853,Denuncia policial,False,True,2025-07-25,False,Sin observaciones,
DOC-002998,SIN-00853,Informe perito,False,True,2025-07-24,False,Sin observaciones,
DOC-002999,SIN-00853,Cedula asegurado,False,True,2025-07-28,False,Sin observaciones,
DOC-003000,SIN-00854,Denuncia policial,False,False,2025-02-16,True,Fecha previa al evento detectada,
DOC-003001,SIN-00854,Factura taller,False,False,2025-02-18,True,Fecha previa al evento detectada,
DOC-003002,SIN-00854,Cedula asegurado,False,False,2025-02-21,True,Fecha previa al evento detectada,
DOC-003003,SIN-00854,Foto evidencia,False,False,2025-02-18,True,Fecha previa al evento detectada,
DOC-003004,SIN-00854,Informe perito,False,False,2025-02-20,True,Fecha previa al evento detectada,
DOC-003005,SIN-00855,Cedula asegurado,True,True,2025-07-11,False,Sin observaciones,
DOC-003006,SIN-00855,Informe perito,True,True,2025-07-11,False,Sin observaciones,
DOC-003015,SIN-00859,Cedula asegurado,True,True,2025-08-21,False,Sin observaciones,
DOC-003016,SIN-00859,Denuncia policial,True,True,2025-08-21,False,Sin observaciones,
DOC-003017,SIN-00859,Foto evidencia,True,True,2025-08-16,False,Sin observaciones,
DOC-003018,SIN-00859,Informe perito,True,True,2025-08-18,False,Sin observaciones,
DOC-003019,SIN-00859,Factura taller,True,True,2025-08-19,False,Sin observaciones,
DOC-003022,SIN-00861,Factura taller,False,False,2024-10-11,True,Fecha previa al evento detectada,
DOC-003023,SIN-00861,Informe perito,False,True,2024-10-06,False,Sin observaciones,
DOC-003024,SIN-00861,Denuncia policial,False,False,2024-10-11,True,Fecha previa al evento detectada,
DOC-003025,SIN-00861,Cedula asegurado,False,False,2024-10-08,True,Fecha previa al evento detectada,
DOC-003028,SIN-00863,Cedula asegurado,False,True,2024-11-05,False,Sin observaciones,
DOC-003029,SIN-00863,Foto evidencia,False,True,2024-11-01,False,Sin observaciones,
DOC-003030,SIN-00863,Informe perito,False,True,2024-11-04,False,Sin observaciones,
DOC-003031,SIN-00863,Denuncia policial,False,True,2024-11-01,False,Sin observaciones,
DOC-003032,SIN-00864,Cedula asegurado,True,True,2024-11-29,False,Sin observaciones,
DOC-003033,SIN-00864,Informe perito,True,True,2024-12-01,False,Sin observaciones,
DOC-003034,SIN-00865,Factura taller,False,True,2024-12-23,False,Sin observaciones,
DOC-003035,SIN-00865,Denuncia policial,False,False,2024-12-21,True,Fecha previa al evento detectada,
DOC-003036,SIN-00866,Foto evidencia,False,True,2024-11-07,False,Sin observaciones,
DOC-003037,SIN-00866,Informe perito,False,True,2024-11-06,False,Sin observaciones,
DOC-003038,SIN-00866,Denuncia policial,False,True,2024-11-04,False,Sin observaciones,
DOC-003039,SIN-00866,Cedula asegurado,False,True,2024-11-06,False,Sin observaciones,
DOC-003056,SIN-00871,Denuncia policial,False,True,2025-08-02,False,Sin observaciones,
DOC-003057,SIN-00871,Foto evidencia,False,True,2025-08-02,False,Sin observaciones,
DOC-003058,SIN-00871,Factura taller,False,True,2025-08-02,False,Sin observaciones,
DOC-003059,SIN-00871,Cedula asegurado,False,True,2025-07-30,False,Sin observaciones,
DOC-003063,SIN-00873,Cedula asegurado,True,True,2025-04-12,False,Sin observaciones,
DOC-003064,SIN-00873,Foto evidencia,True,True,2025-04-17,False,Sin observaciones,
DOC-003065,SIN-00874,Foto evidencia,True,True,2024-07-24,False,Sin observaciones,
DOC-003066,SIN-00874,Informe perito,True,True,2024-07-24,False,Sin observaciones,
DOC-003067,SIN-00874,Cedula asegurado,True,True,2024-07-26,False,Sin observaciones,
DOC-003068,SIN-00874,Denuncia policial,True,True,2024-07-23,False,Sin observaciones,
DOC-003081,SIN-00878,Cedula asegurado,False,True,2025-06-24,False,Sin observaciones,
DOC-003082,SIN-00878,Informe perito,False,True,2025-06-25,False,Sin observaciones,
DOC-003083,SIN-00878,Denuncia policial,False,False,2025-06-23,True,Fecha previa al evento detectada,
DOC-003084,SIN-00878,Factura taller,False,False,2025-06-26,True,Fecha previa al evento detectada,
DOC-003085,SIN-00878,Foto evidencia,False,False,2025-06-25,True,Fecha previa al evento detectada,
DOC-003090,SIN-00880,Denuncia policial,True,True,2025-04-22,False,Sin observaciones,
DOC-003091,SIN-00880,Foto evidencia,True,True,2025-04-22,False,Sin observaciones,
DOC-003092,SIN-00881,Informe perito,False,True,2024-11-07,False,Sin observaciones,
DOC-003093,SIN-00881,Cedula asegurado,False,False,2024-11-08,True,Fecha previa al evento detectada,
DOC-003094,SIN-00881,Denuncia policial,False,False,2024-11-08,True,Fecha previa al evento detectada,
DOC-003095,SIN-00881,Foto evidencia,False,False,2024-11-09,True,Fecha previa al evento detectada,
DOC-003096,SIN-00881,Factura taller,False,True,2024-11-08,False,Sin observaciones,
DOC-003102,SIN-00884,Foto evidencia,False,False,2025-07-17,True,Fecha previa al evento detectada,
DOC-003103,SIN-00884,Factura taller,False,False,2025-07-19,True,Fecha previa al evento detectada,
DOC-003104,SIN-00884,Denuncia policial,False,True,2025-07-18,False,Sin observaciones,
DOC-003105,SIN-00885,Informe perito,False,True,2025-02-08,False,Sin observaciones,
DOC-003106,SIN-00885,Foto evidencia,False,True,2025-02-10,False,Sin observaciones,
DOC-003107,SIN-00885,Denuncia policial,False,True,2025-02-06,False,Sin observaciones,
DOC-003108,SIN-00885,Factura taller,False,True,2025-02-11,False,Sin observaciones,
DOC-003109,SIN-00886,Cedula asegurado,False,False,2025-02-11,True,Fecha previa al evento detectada,
DOC-003110,SIN-00886,Factura taller,False,False,2025-02-09,True,Fecha previa al evento detectada,
DOC-003111,SIN-00886,Informe perito,False,False,2025-02-13,True,Fecha previa al evento detectada,
DOC-003112,SIN-00886,Foto evidencia,False,True,2025-02-11,False,Sin observaciones,
DOC-003113,SIN-00886,Denuncia policial,False,False,2025-02-10,True,Fecha previa al evento detectada,
DOC-003114,SIN-00887,Denuncia policial,True,True,2025-05-20,False,Sin observaciones,
DOC-003115,SIN-00887,Foto evidencia,True,True,2025-05-19,False,Sin observaciones,
DOC-003121,SIN-00889,Factura taller,True,True,2025-05-27,False,Sin observaciones,
DOC-003122,SIN-00889,Cedula asegurado,True,True,2025-05-23,False,Sin observaciones,
DOC-003123,SIN-00889,Informe perito,True,True,2025-05-24,False,Sin observaciones,
DOC-003124,SIN-00889,Foto evidencia,True,True,2025-05-23,False,Sin observaciones,
DOC-003125,SIN-00889,Denuncia policial,True,True,2025-05-22,False,Sin observaciones,
DOC-003126,SIN-00890,Informe perito,False,True,2025-06-12,False,Sin observaciones,
DOC-003127,SIN-00890,Denuncia policial,False,False,2025-06-13,True,Fecha previa al evento detectada,
DOC-003128,SIN-00890,Factura taller,False,False,2025-06-12,True,Fecha previa al evento detectada,
DOC-003138,SIN-00893,Factura taller,True,True,2024-12-31,False,Sin observaciones,
DOC-003139,SIN-00893,Foto evidencia,True,True,2025-01-03,False,Sin observaciones,
DOC-003140,SIN-00894,Foto evidencia,True,True,2025-07-26,False,Sin observaciones,
DOC-003141,SIN-00894,Cedula asegurado,True,True,2025-07-23,False,Sin observaciones,
DOC-003142,SIN-00894,Denuncia policial,True,True,2025-07-25,False,Sin observaciones,
DOC-003143,SIN-00894,Informe perito,True,True,2025-07-27,False,Sin observaciones,
DOC-003144,SIN-00894,Factura taller,True,True,2025-07-26,False,Sin observaciones,
DOC-003145,SIN-00895,Cedula asegurado,False,True,2025-03-13,False,Sin observaciones,
DOC-003146,SIN-00895,Factura taller,False,False,2025-03-10,True,Fecha previa al evento detectada,
DOC-003147,SIN-00895,Foto evidencia,False,True,2025-03-11,False,Sin observaciones,
DOC-003148,SIN-00895,Informe perito,False,False,2025-03-11,True,Fecha previa al evento detectada,
DOC-003149,SIN-00895,Denuncia policial,False,False,2025-03-10,True,Fecha previa al evento detectada,
DOC-003165,SIN-00900,Denuncia policial,False,False,2024-06-21,True,Fecha previa al evento detectada,
DOC-003166,SIN-00900,Factura taller,False,True,2024-06-23,False,Sin observaciones,
DOC-003167,SIN-00900,Cedula asegurado,False,True,2024-06-26,False,Sin observaciones,
DOC-003168,SIN-00900,Foto evidencia,False,False,2024-06-22,True,Fecha previa al evento detectada,
DOC-003169,SIN-00900,Informe perito,False,False,2024-06-26,True,Fecha previa al evento detectada,
DOC-003170,SIN-00901,Cedula asegurado,True,True,2025-07-24,False,Sin observaciones,
DOC-003171,SIN-00901,Foto evidencia,True,True,2025-07-25,False,Sin observaciones,
DOC-003172,SIN-00902,Informe perito,True,True,2024-10-14,False,Sin observaciones,
DOC-003173,SIN-00902,Factura taller,True,True,2024-10-11,False,Sin observaciones,
DOC-003174,SIN-00902,Cedula asegurado,True,True,2024-10-14,False,Sin observaciones,
DOC-003175,SIN-00902,Denuncia policial,True,True,2024-10-14,False,Sin observaciones,
DOC-003176,SIN-00903,Denuncia policial,False,False,2024-11-28,True,Fecha previa al evento detectada,
DOC-003177,SIN-00903,Cedula asegurado,False,False,2024-12-01,True,Fecha previa al evento detectada,
DOC-003178,SIN-00903,Factura taller,False,False,2024-11-29,True,Fecha previa al evento detectada,
DOC-003179,SIN-00903,Foto evidencia,False,False,2024-11-27,True,Fecha previa al evento detectada,
DOC-003182,SIN-00905,Cedula asegurado,True,True,2024-12-19,False,Sin observaciones,
DOC-003183,SIN-00905,Denuncia policial,True,True,2024-12-15,False,Sin observaciones,
DOC-003184,SIN-00905,Foto evidencia,True,True,2024-12-19,False,Sin observaciones,
DOC-003185,SIN-00906,Factura taller,True,True,2025-06-29,False,Sin observaciones,
DOC-003186,SIN-00906,Cedula asegurado,True,True,2025-06-30,False,Sin observaciones,
DOC-003187,SIN-00906,Foto evidencia,True,True,2025-07-01,False,Sin observaciones,
DOC-003188,SIN-00906,Denuncia policial,True,True,2025-07-01,False,Sin observaciones,
DOC-003189,SIN-00907,Factura taller,True,True,2025-03-29,False,Sin observaciones,
DOC-003190,SIN-00907,Foto evidencia,True,True,2025-04-02,False,Sin observaciones,
DOC-003191,SIN-00907,Cedula asegurado,True,True,2025-04-01,False,Sin observaciones,
DOC-003192,SIN-00907,Informe perito,True,True,2025-03-29,False,Sin observaciones,
DOC-003193,SIN-00908,Cedula asegurado,True,True,2025-02-05,False,Sin observaciones,
DOC-003194,SIN-00908,Denuncia policial,True,True,2025-02-07,False,Sin observaciones,
DOC-003195,SIN-00908,Factura taller,True,True,2025-02-06,False,Sin observaciones,
DOC-003196,SIN-00908,Informe perito,True,True,2025-02-07,False,Sin observaciones,
DOC-003206,SIN-00911,Cedula asegurado,True,True,2025-06-05,False,Sin observaciones,
DOC-003207,SIN-00911,Denuncia policial,True,True,2025-06-02,False,Sin observaciones,
DOC-003208,SIN-00911,Factura taller,True,True,2025-05-31,False,Sin observaciones,
DOC-003209,SIN-00912,Foto evidencia,True,True,2025-06-15,False,Sin observaciones,
DOC-003210,SIN-00912,Factura taller,True,True,2025-06-17,False,Sin observaciones,
DOC-003219,SIN-00915,Foto evidencia,False,True,2024-12-25,False,Sin observaciones,
DOC-003220,SIN-00915,Informe perito,False,True,2024-12-28,False,Sin observaciones,
DOC-003221,SIN-00915,Cedula asegurado,False,False,2024-12-24,True,Fecha previa al evento detectada,
DOC-003222,SIN-00915,Factura taller,False,False,2024-12-26,True,Fecha previa al evento detectada,
DOC-003223,SIN-00915,Denuncia policial,False,False,2024-12-28,True,Fecha previa al evento detectada,
DOC-003224,SIN-00916,Cedula asegurado,True,True,2024-08-29,False,Sin observaciones,
DOC-003225,SIN-00916,Denuncia policial,True,True,2024-08-29,False,Sin observaciones,
DOC-003226,SIN-00916,Foto evidencia,True,True,2024-08-28,False,Sin observaciones,
DOC-003227,SIN-00916,Informe perito,True,True,2024-08-28,False,Sin observaciones,
DOC-003238,SIN-00920,Foto evidencia,True,True,2025-04-10,False,Sin observaciones,
DOC-003239,SIN-00920,Denuncia policial,True,True,2025-04-13,False,Sin observaciones,
DOC-003240,SIN-00920,Informe perito,True,True,2025-04-12,False,Sin observaciones,
DOC-003241,SIN-00920,Cedula asegurado,True,True,2025-04-12,False,Sin observaciones,
DOC-003246,SIN-00922,Factura taller,True,True,2024-12-07,False,Sin observaciones,
DOC-003247,SIN-00922,Denuncia policial,True,True,2024-12-02,False,Sin observaciones,
DOC-003252,SIN-00924,Informe perito,True,True,2025-04-05,False,Sin observaciones,
DOC-003253,SIN-00924,Denuncia policial,True,True,2025-04-04,False,Sin observaciones,
DOC-003254,SIN-00924,Foto evidencia,True,True,2025-04-02,False,Sin observaciones,
DOC-003255,SIN-00924,Cedula asegurado,True,True,2025-04-07,False,Sin observaciones,
DOC-003256,SIN-00924,Factura taller,True,True,2025-04-02,False,Sin observaciones,
DOC-003257,SIN-00925,Foto evidencia,True,True,2025-08-11,False,Sin observaciones,
DOC-003258,SIN-00925,Cedula asegurado,True,True,2025-08-10,False,Sin observaciones,
DOC-003259,SIN-00925,Factura taller,True,True,2025-08-10,False,Sin observaciones,
DOC-003260,SIN-00925,Informe perito,True,True,2025-08-08,False,Sin observaciones,
DOC-003261,SIN-00926,Informe perito,True,True,2025-05-19,False,Sin observaciones,
DOC-003262,SIN-00926,Denuncia policial,True,True,2025-05-22,False,Sin observaciones,
DOC-003263,SIN-00926,Factura taller,True,True,2025-05-17,False,Sin observaciones,
DOC-003264,SIN-00926,Cedula asegurado,True,True,2025-05-22,False,Sin observaciones,
DOC-003265,SIN-00926,Foto evidencia,True,True,2025-05-22,False,Sin observaciones,
DOC-003266,SIN-00927,Denuncia policial,False,False,2024-07-20,True,Fecha previa al evento detectada,
DOC-003267,SIN-00927,Cedula asegurado,False,True,2024-07-20,False,Sin observaciones,
DOC-003268,SIN-00927,Foto evidencia,False,False,2024-07-16,True,Fecha previa al evento detectada,
DOC-003269,SIN-00927,Factura taller,False,False,2024-07-17,True,Fecha previa al evento detectada,
DOC-003270,SIN-00927,Informe perito,False,False,2024-07-19,True,Fecha previa al evento detectada,
DOC-003271,SIN-00928,Cedula asegurado,False,False,2025-05-25,True,Fecha previa al evento detectada,
DOC-003272,SIN-00928,Informe perito,False,False,2025-05-24,True,Fecha previa al evento detectada,
DOC-003273,SIN-00929,Informe perito,False,False,2024-12-28,True,Fecha previa al evento detectada,
DOC-003274,SIN-00929,Denuncia policial,False,True,2024-12-30,False,Sin observaciones,
DOC-003275,SIN-00929,Factura taller,False,True,2024-12-27,False,Sin observaciones,
DOC-003295,SIN-00935,Informe perito,True,True,2025-05-23,False,Sin observaciones,
DOC-003296,SIN-00935,Denuncia policial,True,True,2025-05-22,False,Sin observaciones,
DOC-003297,SIN-00936,Foto evidencia,True,True,2025-02-02,False,Sin observaciones,
DOC-003298,SIN-00936,Cedula asegurado,True,True,2025-01-29,False,Sin observaciones,
DOC-003299,SIN-00936,Denuncia policial,True,True,2025-01-31,False,Sin observaciones,
DOC-003300,SIN-00936,Factura taller,True,True,2025-01-28,False,Sin observaciones,
DOC-003305,SIN-00938,Factura taller,False,True,2024-12-07,False,Sin observaciones,
DOC-003306,SIN-00938,Cedula asegurado,False,True,2024-12-04,False,Sin observaciones,
DOC-003307,SIN-00938,Informe perito,False,True,2024-12-06,False,Sin observaciones,
DOC-003308,SIN-00939,Foto evidencia,True,True,2025-06-14,False,Sin observaciones,
DOC-003309,SIN-00939,Factura taller,True,True,2025-06-15,False,Sin observaciones,
DOC-003310,SIN-00939,Informe perito,True,True,2025-06-12,False,Sin observaciones,
DOC-003311,SIN-00939,Denuncia policial,True,True,2025-06-13,False,Sin observaciones,
DOC-003312,SIN-00939,Cedula asegurado,True,True,2025-06-14,False,Sin observaciones,
DOC-003313,SIN-00940,Foto evidencia,False,False,2024-12-19,True,Fecha previa al evento detectada,
DOC-003314,SIN-00940,Factura taller,False,True,2024-12-20,False,Sin observaciones,
DOC-003315,SIN-00940,Cedula asegurado,False,True,2024-12-20,False,Sin observaciones,
DOC-003316,SIN-00940,Denuncia policial,False,True,2024-12-16,False,Sin observaciones,
DOC-003317,SIN-00940,Informe perito,False,False,2024-12-20,True,Fecha previa al evento detectada,
DOC-003318,SIN-00941,Informe perito,False,True,2025-07-15,False,Sin observaciones,
DOC-003319,SIN-00941,Factura taller,False,True,2025-07-15,False,Sin observaciones,
DOC-003320,SIN-00941,Foto evidencia,False,False,2025-07-15,True,Fecha previa al evento detectada,
DOC-003338,SIN-00948,Foto evidencia,True,True,2024-12-21,False,Sin observaciones,
DOC-003339,SIN-00948,Factura taller,True,True,2024-12-18,False,Sin observaciones,
DOC-003340,SIN-00948,Denuncia policial,True,True,2024-12-16,False,Sin observaciones,
DOC-003341,SIN-00948,Cedula asegurado,True,True,2024-12-17,False,Sin observaciones,
DOC-003342,SIN-00948,Informe perito,True,True,2024-12-20,False,Sin observaciones,
DOC-003343,SIN-00949,Factura taller,True,True,2024-08-22,False,Sin observaciones,
DOC-003344,SIN-00949,Foto evidencia,True,True,2024-08-20,False,Sin observaciones,
DOC-003345,SIN-00949,Cedula asegurado,True,True,2024-08-20,False,Sin observaciones,
DOC-003346,SIN-00949,Informe perito,True,True,2024-08-22,False,Sin observaciones,
DOC-003356,SIN-00952,Cedula asegurado,False,False,2025-05-08,True,Fecha previa al evento detectada,
DOC-003357,SIN-00952,Foto evidencia,False,False,2025-05-07,True,Fecha previa al evento detectada,
DOC-003358,SIN-00953,Foto evidencia,False,True,2025-07-07,False,Sin observaciones,
DOC-003359,SIN-00953,Denuncia policial,False,True,2025-07-09,False,Sin observaciones,
DOC-003360,SIN-00953,Factura taller,False,False,2025-07-06,True,Fecha previa al evento detectada,
DOC-003361,SIN-00953,Informe perito,False,False,2025-07-05,True,Fecha previa al evento detectada,
DOC-003362,SIN-00953,Cedula asegurado,False,False,2025-07-10,True,Fecha previa al evento detectada,
DOC-003363,SIN-00954,Cedula asegurado,True,True,2025-03-08,False,Sin observaciones,
DOC-003364,SIN-00954,Informe perito,True,True,2025-03-10,False,Sin observaciones,
DOC-003365,SIN-00955,Denuncia policial,True,True,2025-07-25,False,Sin observaciones,
DOC-003366,SIN-00955,Cedula asegurado,True,True,2025-07-25,False,Sin observaciones,
DOC-003367,SIN-00955,Foto evidencia,True,True,2025-07-26,False,Sin observaciones,
DOC-003373,SIN-00957,Cedula asegurado,False,False,2024-12-20,True,Fecha previa al evento detectada,
DOC-003374,SIN-00957,Denuncia policial,False,False,2024-12-24,True,Fecha previa al evento detectada,
DOC-003375,SIN-00957,Foto evidencia,False,True,2024-12-23,False,Sin observaciones,
DOC-003376,SIN-00957,Informe perito,False,False,2024-12-19,True,Fecha previa al evento detectada,
DOC-003382,SIN-00960,Cedula asegurado,False,False,2025-02-15,True,Fecha previa al evento detectada,
DOC-003383,SIN-00960,Informe perito,False,True,2025-02-13,False,Sin observaciones,
DOC-003384,SIN-00960,Denuncia policial,False,False,2025-02-14,True,Fecha previa al evento detectada,
DOC-003385,SIN-00960,Foto evidencia,False,False,2025-02-14,True,Fecha previa al evento detectada,
DOC-003386,SIN-00960,Factura taller,False,True,2025-02-17,False,Sin observaciones,
DOC-003387,SIN-00961,Cedula asegurado,True,True,2025-07-24,False,Sin observaciones,
DOC-003388,SIN-00961,Foto evidencia,True,True,2025-07-24,False,Sin observaciones,
DOC-003398,SIN-00965,Cedula asegurado,True,True,2025-03-30,False,Sin observaciones,
DOC-003399,SIN-00965,Informe perito,True,True,2025-04-02,False,Sin observaciones,
DOC-003400,SIN-00965,Factura taller,True,True,2025-04-01,False,Sin observaciones,
DOC-003401,SIN-00966,Foto evidencia,True,True,2025-02-19,False,Sin observaciones,
DOC-003402,SIN-00966,Cedula asegurado,True,True,2025-02-21,False,Sin observaciones,
DOC-003403,SIN-00966,Factura taller,True,True,2025-02-22,False,Sin observaciones,
DOC-003404,SIN-00966,Denuncia policial,True,True,2025-02-21,False,Sin observaciones,
DOC-003405,SIN-00966,Informe perito,True,True,2025-02-22,False,Sin observaciones,
DOC-003406,SIN-00967,Informe perito,True,True,2024-08-18,False,Sin observaciones,
DOC-003407,SIN-00967,Cedula asegurado,True,True,2024-08-14,False,Sin observaciones,
DOC-003408,SIN-00967,Factura taller,True,True,2024-08-19,False,Sin observaciones,
DOC-003411,SIN-00969,Denuncia policial,True,True,2025-06-13,False,Sin observaciones,
DOC-003412,SIN-00969,Informe perito,True,True,2025-06-13,False,Sin observaciones,
DOC-003415,SIN-00971,Denuncia policial,False,False,2024-08-21,True,Fecha previa al evento detectada,
DOC-003416,SIN-00971,Informe perito,False,False,2024-08-26,True,Fecha previa al evento detectada,
DOC-003427,SIN-00974,Informe perito,True,True,2025-07-05,False,Sin observaciones,
DOC-003428,SIN-00974,Denuncia policial,True,True,2025-06-30,False,Sin observaciones,
DOC-003429,SIN-00974,Foto evidencia,True,True,2025-06-30,False,Sin observaciones,
DOC-003430,SIN-00975,Factura taller,True,True,2024-11-25,False,Sin observaciones,
DOC-003431,SIN-00975,Cedula asegurado,True,True,2024-11-23,False,Sin observaciones,
DOC-003432,SIN-00975,Foto evidencia,True,True,2024-11-27,False,Sin observaciones,
DOC-003433,SIN-00975,Denuncia policial,True,True,2024-11-23,False,Sin observaciones,
DOC-003440,SIN-00978,Cedula asegurado,True,True,2025-07-21,False,Sin observaciones,
DOC-003441,SIN-00978,Denuncia policial,True,True,2025-07-24,False,Sin observaciones,
DOC-003442,SIN-00978,Factura taller,True,True,2025-07-23,False,Sin observaciones,
DOC-003443,SIN-00978,Informe perito,True,True,2025-07-26,False,Sin observaciones,
DOC-003444,SIN-00978,Foto evidencia,True,True,2025-07-24,False,Sin observaciones,
DOC-003445,SIN-00979,Foto evidencia,True,True,2025-06-18,False,Sin observaciones,
DOC-003446,SIN-00979,Factura taller,True,True,2025-06-19,False,Sin observaciones,
DOC-003447,SIN-00979,Informe perito,True,True,2025-06-15,False,Sin observaciones,
DOC-003448,SIN-00979,Cedula asegurado,True,True,2025-06-15,False,Sin observaciones,
DOC-003449,SIN-00979,Denuncia policial,True,True,2025-06-19,False,Sin observaciones,
DOC-003455,SIN-00981,Foto evidencia,True,True,2024-11-20,False,Sin observaciones,
DOC-003456,SIN-00981,Factura taller,True,True,2024-11-20,False,Sin observaciones,
DOC-003457,SIN-00981,Informe perito,True,True,2024-11-20,False,Sin observaciones,
DOC-003458,SIN-00981,Denuncia policial,True,True,2024-11-20,False,Sin observaciones,
DOC-003459,SIN-00981,Cedula asegurado,True,True,2024-11-19,False,Sin observaciones,
DOC-003468,SIN-00984,Foto evidencia,False,False,2025-04-10,True,Fecha previa al evento detectada,
DOC-003469,SIN-00984,Informe perito,False,True,2025-04-08,False,Sin observaciones,
DOC-003470,SIN-00984,Denuncia policial,False,False,2025-04-10,True,Fecha previa al evento detectada,
DOC-003471,SIN-00984,Factura taller,False,False,2025-04-05,True,Fecha previa al evento detectada,
DOC-003480,SIN-00987,Factura taller,False,True,2024-08-22,False,Sin observaciones,
DOC-003481,SIN-00987,Foto evidencia,False,True,2024-08-24,False,Sin observaciones,
DOC-003482,SIN-00987,Informe perito,False,True,2024-08-22,False,Sin observaciones,
DOC-003483,SIN-00987,Cedula asegurado,False,False,2024-08-22,True,Fecha previa al evento detectada,
DOC-003484,SIN-00988,Informe perito,False,True,2024-11-24,False,Sin observaciones,
DOC-003485,SIN-00988,Cedula asegurado,False,True,2024-11-24,False,Sin observaciones,
DOC-003486,SIN-00988,Factura taller,False,True,2024-11-21,False,Sin observaciones,
DOC-003487,SIN-00988,Denuncia policial,False,True,2024-11-26,False,Sin observaciones,
DOC-003501,SIN-00992,Factura taller,True,True,2025-05-07,False,Sin observaciones,
DOC-003502,SIN-00992,Informe perito,True,True,2025-05-04,False,Sin observaciones,
DOC-003503,SIN-00992,Cedula asegurado,True,True,2025-05-08,False,Sin observaciones,
DOC-003504,SIN-00992,Foto evidencia,True,True,2025-05-08,False,Sin observaciones,
DOC-003505,SIN-00992,Denuncia policial,True,True,2025-05-05,False,Sin observaciones,
DOC-003510,SIN-00995,Denuncia policial,False,True,2025-01-24,False,Sin observaciones,
DOC-003511,SIN-00995,Cedula asegurado,False,True,2025-01-26,False,Sin observaciones,
DOC-003512,SIN-00995,Informe perito,False,True,2025-01-23,False,Sin observaciones,
DOC-003513,SIN-00995,Factura taller,False,True,2025-01-26,False,Sin observaciones,
DOC-003514,SIN-00996,Informe perito,False,True,2024-10-28,False,Sin observaciones,
DOC-003515,SIN-00996,Cedula asegurado,False,True,2024-10-30,False,Sin observaciones,
DOC-003516,SIN-00996,Factura taller,False,True,2024-10-28,False,Sin observaciones,
DOC-003517,SIN-00996,Denuncia policial,False,True,2024-11-02,False,Sin observaciones,
DOC-003518,SIN-00997,Foto evidencia,True,True,2025-02-02,False,Sin observaciones,
DOC-003519,SIN-00997,Informe perito,True,True,2025-02-03,False,Sin observaciones,
DOC-003520,SIN-00997,Factura taller,True,True,2025-02-05,False,Sin observaciones,
DOC-003521,SIN-00997,Denuncia policial,True,True,2025-02-04,False,Sin observaciones,
DOC-003522,SIN-00998,Denuncia policial,True,True,2025-05-12,False,Sin observaciones,
DOC-003523,SIN-00998,Foto evidencia,True,True,2025-05-11,False,Sin observaciones,
DOC-003524,SIN-00998,Cedula asegurado,True,True,2025-05-08,False,Sin observaciones,
