id_siniestro,id_poliza,id_asegurado,ramo,cobertura,fecha_ocurrencia,fecha_reporte,monto_reclamado,monto_estimado,monto_pagado,estado,sucursal,descripcion,documentos_completos,beneficiario,id_proveedor,dias_desde_inicio_poliza,dias_desde_fin_poliza,dias_entre_ocurrencia_reporte,historial_siniestros_asegurado,ciudad,suma_asegurada,etiqueta_fraude_simulada
SIN-00001,POL-00176,ASG-00372,Salud,Atencion medica,2025-10-27,2025-10-29,21685.21,21372.71,15991.85,Liquidado,Centro,Accidente en carretera con policia presente. Croquis firmado por ambas partes.,False,Taller Central,P005,20,345,2,2,Guayaquil,33724.11,0
SIN-00002,POL-00325,ASG-00191,Generales,Atencion medica,2024-12-22,2024-12-23,6463.52,7067.26,5260.75,Negativa,Oeste,Colision leve en interseccion con semaforo. El tercero presento sus datos.,True,Taller Norte,P003,180,185,1,1,Ambato,45415.45,0
SIN-00003,POL-00149,ASG-00373,Vehiculos,Robo,2026-05-16,2026-05-16,14614.73,14529.57,11458.99,Pago Parcial,Oeste,Choque en parqueadero de centro comercial con camaras de seguridad.,True,Taller Premium,P008,252,113,0,1,Cuenca,30036.39,0
SIN-00004,POL-00491,ASG-00285,Vehiculos,Robo,2024-07-07,2024-07-19,26148.04,23721.97,0.0,Pago Parcial,Norte,Colision frontal con vehiculo desconocido en horas de la madrugada sin testigos.,False,Grua Rapida,P007,2,363,12,6,Ambato,28973.55,1
SIN-00005,POL-00525,ASG-00362,Vida,Atencion medica,2026-04-11,2026-04-17,8629.79,7286.85,6967.26,Pago Parcial,Este,Dano por granizo en estacionamiento del trabajo. Evidencia fotografica adjunta.,True,Grua Rapida,P007,30,335,6,3,Quito,11531.74,0
SIN-00006,POL-00221,ASG-00232,Vehiculos,Incendio,2026-05-23,2026-05-26,6233.2,5247.55,4597.66,Reserva,Sur,Accidente en carretera con policia presente. Croquis firmado por ambas partes.,True,Taller Premium,P008,164,201,3,1,Quito,34650.96,0
SIN-00007,POL-00385,ASG-00030,Generales,Robo,2024-11-24,2024-12-08,6265.89,5362.36,0.0,Negativa,Centro,Colision frontal con vehiculo desconocido en horas de la madrugada sin testigos.,False,Clinica San Marcos,P002,5,360,14,4,Cuenca,6829.39,1
SIN-00008,POL-00295,ASG-00247,Salud,Responsabilidad Civil,2024-08-05,2024-08-07,18573.77,18196.12,14712.07,Negativa,Oeste,Accidente en carretera con policia presente. Croquis firmado por ambas partes.,False,Grua Rapida,P007,18,347,2,2,Manta,29267.87,0
SIN-00009,POL-00167,ASG-00005,Vida,Robo,2026-01-26,2026-02-08,31275.95,30990.53,0.0,Pago Parcial,Norte,El asegurado reporta que su vehiculo fue robado en un estacionamiento sin camaras.,False,Clinica San Marcos,P002,3,362,13,6,Quito,34131.72,1
SIN-00010,POL-00309,ASG-00254,Vida,Responsabilidad Civil,2024-12-29,2024-12-31,4030.04,4219.43,2969.93,Liquidado,Centro,Choque en parqueadero de centro comercial con camaras de seguridad.,True,Taller Central,P005,13,352,2,1,Quito,43275.54,0
SIN-00011,POL-00227,ASG-00297,Salud,Dano parcial,2026-11-25,2026-11-25,2562.88,2679.88,2618.3,Negativa,Centro,Colision leve en interseccion con semaforo. El tercero presento sus datos.,True,Peritajes Express,P004,209,156,0,0,Manta,10777.18,0
SIN-00012,POL-00122,ASG-00301,Salud,Robo,2025-09-14,2025-09-25,40107.24,37197.12,0.0,Reserva,Norte,Colision frontal con vehiculo desconocido en horas de la madrugada sin testigos.,False,Taller El Veloz,P001,3,362,11,3,Ambato,43091.64,1
SIN-00013,POL-00526,ASG-00230,Vida,Atencion medica,2025-03-28,2025-03-28,3853.24,3986.99,3891.42,Pago Total,Oeste,Colision leve en interseccion con semaforo. El tercero presento sus datos.,True,Taller El Veloz,P001,85,280,0,0,Quito,48279.32,0
SIN-00014,POL-00285,ASG-00077,Salud,Dano parcial,2024-06-27,2024-06-30,23953.42,22962.98,21005.24,Pago Parcial,Sur,Colision frontal con vehiculo desconocido en horas de la madrugada sin testigos.,True,Clinica del Sur,P006,30,335,3,2,Guayaquil,32090.91,0
SIN-00015,POL-00487,ASG-00159,Vida,Robo,2025-07-16,2025-07-19,16819.34,17667.42,17568.31,Negativa,Sur,Colision leve en interseccion con semaforo. El tercero presento sus datos.,True,Clinica del Sur,P006,153,212,3,0,Quito,47635.17,0
SIN-00016,POL-00533,ASG-00327,Vehiculos,Atencion medica,2025-04-25,2025-04-27,3127.07,2809.47,2064.16,Pago Parcial,Este,Colision leve en interseccion con semaforo. El tercero presento sus datos.,True,Taller Norte,P003,60,305,2,0,Cuenca,10398.97,0
SIN-00017,POL-00488,ASG-00201,Salud,Responsabilidad Civil,2024-07-17,2024-07-24,22025.33,18408.01,15065.92,Cierre Sin Consecuencia,Oeste,Choque en parqueadero de centro comercial con camaras de seguridad.,False,Clinica del Sur,P006,26,339,7,2,Loja,34933.13,0
SIN-00018,POL-00347,ASG-00336,Vida,Incendio,2025-04-01,2025-04-01,2497.22,2206.43,2016.78,Liquidado,Oeste,Accidente en carretera con policia presente. Croquis firmado por ambas partes.,True,Peritajes Express,P004,70,295,0,1,Cuenca,16132.84,0
SIN-00019,POL-00466,ASG-00292,Generales,Robo,2025-02-07,2025-02-18,40864.66,41736.69,0.0,Reserva,Este,El vehiculo fue impactado por un tercero que se dio a la fuga sin dejar datos.,False,Taller El Veloz,P001,8,357,11,3,Loja,42441.92,1
SIN-00020,POL-00099,ASG-00055,Salud,Dano parcial,2026-02-07,2026-02-10,7781.34,7770.66,6582.33,Pago Parcial,Oeste,Dano por granizo en estacionamiento del trabajo. Evidencia fotografica adjunta.,True,Clinica San Marcos,P002,324,41,3,1,Guayaquil,19131.5,0
SIN-00021,POL-00386,ASG-00111,Generales,Choque,2025-02-25,2025-02-26,11308.64,10714.3,7932.29,Cierre Sin Consecuencia,Este,Robo de autopartes reportado inmediatamente a la policia. Denuncia adjunta.,True,Taller Premium,P008,217,148,1,0,Loja,37632.74,0
SIN-00022,POL-00270,ASG-00185,Salud,Incendio,2026-04-29,2026-05-01,7866.77,6438.38,5647.35,Pago Total,Centro,Robo de autopartes reportado inmediatamente a la policia. Denuncia adjunta.,True,Taller Premium,P008,127,238,2,1,Loja,19920.33,0
SIN-00023,POL-00366,ASG-00200,Hogar,Responsabilidad Civil,2025-12-17,2025-12-20,8108.35,8600.38,6315.61,Pago Total,Norte,Colision frontal con vehiculo desconocido en horas de la madrugada sin testigos.,False,Grua Rapida,P007,18,347,3,2,Quito,12137.51,0
SIN-00024,POL-00021,ASG-00394,Salud,Atencion medica,2025-07-29,2025-08-01,6432.3,6705.66,4895.25,Cierre Sin Consecuencia,Sur,Robo de autopartes reportado inmediatamente a la policia. Denuncia adjunta.,True,Taller Premium,P008,78,287,3,0,Cuenca,20975.4,0
SIN-00025,POL-00078,ASG-00126,Vehiculos,Choque,2025-10-24,2025-10-30,7323.1,7158.77,5598.23,Liquidado,Oeste,Colision frontal con vehiculo desconocido en horas de la madrugada sin testigos.,True,Peritajes Express,P004,20,345,6,2,Cuenca,10219.4,0
SIN-00026,POL-00321,ASG-00284,Salud,Atencion medica,2025-07-21,2025-07-24,7364.27,7837.56,6962.52,Liquidado,Sur,Choque en parqueadero de centro comercial con camaras de seguridad.,True,Peritajes Express,P004,124,241,3,0,Guayaquil,20909.21,0
SIN-00027,POL-00247,ASG-00185,Hogar,Atencion medica,2026-01-12,2026-01-15,9119.45,9609.99,7496.57,Pago Parcial,Sur,Colision leve en interseccion con semaforo. El tercero presento sus datos.,True,Taller Norte,P003,241,124,3,0,Loja,38869.51,0
SIN-00028,POL-00252,ASG-00396,Generales,Dano parcial,2025-11-29,2025-12-02,7967.84,6755.19,5005.12,Pago Parcial,Centro,Colision leve en interseccion con semaforo. El tercero presento sus datos.,True,Taller Central,P005,44,321,3,0,Cuenca,33211.99,0
SIN-00029,POL-00306,ASG-00200,Vehiculos,Incendio,2025-06-26,2025-06-28,14810.98,16039.53,14712.59,Pago Total,Sur,Colision leve en interseccion con semaforo. El tercero presento sus datos.,True,Clinica San Marcos,P002,259,106,2,1,Quito,42046.5,0
SIN-00030,POL-00595,ASG-00355,Vehiculos,Choque,2026-07-07,2026-07-08,14325.7,15037.69,13852.28,Cierre Sin Consecuencia,Sur,Robo de autopartes reportado inmediatamente a la policia. Denuncia adjunta.,True,Taller Central,P005,236,129,1,1,Guayaquil,44779.05,0
SIN-00031,POL-00058,ASG-00068,Hogar,Responsabilidad Civil,2026-12-16,2026-12-16,9038.5,9082.08,8982.13,Pago Total,Centro,Accidente en carretera con policia presente. Croquis firmado por ambas partes.,True,Taller Premium,P008,203,162,0,1,Loja,46972.65,0
SIN-00032,POL-00394,ASG-00162,Vehiculos,Responsabilidad Civil,2025-03-28,2025-03-30,21657.46,22898.31,18697.42,Negativa,Centro,Colision leve en interseccion con semaforo. El tercero presento sus datos.,True,Taller Central,P005,247,118,2,0,Manta,47450.66,0
SIN-00033,POL-00417,ASG-00364,Vehiculos,Choque,2025-09-28,2025-10-03,21815.49,22847.8,20781.09,Liquidado,Norte,Robo de autopartes reportado inmediatamente a la policia. Denuncia adjunta.,False,Taller El Veloz,P001,26,339,5,2,Quito,26809.8,0
SIN-00034,POL-00455,ASG-00339,Generales,Robo,2024-11-21,2024-12-04,29012.76,27704.57,0.0,Cierre Sin Consecuencia,Sur,Colision frontal con vehiculo desconocido en horas de la madrugada sin testigos.,False,Taller El Veloz,P001,5,360,13,4,Cuenca,30297.97,1
SIN-00035,POL-00230,ASG-00281,Hogar,Dano parcial,2024-10-05,2024-10-06,21574.68,18954.11,18111.59,Reserva,Este,Accidente en carretera con policia presente. Croquis firmado por ambas partes.,True,Taller El Veloz,P001,51,314,1,0,Guayaquil,47098.04,0
SIN-00036,POL-00539,ASG-00074,Generales,Incendio,2025-04-03,2025-04-06,1532.12,1660.54,1567.59,Pago Parcial,Centro,Dano por granizo en estacionamiento del trabajo. Evidencia fotografica adjunta.,True,Grua Rapida,P007,128,237,3,0,Manta,14827.39,0
SIN-00037,POL-00185,ASG-00392,Salud,Choque,2025-08-12,2025-08-14,19257.48,20647.84,16743.15,Cierre Sin Consecuencia,Este,Dano por granizo en estacionamiento del trabajo. Evidencia fotografica adjunta.,True,Grua Rapida,P007,136,229,2,1,Guayaquil,39360.61,0
SIN-00038,POL-00408,ASG-00177,Generales,Responsabilidad Civil,2025-09-17,2025-09-20,15110.97,12520.71,8985.18,Pago Parcial,Sur,Robo de autopartes reportado inmediatamente a la policia. Denuncia adjunta.,True,Peritajes Express,P004,97,268,3,0,Ambato,39635.66,0
SIN-00039,POL-00573,ASG-00224,Salud,Atencion medica,2027-02-14,2027-02-15,8971.41,7532.18,5989.55,Liquidado,Este,Robo de autopartes reportado inmediatamente a la policia. Denuncia adjunta.,True,Taller El Veloz,P001,339,26,1,1,Quito,32424.51,0
SIN-00040,POL-00288,ASG-00263,Vehiculos,Atencion medica,2025-10-12,2025-10-14,3782.41,3520.41,2638.53,Cierre Sin Consecuencia,Este,Robo de autopartes reportado inmediatamente a la policia. Denuncia adjunta.,True,Clinica del Sur,P006,222,143,2,1,Cuenca,11608.93,0
SIN-00041,POL-00236,ASG-00017,Hogar,Robo,2026-04-28,2026-05-13,9069.92,8226.02,0.0,Cierre Sin Consecuencia,Oeste,El vehiculo fue impactado por un tercero que se dio a la fuga sin dejar datos.,False,Clinica San Marcos,P002,3,362,15,6,Loja,9611.6,1
SIN-00042,POL-00600,ASG-00304,Generales,Choque,2027-03-08,2027-03-09,5943.39,6124.52,5530.89,Pago Parcial,Norte,Colision leve en interseccion con semaforo. El tercero presento sus datos.,True,Peritajes Express,P004,293,72,1,0,Quito,25036.53,0
SIN-00043,POL-00472,ASG-00162,Vehiculos,Atencion medica,2026-06-04,2026-06-04,1765.52,1584.51,1456.9,Cierre Sin Consecuencia,Oeste,Colision leve en interseccion con semaforo. El tercero presento sus datos.,True,Taller Premium,P008,355,10,0,1,Manta,8905.9,0
SIN-00044,POL-00073,ASG-00395,Vehiculos,Robo,2024-05-30,2024-06-10,8010.87,8457.11,0.0,Pago Total,Este,El vehiculo fue impactado por un tercero que se dio a la fuga sin dejar datos.,False,Clinica San Marcos,P002,3,362,11,3,Ambato,8038.97,1
SIN-00045,POL-00525,ASG-00362,Vida,Incendio,2027-01-31,2027-02-03,1969.8,1629.16,1346.93,Pago Parcial,Oeste,Choque en parqueadero de centro comercial con camaras de seguridad.,True,Peritajes Express,P004,325,40,3,1,Quito,11531.74,0
SIN-00046,POL-00475,ASG-00175,Vida,Responsabilidad Civil,2024-12-20,2024-12-21,13390.47,11880.17,9874.88,Negativa,Centro,Choque en parqueadero de centro comercial con camaras de seguridad.,True,Peritajes Express,P004,114,251,1,0,Loja,28563.26,0
SIN-00047,POL-00583,ASG-00184,Hogar,Choque,2026-12-29,2026-12-29,13976.46,13129.44,12027.79,Pago Parcial,Centro,Accidente en carretera con policia presente. Croquis firmado por ambas partes.,True,Taller El Veloz,P001,317,48,0,0,Guayaquil,49952.82,0
SIN-00048,POL-00184,ASG-00325,Vehiculos,Choque,2026-08-01,2026-08-01,4107.59,4009.68,3354.1,Cierre Sin Consecuencia,Este,Robo de autopartes reportado inmediatamente a la policia. Denuncia adjunta.,True,Taller Norte,P003,224,141,0,1,Cuenca,17308.75,0
SIN-00049,POL-00109,ASG-00144,Vida,Choque,2025-03-31,2025-04-03,672.35,630.7,518.14,Cierre Sin Consecuencia,Oeste,Dano por granizo en estacionamiento del trabajo. Evidencia fotografica adjunta.,True,Grua Rapida,P007,166,199,3,1,Manta,6559.22,0
SIN-00050,POL-00115,ASG-00127,Salud,Robo,2025-07-21,2025-07-21,6015.92,5599.24,4971.1,Liquidado,Sur,Dano por granizo en estacionamiento del trabajo. Evidencia fotografica adjunta.,True,Taller El Veloz,P001,296,69,0,0,Manta,41732.83,0
SIN-00051,POL-00433,ASG-00199,Vida,Robo,2026-01-17,2026-02-01,11716.6,10409.61,0.0,Negativa,Norte,Colision frontal con vehiculo desconocido en horas de la madrugada sin testigos.,False,Clinica San Marcos,P002,8,357,15,4,Guayaquil,12370.39,1
SIN-00052,POL-00498,ASG-00339,Salud,Choque,2024-07-25,2024-07-27,13087.85,11521.95,10306.27,Negativa,Norte,Choque en parqueadero de centro comercial con camaras de seguridad.,False,Taller Premium,P008,27,338,2,2,Cuenca,18117.65,0
SIN-00053,POL-00353,ASG-00147,Vida,Robo,2025-04-28,2025-05-05,25105.6,25529.85,20860.73,Negativa,Centro,El asegurado reporta que su vehiculo fue robado en un estacionamiento sin camaras.,False,Taller Premium,P008,29,336,7,3,Loja,35949.65,0
SIN-00054,POL-00504,ASG-00097,Generales,Incendio,2025-05-15,2025-05-17,7252.32,7975.94,6441.66,Pago Parcial,Centro,Choque en parqueadero de centro comercial con camaras de seguridad.,True,Clinica San Marcos,P002,11,354,2,0,Quito,46601.69,0
SIN-00055,POL-00233,ASG-00383,Generales,Incendio,2026-08-21,2026-08-23,21441.28,22106.57,19168.76,Pago Total,Oeste,Robo de autopartes reportado inmediatamente a la policia. Denuncia adjunta.,True,Clinica San Marcos,P002,116,249,2,0,Quito,43128.55,0
SIN-00056,POL-00109,ASG-00144,Vida,Choque,2024-11-12,2024-11-12,821.02,881.2,658.35,Pago Parcial,Este,Colision leve en interseccion con semaforo. El tercero presento sus datos.,True,Clinica San Marcos,P002,27,338,0,0,Manta,6559.22,0
SIN-00057,POL-00007,ASG-00007,Hogar,Incendio,2025-05-23,2025-05-25,7172.86,6310.72,5771.53,Negativa,Centro,Dano por granizo en estacionamiento del trabajo. Evidencia fotografica adjunta.,True,Peritajes Express,P004,107,258,2,0,Guayaquil,40062.61,0
SIN-00058,POL-00420,ASG-00181,Hogar,Dano parcial,2026-10-26,2026-10-28,7418.92,7649.24,7001.26,Liquidado,Norte,Accidente en carretera con policia presente. Croquis firmado por ambas partes.,True,Taller Premium,P008,167,198,2,0,Manta,15629.21,0
SIN-00059,POL-00445,ASG-00376,Vehiculos,Choque,2025-05-02,2025-05-08,22684.73,24175.91,22005.81,Pago Parcial,Centro,Robo de autopartes reportado inmediatamente a la policia. Denuncia adjunta.,False,Taller El Veloz,P001,15,350,6,3,Quito,36780.2,0
SIN-00060,POL-00211,ASG-00033,Hogar,Responsabilidad Civil,2026-12-06,2026-12-09,2216.54,1797.82,1438.88,Cierre Sin Consecuencia,Sur,Robo de autopartes reportado inmediatamente a la policia. Denuncia adjunta.,True,Taller Premium,P008,277,88,3,0,Ambato,5556.21,0
SIN-00061,POL-00024,ASG-00192,Vida,Dano parcial,2025-05-19,2025-05-21,5643.09,6185.31,4534.65,Reserva,Centro,Robo de autopartes reportado inmediatamente a la policia. Denuncia adjunta.,True,Taller El Veloz,P001,35,330,2,1,Loja,35580.0,0
SIN-00062,POL-00587,ASG-00017,Hogar,Robo,2025-04-20,2025-04-21,3559.26,3610.18,3089.95,Pago Total,Norte,Robo de autopartes reportado inmediatamente a la policia. Denuncia adjunta.,True,Taller El Veloz,P001,89,276,1,0,Loja,17140.52,0
SIN-00063,POL-00422,ASG-00144,Salud,Robo,2025-05-18,2025-06-02,41810.14,40826.42,0.0,Liquidado,Este,El asegurado reporta que su vehiculo fue robado en un estacionamiento sin camaras.,False,Taller El Veloz,P001,3,362,15,6,Manta,45372.89,1
SIN-00064,POL-00518,ASG-00130,Salud,Incendio,2024-10-28,2024-10-29,8442.29,8512.71,7121.99,Reserva,Sur,Choque en parqueadero de centro comercial con camaras de seguridad.,True,Taller Norte,P003,91,274,1,0,Loja,17384.77,0
SIN-00065,POL-00536,ASG-00355,Hogar,Robo,2025-04-11,2025-04-23,37299.45,38610.07,0.0,Negativa,Norte,Colision frontal con vehiculo desconocido en horas de la madrugada sin testigos.,False,Taller El Veloz,P001,6,359,12,4,Guayaquil,40132.91,1
SIN-00066,POL-00346,ASG-00395,Vida,Responsabilidad Civil,2026-04-25,2026-04-26,19573.43,20131.34,18121.55,Pago Total,Centro,Choque en parqueadero de centro comercial con camaras de seguridad.,True,Grua Rapida,P007,310,55,1,1,Ambato,49820.62,0
SIN-00067,POL-00405,ASG-00067,Salud,Responsabilidad Civil,2025-12-23,2025-12-26,5303.81,5368.32,4679.02,Cierre Sin Consecuencia,Centro,Colision leve en interseccion con semaforo. El tercero presento sus datos.,True,Clinica del Sur,P006,180,185,3,0,Cuenca,13914.88,0
SIN-00068,POL-00555,ASG-00050,Vida,Dano parcial,2026-03-26,2026-03-27,16514.66,13807.66,13543.31,Pago Total,Norte,Choque en parqueadero de centro comercial con camaras de seguridad.,True,Taller El Veloz,P001,139,226,1,0,Loja,42590.85,0
SIN-00069,POL-00412,ASG-00231,Vida,Choque,2026-06-28,2026-06-30,3553.21,3758.92,2989.15,Pago Parcial,Norte,Accidente en carretera con policia presente. Croquis firmado por ambas partes.,True,Taller El Veloz,P001,176,189,2,0,Guayaquil,14405.43,0
SIN-00070,POL-00188,ASG-00003,Salud,Robo,2027-04-14,2027-04-16,21275.03,20941.92,16703.01,Reserva,Norte,Dano por granizo en estacionamiento del trabajo. Evidencia fotografica adjunta.,True,Taller Central,P005,346,19,2,0,Quito,44464.33,0
SIN-00071,POL-00124,ASG-00224,Vida,Dano parcial,2026-05-25,2026-05-28,9539.0,7804.71,6551.64,Negativa,Norte,Colision frontal con vehiculo desconocido en horas de la madrugada sin testigos.,False,Taller El Veloz,P001,29,336,3,3,Quito,12839.12,0
SIN-00072,POL-00253,ASG-00218,Vehiculos,Incendio,2025-09-30,2025-10-02,35755.96,34401.95,25817.17,Pago Total,Oeste,El asegurado reporta que su vehiculo fue robado en un estacionamiento sin camaras.,True,Taller Norte,P003,25,340,2,3,Loja,42293.69,0
SIN-00073,POL-00062,ASG-00176,Vehiculos,Atencion medica,2025-02-20,2025-02-24,20266.86,16490.04,15199.77,Liquidado,Norte,Choque en parqueadero de centro comercial con camaras de seguridad.,True,Taller Premium,P008,23,342,4,3,Loja,24004.13,0
SIN-00074,POL-00443,ASG-00212,Hogar,Atencion medica,2025-12-01,2025-12-03,4382.38,3829.23,3809.73,Pago Parcial,Sur,Accidente en carretera con policia presente. Croquis firmado por ambas partes.,True,Peritajes Express,P004,255,110,2,1,Manta,13049.54,0
SIN-00075,POL-00178,ASG-00066,Hogar,Responsabilidad Civil,2025-07-30,2025-08-02,11854.77,12283.81,10990.68,Reserva,Oeste,Choque en parqueadero de centro comercial con camaras de seguridad.,True,Grua Rapida,P007,22,343,3,0,Cuenca,30156.42,0
SIN-00076,POL-00367,ASG-00247,Hogar,Responsabilidad Civil,2025-11-08,2025-11-10,32992.9,28586.9,20180.48,Pago Parcial,Centro,Accidente en carretera con policia presente. Croquis firmado por ambas partes.,True,Grua Rapida,P007,11,354,2,2,Manta,44938.38,0
SIN-00077,POL-00372,ASG-00250,Salud,Responsabilidad Civil,2024-07-30,2024-08-02,18137.8,17606.92,14934.25,Liquidado,Sur,Colision frontal con vehiculo desconocido en horas de la madrugada sin testigos.,False,Taller El Veloz,P001,30,335,3,3,Manta,30125.77,0
SIN-00078,POL-00584,ASG-00361,Vida,Responsabilidad Civil,2025-10-10,2025-10-12,5266.27,5288.41,5102.95,Reserva,Este,Colision leve en interseccion con semaforo. El tercero presento sus datos.,True,Peritajes Express,P004,151,214,2,1,Guayaquil,38627.9,0
SIN-00079,POL-00125,ASG-00341,Generales,Dano parcial,2024-08-18,2024-08-18,9861.86,8711.77,7196.08,Negativa,Centro,Dano por granizo en estacionamiento del trabajo. Evidencia fotografica adjunta.,True,Taller Premium,P008,79,286,0,0,Quito,22027.28,0
SIN-00080,POL-00586,ASG-00238,Vehiculos,Robo,2026-10-16,2026-10-19,3935.26,3342.39,2651.32,Cierre Sin Consecuencia,Norte,Dano por granizo en estacionamiento del trabajo. Evidencia fotografica adjunta.,True,Taller El Veloz,P001,210,155,3,0,Loja,8181.44,0
SIN-00081,POL-00343,ASG-00228,Hogar,Incendio,2025-11-28,2025-12-02,23932.05,25919.95,24176.18,Liquidado,Este,Choque en parqueadero de centro comercial con camaras de seguridad.,False,Taller Central,P005,18,347,4,2,Guayaquil,28442.11,0
SIN-00082,POL-00035,ASG-00303,Vehiculos,Responsabilidad Civil,2026-03-23,2026-03-26,11799.33,11601.36,9623.93,Reserva,Norte,El vehiculo fue impactado por un tercero que se dio a la fuga sin dejar datos.,False,Grua Rapida,P007,13,352,3,3,Cuenca,19093.36,0
SIN-00083,POL-00421,ASG-00321,Hogar,Responsabilidad Civil,2024-12-27,2024-12-27,11448.87,12181.39,10789.9,Pago Parcial,Norte,Accidente en carretera con policia presente. Croquis firmado por ambas partes.,True,Peritajes Express,P004,81,284,0,1,Ambato,45068.09,0
SIN-00084,POL-00199,ASG-00361,Vida,Atencion medica,2026-08-04,2026-08-06,1621.88,1387.97,1028.9,Reserva,Norte,Choque en parqueadero de centro comercial con camaras de seguridad.,True,Taller Norte,P003,198,167,2,1,Guayaquil,6773.26,0
SIN-00085,POL-00598,ASG-00178,Vida,Robo,2025-01-28,2025-02-10,31599.65,27530.13,0.0,Liquidado,Norte,Colision frontal con vehiculo desconocido en horas de la madrugada sin testigos.,False,Taller El Veloz,P001,10,355,13,3,Loja,34010.8,1
SIN-00086,POL-00307,ASG-00033,Hogar,Choque,2025-09-10,2025-09-12,6398.18,6014.04,4594.38,Negativa,Centro,Impacto en la parte trasera por vehiculo que huyo del lugar del accidente.,True,Grua Rapida,P007,25,340,2,2,Ambato,8601.79,0
SIN-00087,POL-00118,ASG-00359,Hogar,Robo,2026-01-24,2026-01-28,18603.96,16468.79,12609.88,Pago Parcial,Sur,Impacto en la parte trasera por vehiculo que huyo del lugar del accidente.,True,Taller Norte,P003,29,336,4,2,Manta,30362.29,0
SIN-00088,POL-00022,ASG-00331,Vida,Choque,2026-06-02,2026-06-05,13715.62,13691.93,13450.25,Liquidado,Este,Dano por granizo en estacionamiento del trabajo. Evidencia fotografica adjunta.,True,Taller Norte,P003,21,344,3,3,Guayaquil,19921.85,0
SIN-00089,POL-00197,ASG-00054,Generales,Atencion medica,2025-03-26,2025-03-29,5042.36,5188.21,4545.9,Liquidado,Centro,Dano por granizo en estacionamiento del trabajo. Evidencia fotografica adjunta.,True,Grua Rapida,P007,201,164,3,0,Cuenca,10298.06,0
SIN-00090,POL-00521,ASG-00075,Generales,Choque,2024-08-05,2024-08-12,9290.58,9526.49,8512.12,Liquidado,Centro,Choque en parqueadero de centro comercial con camaras de seguridad.,True,Taller Premium,P008,26,339,7,3,Ambato,11936.76,0
SIN-00091,POL-00486,ASG-00291,Salud,Responsabilidad Civil,2025-02-17,2025-02-17,5887.98,6235.08,5105.1,Pago Parcial,Este,Dano por granizo en estacionamiento del trabajo. Evidencia fotografica adjunta.,True,Taller Central,P005,35,330,0,1,Loja,41105.77,0
SIN-00092,POL-00361,ASG-00253,Salud,Incendio,2026-08-06,2026-08-08,4598.24,4242.73,3993.9,Pago Parcial,Centro,Accidente en carretera con policia presente. Croquis firmado por ambas partes.,True,Peritajes Express,P004,280,85,2,1,Quito,19020.95,0
SIN-00093,POL-00514,ASG-00399,Vehiculos,Robo,2026-02-11,2026-02-11,2901.43,2796.42,2237.49,Cierre Sin Consecuencia,Centro,Robo de autopartes reportado inmediatamente a la policia. Denuncia adjunta.,True,Clinica San Marcos,P002,264,101,0,0,Guayaquil,28069.84,0
SIN-00094,POL-00009,ASG-00075,Vehiculos,Atencion medica,2024-08-03,2024-08-08,14602.44,15473.33,11887.75,Cierre Sin Consecuencia,Sur,Accidente en carretera con policia presente. Croquis firmado por ambas partes.,True,Taller Central,P005,23,342,5,2,Ambato,17418.28,0
SIN-00095,POL-00428,ASG-00163,Salud,Dano parcial,2025-02-21,2025-02-21,8623.18,7689.04,7084.23,Negativa,Centro,Choque en parqueadero de centro comercial con camaras de seguridad.,True,Peritajes Express,P004,219,146,0,0,Cuenca,39444.58,0
SIN-00096,POL-00024,ASG-00192,Vida,Robo,2026-02-25,2026-02-27,10876.3,11899.23,9058.42,Negativa,Norte,Choque en parqueadero de centro comercial con camaras de seguridad.,True,Taller El Veloz,P001,317,48,2,1,Loja,35580.0,0
SIN-00097,POL-00567,ASG-00091,Salud,Robo,2024-07-16,2024-07-31,6264.81,5545.27,0.0,Pago Total,Centro,El vehiculo fue impactado por un tercero que se dio a la fuga sin dejar datos.,False,Taller El Veloz,P001,10,355,15,6,Quito,6940.2,1
SIN-00098,POL-00401,ASG-00269,Vehiculos,Robo,2025-08-04,2025-08-07,8068.07,8766.19,8413.0,Pago Total,Sur,Colision leve en interseccion con semaforo. El tercero presento sus datos.,True,Taller Norte,P003,99,266,3,1,Manta,30421.08,0
SIN-00099,POL-00470,ASG-00034,Salud,Robo,2025-06-18,2025-06-20,5372.77,5765.47,5556.6,Negativa,Este,Choque en parqueadero de centro comercial con camaras de seguridad.,True,Taller Central,P005,25,340,2,3,Guayaquil,6402.79,0
SIN-00100,POL-00356,ASG-00113,Hogar,Robo,2025-03-08,2025-03-11,21609.55,23192.45,17511.07,Liquidado,Norte,Accidente en carretera con policia presente. Croquis firmado por ambas partes.,False,Taller Central,P005,24,341,3,3,Guayaquil,33139.54,0
SIN-00101,POL-00223,ASG-00072,Vida,Dano parcial,2025-08-27,2025-08-27,16175.69,15388.23,14370.35,Negativa,Este,Colision leve en interseccion con semaforo. El tercero presento sus datos.,True,Taller Premium,P008,118,247,0,0,Ambato,32488.33,0
SIN-00102,POL-00075,ASG-00206,Vehiculos,Responsabilidad Civil,2025-05-01,2025-05-04,20875.1,21140.84,15664.18,Cierre Sin Consecuencia,Este,Colision leve en interseccion con semaforo. El tercero presento sus datos.,True,Taller Premium,P008,23,342,3,2,Cuenca,29194.49,0
SIN-00103,POL-00019,ASG-00230,Generales,Choque,2025-09-27,2025-10-04,16432.81,13902.96,11225.61,Pago Total,Norte,El vehiculo fue impactado por un tercero que se dio a la fuga sin dejar datos.,True,Clinica San Marcos,P002,28,337,7,3,Quito,23036.23,0
SIN-00104,POL-00106,ASG-00102,Vida,Incendio,2025-10-28,2025-10-28,2917.11,3005.01,2940.84,Pago Parcial,Sur,Colision leve en interseccion con semaforo. El tercero presento sus datos.,True,Grua Rapida,P007,253,112,0,1,Loja,9139.04,0
SIN-00105,POL-00197,ASG-00054,Generales,Choque,2024-09-22,2024-09-29,6677.71,6976.12,5558.6,Cierre Sin Consecuencia,Sur,Choque en parqueadero de centro comercial con camaras de seguridad.,False,Clinica San Marcos,P002,16,349,7,2,Cuenca,10298.06,0
SIN-00106,POL-00109,ASG-00144,Vida,Choque,2024-11-08,2024-11-15,4537.08,3929.24,3526.05,Pago Parcial,Oeste,Impacto en la parte trasera por vehiculo que huyo del lugar del accidente.,False,Clinica del Sur,P006,23,342,7,3,Manta,6559.22,0
SIN-00107,POL-00550,ASG-00277,Hogar,Choque,2025-01-11,2025-01-15,42835.43,36521.46,33910.72,Cierre Sin Consecuencia,Centro,El asegurado reporta que su vehiculo fue robado en un estacionamiento sin camaras.,False,Taller Norte,P003,30,335,4,3,Cuenca,48422.92,0
SIN-00108,POL-00014,ASG-00150,Vida,Robo,2024-08-26,2024-09-06,39135.55,32923.43,0.0,Negativa,Centro,El vehiculo fue impactado por un tercero que se dio a la fuga sin dejar datos.,False,Taller El Veloz,P001,5,360,11,3,Loja,40188.85,1
SIN-00109,POL-00337,ASG-00185,Hogar,Responsabilidad Civil,2025-11-23,2025-11-29,38936.38,33824.15,31113.55,Pago Parcial,Sur,Colision leve en interseccion con semaforo. El tercero presento sus datos.,False,Taller Norte,P003,12,353,6,2,Loja,46933.01,0
SIN-00110,POL-00228,ASG-00197,Vida,Robo,2025-09-19,2025-09-22,15408.5,12650.31,9585.64,Cierre Sin Consecuencia,Sur,Colision leve en interseccion con semaforo. El tercero presento sus datos.,True,Grua Rapida,P007,229,136,3,1,Cuenca,46215.96,0
SIN-00111,POL-00242,ASG-00021,Vida,Incendio,2025-05-18,2025-05-20,2092.29,1939.98,1710.59,Pago Parcial,Centro,Dano por granizo en estacionamiento del trabajo. Evidencia fotografica adjunta.,True,Clinica San Marcos,P002,354,11,2,0,Ambato,16890.78,0
SIN-00112,POL-00433,ASG-00199,Vida,Incendio,2026-04-07,2026-04-07,4859.93,4994.34,4876.77,Liquidado,Oeste,Accidente en carretera con policia presente. Croquis firmado por ambas partes.,True,Grua Rapida,P007,88,277,0,0,Guayaquil,12370.39,0
SIN-00113,POL-00465,ASG-00282,Hogar,Dano parcial,2025-08-29,2025-08-31,7051.82,7579.58,5315.21,Liquidado,Centro,Impacto en la parte trasera por vehiculo que huyo del lugar del accidente.,False,Taller Central,P005,26,339,2,2,Guayaquil,10122.65,0
SIN-00114,POL-00419,ASG-00272,Hogar,Choque,2025-03-07,2025-03-10,10658.11,10965.97,10824.83,Cierre Sin Consecuencia,Centro,Dano por granizo en estacionamiento del trabajo. Evidencia fotografica adjunta.,True,Taller El Veloz,P001,229,136,3,0,Manta,22702.99,0
SIN-00115,POL-00371,ASG-00031,Vehiculos,Responsabilidad Civil,2025-09-15,2025-09-16,1998.84,1751.56,1542.5,Cierre Sin Consecuencia,Sur,Accidente en carretera con policia presente. Croquis firmado por ambas partes.,True,Taller El Veloz,P001,312,53,1,0,Loja,11926.33,0
SIN-00116,POL-00394,ASG-00162,Vehiculos,Choque,2024-11-24,2024-11-25,21077.71,18461.15,14596.6,Liquidado,Este,Dano por granizo en estacionamiento del trabajo. Evidencia fotografica adjunta.,True,Grua Rapida,P007,123,242,1,1,Manta,47450.66,0
SIN-00117,POL-00408,ASG-00177,Generales,Robo,2025-06-20,2025-06-28,36056.05,35924.67,0.0,Cierre Sin Consecuencia,Este,Impacto en la parte trasera por vehiculo que huyo del lugar del accidente.,False,Grua Rapida,P007,8,357,8,6,Ambato,39635.66,1
SIN-00118,POL-00581,ASG-00272,Vida,Choque,2026-01-19,2026-01-22,27623.46,29294.92,21966.44,Pago Parcial,Norte,Accidente en carretera con policia presente. Croquis firmado por ambas partes.,False,Peritajes Express,P004,16,349,3,2,Manta,40910.79,0
SIN-00119,POL-00104,ASG-00063,Vehiculos,Robo,2025-08-06,2025-08-14,36517.63,35819.98,0.0,Pago Parcial,Este,El vehiculo fue impactado por un tercero que se dio a la fuga sin dejar datos.,False,Grua Rapida,P007,10,355,8,6,Cuenca,40143.2,1
SIN-00120,POL-00004,ASG-00185,Vehiculos,Incendio,2025-03-26,2025-03-27,2919.81,3168.92,2932.62,Pago Total,Centro,Colision leve en interseccion con semaforo. El tercero presento sus datos.,True,Taller Premium,P008,48,317,1,1,Loja,47433.21,0
SIN-00121,POL-00369,ASG-00125,Vehiculos,Responsabilidad Civil,2026-04-26,2026-04-28,11059.83,10175.59,8992.96,Reserva,Centro,Dano por granizo en estacionamiento del trabajo. Evidencia fotografica adjunta.,True,Taller El Veloz,P001,207,158,2,1,Guayaquil,31148.47,0
SIN-00122,POL-00586,ASG-00238,Vehiculos,Robo,2026-03-25,2026-04-09,7500.79,7491.73,0.0,Pago Total,Sur,El vehiculo fue impactado por un tercero que se dio a la fuga sin dejar datos.,False,Clinica San Marcos,P002,5,360,15,6,Loja,8181.44,1
SIN-00123,POL-00226,ASG-00222,Generales,Responsabilidad Civil,2025-03-27,2025-03-27,9741.31,8057.35,7312.33,Pago Total,Oeste,Choque en parqueadero de centro comercial con camaras de seguridad.,True,Taller Central,P005,71,294,0,1,Ambato,27874.98,0
SIN-00124,POL-00391,ASG-00166,Generales,Robo,2026-03-15,2026-03-17,3016.21,2493.63,2299.56,Pago Total,Norte,Colision leve en interseccion con semaforo. El tercero presento sus datos.,True,Grua Rapida,P007,214,151,2,0,Loja,29553.18,0
SIN-00125,POL-00195,ASG-00195,Vehiculos,Atencion medica,2025-09-09,2025-09-11,10773.19,8963.03,6298.83,Negativa,Centro,Dano por granizo en estacionamiento del trabajo. Evidencia fotografica adjunta.,True,Grua Rapida,P007,44,321,2,0,Loja,26347.84,0
SIN-00126,POL-00291,ASG-00308,Salud,Responsabilidad Civil,2026-05-11,2026-05-11,13393.4,11813.46,11273.59,Liquidado,Este,Robo de autopartes reportado inmediatamente a la policia. Denuncia adjunta.,True,Taller Norte,P003,107,258,0,0,Ambato,41920.39,0
SIN-00127,POL-00157,ASG-00069,Hogar,Robo,2026-03-12,2026-03-12,11607.59,11819.06,9333.87,Cierre Sin Consecuencia,Sur,Dano por granizo en estacionamiento del trabajo. Evidencia fotografica adjunta.,True,Peritajes Express,P004,14,351,0,1,Cuenca,24939.98,0
SIN-00128,POL-00485,ASG-00183,Hogar,Incendio,2026-02-16,2026-02-16,4001.45,4037.11,3062.26,Liquidado,Este,Robo de autopartes reportado inmediatamente a la policia. Denuncia adjunta.,True,Clinica del Sur,P006,75,290,0,1,Cuenca,13916.62,0
SIN-00129,POL-00312,ASG-00343,Vida,Dano parcial,2026-04-10,2026-04-11,3487.34,3728.54,2844.61,Cierre Sin Consecuencia,Sur,Accidente en carretera con policia presente. Croquis firmado por ambas partes.,True,Taller Premium,P008,0,365,1,1,Loja,14013.97,0
SIN-00130,POL-00386,ASG-00111,Generales,Robo,2025-01-08,2025-01-08,3508.18,3801.18,2794.64,Liquidado,Centro,Accidente en carretera con policia presente. Croquis firmado por ambas partes.,True,Grua Rapida,P007,169,196,0,0,Loja,37632.74,0
SIN-00131,POL-00177,ASG-00154,Salud,Responsabilidad Civil,2026-06-15,2026-06-15,17775.97,17592.88,14664.29,Reserva,Norte,Accidente en carretera con policia presente. Croquis firmado por ambas partes.,True,Grua Rapida,P007,62,303,0,1,Ambato,44442.27,0
SIN-00132,POL-00522,ASG-00122,Vida,Robo,2026-05-09,2026-05-24,11617.89,10632.55,0.0,Cierre Sin Consecuencia,Este,El vehiculo fue impactado por un tercero que se dio a la fuga sin dejar datos.,False,Grua Rapida,P007,10,355,15,4,Ambato,12527.75,1
SIN-00133,POL-00501,ASG-00032,Hogar,Dano parcial,2025-03-06,2025-03-06,18891.9,16137.45,14196.61,Pago Total,Norte,Dano por granizo en estacionamiento del trabajo. Evidencia fotografica adjunta.,True,Clinica San Marcos,P002,42,323,0,0,Ambato,48555.48,0
SIN-00134,POL-00036,ASG-00192,Salud,Dano parcial,2025-12-29,2025-12-31,5088.16,4716.29,4638.79,Reserva,Sur,Choque en parqueadero de centro comercial con camaras de seguridad.,True,Clinica San Marcos,P002,356,9,2,0,Loja,23820.76,0
SIN-00135,POL-00321,ASG-00284,Salud,Dano parcial,2025-05-18,2025-05-19,7518.3,6097.49,4527.39,Pago Total,Sur,Colision leve en interseccion con semaforo. El tercero presento sus datos.,True,Clinica del Sur,P006,60,305,1,0,Guayaquil,20909.21,0
SIN-00136,POL-00433,ASG-00199,Vida,Atencion medica,2026-10-24,2026-10-27,4235.57,3967.97,3902.19,Cierre Sin Consecuencia,Este,Dano por granizo en estacionamiento del trabajo. Evidencia fotografica adjunta.,True,Clinica San Marcos,P002,288,77,3,1,Guayaquil,12370.39,0
SIN-00137,POL-00198,ASG-00102,Generales,Responsabilidad Civil,2025-11-23,2025-11-24,4021.13,4414.13,3664.12,Reserva,Oeste,Dano por granizo en estacionamiento del trabajo. Evidencia fotografica adjunta.,True,Clinica del Sur,P006,4,361,1,1,Loja,16834.73,0
SIN-00138,POL-00562,ASG-00356,Vida,Robo,2025-07-22,2025-08-04,14147.64,12479.55,0.0,Reserva,Este,Colision frontal con vehiculo desconocido en horas de la madrugada sin testigos.,False,Clinica San Marcos,P002,2,363,13,4,Quito,14277.21,1
SIN-00139,POL-00098,ASG-00232,Hogar,Atencion medica,2025-01-18,2025-01-20,15346.66,13741.38,12718.5,Pago Total,Centro,Colision leve en interseccion con semaforo. El tercero presento sus datos.,True,Clinica del Sur,P006,159,206,2,0,Quito,47459.96,0
SIN-00140,POL-00274,ASG-00283,Hogar,Responsabilidad Civil,2026-03-04,2026-03-06,18397.72,18619.16,14056.19,Pago Parcial,Este,Dano por granizo en estacionamiento del trabajo. Evidencia fotografica adjunta.,True,Taller El Veloz,P001,75,290,2,1,Cuenca,49942.77,0
SIN-00141,POL-00417,ASG-00364,Vehiculos,Responsabilidad Civil,2025-12-03,2025-12-03,2265.75,1924.83,1380.53,Cierre Sin Consecuencia,Centro,Dano por granizo en estacionamiento del trabajo. Evidencia fotografica adjunta.,True,Clinica del Sur,P006,92,273,0,0,Quito,26809.8,0
SIN-00142,POL-00128,ASG-00073,Hogar,Robo,2025-10-06,2025-10-20,15242.6,16740.44,0.0,Cierre Sin Consecuencia,Oeste,El asegurado reporta que su vehiculo fue robado en un estacionamiento sin camaras.,False,Grua Rapida,P007,1,364,14,4,Ambato,15709.82,1
SIN-00143,POL-00231,ASG-00320,Hogar,Robo,2025-08-31,2025-09-13,46232.9,39350.91,0.0,Reserva,Centro,Impacto en la parte trasera por vehiculo que huyo del lugar del accidente.,False,Clinica San Marcos,P002,9,356,13,6,Guayaquil,46453.63,1
SIN-00144,POL-00404,ASG-00382,Vehiculos,Responsabilidad Civil,2025-06-04,2025-06-04,7918.85,6471.67,4541.61,Negativa,Centro,Choque en parqueadero de centro comercial con camaras de seguridad.,True,Peritajes Express,P004,289,76,0,1,Loja,16815.11,0
SIN-00145,POL-00010,ASG-00129,Salud,Robo,2024-08-15,2024-08-15,7868.15,6586.84,5573.94,Pago Total,Centro,Dano por granizo en estacionamiento del trabajo. Evidencia fotografica adjunta.,True,Clinica San Marcos,P002,3,362,0,1,Cuenca,27311.11,0
SIN-00146,POL-00187,ASG-00192,Vehiculos,Robo,2025-05-18,2025-05-28,35698.66,32406.21,0.0,Cierre Sin Consecuencia,Sur,Impacto en la parte trasera por vehiculo que huyo del lugar del accidente.,False,Grua Rapida,P007,8,357,10,3,Loja,39058.15,1
SIN-00147,POL-00033,ASG-00251,Generales,Incendio,2026-04-07,2026-04-09,1976.35,2055.3,1879.15,Pago Parcial,Este,Accidente en carretera con policia presente. Croquis firmado por ambas partes.,True,Taller Norte,P003,201,164,2,1,Guayaquil,19103.18,0
SIN-00148,POL-00243,ASG-00170,Vida,Atencion medica,2025-05-01,2025-05-04,5856.26,5528.65,4338.15,Reserva,Este,Colision leve en interseccion con semaforo. El tercero presento sus datos.,True,Taller El Veloz,P001,62,303,3,1,Cuenca,11966.26,0
SIN-00149,POL-00288,ASG-00263,Vehiculos,Responsabilidad Civil,2025-09-18,2025-09-19,4061.37,3826.49,3577.06,Reserva,Oeste,Accidente en carretera con policia presente. Croquis firmado por ambas partes.,True,Clinica San Marcos,P002,198,167,1,0,Cuenca,11608.93,0
SIN-00150,POL-00040,ASG-00351,Vida,Robo,2025-07-29,2025-08-01,2479.88,2626.95,2138.62,Liquidado,Centro,Dano por granizo en estacionamiento del trabajo. Evidencia fotografica adjunta.,True,Taller Central,P005,4,361,3,0,Guayaquil,42795.13,0
SIN-00151,POL-00438,ASG-00056,Vida,Atencion medica,2024-12-15,2024-12-19,38868.97,41532.73,31337.5,Reserva,Norte,Impacto en la parte trasera por vehiculo que huyo del lugar del accidente.,False,Taller El Veloz,P001,22,343,4,3,Ambato,44499.51,0
SIN-00152,POL-00259,ASG-00196,Vida,Atencion medica,2024-09-12,2024-09-14,5071.13,5184.66,4191.36,Liquidado,Oeste,Dano por granizo en estacionamiento del trabajo. Evidencia fotografica adjunta.,True,Taller Premium,P008,14,351,2,3,Guayaquil,6386.86,0
SIN-00153,POL-00124,ASG-00224,Vida,Responsabilidad Civil,2026-08-02,2026-08-03,1756.61,1444.75,1248.23,Pago Parcial,Centro,Accidente en carretera con policia presente. Croquis firmado por ambas partes.,True,Taller El Veloz,P001,98,267,1,0,Quito,12839.12,0
SIN-00154,POL-00356,ASG-00113,Hogar,Responsabilidad Civil,2025-08-05,2025-08-05,15240.28,14107.95,13817.32,Liquidado,Norte,Colision leve en interseccion con semaforo. El tercero presento sus datos.,True,Clinica del Sur,P006,174,191,0,1,Guayaquil,33139.54,0
SIN-00155,POL-00580,ASG-00003,Vida,Responsabilidad Civil,2026-04-07,2026-04-08,2607.6,2621.7,2519.65,Reserva,Sur,Accidente en carretera con policia presente. Croquis firmado por ambas partes.,True,Taller El Veloz,P001,207,158,1,1,Quito,6802.64,0
SIN-00156,POL-00164,ASG-00283,Hogar,Choque,2025-09-21,2025-09-24,11814.31,10526.82,8064.61,Cierre Sin Consecuencia,Centro,Choque en parqueadero de centro comercial con camaras de seguridad.,True,Peritajes Express,P004,107,258,3,1,Cuenca,42694.42,0
SIN-00157,POL-00244,ASG-00027,Generales,Robo,2025-05-25,2025-06-04,17198.48,16517.05,0.0,Reserva,Centro,Colision frontal con vehiculo desconocido en horas de la madrugada sin testigos.,False,Taller El Veloz,P001,5,360,10,4,Quito,18551.97,1
SIN-00158,POL-00365,ASG-00378,Vehiculos,Atencion medica,2025-12-20,2025-12-21,6292.17,6397.76,5799.15,Cierre Sin Consecuencia,Centro,Colision leve en interseccion con semaforo. El tercero presento sus datos.,True,Peritajes Express,P004,216,149,1,0,Guayaquil,38089.53,0
SIN-00159,POL-00405,ASG-00067,Salud,Responsabilidad Civil,2025-10-24,2025-10-27,3004.06,2850.22,2387.96,Pago Total,Sur,Accidente en carretera con policia presente. Croquis firmado por ambas partes.,True,Taller Norte,P003,120,245,3,0,Cuenca,13914.88,0
SIN-00160,POL-00072,ASG-00163,Salud,Robo,2025-02-09,2025-02-23,38906.96,38167.26,0.0,Negativa,Este,Colision frontal con vehiculo desconocido en horas de la madrugada sin testigos.,False,Grua Rapida,P007,8,357,14,3,Cuenca,42753.8,1
SIN-00161,POL-00255,ASG-00092,Hogar,Responsabilidad Civil,2025-07-27,2025-07-29,25618.54,27048.47,19623.38,Pago Total,Este,Colision frontal con vehiculo desconocido en horas de la madrugada sin testigos.,True,Clinica San Marcos,P002,30,335,2,3,Manta,30873.3,0
SIN-00162,POL-00557,ASG-00378,Vida,Robo,2024-11-19,2024-12-01,44523.75,47802.93,0.0,Reserva,Sur,Colision frontal con vehiculo desconocido en horas de la madrugada sin testigos.,False,Clinica San Marcos,P002,2,363,12,3,Guayaquil,48913.4,1
SIN-00163,POL-00366,ASG-00200,Hogar,Choque,2026-06-13,2026-06-15,5649.94,5544.58,4177.4,Liquidado,Centro,Colision leve en interseccion con semaforo. El tercero presento sus datos.,True,Clinica San Marcos,P002,196,169,2,0,Quito,12137.51,0
SIN-00164,POL-00294,ASG-00311,Vehiculos,Atencion medica,2025-06-02,2025-06-05,15849.13,16430.11,15748.49,Pago Total,Sur,Robo de autopartes reportado inmediatamente a la policia. Denuncia adjunta.,True,Clinica del Sur,P006,289,76,3,0,Cuenca,45572.37,0
SIN-00165,POL-00286,ASG-00170,Vehiculos,Robo,2025-03-14,2025-03-28,24828.05,25027.33,0.0,Negativa,Oeste,Impacto en la parte trasera por vehiculo que huyo del lugar del accidente.,False,Clinica San Marcos,P002,3,362,14,6,Cuenca,26546.66,1
SIN-00166,POL-00432,ASG-00353,Vida,Robo,2027-03-09,2027-03-11,2209.37,2137.59,2110.41,Reserva,Norte,Colision leve en interseccion con semaforo. El tercero presento sus datos.,True,Peritajes Express,P004,300,65,2,1,Manta,43076.22,0
SIN-00167,POL-00216,ASG-00330,Vida,Robo,2025-07-26,2025-08-05,14605.4,11921.29,0.0,Reserva,Oeste,Impacto en la parte trasera por vehiculo que huyo del lugar del accidente.,False,Taller El Veloz,P001,2,363,10,5,Loja,15575.0,1
SIN-00168,POL-00079,ASG-00342,Salud,Incendio,2025-09-29,2025-09-30,14537.22,14892.4,13545.67,Pago Parcial,Este,Accidente en carretera con policia presente. Croquis firmado por ambas partes.,True,Taller El Veloz,P001,311,54,1,0,Manta,36855.53,0
SIN-00169,POL-00178,ASG-00066,Hogar,Robo,2025-07-16,2025-07-28,29912.61,27732.01,0.0,Pago Total,Centro,El asegurado reporta que su vehiculo fue robado en un estacionamiento sin camaras.,False,Grua Rapida,P007,8,357,12,4,Cuenca,30156.42,1
SIN-00170,POL-00058,ASG-00068,Hogar,Responsabilidad Civil,2026-06-24,2026-06-30,39649.46,39483.33,32436.74,Negativa,Sur,Accidente en carretera con policia presente. Croquis firmado por ambas partes.,False,Peritajes Express,P004,28,337,6,3,Loja,46972.65,0
SIN-00171,POL-00112,ASG-00366,Hogar,Robo,2024-12-24,2025-01-01,37110.18,32047.35,0.0,Reserva,Centro,El vehiculo fue impactado por un tercero que se dio a la fuga sin dejar datos.,False,Taller El Veloz,P001,6,359,8,3,Quito,40164.58,1
SIN-00172,POL-00496,ASG-00208,Vehiculos,Robo,2025-06-06,2025-06-14,35778.14,31997.88,0.0,Negativa,Centro,Impacto en la parte trasera por vehiculo que huyo del lugar del accidente.,False,Clinica San Marcos,P002,5,360,8,4,Manta,35847.89,1
SIN-00173,POL-00489,ASG-00250,Vehiculos,Robo,2024-09-16,2024-09-18,8635.56,9000.35,8066.71,Cierre Sin Consecuencia,Sur,Impacto en la parte trasera por vehiculo que huyo del lugar del accidente.,True,Taller El Veloz,P001,25,340,2,2,Manta,10079.92,0
SIN-00174,POL-00397,ASG-00167,Vida,Dano parcial,2026-06-20,2026-06-22,37006.22,31188.35,29976.28,Liquidado,Norte,Colision frontal con vehiculo desconocido en horas de la madrugada sin testigos.,False,Peritajes Express,P004,30,335,2,2,Quito,42156.74,0
SIN-00175,POL-00362,ASG-00357,Vehiculos,Robo,2025-01-12,2025-01-24,42900.05,46415.66,0.0,Liquidado,Este,Impacto en la parte trasera por vehiculo que huyo del lugar del accidente.,False,Clinica San Marcos,P002,8,357,12,4,Guayaquil,42959.58,1
SIN-00176,POL-00452,ASG-00281,Hogar,Dano parcial,2025-06-27,2025-06-29,6564.29,5769.01,5553.6,Cierre Sin Consecuencia,Norte,Accidente en carretera con policia presente. Croquis firmado por ambas partes.,True,Clinica del Sur,P006,248,117,2,1,Guayaquil,30089.69,0
SIN-00177,POL-00298,ASG-00069,Hogar,Incendio,2026-02-05,2026-02-08,11018.75,10355.02,9244.4,Negativa,Norte,Colision frontal con vehiculo desconocido en horas de la madrugada sin testigos.,False,Grua Rapida,P007,13,352,3,3,Cuenca,15463.08,0
SIN-00178,POL-00205,ASG-00332,Salud,Atencion medica,2025-08-18,2025-08-24,33534.18,31400.52,27115.11,Negativa,Sur,Colision frontal con vehiculo desconocido en horas de la madrugada sin testigos.,False,Grua Rapida,P007,21,344,6,3,Loja,45253.74,0
SIN-00179,POL-00441,ASG-00217,Hogar,Robo,2025-06-13,2025-06-20,5387.04,4538.7,3550.04,Reserva,Centro,El asegurado reporta que su vehiculo fue robado en un estacionamiento sin camaras.,False,Taller Premium,P008,11,354,7,2,Guayaquil,7454.6,0
SIN-00180,POL-00169,ASG-00193,Hogar,Incendio,2025-02-10,2025-02-15,11193.05,12018.87,10469.58,Reserva,Oeste,Robo de autopartes reportado inmediatamente a la policia. Denuncia adjunta.,True,Peritajes Express,P004,26,339,5,3,Manta,14819.41,0
SIN-00181,POL-00325,ASG-00191,Generales,Incendio,2024-07-10,2024-07-15,38632.53,36940.72,25899.25,Negativa,Sur,Robo de autopartes reportado inmediatamente a la policia. Denuncia adjunta.,True,Taller El Veloz,P001,15,350,5,3,Ambato,45415.45,0
SIN-00182,POL-00387,ASG-00270,Salud,Robo,2024-09-10,2024-09-12,33697.65,36022.67,30641.8,Reserva,Este,El vehiculo fue impactado por un tercero que se dio a la fuga sin dejar datos.,False,Peritajes Express,P004,29,336,2,3,Guayaquil,47637.65,0
SIN-00183,POL-00439,ASG-00276,Vida,Dano parcial,2025-05-09,2025-05-15,4915.08,4967.32,4874.78,Reserva,Norte,Robo de autopartes reportado inmediatamente a la policia. Denuncia adjunta.,False,Clinica del Sur,P006,16,349,6,3,Cuenca,6766.32,0
SIN-00184,POL-00107,ASG-00022,Vida,Dano parcial,2025-11-13,2025-11-13,15610.31,15615.2,14920.5,Pago Total,Sur,Choque en parqueadero de centro comercial con camaras de seguridad.,True,Taller Premium,P008,204,161,0,0,Manta,46585.93,0
SIN-00185,POL-00406,ASG-00316,Generales,Robo,2025-11-24,2025-11-26,1401.56,1473.8,1383.22,Negativa,Sur,Robo de autopartes reportado inmediatamente a la policia. Denuncia adjunta.,True,Taller El Veloz,P001,114,251,2,1,Ambato,8223.98,0
SIN-00186,POL-00158,ASG-00214,Generales,Dano parcial,2024-09-20,2024-09-22,2702.06,2357.68,2338.93,Pago Total,Oeste,Choque en parqueadero de centro comercial con camaras de seguridad.,True,Clinica del Sur,P006,110,255,2,1,Quito,13457.11,0
SIN-00187,POL-00237,ASG-00332,Generales,Robo,2026-07-03,2026-07-03,9353.32,9832.22,7351.71,Pago Parcial,Sur,Accidente en carretera con policia presente. Croquis firmado por ambas partes.,True,Clinica San Marcos,P002,46,319,0,1,Loja,27991.5,0
SIN-00188,POL-00157,ASG-00069,Hogar,Dano parcial,2026-05-25,2026-05-25,7664.24,8392.53,7472.2,Pago Parcial,Sur,Colision leve en interseccion con semaforo. El tercero presento sus datos.,True,Taller El Veloz,P001,88,277,0,0,Cuenca,24939.98,0
SIN-00189,POL-00388,ASG-00055,Generales,Atencion medica,2026-08-01,2026-08-01,12070.9,10058.43,9838.75,Reserva,Norte,Colision leve en interseccion con semaforo. El tercero presento sus datos.,True,Taller Central,P005,315,50,0,0,Guayaquil,25642.43,0
SIN-00190,POL-00371,ASG-00031,Vehiculos,Incendio,2024-11-18,2024-11-23,7410.27,6762.44,5369.89,Negativa,Sur,Impacto en la parte trasera por vehiculo que huyo del lugar del accidente.,True,Peritajes Express,P004,11,354,5,3,Loja,11926.33,0
SIN-00191,POL-00033,ASG-00251,Generales,Atencion medica,2026-04-01,2026-04-04,9507.89,8058.09,7433.66,Reserva,Sur,Choque en parqueadero de centro comercial con camaras de seguridad.,True,Clinica San Marcos,P002,195,170,3,0,Guayaquil,19103.18,0
SIN-00192,POL-00157,ASG-00069,Hogar,Choque,2026-09-14,2026-09-15,1578.05,1301.94,1181.49,Pago Total,Centro,Dano por granizo en estacionamiento del trabajo. Evidencia fotografica adjunta.,True,Peritajes Express,P004,200,165,1,0,Cuenca,24939.98,0
SIN-00193,POL-00479,ASG-00108,Hogar,Incendio,2026-07-17,2026-07-18,2908.77,3166.37,2314.2,Liquidado,Centro,Dano por granizo en estacionamiento del trabajo. Evidencia fotografica adjunta.,True,Taller Premium,P008,74,291,1,1,Cuenca,17895.53,0
SIN-00194,POL-00279,ASG-00136,Hogar,Dano parcial,2025-08-03,2025-08-06,8532.68,7783.41,6925.75,Reserva,Este,Choque en parqueadero de centro comercial con camaras de seguridad.,True,Clinica del Sur,P006,337,28,3,1,Guayaquil,35086.35,0
SIN-00195,POL-00544,ASG-00197,Vida,Choque,2025-06-02,2025-06-06,21075.39,17319.59,15537.17,Pago Parcial,Sur,Dano por granizo en estacionamiento del trabajo. Evidencia fotografica adjunta.,True,Clinica del Sur,P006,16,349,4,2,Cuenca,29088.68,0
SIN-00196,POL-00582,ASG-00124,Vehiculos,Dano parcial,2025-04-02,2025-04-02,1242.53,1190.57,870.16,Pago Parcial,Oeste,Choque en parqueadero de centro comercial con camaras de seguridad.,True,Clinica del Sur,P006,105,260,0,0,Quito,5559.03,0
SIN-00197,POL-00326,ASG-00094,Generales,Choque,2026-04-07,2026-04-12,9199.97,7702.47,5787.19,Pago Parcial,Oeste,Robo de autopartes reportado inmediatamente a la policia. Denuncia adjunta.,False,Clinica del Sur,P006,26,339,5,2,Guayaquil,14994.18,0
SIN-00198,POL-00547,ASG-00284,Vehiculos,Choque,2025-05-18,2025-05-23,21797.92,19512.56,15683.17,Reserva,Oeste,Colision leve en interseccion con semaforo. El tercero presento sus datos.,False,Taller El Veloz,P001,13,352,5,3,Guayaquil,34733.03,0
SIN-00199,POL-00125,ASG-00341,Generales,Choque,2024-10-31,2024-10-31,3321.86,2762.26,2201.13,Cierre Sin Consecuencia,Este,Colision leve en interseccion con semaforo. El tercero presento sus datos.,True,Clinica del Sur,P006,153,212,0,0,Quito,22027.28,0
SIN-00200,POL-00006,ASG-00014,Vehiculos,Choque,2025-04-28,2025-04-30,8036.39,8087.63,7582.06,Negativa,Centro,Colision leve en interseccion con semaforo. El tercero presento sus datos.,True,Taller El Veloz,P001,14,351,2,3,Guayaquil,9187.89,0
SIN-00201,POL-00599,ASG-00119,Generales,Responsabilidad Civil,2026-02-23,2026-02-23,6700.09,6689.24,6641.78,Pago Parcial,Este,Dano por granizo en estacionamiento del trabajo. Evidencia fotografica adjunta.,True,Grua Rapida,P007,17,348,0,1,Manta,23526.13,0
SIN-00202,POL-00572,ASG-00212,Salud,Responsabilidad Civil,2026-08-30,2026-08-31,5415.56,4430.36,3118.7,Pago Total,Este,Colision leve en interseccion con semaforo. El tercero presento sus datos.,True,Peritajes Express,P004,137,228,1,1,Manta,14929.82,0
SIN-00203,POL-00465,ASG-00282,Hogar,Choque,2026-02-11,2026-02-12,1502.74,1641.77,1576.69,Liquidado,Sur,Robo de autopartes reportado inmediatamente a la policia. Denuncia adjunta.,True,Taller Norte,P003,192,173,1,1,Guayaquil,10122.65,0
SIN-00204,POL-00151,ASG-00213,Salud,Responsabilidad Civil,2025-08-25,2025-08-25,4978.17,4380.92,3692.56,Liquidado,Este,Accidente en carretera con policia presente. Croquis firmado por ambas partes.,True,Taller Premium,P008,35,330,0,0,Quito,31457.04,0
SIN-00205,POL-00407,ASG-00295,Vehiculos,Choque,2026-06-14,2026-06-17,4076.83,4054.76,3728.76,Negativa,Sur,Colision leve en interseccion con semaforo. El tercero presento sus datos.,True,Grua Rapida,P007,172,193,3,0,Loja,23611.19,0
SIN-00206,POL-00444,ASG-00047,Hogar,Responsabilidad Civil,2026-11-13,2026-11-14,16461.8,13431.86,9546.11,Pago Parcial,Sur,Dano por granizo en estacionamiento del trabajo. Evidencia fotografica adjunta.,True,Clinica San Marcos,P002,189,176,1,0,Manta,34185.94,0
SIN-00207,POL-00415,ASG-00239,Vehiculos,Robo,2024-09-23,2024-09-28,22901.08,23170.31,18220.98,Reserva,Norte,Dano por granizo en estacionamiento del trabajo. Evidencia fotografica adjunta.,True,Grua Rapida,P007,19,346,5,3,Cuenca,34716.78,0
SIN-00208,POL-00175,ASG-00208,Vida,Robo,2025-08-15,2025-08-16,6230.66,6783.15,6103.54,Negativa,Centro,Accidente en carretera con policia presente. Croquis firmado por ambas partes.,True,Clinica del Sur,P006,189,176,1,0,Manta,31236.07,0
SIN-00209,POL-00010,ASG-00129,Salud,Dano parcial,2024-09-03,2024-09-03,7366.85,6135.23,5801.95,Liquidado,Centro,Dano por granizo en estacionamiento del trabajo. Evidencia fotografica adjunta.,True,Clinica del Sur,P006,22,343,0,1,Cuenca,27311.11,0
SIN-00210,POL-00344,ASG-00012,Salud,Atencion medica,2025-02-05,2025-02-07,12125.84,11369.49,10781.97,Pago Parcial,Centro,Robo de autopartes reportado inmediatamente a la policia. Denuncia adjunta.,True,Taller Premium,P008,249,116,2,1,Loja,34791.01,0
SIN-00211,POL-00510,ASG-00248,Hogar,Responsabilidad Civil,2025-12-06,2025-12-10,17596.97,17449.51,17268.66,Cierre Sin Consecuencia,Oeste,Impacto en la parte trasera por vehiculo que huyo del lugar del accidente.,True,Taller El Veloz,P001,24,341,4,3,Manta,26668.98,0
SIN-00212,POL-00196,ASG-00216,Vehiculos,Responsabilidad Civil,2025-09-05,2025-09-07,7294.78,7576.36,6591.42,Pago Parcial,Centro,Colision leve en interseccion con semaforo. El tercero presento sus datos.,True,Taller El Veloz,P001,260,105,2,1,Ambato,17148.97,0
SIN-00213,POL-00478,ASG-00053,Generales,Atencion medica,2025-10-11,2025-10-12,7194.98,7482.32,5272.62,Reserva,Sur,Robo de autopartes reportado inmediatamente a la policia. Denuncia adjunta.,True,Taller Norte,P003,310,55,1,0,Loja,38549.96,0
SIN-00214,POL-00001,ASG-00231,Vida,Atencion medica,2026-06-13,2026-06-19,23698.5,19972.94,18373.43,Negativa,Oeste,Colision frontal con vehiculo desconocido en horas de la madrugada sin testigos.,True,Taller El Veloz,P001,20,345,6,3,Guayaquil,29886.7,0
SIN-00215,POL-00364,ASG-00007,Vehiculos,Responsabilidad Civil,2025-07-03,2025-07-06,8924.27,9603.03,8442.14,Pago Total,Oeste,Colision leve en interseccion con semaforo. El tercero presento sus datos.,True,Peritajes Express,P004,145,220,3,1,Guayaquil,37160.71,0
SIN-00216,POL-00313,ASG-00282,Hogar,Responsabilidad Civil,2026-02-19,2026-02-25,19699.92,18871.96,17140.27,Liquidado,Centro,Colision frontal con vehiculo desconocido en horas de la madrugada sin testigos.,False,Clinica San Marcos,P002,25,340,6,2,Guayaquil,30160.12,0
SIN-00217,POL-00091,ASG-00280,Salud,Atencion medica,2026-05-05,2026-05-06,14610.72,14410.07,13977.39,Pago Parcial,Norte,Robo de autopartes reportado inmediatamente a la policia. Denuncia adjunta.,True,Taller Norte,P003,144,221,1,0,Cuenca,46957.89,0
SIN-00218,POL-00277,ASG-00351,Salud,Choque,2026-04-03,2026-04-09,8370.11,8555.44,7719.78,Cierre Sin Consecuencia,Norte,El vehiculo fue impactado por un tercero que se dio a la fuga sin dejar datos.,False,Clinica San Marcos,P002,20,345,6,2,Guayaquil,11316.68,0
SIN-00219,POL-00229,ASG-00176,Hogar,Atencion medica,2025-06-13,2025-06-18,8590.84,6872.76,6055.84,Reserva,Oeste,Colision frontal con vehiculo desconocido en horas de la madrugada sin testigos.,True,Taller Norte,P003,11,354,5,2,Loja,11001.73,0
SIN-00220,POL-00026,ASG-00073,Hogar,Choque,2024-09-01,2024-09-06,18869.68,19747.23,17859.32,Cierre Sin Consecuencia,Oeste,Impacto en la parte trasera por vehiculo que huyo del lugar del accidente.,True,Taller Premium,P008,20,345,5,3,Ambato,25489.97,0
SIN-00221,POL-00190,ASG-00373,Generales,Responsabilidad Civil,2025-11-03,2025-11-04,2562.68,2416.22,1901.59,Cierre Sin Consecuencia,Norte,Choque en parqueadero de centro comercial con camaras de seguridad.,True,Taller Norte,P003,344,21,1,0,Cuenca,20202.58,0
SIN-00222,POL-00291,ASG-00308,Salud,Robo,2026-01-25,2026-02-06,37871.23,40614.34,0.0,Pago Parcial,Sur,Impacto en la parte trasera por vehiculo que huyo del lugar del accidente.,False,Grua Rapida,P007,1,364,12,3,Ambato,41920.39,1
SIN-00223,POL-00577,ASG-00284,Salud,Robo,2025-03-06,2025-03-08,17566.34,14412.53,13717.81,Negativa,Este,Robo de autopartes reportado inmediatamente a la policia. Denuncia adjunta.,True,Clinica del Sur,P006,222,143,2,1,Guayaquil,43563.82,0
SIN-00224,POL-00599,ASG-00119,Generales,Robo,2026-02-09,2026-02-20,21400.64,19198.47,0.0,Pago Total,Sur,Impacto en la parte trasera por vehiculo que huyo del lugar del accidente.,False,Taller El Veloz,P001,3,362,11,6,Manta,23526.13,1
SIN-00225,POL-00257,ASG-00004,Generales,Robo,2025-09-25,2025-10-10,37655.1,33752.06,0.0,Cierre Sin Consecuencia,Este,El vehiculo fue impactado por un tercero que se dio a la fuga sin dejar datos.,False,Grua Rapida,P007,2,363,15,4,Manta,38567.8,1
SIN-00226,POL-00099,ASG-00055,Salud,Robo,2025-03-21,2025-04-03,18699.87,15999.45,0.0,Cierre Sin Consecuencia,Oeste,El vehiculo fue impactado por un tercero que se dio a la fuga sin dejar datos.,False,Grua Rapida,P007,1,364,13,5,Guayaquil,19131.5,1
SIN-00227,POL-00530,ASG-00354,Salud,Robo,2024-07-31,2024-08-08,5257.79,5501.74,0.0,Pago Parcial,Centro,El vehiculo fue impactado por un tercero que se dio a la fuga sin dejar datos.,False,Clinica San Marcos,P002,4,361,8,4,Quito,5476.01,1
SIN-00228,POL-00597,ASG-00105,Generales,Atencion medica,2026-07-05,2026-07-05,388.5,334.17,322.94,Reserva,Sur,Accidente en carretera con policia presente. Croquis firmado por ambas partes.,True,Taller Premium,P008,316,49,0,1,Cuenca,6021.06,0
SIN-00229,POL-00075,ASG-00206,Vehiculos,Choque,2025-05-02,2025-05-08,23775.82,25772.52,20132.27,Reserva,Norte,Choque en parqueadero de centro comercial con camaras de seguridad.,True,Taller El Veloz,P001,24,341,6,3,Cuenca,29194.49,0
SIN-00230,POL-00442,ASG-00331,Vida,Robo,2026-04-05,2026-04-07,16728.16,16804.81,15483.57,Liquidado,Este,Choque en parqueadero de centro comercial con camaras de seguridad.,True,Taller Premium,P008,11,354,2,3,Guayaquil,27529.6,0
SIN-00231,POL-00441,ASG-00217,Hogar,Choque,2025-09-24,2025-09-27,768.54,695.94,558.8,Reserva,Sur,Choque en parqueadero de centro comercial con camaras de seguridad.,True,Grua Rapida,P007,114,251,3,1,Guayaquil,7454.6,0
SIN-00232,POL-00582,ASG-00124,Vehiculos,Choque,2025-03-08,2025-03-09,2310.78,1936.47,1460.44,Reserva,Centro,Colision leve en interseccion con semaforo. El tercero presento sus datos.,True,Taller El Veloz,P001,80,285,1,0,Quito,5559.03,0
SIN-00233,POL-00126,ASG-00091,Vehiculos,Robo,2024-10-26,2024-11-10,46285.74,46930.97,0.0,Pago Parcial,Oeste,Colision frontal con vehiculo desconocido en horas de la madrugada sin testigos.,False,Clinica San Marcos,P002,4,361,15,6,Quito,47691.42,1
SIN-00234,POL-00534,ASG-00337,Generales,Dano parcial,2024-07-26,2024-07-28,9426.64,9516.22,8516.75,Negativa,Norte,El vehiculo fue impactado por un tercero que se dio a la fuga sin dejar datos.,True,Peritajes Express,P004,17,348,2,2,Ambato,13314.59,0
SIN-00235,POL-00394,ASG-00162,Vehiculos,Choque,2025-07-07,2025-07-07,8331.94,7903.74,7578.36,Negativa,Este,Choque en parqueadero de centro comercial con camaras de seguridad.,True,Taller Central,P005,348,17,0,1,Manta,47450.66,0
SIN-00236,POL-00442,ASG-00331,Vida,Choque,2027-03-18,2027-03-20,12987.11,13984.64,13596.35,Liquidado,Sur,Choque en parqueadero de centro comercial con camaras de seguridad.,True,Taller El Veloz,P001,358,7,2,1,Guayaquil,27529.6,0
SIN-00237,POL-00059,ASG-00043,Hogar,Responsabilidad Civil,2025-08-19,2025-08-21,14922.97,13835.84,12670.39,Liquidado,Centro,Choque en parqueadero de centro comercial con camaras de seguridad.,True,Clinica San Marcos,P002,335,30,2,1,Guayaquil,34201.0,0
SIN-00238,POL-00288,ASG-00263,Vehiculos,Robo,2025-03-13,2025-03-25,10839.88,9848.12,0.0,Cierre Sin Consecuencia,Centro,El vehiculo fue impactado por un tercero que se dio a la fuga sin dejar datos.,False,Clinica San Marcos,P002,9,356,12,5,Cuenca,11608.93,1
SIN-00239,POL-00455,ASG-00339,Generales,Robo,2024-11-24,2024-12-02,30194.61,24686.37,0.0,Reserva,Centro,Colision frontal con vehiculo desconocido en horas de la madrugada sin testigos.,False,Clinica San Marcos,P002,8,357,8,6,Cuenca,30297.97,1
SIN-00240,POL-00051,ASG-00073,Generales,Robo,2026-05-10,2026-05-25,31854.65,34578.58,0.0,Pago Parcial,Centro,Colision frontal con vehiculo desconocido en horas de la madrugada sin testigos.,False,Taller El Veloz,P001,3,362,15,3,Ambato,33251.58,1
SIN-00241,POL-00455,ASG-00339,Generales,Robo,2025-05-21,2025-05-22,5956.73,4892.96,4051.09,Pago Parcial,Sur,Robo de autopartes reportado inmediatamente a la policia. Denuncia adjunta.,True,Clinica San Marcos,P002,186,179,1,1,Cuenca,30297.97,0
SIN-00242,POL-00384,ASG-00328,Vehiculos,Atencion medica,2026-01-01,2026-01-01,4697.1,5068.61,4934.61,Reserva,Norte,Colision leve en interseccion con semaforo. El tercero presento sus datos.,True,Taller Premium,P008,56,309,0,1,Ambato,38456.48,0
SIN-00243,POL-00154,ASG-00317,Generales,Responsabilidad Civil,2025-07-25,2025-07-25,11073.25,10649.04,7841.66,Liquidado,Norte,Dano por granizo en estacionamiento del trabajo. Evidencia fotografica adjunta.,True,Grua Rapida,P007,28,337,0,1,Loja,23077.4,0
SIN-00244,POL-00371,ASG-00031,Vehiculos,Responsabilidad Civil,2025-05-02,2025-05-02,4315.94,3921.31,3158.99,Liquidado,Norte,Accidente en carretera con policia presente. Croquis firmado por ambas partes.,True,Peritajes Express,P004,176,189,0,1,Loja,11926.33,0
SIN-00245,POL-00251,ASG-00023,Hogar,Responsabilidad Civil,2025-01-24,2025-01-25,4406.28,3939.89,2854.26,Negativa,Oeste,Robo de autopartes reportado inmediatamente a la policia. Denuncia adjunta.,True,Grua Rapida,P007,102,263,1,1,Guayaquil,13663.06,0
SIN-00246,POL-00016,ASG-00394,Generales,Robo,2024-06-07,2024-06-22,36754.53,29667.5,0.0,Pago Total,Norte,El vehiculo fue impactado por un tercero que se dio a la fuga sin dejar datos.,False,Taller El Veloz,P001,9,356,15,6,Cuenca,37724.6,1
SIN-00247,POL-00345,ASG-00086,Vida,Dano parcial,2025-08-17,2025-08-17,3914.55,3999.2,3225.3,Negativa,Este,Colision leve en interseccion con semaforo. El tercero presento sus datos.,True,Clinica del Sur,P006,178,187,0,0,Guayaquil,7870.66,0
SIN-00248,POL-00008,ASG-00267,Salud,Incendio,2025-06-07,2025-06-10,2452.23,2656.82,1937.01,Pago Parcial,Este,Dano por granizo en estacionamiento del trabajo. Evidencia fotografica adjunta.,True,Clinica del Sur,P006,21,344,3,1,Loja,12627.58,0
SIN-00249,POL-00043,ASG-00388,Vehiculos,Atencion medica,2025-11-24,2025-11-26,2355.87,1968.48,1539.66,Negativa,Sur,Robo de autopartes reportado inmediatamente a la policia. Denuncia adjunta.,True,Peritajes Express,P004,161,204,2,0,Ambato,24861.5,0
SIN-00250,POL-00286,ASG-00170,Vehiculos,Robo,2025-03-20,2025-03-30,23964.6,22682.73,0.0,Reserva,Centro,Colision frontal con vehiculo desconocido en horas de la madrugada sin testigos.,False,Taller El Veloz,P001,9,356,10,3,Cuenca,26546.66,1
SIN-00251,POL-00123,ASG-00361,Vida,Incendio,2026-09-25,2026-09-27,1794.71,1829.69,1344.71,Pago Parcial,Norte,Dano por granizo en estacionamiento del trabajo. Evidencia fotografica adjunta.,True,Taller Premium,P008,276,89,2,1,Guayaquil,20145.25,0
SIN-00252,POL-00465,ASG-00282,Hogar,Atencion medica,2026-02-02,2026-02-02,2480.25,2125.87,1844.09,Cierre Sin Consecuencia,Norte,Choque en parqueadero de centro comercial con camaras de seguridad.,True,Clinica San Marcos,P002,183,182,0,1,Guayaquil,10122.65,0
SIN-00253,POL-00226,ASG-00222,Generales,Robo,2025-02-10,2025-02-13,22654.9,22438.13,16303.85,Liquidado,Sur,El asegurado reporta que su vehiculo fue robado en un estacionamiento sin camaras.,False,Peritajes Express,P004,26,339,3,2,Ambato,27874.98,0
SIN-00254,POL-00214,ASG-00330,Salud,Robo,2025-06-16,2025-06-30,25154.31,24126.46,0.0,Pago Total,Centro,El asegurado reporta que su vehiculo fue robado en un estacionamiento sin camaras.,False,Taller El Veloz,P001,5,360,14,6,Loja,26118.0,1
SIN-00255,POL-00225,ASG-00235,Generales,Atencion medica,2026-07-08,2026-07-11,5376.84,5369.99,3945.58,Negativa,Centro,Robo de autopartes reportado inmediatamente a la policia. Denuncia adjunta.,True,Clinica San Marcos,P002,255,110,3,0,Loja,11058.62,0
SIN-00256,POL-00496,ASG-00208,Vehiculos,Responsabilidad Civil,2025-06-06,2025-06-07,2259.61,2410.88,2253.81,Reserva,Oeste,Robo de autopartes reportado inmediatamente a la policia. Denuncia adjunta.,True,Taller Premium,P008,5,360,1,0,Manta,35847.89,0
SIN-00257,POL-00056,ASG-00249,Hogar,Robo,2025-02-14,2025-02-16,13217.85,12349.32,9464.43,Pago Total,Oeste,Colision leve en interseccion con semaforo. El tercero presento sus datos.,True,Taller Central,P005,107,258,2,1,Guayaquil,39301.43,0
SIN-00258,POL-00022,ASG-00331,Vida,Robo,2026-05-18,2026-05-31,19457.36,18593.35,0.0,Pago Parcial,Oeste,El vehiculo fue impactado por un tercero que se dio a la fuga sin dejar datos.,False,Grua Rapida,P007,6,359,13,3,Guayaquil,19921.85,1
SIN-00259,POL-00255,ASG-00092,Hogar,Robo,2025-07-06,2025-07-15,29334.26,25958.68,0.0,Reserva,Sur,El vehiculo fue impactado por un tercero que se dio a la fuga sin dejar datos.,False,Clinica San Marcos,P002,9,356,9,4,Manta,30873.3,1
SIN-00260,POL-00087,ASG-00040,Generales,Robo,2026-01-27,2026-02-04,24873.33,25389.75,0.0,Negativa,Sur,Colision frontal con vehiculo desconocido en horas de la madrugada sin testigos.,False,Grua Rapida,P007,7,358,8,3,Manta,27591.84,1
SIN-00261,POL-00440,ASG-00150,Vida,Incendio,2025-02-22,2025-02-26,13844.86,15200.91,13958.5,Pago Parcial,Oeste,Robo de autopartes reportado inmediatamente a la policia. Denuncia adjunta.,True,Clinica San Marcos,P002,28,337,4,2,Loja,18704.94,0
SIN-00262,POL-00407,ASG-00295,Vehiculos,Incendio,2026-02-13,2026-02-13,8010.53,8354.22,8293.61,Reserva,Oeste,Robo de autopartes reportado inmediatamente a la policia. Denuncia adjunta.,True,Peritajes Express,P004,51,314,0,0,Loja,23611.19,0
SIN-00263,POL-00413,ASG-00268,Hogar,Dano parcial,2025-08-29,2025-08-30,2527.98,2334.74,2152.99,Pago Total,Norte,Accidente en carretera con policia presente. Croquis firmado por ambas partes.,True,Taller Premium,P008,222,143,1,1,Manta,33036.89,0
SIN-00264,POL-00559,ASG-00087,Hogar,Responsabilidad Civil,2025-05-05,2025-05-09,18153.98,19540.38,16173.78,Reserva,Este,Choque en parqueadero de centro comercial con camaras de seguridad.,False,Taller Premium,P008,18,347,4,2,Quito,24739.75,0
SIN-00265,POL-00203,ASG-00090,Vehiculos,Choque,2025-12-10,2025-12-10,9512.03,9396.45,8056.3,Pago Total,Oeste,Accidente en carretera con policia presente. Croquis firmado por ambas partes.,True,Taller Premium,P008,130,235,0,0,Manta,21209.66,0
SIN-00266,POL-00331,ASG-00215,Hogar,Robo,2026-12-08,2026-12-09,4158.35,3974.61,3081.8,Negativa,Sur,Dano por granizo en estacionamiento del trabajo. Evidencia fotografica adjunta.,True,Clinica del Sur,P006,253,112,1,1,Manta,23026.67,0
SIN-00267,POL-00154,ASG-00317,Generales,Robo,2025-07-02,2025-07-13,21229.52,17586.84,0.0,Liquidado,Este,Impacto en la parte trasera por vehiculo que huyo del lugar del accidente.,False,Taller El Veloz,P001,5,360,11,5,Loja,23077.4,1
SIN-00268,POL-00292,ASG-00371,Hogar,Atencion medica,2025-04-16,2025-04-18,10541.17,10207.37,9109.87,Pago Total,Norte,Accidente en carretera con policia presente. Croquis firmado por ambas partes.,True,Grua Rapida,P007,101,264,2,1,Ambato,31844.0,0
SIN-00269,POL-00105,ASG-00191,Vehiculos,Dano parcial,2024-07-22,2024-07-25,3305.62,3603.12,3319.12,Liquidado,Este,Choque en parqueadero de centro comercial con camaras de seguridad.,True,Taller Norte,P003,23,342,3,1,Ambato,16646.93,0
SIN-00270,POL-00151,ASG-00213,Salud,Choque,2025-08-11,2025-08-13,27047.6,25089.94,21113.35,Pago Parcial,Oeste,El asegurado reporta que su vehiculo fue robado en un estacionamiento sin camaras.,True,Taller Norte,P003,21,344,2,3,Quito,31457.04,0
SIN-00271,POL-00486,ASG-00291,Salud,Dano parcial,2025-02-03,2025-02-09,25595.65,25938.74,24692.72,Liquidado,Este,El asegurado reporta que su vehiculo fue robado en un estacionamiento sin camaras.,True,Clinica del Sur,P006,21,344,6,3,Loja,41105.77,0
SIN-00272,POL-00355,ASG-00211,Generales,Dano parcial,2025-09-05,2025-09-10,11510.14,10454.63,7929.49,Liquidado,Centro,Impacto en la parte trasera por vehiculo que huyo del lugar del accidente.,True,Grua Rapida,P007,17,348,5,3,Manta,16245.33,0
SIN-00273,POL-00282,ASG-00335,Vida,Responsabilidad Civil,2025-06-27,2025-07-01,26877.81,25455.71,21434.59,Cierre Sin Consecuencia,Oeste,Accidente en carretera con policia presente. Croquis firmado por ambas partes.,True,Taller Premium,P008,19,346,4,3,Cuenca,34400.14,0
SIN-00274,POL-00157,ASG-00069,Hogar,Robo,2026-11-06,2026-11-06,5955.86,5556.9,5074.43,Pago Parcial,Norte,Colision leve en interseccion con semaforo. El tercero presento sus datos.,True,Taller Norte,P003,253,112,0,0,Cuenca,24939.98,0
SIN-00275,POL-00376,ASG-00272,Salud,Incendio,2027-01-31,2027-02-03,17878.97,15338.05,14239.66,Pago Total,Centro,Colision leve en interseccion con semaforo. El tercero presento sus datos.,True,Taller El Veloz,P001,274,91,3,0,Manta,41873.83,0
SIN-00276,POL-00204,ASG-00060,Vehiculos,Responsabilidad Civil,2026-02-15,2026-02-19,30615.51,28774.77,27359.96,Reserva,Oeste,Colision frontal con vehiculo desconocido en horas de la madrugada sin testigos.,False,Grua Rapida,P007,11,354,4,3,Manta,45063.14,0
SIN-00277,POL-00174,ASG-00164,Salud,Atencion medica,2025-07-29,2025-07-31,29470.41,30184.26,27812.78,Pago Parcial,Norte,Colision leve en interseccion con semaforo. El tercero presento sus datos.,True,Taller El Veloz,P001,25,340,2,2,Quito,34493.03,0
SIN-00278,POL-00182,ASG-00078,Salud,Incendio,2026-04-30,2026-05-02,15153.11,15893.34,14401.15,Pago Total,Norte,Dano por granizo en estacionamiento del trabajo. Evidencia fotografica adjunta.,False,Taller Central,P005,19,346,2,3,Manta,20420.14,0
SIN-00279,POL-00516,ASG-00289,Hogar,Robo,2024-12-01,2024-12-12,24892.65,23462.89,0.0,Negativa,Oeste,El vehiculo fue impactado por un tercero que se dio a la fuga sin dejar datos.,False,Taller El Veloz,P001,5,360,11,4,Ambato,26292.22,1
SIN-00280,POL-00103,ASG-00208,Vida,Atencion medica,2025-02-24,2025-02-25,7738.75,7210.21,6380.92,Liquidado,Oeste,Dano por granizo en estacionamiento del trabajo. Evidencia fotografica adjunta.,True,Taller Norte,P003,190,175,1,0,Manta,29755.44,0
SIN-00281,POL-00308,ASG-00315,Generales,Robo,2025-11-15,2025-11-15,11579.22,11323.58,8483.71,Pago Total,Centro,Robo de autopartes reportado inmediatamente a la policia. Denuncia adjunta.,True,Taller El Veloz,P001,112,253,0,1,Loja,48358.84,0
SIN-00282,POL-00093,ASG-00106,Generales,Robo,2024-11-23,2024-11-25,6126.34,4902.62,3648.76,Pago Total,Centro,Dano por granizo en estacionamiento del trabajo. Evidencia fotografica adjunta.,True,Taller Central,P005,112,253,2,1,Manta,23891.71,0
SIN-00283,POL-00158,ASG-00214,Generales,Robo,2024-06-08,2024-06-17,12744.96,13686.17,0.0,Cierre Sin Consecuencia,Este,Impacto en la parte trasera por vehiculo que huyo del lugar del accidente.,False,Grua Rapida,P007,6,359,9,4,Quito,13457.11,1
SIN-00284,POL-00074,ASG-00204,Generales,Responsabilidad Civil,2025-08-18,2025-08-18,5551.44,5719.94,4637.38,Pago Parcial,Oeste,Choque en parqueadero de centro comercial con camaras de seguridad.,True,Clinica del Sur,P006,265,100,0,0,Quito,37068.31,0
SIN-00285,POL-00236,ASG-00017,Hogar,Choque,2026-05-03,2026-05-04,1786.53,1635.07,1232.78,Pago Total,Centro,Colision leve en interseccion con semaforo. El tercero presento sus datos.,True,Taller Norte,P003,8,357,1,1,Loja,9611.6,0
SIN-00286,POL-00530,ASG-00354,Salud,Choque,2024-12-20,2024-12-22,1964.41,2045.08,1439.06,Pago Parcial,Sur,Colision leve en interseccion con semaforo. El tercero presento sus datos.,True,Clinica San Marcos,P002,146,219,2,1,Quito,5476.01,0
SIN-00287,POL-00119,ASG-00278,Hogar,Incendio,2025-08-11,2025-08-13,2883.77,2986.57,2969.31,Liquidado,Este,Robo de autopartes reportado inmediatamente a la policia. Denuncia adjunta.,True,Taller Premium,P008,282,83,2,0,Manta,6708.37,0
SIN-00288,POL-00265,ASG-00237,Generales,Dano parcial,2025-07-15,2025-07-18,8654.98,7027.44,6748.94,Negativa,Centro,Accidente en carretera con policia presente. Croquis firmado por ambas partes.,True,Peritajes Express,P004,307,58,3,1,Cuenca,35225.84,0
SIN-00289,POL-00346,ASG-00395,Vida,Choque,2026-04-30,2026-05-02,6497.99,5232.54,4172.37,Cierre Sin Consecuencia,Norte,Robo de autopartes reportado inmediatamente a la policia. Denuncia adjunta.,True,Taller Central,P005,315,50,2,1,Ambato,49820.62,0
SIN-00290,POL-00406,ASG-00316,Generales,Dano parcial,2025-08-16,2025-08-19,6667.74,6025.08,5045.46,Liquidado,Sur,Robo de autopartes reportado inmediatamente a la policia. Denuncia adjunta.,False,Peritajes Express,P004,14,351,3,3,Ambato,8223.98,0
SIN-00291,POL-00392,ASG-00232,Vida,Responsabilidad Civil,2024-10-05,2024-10-10,3587.38,3770.54,3129.66,Reserva,Sur,Colision leve en interseccion con semaforo. El tercero presento sus datos.,True,Clinica San Marcos,P002,20,345,5,2,Quito,5008.8,0
SIN-00292,POL-00448,ASG-00075,Salud,Robo,2025-07-05,2025-07-07,2015.11,2162.06,1953.34,Pago Parcial,Norte,Colision leve en interseccion con semaforo. El tercero presento sus datos.,True,Taller Central,P005,161,204,2,1,Ambato,7308.97,0
SIN-00293,POL-00100,ASG-00232,Hogar,Responsabilidad Civil,2025-12-25,2025-12-28,26818.32,26561.72,21212.87,Negativa,Este,Accidente en carretera con policia presente. Croquis firmado por ambas partes.,False,Peritajes Express,P004,21,344,3,3,Quito,43361.7,0
SIN-00294,POL-00456,ASG-00048,Hogar,Responsabilidad Civil,2026-09-18,2026-09-21,6571.71,5761.47,4088.8,Liquidado,Norte,Dano por granizo en estacionamiento del trabajo. Evidencia fotografica adjunta.,True,Taller Norte,P003,201,164,3,1,Cuenca,45388.84,0
SIN-00295,POL-00479,ASG-00108,Hogar,Dano parcial,2026-05-20,2026-05-26,12562.15,12881.44,10114.07,Cierre Sin Consecuencia,Este,Robo de autopartes reportado inmediatamente a la policia. Denuncia adjunta.,False,Taller El Veloz,P001,16,349,6,2,Cuenca,17895.53,0
SIN-00296,POL-00406,ASG-00316,Generales,Choque,2025-08-31,2025-09-04,5360.39,4854.41,3715.21,Liquidado,Centro,Robo de autopartes reportado inmediatamente a la policia. Denuncia adjunta.,True,Peritajes Express,P004,29,336,4,3,Ambato,8223.98,0
SIN-00297,POL-00231,ASG-00320,Hogar,Incendio,2026-06-26,2026-06-28,19592.39,21104.4,15897.69,Pago Parcial,Norte,Accidente en carretera con policia presente. Croquis firmado por ambas partes.,True,Grua Rapida,P007,308,57,2,0,Guayaquil,46453.63,0
SIN-00298,POL-00429,ASG-00156,Vida,Choque,2025-02-06,2025-02-09,26872.72,24118.43,18691.35,Liquidado,Este,Robo de autopartes reportado inmediatamente a la policia. Denuncia adjunta.,True,Grua Rapida,P007,30,335,3,2,Manta,41976.43,0
SIN-00299,POL-00399,ASG-00179,Vida,Robo,2024-11-15,2024-11-18,9518.8,8963.38,8191.08,Pago Total,Centro,Dano por granizo en estacionamiento del trabajo. Evidencia fotografica adjunta.,True,Peritajes Express,P004,108,257,3,0,Cuenca,44052.4,0
SIN-00300,POL-00471,ASG-00311,Vida,Incendio,2025-03-26,2025-03-27,4190.8,4363.07,4150.86,Pago Total,Sur,Accidente en carretera con policia presente. Croquis firmado por ambas partes.,True,Peritajes Express,P004,45,320,1,0,Cuenca,10258.01,0
SIN-00301,POL-00267,ASG-00146,Generales,Dano parcial,2026-10-19,2026-10-19,3390.32,3537.79,3355.57,Cierre Sin Consecuencia,Norte,Colision leve en interseccion con semaforo. El tercero presento sus datos.,True,Clinica San Marcos,P002,285,80,0,1,Ambato,13707.44,0
SIN-00302,POL-00115,ASG-00127,Salud,Responsabilidad Civil,2024-10-19,2024-10-22,36088.99,29922.74,26709.36,Reserva,Este,Impacto en la parte trasera por vehiculo que huyo del lugar del accidente.,False,Taller Norte,P003,21,344,3,3,Manta,41732.83,0
SIN-00303,POL-00282,ASG-00335,Vida,Robo,2026-01-24,2026-01-26,2121.57,2151.57,1704.04,Cierre Sin Consecuencia,Sur,Robo de autopartes reportado inmediatamente a la policia. Denuncia adjunta.,True,Taller El Veloz,P001,230,135,2,1,Cuenca,34400.14,0
SIN-00304,POL-00151,ASG-00213,Salud,Atencion medica,2026-02-18,2026-02-19,1969.28,1663.07,1170.17,Pago Parcial,Oeste,Dano por granizo en estacionamiento del trabajo. Evidencia fotografica adjunta.,True,Taller Central,P005,212,153,1,1,Quito,31457.04,0
SIN-00305,POL-00174,ASG-00164,Salud,Incendio,2025-07-15,2025-07-22,30168.12,26002.77,19372.75,Liquidado,Norte,Impacto en la parte trasera por vehiculo que huyo del lugar del accidente.,False,Taller Premium,P008,11,354,7,3,Quito,34493.03,0
SIN-00306,POL-00537,ASG-00199,Hogar,Atencion medica,2026-05-09,2026-05-09,3811.49,3629.4,2836.17,Liquidado,Oeste,Colision leve en interseccion con semaforo. El tercero presento sus datos.,True,Peritajes Express,P004,270,95,0,1,Guayaquil,16620.74,0
SIN-00307,POL-00254,ASG-00037,Salud,Responsabilidad Civil,2025-04-26,2025-05-03,32472.65,27706.61,27535.2,Pago Parcial,Oeste,Impacto en la parte trasera por vehiculo que huyo del lugar del accidente.,True,Peritajes Express,P004,16,349,7,3,Manta,37259.07,0
SIN-00308,POL-00213,ASG-00178,Vida,Dano parcial,2025-01-10,2025-01-15,26516.16,22775.47,16738.19,Reserva,Este,Dano por granizo en estacionamiento del trabajo. Evidencia fotografica adjunta.,True,Peritajes Express,P004,26,339,5,2,Loja,42189.7,0
SIN-00309,POL-00010,ASG-00129,Salud,Choque,2025-06-26,2025-06-29,10919.75,11986.3,9295.67,Negativa,Oeste,Dano por granizo en estacionamiento del trabajo. Evidencia fotografica adjunta.,True,Grua Rapida,P007,318,47,3,1,Cuenca,27311.11,0
SIN-00310,POL-00271,ASG-00397,Hogar,Responsabilidad Civil,2026-01-05,2026-01-11,6824.83,6458.16,5139.16,Liquidado,Este,Colision frontal con vehiculo desconocido en horas de la madrugada sin testigos.,False,Peritajes Express,P004,28,337,6,2,Quito,9897.47,0
SIN-00311,POL-00552,ASG-00342,Generales,Choque,2025-06-09,2025-06-12,24471.93,20333.12,16063.54,Liquidado,Sur,Dano por granizo en estacionamiento del trabajo. Evidencia fotografica adjunta.,False,Taller Norte,P003,18,347,3,3,Manta,35513.5,0
SIN-00312,POL-00161,ASG-00099,Salud,Incendio,2026-08-30,2026-09-02,6505.26,7024.72,5911.97,Pago Parcial,Centro,Robo de autopartes reportado inmediatamente a la policia. Denuncia adjunta.,True,Clinica del Sur,P006,189,176,3,0,Cuenca,16227.06,0
SIN-00313,POL-00461,ASG-00374,Vida,Incendio,2024-11-30,2024-12-03,688.22,750.58,605.03,Pago Total,Este,Accidente en carretera con policia presente. Croquis firmado por ambas partes.,True,Taller Central,P005,101,264,3,0,Ambato,13095.83,0
SIN-00314,POL-00438,ASG-00056,Vida,Dano parcial,2024-12-10,2024-12-13,34669.18,28509.44,21328.64,Cierre Sin Consecuencia,Este,Colision leve en interseccion con semaforo. El tercero presento sus datos.,False,Grua Rapida,P007,17,348,3,2,Ambato,44499.51,0
SIN-00315,POL-00104,ASG-00063,Vehiculos,Atencion medica,2025-12-05,2025-12-07,9921.63,9341.73,9007.81,Reserva,Centro,Robo de autopartes reportado inmediatamente a la policia. Denuncia adjunta.,True,Taller El Veloz,P001,131,234,2,0,Cuenca,40143.2,0
SIN-00316,POL-00587,ASG-00017,Hogar,Atencion medica,2025-12-15,2025-12-15,1940.49,2109.62,1705.35,Negativa,Sur,Colision leve en interseccion con semaforo. El tercero presento sus datos.,True,Taller Central,P005,328,37,0,1,Loja,17140.52,0
SIN-00317,POL-00204,ASG-00060,Vehiculos,Responsabilidad Civil,2026-02-15,2026-02-18,28595.5,29791.35,27986.86,Liquidado,Norte,Robo de autopartes reportado inmediatamente a la policia. Denuncia adjunta.,False,Taller Central,P005,11,354,3,3,Manta,45063.14,0
SIN-00318,POL-00342,ASG-00117,Hogar,Dano parcial,2025-10-22,2025-10-22,8845.48,9195.56,8771.55,Reserva,Oeste,Colision leve en interseccion con semaforo. El tercero presento sus datos.,True,Clinica San Marcos,P002,167,198,0,0,Cuenca,18111.04,0
SIN-00319,POL-00339,ASG-00182,Hogar,Dano parcial,2026-06-07,2026-06-12,20284.72,19725.29,13845.3,Negativa,Norte,El vehiculo fue impactado por un tercero que se dio a la fuga sin dejar datos.,False,Clinica San Marcos,P002,21,344,5,3,Loja,26937.22,0
SIN-00320,POL-00266,ASG-00298,Vida,Atencion medica,2026-07-31,2026-08-03,7251.15,7744.03,7081.69,Liquidado,Sur,Dano por granizo en estacionamiento del trabajo. Evidencia fotografica adjunta.,True,Peritajes Express,P004,99,266,3,1,Cuenca,21071.23,0
SIN-00321,POL-00547,ASG-00284,Vehiculos,Dano parcial,2025-05-13,2025-05-15,16657.87,17966.17,16123.74,Pago Total,Centro,Robo de autopartes reportado inmediatamente a la policia. Denuncia adjunta.,True,Taller El Veloz,P001,8,357,2,1,Guayaquil,34733.03,0
SIN-00322,POL-00141,ASG-00190,Vida,Robo,2024-09-05,2024-09-20,24727.93,20147.43,0.0,Negativa,Este,Colision frontal con vehiculo desconocido en horas de la madrugada sin testigos.,False,Grua Rapida,P007,1,364,15,6,Manta,25059.89,1
SIN-00323,POL-00529,ASG-00384,Salud,Robo,2025-04-08,2025-04-13,25659.73,21997.94,21899.95,Liquidado,Centro,Dano por granizo en estacionamiento del trabajo. Evidencia fotografica adjunta.,False,Clinica San Marcos,P002,14,351,5,3,Loja,31492.59,0
SIN-00324,POL-00370,ASG-00395,Vehiculos,Incendio,2026-11-30,2026-12-02,4212.76,4477.25,3155.36,Pago Parcial,Centro,Colision leve en interseccion con semaforo. El tercero presento sus datos.,True,Taller Central,P005,189,176,2,1,Ambato,27496.36,0
SIN-00325,POL-00010,ASG-00129,Salud,Robo,2025-01-12,2025-01-15,10734.07,11377.08,10219.87,Pago Parcial,Oeste,Colision leve en interseccion con semaforo. El tercero presento sus datos.,True,Taller Norte,P003,153,212,3,0,Cuenca,27311.11,0
SIN-00326,POL-00167,ASG-00005,Vida,Atencion medica,2026-05-07,2026-05-10,11310.93,9145.38,6472.63,Reserva,Este,Robo de autopartes reportado inmediatamente a la policia. Denuncia adjunta.,True,Taller El Veloz,P001,104,261,3,1,Quito,34131.72,0
SIN-00327,POL-00387,ASG-00270,Salud,Choque,2024-09-03,2024-09-06,29855.27,28043.95,23122.88,Liquidado,Este,Colision frontal con vehiculo desconocido en horas de la madrugada sin testigos.,True,Taller Norte,P003,22,343,3,3,Guayaquil,47637.65,0
SIN-00328,POL-00132,ASG-00334,Salud,Atencion medica,2025-10-20,2025-10-20,2204.03,1846.43,1577.63,Pago Total,Sur,Choque en parqueadero de centro comercial con camaras de seguridad.,True,Clinica del Sur,P006,51,314,0,0,Quito,8316.92,0
SIN-00329,POL-00108,ASG-00016,Vida,Robo,2025-01-15,2025-01-19,10298.14,10586.16,7828.59,Negativa,Centro,Choque en parqueadero de centro comercial con camaras de seguridad.,False,Peritajes Express,P004,20,345,4,3,Quito,12776.32,0
SIN-00330,POL-00203,ASG-00090,Vehiculos,Robo,2025-08-03,2025-08-14,19432.05,18366.27,0.0,Pago Parcial,Sur,El vehiculo fue impactado por un tercero que se dio a la fuga sin dejar datos.,False,Clinica San Marcos,P002,1,364,11,6,Manta,21209.66,1
SIN-00331,POL-00563,ASG-00123,Salud,Responsabilidad Civil,2026-10-20,2026-10-22,2633.48,2724.56,2255.81,Reserva,Oeste,Robo de autopartes reportado inmediatamente a la policia. Denuncia adjunta.,True,Taller Premium,P008,283,82,2,0,Cuenca,6692.95,0
SIN-00332,POL-00303,ASG-00286,Vida,Atencion medica,2026-03-01,2026-03-04,7427.43,6827.79,6707.45,Liquidado,Sur,Colision leve en interseccion con semaforo. El tercero presento sus datos.,True,Taller Norte,P003,316,49,3,0,Cuenca,30159.22,0
SIN-00333,POL-00539,ASG-00074,Generales,Dano parcial,2025-03-29,2025-03-29,6080.96,6130.27,6125.07,Pago Total,Centro,Robo de autopartes reportado inmediatamente a la policia. Denuncia adjunta.,True,Taller Norte,P003,123,242,0,0,Manta,14827.39,0
SIN-00334,POL-00156,ASG-00156,Hogar,Atencion medica,2025-05-13,2025-05-13,13061.71,11976.7,10258.34,Negativa,Este,Accidente en carretera con policia presente. Croquis firmado por ambas partes.,True,Grua Rapida,P007,255,110,0,1,Manta,27122.86,0
SIN-00335,POL-00320,ASG-00135,Salud,Dano parcial,2026-11-23,2026-11-23,1759.26,1483.3,1404.29,Pago Total,Este,Accidente en carretera con policia presente. Croquis firmado por ambas partes.,True,Peritajes Express,P004,201,164,0,0,Manta,22951.88,0
SIN-00336,POL-00073,ASG-00395,Vehiculos,Atencion medica,2024-11-23,2024-11-24,3631.1,3129.1,2324.05,Pago Parcial,Centro,Colision leve en interseccion con semaforo. El tercero presento sus datos.,True,Peritajes Express,P004,180,185,1,0,Ambato,8038.97,0
SIN-00337,POL-00483,ASG-00067,Vehiculos,Atencion medica,2025-11-25,2025-11-25,10391.48,8792.26,8476.34,Cierre Sin Consecuencia,Centro,Choque en parqueadero de centro comercial con camaras de seguridad.,True,Peritajes Express,P004,195,170,0,1,Cuenca,35397.32,0
SIN-00338,POL-00173,ASG-00077,Generales,Robo,2026-05-10,2026-05-10,4087.27,3565.68,3405.19,Negativa,Este,Choque en parqueadero de centro comercial con camaras de seguridad.,True,Taller Premium,P008,17,348,0,1,Guayaquil,45485.92,0
SIN-00339,POL-00258,ASG-00258,Vehiculos,Robo,2025-12-31,2026-01-11,34378.97,28575.44,0.0,Cierre Sin Consecuencia,Este,Impacto en la parte trasera por vehiculo que huyo del lugar del accidente.,False,Taller El Veloz,P001,8,357,11,5,Loja,35864.54,1
SIN-00340,POL-00041,ASG-00016,Salud,Incendio,2025-02-10,2025-02-13,5349.55,5788.53,5464.07,Cierre Sin Consecuencia,Este,Choque en parqueadero de centro comercial con camaras de seguridad.,True,Clinica del Sur,P006,251,114,3,0,Quito,17368.38,0
SIN-00341,POL-00337,ASG-00185,Hogar,Incendio,2025-11-22,2025-11-29,34374.71,31133.64,30812.23,Pago Parcial,Este,Dano por granizo en estacionamiento del trabajo. Evidencia fotografica adjunta.,False,Clinica San Marcos,P002,11,354,7,3,Loja,46933.01,0
SIN-00342,POL-00270,ASG-00185,Salud,Dano parcial,2026-01-13,2026-01-20,14270.59,15083.93,12069.09,Liquidado,Oeste,El asegurado reporta que su vehiculo fue robado en un estacionamiento sin camaras.,False,Taller Norte,P003,21,344,7,3,Loja,19920.33,0
SIN-00343,POL-00416,ASG-00010,Hogar,Responsabilidad Civil,2025-05-14,2025-05-15,13362.7,14121.61,11941.69,Pago Parcial,Este,Dano por granizo en estacionamiento del trabajo. Evidencia fotografica adjunta.,True,Clinica del Sur,P006,29,336,1,1,Cuenca,34223.5,0
SIN-00344,POL-00519,ASG-00090,Generales,Dano parcial,2025-11-21,2025-11-22,7940.62,6574.91,6006.18,Cierre Sin Consecuencia,Este,Colision leve en interseccion con semaforo. El tercero presento sus datos.,True,Taller Central,P005,23,342,1,0,Manta,34662.0,0
SIN-00345,POL-00301,ASG-00186,Vehiculos,Robo,2026-03-01,2026-03-03,23040.05,21849.98,20756.92,Pago Total,Sur,Colision leve en interseccion con semaforo. El tercero presento sus datos.,True,Clinica San Marcos,P002,25,340,2,2,Quito,34320.92,0
SIN-00346,POL-00022,ASG-00331,Vida,Incendio,2026-10-11,2026-10-12,4692.5,4637.02,4482.06,Negativa,Centro,Choque en parqueadero de centro comercial con camaras de seguridad.,True,Taller Premium,P008,152,213,1,1,Guayaquil,19921.85,0
SIN-00347,POL-00079,ASG-00342,Salud,Responsabilidad Civil,2024-12-10,2024-12-16,28301.29,27186.44,19885.31,Liquidado,Sur,Choque en parqueadero de centro comercial con camaras de seguridad.,True,Taller Norte,P003,18,347,6,3,Manta,36855.53,0
SIN-00348,POL-00449,ASG-00321,Salud,Choque,2025-02-25,2025-02-26,654.72,699.73,589.86,Cierre Sin Consecuencia,Sur,Accidente en carretera con policia presente. Croquis firmado por ambas partes.,True,Taller Premium,P008,26,339,1,0,Ambato,10920.7,0
SIN-00349,POL-00584,ASG-00361,Vida,Responsabilidad Civil,2025-11-21,2025-11-21,14335.8,14497.3,14248.3,Negativa,Sur,Accidente en carretera con policia presente. Croquis firmado por ambas partes.,True,Taller Central,P005,193,172,0,1,Guayaquil,38627.9,0
SIN-00350,POL-00007,ASG-00007,Hogar,Atencion medica,2025-12-26,2025-12-26,15968.13,15312.34,14073.79,Cierre Sin Consecuencia,Sur,Colision leve en interseccion con semaforo. El tercero presento sus datos.,True,Taller El Veloz,P001,324,41,0,0,Guayaquil,40062.61,0
SIN-00351,POL-00123,ASG-00361,Vida,Robo,2026-01-02,2026-01-16,19752.24,20822.41,0.0,Pago Total,Norte,Impacto en la parte trasera por vehiculo que huyo del lugar del accidente.,False,Clinica San Marcos,P002,10,355,14,4,Guayaquil,20145.25,1
SIN-00352,POL-00084,ASG-00131,Vehiculos,Choque,2026-02-17,2026-02-19,2091.16,2288.99,1642.91,Pago Parcial,Norte,Choque en parqueadero de centro comercial con camaras de seguridad.,True,Clinica del Sur,P006,299,66,2,0,Manta,35335.42,0
SIN-00353,POL-00029,ASG-00125,Generales,Robo,2026-04-09,2026-04-10,4106.34,3944.4,3915.73,Reserva,Sur,Accidente en carretera con policia presente. Croquis firmado por ambas partes.,True,Clinica del Sur,P006,354,11,1,0,Guayaquil,12206.11,0
SIN-00354,POL-00040,ASG-00351,Vida,Atencion medica,2026-06-29,2026-07-01,4215.27,4510.63,3830.86,Liquidado,Sur,Dano por granizo en estacionamiento del trabajo. Evidencia fotografica adjunta.,True,Clinica San Marcos,P002,339,26,2,0,Guayaquil,42795.13,0
SIN-00355,POL-00253,ASG-00218,Vehiculos,Robo,2025-09-09,2025-09-23,38240.22,40317.9,0.0,Reserva,Centro,Impacto en la parte trasera por vehiculo que huyo del lugar del accidente.,False,Taller El Veloz,P001,4,361,14,3,Loja,42293.69,1
SIN-00356,POL-00330,ASG-00138,Vida,Atencion medica,2026-10-17,2026-10-20,10148.73,9725.17,6929.08,Reserva,Centro,Robo de autopartes reportado inmediatamente a la policia. Denuncia adjunta.,True,Taller Premium,P008,329,36,3,0,Manta,20439.34,0
SIN-00357,POL-00395,ASG-00020,Vida,Dano parcial,2025-10-29,2025-11-05,9582.0,9623.59,6865.63,Pago Total,Norte,Choque en parqueadero de centro comercial con camaras de seguridad.,True,Peritajes Express,P004,12,353,7,3,Ambato,11228.37,0
SIN-00358,POL-00016,ASG-00394,Generales,Robo,2024-11-22,2024-11-22,17577.42,17540.13,17094.15,Pago Parcial,Sur,Colision leve en interseccion con semaforo. El tercero presento sus datos.,True,Taller El Veloz,P001,177,188,0,0,Cuenca,37724.6,0
SIN-00359,POL-00265,ASG-00237,Generales,Responsabilidad Civil,2024-12-22,2024-12-24,5008.91,5044.4,4160.45,Negativa,Este,Robo de autopartes reportado inmediatamente a la policia. Denuncia adjunta.,True,Grua Rapida,P007,102,263,2,1,Cuenca,35225.84,0
SIN-00360,POL-00460,ASG-00270,Generales,Robo,2025-12-13,2025-12-13,7049.48,7547.63,6389.53,Pago Total,Oeste,Colision leve en interseccion con semaforo. El tercero presento sus datos.,True,Taller Norte,P003,129,236,0,0,Guayaquil,20923.4,0
SIN-00361,POL-00584,ASG-00361,Vida,Robo,2025-05-19,2025-05-30,38435.57,32214.18,0.0,Reserva,Este,Impacto en la parte trasera por vehiculo que huyo del lugar del accidente.,False,Grua Rapida,P007,7,358,11,4,Guayaquil,38627.9,1
SIN-00362,POL-00516,ASG-00289,Hogar,Responsabilidad Civil,2025-10-31,2025-11-02,1832.33,1653.5,1628.9,Pago Total,Centro,Colision leve en interseccion con semaforo. El tercero presento sus datos.,True,Peritajes Express,P004,339,26,2,0,Ambato,26292.22,0
SIN-00363,POL-00200,ASG-00247,Hogar,Incendio,2026-03-02,2026-03-02,2464.15,2416.09,1899.87,Pago Total,Sur,Colision leve en interseccion con semaforo. El tercero presento sus datos.,True,Clinica del Sur,P006,58,307,0,0,Manta,5573.72,0
SIN-00364,POL-00174,ASG-00164,Salud,Robo,2025-07-18,2025-07-25,23033.13,24049.16,22380.36,Reserva,Sur,El vehiculo fue impactado por un tercero que se dio a la fuga sin dejar datos.,False,Clinica del Sur,P006,14,351,7,2,Quito,34493.03,0
SIN-00365,POL-00488,ASG-00201,Salud,Dano parcial,2024-07-14,2024-07-19,30181.17,27270.01,27171.65,Negativa,Este,Accidente en carretera con policia presente. Croquis firmado por ambas partes.,True,Grua Rapida,P007,23,342,5,3,Loja,34933.13,0
SIN-00366,POL-00179,ASG-00046,Salud,Robo,2025-09-11,2025-09-13,14741.56,12430.01,10416.1,Cierre Sin Consecuencia,Oeste,Accidente en carretera con policia presente. Croquis firmado por ambas partes.,True,Grua Rapida,P007,185,180,2,1,Cuenca,38489.45,0
SIN-00367,POL-00432,ASG-00353,Vida,Incendio,2026-09-09,2026-09-12,20614.92,18581.06,16715.75,Pago Total,Oeste,Accidente en carretera con policia presente. Croquis firmado por ambas partes.,True,Grua Rapida,P007,119,246,3,1,Manta,43076.22,0
SIN-00368,POL-00373,ASG-00376,Salud,Incendio,2025-11-12,2025-11-14,7475.46,6297.32,4613.39,Cierre Sin Consecuencia,Este,Dano por granizo en estacionamiento del trabajo. Evidencia fotografica adjunta.,True,Taller Premium,P008,167,198,2,1,Quito,21999.6,0
SIN-00369,POL-00394,ASG-00162,Vehiculos,Incendio,2024-08-04,2024-08-11,31311.34,31072.48,27111.38,Pago Total,Sur,Colision leve en interseccion con semaforo. El tercero presento sus datos.,True,Grua Rapida,P007,11,354,7,2,Manta,47450.66,0
SIN-00370,POL-00037,ASG-00096,Vida,Choque,2026-04-01,2026-04-01,1951.45,2060.3,1635.85,Pago Parcial,Sur,Colision leve en interseccion con semaforo. El tercero presento sus datos.,True,Clinica San Marcos,P002,40,325,0,1,Guayaquil,36204.48,0
SIN-00371,POL-00598,ASG-00178,Vida,Responsabilidad Civil,2025-06-30,2025-07-01,6134.99,6565.94,4895.6,Negativa,Norte,Colision leve en interseccion con semaforo. El tercero presento sus datos.,True,Taller Premium,P008,163,202,1,0,Loja,34010.8,0
SIN-00372,POL-00041,ASG-00016,Salud,Incendio,2025-04-03,2025-04-06,4595.6,4959.95,4342.27,Pago Total,Este,Colision leve en interseccion con semaforo. El tercero presento sus datos.,True,Taller Norte,P003,303,62,3,1,Quito,17368.38,0
SIN-00373,POL-00379,ASG-00269,Vida,Dano parcial,2025-04-19,2025-04-26,8524.02,9278.16,7387.36,Cierre Sin Consecuencia,Norte,Colision frontal con vehiculo desconocido en horas de la madrugada sin testigos.,True,Clinica San Marcos,P002,20,345,7,2,Manta,11935.92,0
SIN-00374,POL-00526,ASG-00230,Vida,Choque,2025-08-18,2025-08-21,9335.07,9286.73,8452.36,Pago Parcial,Este,Dano por granizo en estacionamiento del trabajo. Evidencia fotografica adjunta.,True,Taller Central,P005,228,137,3,0,Quito,48279.32,0
SIN-00375,POL-00011,ASG-00070,Hogar,Robo,2024-11-16,2024-11-21,16252.46,14790.36,12627.64,Negativa,Este,Robo de autopartes reportado inmediatamente a la policia. Denuncia adjunta.,False,Taller El Veloz,P001,26,339,5,3,Cuenca,22806.14,0
SIN-00376,POL-00274,ASG-00283,Hogar,Responsabilidad Civil,2026-03-14,2026-03-14,20599.59,16621.86,12276.2,Reserva,Sur,Robo de autopartes reportado inmediatamente a la policia. Denuncia adjunta.,True,Clinica San Marcos,P002,85,280,0,0,Cuenca,49942.77,0
SIN-00377,POL-00586,ASG-00238,Vehiculos,Choque,2026-07-17,2026-07-17,3071.3,2601.0,2309.27,Negativa,Centro,Robo de autopartes reportado inmediatamente a la policia. Denuncia adjunta.,True,Peritajes Express,P004,119,246,0,0,Loja,8181.44,0
SIN-00378,POL-00143,ASG-00343,Hogar,Choque,2025-01-01,2025-01-02,2156.58,2005.38,1816.23,Pago Total,Norte,Colision leve en interseccion con semaforo. El tercero presento sus datos.,True,Peritajes Express,P004,19,346,1,0,Loja,23629.4,0
SIN-00379,POL-00198,ASG-00102,Generales,Responsabilidad Civil,2026-10-13,2026-10-16,5428.46,4811.89,4344.4,Reserva,Este,Dano por granizo en estacionamiento del trabajo. Evidencia fotografica adjunta.,True,Taller Premium,P008,328,37,3,1,Loja,16834.73,0
SIN-00380,POL-00148,ASG-00350,Vida,Responsabilidad Civil,2025-06-07,2025-06-07,5659.02,4802.96,4277.46,Liquidado,Centro,Robo de autopartes reportado inmediatamente a la policia. Denuncia adjunta.,True,Peritajes Express,P004,360,5,0,0,Ambato,42015.38,0
SIN-00381,POL-00258,ASG-00258,Vehiculos,Choque,2026-07-24,2026-07-24,2806.48,2767.06,2615.73,Reserva,Este,Robo de autopartes reportado inmediatamente a la policia. Denuncia adjunta.,True,Taller Central,P005,213,152,0,0,Loja,35864.54,0
SIN-00382,POL-00068,ASG-00331,Vehiculos,Atencion medica,2026-11-15,2026-11-18,6766.31,6427.38,5971.19,Pago Parcial,Oeste,Accidente en carretera con policia presente. Croquis firmado por ambas partes.,True,Taller Central,P005,249,116,3,1,Guayaquil,32044.96,0
SIN-00383,POL-00477,ASG-00160,Vehiculos,Incendio,2025-03-15,2025-03-20,23208.25,25178.4,24221.84,Pago Parcial,Este,Robo de autopartes reportado inmediatamente a la policia. Denuncia adjunta.,True,Taller Premium,P008,25,340,5,3,Ambato,31742.94,0
SIN-00384,POL-00155,ASG-00122,Vehiculos,Choque,2026-06-19,2026-06-24,29881.23,28363.17,21201.32,Liquidado,Centro,Impacto en la parte trasera por vehiculo que huyo del lugar del accidente.,False,Taller Norte,P003,23,342,5,2,Ambato,46437.57,0
SIN-00385,POL-00446,ASG-00363,Vida,Responsabilidad Civil,2025-05-22,2025-05-22,10217.47,11095.0,10116.5,Liquidado,Centro,Colision leve en interseccion con semaforo. El tercero presento sus datos.,True,Taller Norte,P003,193,172,0,0,Guayaquil,48883.61,0
SIN-00386,POL-00316,ASG-00263,Hogar,Atencion medica,2025-06-30,2025-07-05,32332.16,29174.25,23689.68,Cierre Sin Consecuencia,Sur,Choque en parqueadero de centro comercial con camaras de seguridad.,True,Taller Norte,P003,30,335,5,3,Cuenca,41591.63,0
SIN-00387,POL-00215,ASG-00385,Vida,Atencion medica,2026-10-01,2026-10-04,8036.92,7821.26,6251.68,Pago Total,Sur,Choque en parqueadero de centro comercial con camaras de seguridad.,True,Clinica del Sur,P006,330,35,3,1,Guayaquil,19890.27,0
SIN-00388,POL-00020,ASG-00019,Hogar,Choque,2025-05-15,2025-05-18,16105.52,13277.27,11249.59,Liquidado,Centro,Choque en parqueadero de centro comercial con camaras de seguridad.,True,Clinica del Sur,P006,73,292,3,1,Loja,41553.36,0
SIN-00389,POL-00147,ASG-00089,Salud,Choque,2026-09-01,2026-09-04,6660.79,6040.34,5352.92,Liquidado,Sur,Colision leve en interseccion con semaforo. El tercero presento sus datos.,True,Clinica del Sur,P006,203,162,3,1,Loja,41380.73,0
SIN-00390,POL-00124,ASG-00224,Vida,Responsabilidad Civil,2027-01-19,2027-01-20,3666.54,3206.27,2606.06,Cierre Sin Consecuencia,Norte,Choque en parqueadero de centro comercial con camaras de seguridad.,True,Taller Central,P005,268,97,1,1,Quito,12839.12,0
SIN-00391,POL-00432,ASG-00353,Vida,Robo,2026-06-07,2026-06-14,30617.96,25484.05,19930.2,Pago Parcial,Sur,Accidente en carretera con policia presente. Croquis firmado por ambas partes.,True,Clinica San Marcos,P002,25,340,7,3,Manta,43076.22,0
SIN-00392,POL-00489,ASG-00250,Vehiculos,Robo,2024-08-29,2024-09-06,9705.84,8282.96,0.0,Liquidado,Norte,El asegurado reporta que su vehiculo fue robado en un estacionamiento sin camaras.,False,Grua Rapida,P007,7,358,8,6,Manta,10079.92,1
SIN-00393,POL-00168,ASG-00130,Generales,Robo,2025-07-22,2025-08-04,17023.26,15664.26,0.0,Reserva,Oeste,El vehiculo fue impactado por un tercero que se dio a la fuga sin dejar datos.,False,Clinica San Marcos,P002,6,359,13,6,Loja,18745.69,1
SIN-00394,POL-00231,ASG-00320,Hogar,Robo,2025-08-26,2025-09-05,46241.9,42369.49,0.0,Cierre Sin Consecuencia,Este,El asegurado reporta que su vehiculo fue robado en un estacionamiento sin camaras.,False,Taller El Veloz,P001,4,361,10,5,Guayaquil,46453.63,1
SIN-00395,POL-00564,ASG-00046,Hogar,Robo,2026-04-09,2026-04-20,4804.56,4855.23,0.0,Liquidado,Centro,El vehiculo fue impactado por un tercero que se dio a la fuga sin dejar datos.,False,Clinica San Marcos,P002,1,364,11,5,Cuenca,5205.65,1
SIN-00396,POL-00524,ASG-00155,Vida,Robo,2026-04-23,2026-04-27,27084.93,22636.24,17783.36,Reserva,Este,Colision leve en interseccion con semaforo. El tercero presento sus datos.,False,Grua Rapida,P007,30,335,4,3,Guayaquil,38859.25,0
SIN-00397,POL-00306,ASG-00200,Vehiculos,Atencion medica,2025-03-31,2025-04-02,10877.47,9409.47,6653.85,Reserva,Sur,Dano por granizo en estacionamiento del trabajo. Evidencia fotografica adjunta.,True,Peritajes Express,P004,172,193,2,1,Quito,42046.5,0
SIN-00398,POL-00336,ASG-00111,Hogar,Dano parcial,2026-08-03,2026-08-04,15483.81,16079.95,14473.68,Pago Total,Norte,Accidente en carretera con policia presente. Croquis firmado por ambas partes.,True,Taller Premium,P008,300,65,1,1,Loja,33343.8,0
SIN-00399,POL-00012,ASG-00226,Hogar,Atencion medica,2026-01-19,2026-01-22,9321.95,7729.48,6264.09,Cierre Sin Consecuencia,Sur,Choque en parqueadero de centro comercial con camaras de seguridad.,True,Taller Central,P005,23,342,3,0,Quito,42059.09,0
SIN-00400,POL-00270,ASG-00185,Salud,Robo,2026-08-23,2026-08-23,9237.71,7873.99,5777.75,Cierre Sin Consecuencia,Sur,Colision leve en interseccion con semaforo. El tercero presento sus datos.,True,Taller Premium,P008,243,122,0,1,Loja,19920.33,0
SIN-00401,POL-00067,ASG-00374,Vida,Choque,2025-12-06,2025-12-06,6660.48,5678.1,3997.27,Reserva,Norte,Accidente en carretera con policia presente. Croquis firmado por ambas partes.,True,Grua Rapida,P007,158,207,0,1,Ambato,24322.49,0
SIN-00402,POL-00241,ASG-00230,Salud,Responsabilidad Civil,2025-04-20,2025-04-20,3700.24,3839.33,3511.72,Cierre Sin Consecuencia,Norte,Accidente en carretera con policia presente. Croquis firmado por ambas partes.,True,Taller Premium,P008,3,362,0,1,Quito,8351.1,0
SIN-00403,POL-00383,ASG-00368,Vehiculos,Dano parcial,2025-09-21,2025-09-22,9025.5,7691.43,6311.08,Negativa,Centro,Robo de autopartes reportado inmediatamente a la policia. Denuncia adjunta.,True,Clinica del Sur,P006,68,297,1,1,Loja,46446.58,0
SIN-00404,POL-00260,ASG-00383,Vida,Atencion medica,2025-04-07,2025-04-12,35383.7,33681.95,32264.39,Cierre Sin Consecuencia,Sur,El vehiculo fue impactado por un tercero que se dio a la fuga sin dejar datos.,True,Taller Norte,P003,25,340,5,3,Quito,43226.03,0
SIN-00405,POL-00430,ASG-00399,Salud,Dano parcial,2026-03-25,2026-03-25,3778.48,3311.52,2864.91,Pago Total,Sur,Choque en parqueadero de centro comercial con camaras de seguridad.,True,Clinica San Marcos,P002,20,345,0,0,Guayaquil,13313.59,0
SIN-00406,POL-00403,ASG-00222,Hogar,Responsabilidad Civil,2026-01-05,2026-01-08,4192.09,4159.14,3477.44,Cierre Sin Consecuencia,Sur,Colision leve en interseccion con semaforo. El tercero presento sus datos.,True,Peritajes Express,P004,8,357,3,0,Ambato,11660.56,0
SIN-00407,POL-00074,ASG-00204,Generales,Incendio,2024-12-16,2024-12-19,28067.03,22590.2,17817.69,Pago Total,Sur,Impacto en la parte trasera por vehiculo que huyo del lugar del accidente.,True,Taller Central,P005,20,345,3,2,Quito,37068.31,0
SIN-00408,POL-00433,ASG-00199,Vida,Choque,2026-01-30,2026-02-01,2528.83,2253.53,1996.13,Negativa,Oeste,Robo de autopartes reportado inmediatamente a la policia. Denuncia adjunta.,True,Clinica del Sur,P006,21,344,2,0,Guayaquil,12370.39,0
SIN-00409,POL-00360,ASG-00138,Salud,Incendio,2024-06-23,2024-06-29,31052.4,34107.69,27763.33,Negativa,Norte,Dano por granizo en estacionamiento del trabajo. Evidencia fotografica adjunta.,False,Taller El Veloz,P001,23,342,6,3,Manta,37719.82,0
SIN-00410,POL-00481,ASG-00278,Hogar,Dano parcial,2024-12-25,2024-12-28,13379.15,13085.19,11810.34,Reserva,Oeste,El vehiculo fue impactado por un tercero que se dio a la fuga sin dejar datos.,True,Taller El Veloz,P001,25,340,3,2,Manta,17197.34,0
SIN-00411,POL-00600,ASG-00304,Generales,Incendio,2026-11-19,2026-11-20,11417.1,9270.06,8160.77,Negativa,Norte,Robo de autopartes reportado inmediatamente a la policia. Denuncia adjunta.,True,Clinica San Marcos,P002,184,181,1,0,Quito,25036.53,0
SIN-00412,POL-00397,ASG-00167,Vida,Choque,2027-04-10,2027-04-12,5573.33,4841.1,4034.57,Cierre Sin Consecuencia,Norte,Robo de autopartes reportado inmediatamente a la policia. Denuncia adjunta.,True,Taller Norte,P003,324,41,2,1,Quito,42156.74,0
SIN-00413,POL-00577,ASG-00284,Salud,Atencion medica,2025-04-29,2025-05-02,2580.8,2556.15,1870.84,Negativa,Norte,Choque en parqueadero de centro comercial con camaras de seguridad.,True,Taller El Veloz,P001,276,89,3,1,Guayaquil,43563.82,0
SIN-00414,POL-00487,ASG-00159,Vida,Robo,2025-12-04,2025-12-05,4975.73,4832.06,4345.92,Negativa,Oeste,Dano por granizo en estacionamiento del trabajo. Evidencia fotografica adjunta.,True,Grua Rapida,P007,294,71,1,0,Quito,47635.17,0
SIN-00415,POL-00119,ASG-00278,Hogar,Robo,2024-11-22,2024-11-25,5477.56,4480.63,4195.78,Reserva,Oeste,El vehiculo fue impactado por un tercero que se dio a la fuga sin dejar datos.,False,Taller El Veloz,P001,20,345,3,3,Manta,6708.37,0
SIN-00416,POL-00194,ASG-00025,Vehiculos,Robo,2025-08-12,2025-08-12,751.29,633.96,467.92,Liquidado,Sur,Choque en parqueadero de centro comercial con camaras de seguridad.,True,Taller Premium,P008,42,323,0,0,Cuenca,5888.38,0
SIN-00417,POL-00253,ASG-00218,Vehiculos,Atencion medica,2026-08-23,2026-08-24,17872.85,18332.38,13068.65,Pago Parcial,Este,Accidente en carretera con policia presente. Croquis firmado por ambas partes.,True,Grua Rapida,P007,352,13,1,0,Loja,42293.69,0
SIN-00418,POL-00231,ASG-00320,Hogar,Dano parcial,2025-11-12,2025-11-15,15827.61,15506.21,12192.35,Reserva,Este,Dano por granizo en estacionamiento del trabajo. Evidencia fotografica adjunta.,True,Taller Norte,P003,82,283,3,0,Guayaquil,46453.63,0
SIN-00419,POL-00150,ASG-00235,Vehiculos,Incendio,2025-12-08,2025-12-13,26051.75,28026.42,26810.46,Negativa,Oeste,Colision leve en interseccion con semaforo. El tercero presento sus datos.,False,Taller El Veloz,P001,19,346,5,3,Loja,33037.61,0
SIN-00420,POL-00065,ASG-00333,Salud,Atencion medica,2024-12-10,2024-12-12,11909.07,12838.52,10235.5,Pago Total,Oeste,Dano por granizo en estacionamiento del trabajo. Evidencia fotografica adjunta.,True,Taller Central,P005,86,279,2,1,Guayaquil,37509.44,0
SIN-00421,POL-00422,ASG-00144,Salud,Incendio,2025-06-01,2025-06-07,38941.72,39180.47,31675.3,Liquidado,Oeste,Colision leve en interseccion con semaforo. El tercero presento sus datos.,True,Taller Central,P005,17,348,6,2,Manta,45372.89,0
SIN-00422,POL-00253,ASG-00218,Vehiculos,Responsabilidad Civil,2026-09-02,2026-09-04,5599.05,4891.83,4135.08,Pago Parcial,Oeste,Accidente en carretera con policia presente. Croquis firmado por ambas partes.,True,Peritajes Express,P004,362,3,2,1,Loja,42293.69,0
SIN-00423,POL-00004,ASG-00185,Vehiculos,Atencion medica,2025-03-04,2025-03-09,41318.02,35523.46,25409.86,Negativa,Este,Choque en parqueadero de centro comercial con camaras de seguridad.,False,Clinica San Marcos,P002,26,339,5,3,Loja,47433.21,0
SIN-00424,POL-00123,ASG-00361,Vida,Atencion medica,2026-01-04,2026-01-06,17036.45,14280.41,10407.09,Cierre Sin Consecuencia,Este,Colision frontal con vehiculo desconocido en horas de la madrugada sin testigos.,False,Taller Norte,P003,12,353,2,3,Guayaquil,20145.25,0
SIN-00425,POL-00284,ASG-00004,Generales,Robo,2025-05-19,2025-05-20,8138.86,8776.58,7074.5,Pago Total,Sur,Choque en parqueadero de centro comercial con camaras de seguridad.,True,Taller Central,P005,204,161,1,1,Manta,24795.44,0
SIN-00426,POL-00393,ASG-00009,Generales,Choque,2025-12-09,2025-12-10,4102.23,4278.07,3154.52,Pago Total,Este,Choque en parqueadero de centro comercial con camaras de seguridad.,True,Peritajes Express,P004,337,28,1,1,Guayaquil,45064.61,0
SIN-00427,POL-00287,ASG-00211,Vehiculos,Robo,2025-10-31,2025-11-14,10302.74,8901.74,0.0,Reserva,Norte,Impacto en la parte trasera por vehiculo que huyo del lugar del accidente.,False,Grua Rapida,P007,5,360,14,6,Manta,10754.83,1
SIN-00428,POL-00398,ASG-00329,Hogar,Atencion medica,2027-01-05,2027-01-06,15166.36,12899.21,10592.86,Pago Total,Centro,Choque en parqueadero de centro comercial con camaras de seguridad.,True,Taller Premium,P008,255,110,1,1,Ambato,41375.35,0
SIN-00429,POL-00025,ASG-00013,Vida,Choque,2024-11-08,2024-11-11,8796.89,8546.15,6904.06,Reserva,Este,Colision leve en interseccion con semaforo. El tercero presento sus datos.,True,Peritajes Express,P004,162,203,3,1,Ambato,23718.89,0
SIN-00430,POL-00491,ASG-00285,Vehiculos,Dano parcial,2024-08-01,2024-08-07,21845.23,19865.43,18439.35,Reserva,Sur,El vehiculo fue impactado por un tercero que se dio a la fuga sin dejar datos.,True,Taller Norte,P003,27,338,6,3,Ambato,28973.55,0
SIN-00431,POL-00538,ASG-00036,Vida,Atencion medica,2025-03-19,2025-03-20,6121.69,5318.07,4219.78,Liquidado,Norte,Robo de autopartes reportado inmediatamente a la policia. Denuncia adjunta.,True,Taller Central,P005,174,191,1,0,Quito,14030.11,0
SIN-00432,POL-00296,ASG-00216,Hogar,Robo,2025-05-08,2025-05-09,2101.09,1723.34,1258.82,Pago Total,Oeste,Dano por granizo en estacionamiento del trabajo. Evidencia fotografica adjunta.,True,Taller Premium,P008,283,82,1,0,Ambato,36393.93,0
SIN-00433,POL-00157,ASG-00069,Hogar,Choque,2026-03-19,2026-03-22,20506.68,18828.04,14122.92,Negativa,Sur,Choque en parqueadero de centro comercial con camaras de seguridad.,True,Taller Norte,P003,21,344,3,2,Cuenca,24939.98,0
SIN-00434,POL-00466,ASG-00292,Generales,Responsabilidad Civil,2025-12-10,2025-12-11,5217.77,4279.21,3479.97,Reserva,Centro,Choque en parqueadero de centro comercial con camaras de seguridad.,True,Taller Norte,P003,314,51,1,0,Loja,42441.92,0
SIN-00435,POL-00592,ASG-00390,Salud,Dano parcial,2026-04-01,2026-04-04,5680.55,5916.02,4508.41,Liquidado,Centro,Accidente en carretera con policia presente. Croquis firmado por ambas partes.,True,Grua Rapida,P007,28,337,3,0,Manta,45406.99,0
SIN-00436,POL-00499,ASG-00106,Hogar,Robo,2025-02-18,2025-02-21,16248.63,17216.38,16134.46,Cierre Sin Consecuencia,Sur,Dano por granizo en estacionamiento del trabajo. Evidencia fotografica adjunta.,True,Peritajes Express,P004,59,306,3,1,Manta,40745.6,0
SIN-00437,POL-00409,ASG-00227,Generales,Atencion medica,2026-09-30,2026-10-01,1814.43,1585.1,1178.78,Cierre Sin Consecuencia,Norte,Accidente en carretera con policia presente. Croquis firmado por ambas partes.,True,Taller Premium,P008,130,235,1,0,Cuenca,7019.49,0
SIN-00438,POL-00302,ASG-00188,Generales,Dano parcial,2025-02-06,2025-02-09,2431.06,2201.92,1669.15,Liquidado,Sur,Accidente en carretera con policia presente. Croquis firmado por ambas partes.,True,Clinica del Sur,P006,202,163,3,0,Quito,35627.26,0
SIN-00439,POL-00576,ASG-00088,Hogar,Robo,2024-11-02,2024-11-15,16498.18,14915.64,0.0,Pago Parcial,Centro,El asegurado reporta que su vehiculo fue robado en un estacionamiento sin camaras.,False,Clinica San Marcos,P002,4,361,13,6,Manta,18282.27,1
SIN-00440,POL-00387,ASG-00270,Salud,Incendio,2025-03-07,2025-03-09,5467.76,5386.08,4215.84,Pago Total,Norte,Dano por granizo en estacionamiento del trabajo. Evidencia fotografica adjunta.,True,Clinica del Sur,P006,207,158,2,0,Guayaquil,47637.65,0
SIN-00441,POL-00429,ASG-00156,Vida,Robo,2025-10-10,2025-10-13,12432.38,9948.02,7161.27,Reserva,Centro,Robo de autopartes reportado inmediatamente a la policia. Denuncia adjunta.,True,Peritajes Express,P004,276,89,3,0,Manta,41976.43,0
SIN-00442,POL-00382,ASG-00251,Generales,Atencion medica,2025-05-06,2025-05-08,10548.09,10551.52,10030.36,Liquidado,Oeste,Robo de autopartes reportado inmediatamente a la policia. Denuncia adjunta.,True,Taller Premium,P008,244,121,2,0,Guayaquil,31563.54,0
SIN-00443,POL-00522,ASG-00122,Vida,Responsabilidad Civil,2026-11-18,2026-11-21,915.51,952.59,740.44,Pago Total,Oeste,Choque en parqueadero de centro comercial con camaras de seguridad.,True,Taller Central,P005,203,162,3,1,Ambato,12527.75,0
SIN-00444,POL-00556,ASG-00255,Generales,Incendio,2025-05-28,2025-05-31,4551.73,3972.51,3523.29,Cierre Sin Consecuencia,Norte,Robo de autopartes reportado inmediatamente a la policia. Denuncia adjunta.,True,Clinica del Sur,P006,202,163,3,0,Quito,14925.76,0
SIN-00445,POL-00342,ASG-00117,Hogar,Robo,2025-05-16,2025-05-31,17980.34,16704.31,0.0,Pago Total,Centro,Colision frontal con vehiculo desconocido en horas de la madrugada sin testigos.,False,Clinica San Marcos,P002,8,357,15,6,Cuenca,18111.04,1
SIN-00446,POL-00009,ASG-00075,Vehiculos,Incendio,2024-08-04,2024-08-04,8194.75,6560.93,4942.16,Pago Total,Centro,Dano por granizo en estacionamiento del trabajo. Evidencia fotografica adjunta.,True,Taller Norte,P003,24,341,0,0,Ambato,17418.28,0
SIN-00447,POL-00597,ASG-00105,Generales,Dano parcial,2025-10-04,2025-10-04,2526.7,2701.34,2558.86,Negativa,Norte,Dano por granizo en estacionamiento del trabajo. Evidencia fotografica adjunta.,True,Clinica San Marcos,P002,42,323,0,0,Cuenca,6021.06,0
SIN-00448,POL-00474,ASG-00048,Vida,Responsabilidad Civil,2025-09-16,2025-09-18,30469.75,27971.78,22422.1,Pago Total,Este,Colision leve en interseccion con semaforo. El tercero presento sus datos.,True,Taller Central,P005,27,338,2,2,Cuenca,40956.14,0
SIN-00449,POL-00247,ASG-00185,Hogar,Robo,2025-05-17,2025-05-26,35210.91,38713.26,0.0,Pago Total,Sur,Colision frontal con vehiculo desconocido en horas de la madrugada sin testigos.,False,Taller El Veloz,P001,1,364,9,3,Loja,38869.51,1
SIN-00450,POL-00446,ASG-00363,Vida,Robo,2024-11-19,2024-12-01,48577.78,44169.97,0.0,Negativa,Sur,Impacto en la parte trasera por vehiculo que huyo del lugar del accidente.,False,Taller El Veloz,P001,9,356,12,3,Guayaquil,48883.61,1
SIN-00451,POL-00433,ASG-00199,Vida,Dano parcial,2026-11-15,2026-11-16,659.93,610.26,516.32,Pago Parcial,Sur,Dano por granizo en estacionamiento del trabajo. Evidencia fotografica adjunta.,True,Clinica del Sur,P006,310,55,1,1,Guayaquil,12370.39,0
SIN-00452,POL-00508,ASG-00182,Salud,Responsabilidad Civil,2025-07-24,2025-07-25,7666.32,7769.12,7303.46,Pago Parcial,Centro,Colision leve en interseccion con semaforo. El tercero presento sus datos.,True,Taller Central,P005,131,234,1,1,Loja,32205.8,0
SIN-00453,POL-00217,ASG-00256,Vida,Responsabilidad Civil,2024-09-01,2024-09-05,37041.8,34689.12,31765.94,Liquidado,Centro,Robo de autopartes reportado inmediatamente a la policia. Denuncia adjunta.,True,Taller Norte,P003,27,338,4,2,Cuenca,49130.18,0
SIN-00454,POL-00475,ASG-00175,Vida,Dano parcial,2025-03-22,2025-03-23,7202.86,7527.14,6778.41,Liquidado,Centro,Robo de autopartes reportado inmediatamente a la policia. Denuncia adjunta.,True,Peritajes Express,P004,206,159,1,0,Loja,28563.26,0
SIN-00455,POL-00441,ASG-00217,Hogar,Atencion medica,2025-08-29,2025-09-01,427.56,405.75,354.65,Liquidado,Oeste,Robo de autopartes reportado inmediatamente a la policia. Denuncia adjunta.,True,Taller El Veloz,P001,88,277,3,0,Guayaquil,7454.6,0
SIN-00456,POL-00015,ASG-00187,Vehiculos,Robo,2025-05-26,2025-06-10,12620.85,12585.98,0.0,Cierre Sin Consecuencia,Centro,El asegurado reporta que su vehiculo fue robado en un estacionamiento sin camaras.,False,Taller El Veloz,P001,4,361,15,4,Quito,13991.0,1
SIN-00457,POL-00246,ASG-00279,Generales,Atencion medica,2026-10-30,2026-10-31,2093.39,1750.98,1628.06,Liquidado,Este,Accidente en carretera con policia presente. Croquis firmado por ambas partes.,True,Clinica San Marcos,P002,157,208,1,1,Loja,20723.13,0
SIN-00458,POL-00095,ASG-00191,Vida,Robo,2025-11-24,2025-11-28,7147.71,6030.84,4511.68,Cierre Sin Consecuencia,Oeste,Colision frontal con vehiculo desconocido en horas de la madrugada sin testigos.,True,Clinica del Sur,P006,28,337,4,2,Ambato,8820.61,0
SIN-00459,POL-00107,ASG-00022,Vida,Robo,2025-05-23,2025-05-30,34482.57,33352.83,27928.19,Pago Parcial,Centro,Impacto en la parte trasera por vehiculo que huyo del lugar del accidente.,True,Grua Rapida,P007,30,335,7,3,Manta,46585.93,0
SIN-00460,POL-00364,ASG-00007,Vehiculos,Atencion medica,2025-05-30,2025-06-01,8806.72,9322.81,6764.33,Reserva,Oeste,Colision leve en interseccion con semaforo. El tercero presento sus datos.,True,Taller El Veloz,P001,111,254,2,1,Guayaquil,37160.71,0
SIN-00461,POL-00567,ASG-00091,Salud,Robo,2024-07-12,2024-07-23,6462.75,6834.99,0.0,Reserva,Centro,El asegurado reporta que su vehiculo fue robado en un estacionamiento sin camaras.,False,Clinica San Marcos,P002,6,359,11,3,Quito,6940.2,1
SIN-00462,POL-00316,ASG-00263,Hogar,Choque,2025-07-06,2025-07-08,8213.9,8866.27,7810.05,Reserva,Centro,Colision leve en interseccion con semaforo. El tercero presento sus datos.,True,Taller Central,P005,36,329,2,0,Cuenca,41591.63,0
SIN-00463,POL-00127,ASG-00309,Hogar,Dano parcial,2025-10-24,2025-10-24,7483.91,7876.37,6813.55,Liquidado,Norte,Robo de autopartes reportado inmediatamente a la policia. Denuncia adjunta.,True,Taller Norte,P003,201,164,0,1,Cuenca,48538.93,0
SIN-00464,POL-00342,ASG-00117,Hogar,Robo,2025-08-29,2025-08-29,1674.22,1393.03,1174.45,Negativa,Centro,Choque en parqueadero de centro comercial con camaras de seguridad.,True,Taller Central,P005,113,252,0,0,Cuenca,18111.04,0
SIN-00465,POL-00583,ASG-00184,Hogar,Choque,2026-04-19,2026-04-22,7407.41,7565.62,7162.01,Cierre Sin Consecuencia,Oeste,Dano por granizo en estacionamiento del trabajo. Evidencia fotografica adjunta.,True,Clinica San Marcos,P002,63,302,3,0,Guayaquil,49952.82,0
SIN-00466,POL-00193,ASG-00188,Vehiculos,Choque,2025-12-28,2025-12-31,4901.52,5134.38,4044.93,Pago Total,Este,Accidente en carretera con policia presente. Croquis firmado por ambas partes.,True,Taller Premium,P008,64,301,3,0,Quito,33814.45,0
SIN-00467,POL-00510,ASG-00248,Hogar,Incendio,2026-01-15,2026-01-16,10295.65,10752.1,9397.99,Cierre Sin Consecuencia,Sur,Dano por granizo en estacionamiento del trabajo. Evidencia fotografica adjunta.,True,Taller El Veloz,P001,64,301,1,0,Manta,26668.98,0
SIN-00468,POL-00074,ASG-00204,Generales,Robo,2024-12-01,2024-12-10,35491.33,37230.09,0.0,Reserva,Este,Colision frontal con vehiculo desconocido en horas de la madrugada sin testigos.,False,Grua Rapida,P007,5,360,9,3,Quito,37068.31,1
SIN-00469,POL-00378,ASG-00123,Hogar,Incendio,2026-04-22,2026-04-24,8639.67,7447.69,6002.49,Cierre Sin Consecuencia,Sur,Dano por granizo en estacionamiento del trabajo. Evidencia fotografica adjunta.,True,Clinica del Sur,P006,309,56,2,0,Cuenca,34623.02,0
SIN-00470,POL-00062,ASG-00176,Vehiculos,Robo,2026-01-23,2026-01-26,2392.91,2117.81,1594.96,Reserva,Este,Robo de autopartes reportado inmediatamente a la policia. Denuncia adjunta.,True,Taller Premium,P008,360,5,3,0,Loja,24004.13,0
SIN-00471,POL-00230,ASG-00281,Hogar,Atencion medica,2024-09-10,2024-09-15,31941.68,34223.66,24132.6,Pago Total,Este,Impacto en la parte trasera por vehiculo que huyo del lugar del accidente.,False,Taller Premium,P008,26,339,5,3,Guayaquil,47098.04,0
SIN-00472,POL-00529,ASG-00384,Salud,Choque,2025-12-29,2025-12-29,9612.17,10281.49,7974.63,Pago Total,Oeste,Colision leve en interseccion con semaforo. El tercero presento sus datos.,True,Taller Central,P005,279,86,0,0,Loja,31492.59,0
SIN-00473,POL-00568,ASG-00223,Hogar,Choque,2025-05-19,2025-05-22,5650.37,5742.27,4751.47,Cierre Sin Consecuencia,Centro,Colision leve en interseccion con semaforo. El tercero presento sus datos.,True,Grua Rapida,P007,211,154,3,1,Quito,41231.92,0
SIN-00474,POL-00201,ASG-00343,Vida,Atencion medica,2025-05-26,2025-05-31,7424.85,6899.52,5993.82,Cierre Sin Consecuencia,Norte,Accidente en carretera con policia presente. Croquis firmado por ambas partes.,False,Peritajes Express,P004,22,343,5,2,Loja,9053.72,0
SIN-00475,POL-00045,ASG-00225,Vehiculos,Dano parcial,2026-07-12,2026-07-12,1506.38,1529.77,1172.14,Pago Total,Sur,Choque en parqueadero de centro comercial con camaras de seguridad.,True,Peritajes Express,P004,51,314,0,1,Ambato,15662.57,0
SIN-00476,POL-00461,ASG-00374,Vida,Robo,2024-08-31,2024-09-09,11908.71,11227.58,0.0,Pago Parcial,Oeste,Colision frontal con vehiculo desconocido en horas de la madrugada sin testigos.,False,Clinica San Marcos,P002,10,355,9,3,Ambato,13095.83,1
SIN-00477,POL-00285,ASG-00077,Salud,Atencion medica,2025-01-06,2025-01-08,12483.28,10087.36,7356.24,Cierre Sin Consecuencia,Oeste,Choque en parqueadero de centro comercial con camaras de seguridad.,True,Taller El Veloz,P001,223,142,2,0,Guayaquil,32090.91,0
SIN-00478,POL-00240,ASG-00325,Hogar,Robo,2026-07-20,2026-07-21,4112.3,3365.43,2809.6,Liquidado,Sur,Robo de autopartes reportado inmediatamente a la policia. Denuncia adjunta.,True,Taller El Veloz,P001,130,235,1,1,Cuenca,29597.68,0
SIN-00479,POL-00307,ASG-00033,Hogar,Choque,2025-09-01,2025-09-06,6104.22,5859.5,5304.79,Negativa,Norte,Dano por granizo en estacionamiento del trabajo. Evidencia fotografica adjunta.,True,Grua Rapida,P007,16,349,5,2,Ambato,8601.79,0
SIN-00480,POL-00426,ASG-00159,Generales,Responsabilidad Civil,2026-03-17,2026-03-18,4134.22,4406.73,3292.79,Liquidado,Oeste,Choque en parqueadero de centro comercial con camaras de seguridad.,True,Clinica San Marcos,P002,155,210,1,1,Quito,24352.89,0
SIN-00481,POL-00324,ASG-00041,Vida,Responsabilidad Civil,2025-12-19,2025-12-19,5448.61,5621.7,4719.2,Reserva,Oeste,Robo de autopartes reportado inmediatamente a la policia. Denuncia adjunta.,True,Taller Central,P005,117,248,0,1,Guayaquil,39390.99,0
SIN-00482,POL-00547,ASG-00284,Vehiculos,Incendio,2026-04-06,2026-04-07,2562.4,2664.08,2057.06,Reserva,Oeste,Dano por granizo en estacionamiento del trabajo. Evidencia fotografica adjunta.,True,Clinica San Marcos,P002,336,29,1,0,Guayaquil,34733.03,0
SIN-00483,POL-00551,ASG-00174,Vehiculos,Atencion medica,2025-07-08,2025-07-11,31459.94,33192.55,25279.12,Pago Total,Norte,Robo de autopartes reportado inmediatamente a la policia. Denuncia adjunta.,True,Clinica San Marcos,P002,28,337,3,3,Guayaquil,37445.54,0
SIN-00484,POL-00560,ASG-00052,Generales,Atencion medica,2026-05-16,2026-05-19,1501.3,1214.53,1129.08,Reserva,Norte,Robo de autopartes reportado inmediatamente a la policia. Denuncia adjunta.,True,Clinica San Marcos,P002,26,339,3,1,Quito,12098.91,0
SIN-00485,POL-00600,ASG-00304,Generales,Robo,2026-05-27,2026-06-05,23631.93,24488.34,0.0,Cierre Sin Consecuencia,Oeste,El asegurado reporta que su vehiculo fue robado en un estacionamiento sin camaras.,False,Grua Rapida,P007,8,357,9,3,Quito,25036.53,1
SIN-00486,POL-00297,ASG-00180,Generales,Choque,2024-12-15,2024-12-18,35495.36,33957.23,31593.68,Pago Total,Sur,Colision leve en interseccion con semaforo. El tercero presento sus datos.,False,Taller Central,P005,28,337,3,3,Manta,45853.65,0
SIN-00487,POL-00479,ASG-00108,Hogar,Robo,2026-05-05,2026-05-17,17691.15,14623.62,0.0,Cierre Sin Consecuencia,Oeste,El asegurado reporta que su vehiculo fue robado en un estacionamiento sin camaras.,False,Clinica San Marcos,P002,1,364,12,5,Cuenca,17895.53,1
SIN-00488,POL-00375,ASG-00179,Hogar,Dano parcial,2026-06-07,2026-06-10,6578.83,6496.63,4651.01,Pago Total,Sur,Choque en parqueadero de centro comercial con camaras de seguridad.,True,Taller Central,P005,228,137,3,0,Cuenca,17389.6,0
SIN-00489,POL-00067,ASG-00374,Vida,Choque,2025-07-15,2025-07-20,16376.73,14386.67,13235.53,Cierre Sin Consecuencia,Sur,Choque en parqueadero de centro comercial con camaras de seguridad.,True,Taller El Veloz,P001,14,351,5,2,Ambato,24322.49,0
SIN-00490,POL-00410,ASG-00192,Salud,Responsabilidad Civil,2025-05-04,2025-05-07,34787.43,32084.18,23985.42,Pago Total,Este,El asegurado reporta que su vehiculo fue robado en un estacionamiento sin camaras.,False,Taller Central,P005,13,352,3,3,Loja,43374.39,0
SIN-00491,POL-00085,ASG-00007,Salud,Incendio,2025-09-28,2025-09-30,10164.7,9213.31,8523.12,Pago Parcial,Norte,Accidente en carretera con policia presente. Croquis firmado por ambas partes.,True,Taller Premium,P008,218,147,2,0,Guayaquil,21378.94,0
SIN-00492,POL-00557,ASG-00378,Vida,Responsabilidad Civil,2024-11-28,2024-12-05,30548.18,31697.65,30395.68,Liquidado,Oeste,Colision leve en interseccion con semaforo. El tercero presento sus datos.,False,Taller Norte,P003,11,354,7,3,Guayaquil,48913.4,0
SIN-00493,POL-00570,ASG-00060,Vehiculos,Atencion medica,2025-08-29,2025-08-31,14103.85,13864.49,12605.0,Cierre Sin Consecuencia,Centro,Dano por granizo en estacionamiento del trabajo. Evidencia fotografica adjunta.,True,Taller Norte,P003,26,339,2,1,Manta,37463.14,0
SIN-00494,POL-00210,ASG-00373,Salud,Atencion medica,2026-01-17,2026-01-23,18194.66,18531.9,17457.26,Reserva,Norte,Colision frontal con vehiculo desconocido en horas de la madrugada sin testigos.,False,Peritajes Express,P004,17,348,6,3,Cuenca,26965.52,0
SIN-00495,POL-00127,ASG-00309,Hogar,Robo,2025-04-28,2025-04-29,15386.5,13309.86,10934.03,Pago Parcial,Sur,Dano por granizo en estacionamiento del trabajo. Evidencia fotografica adjunta.,True,Taller El Veloz,P001,22,343,1,1,Cuenca,48538.93,0
SIN-00496,POL-00086,ASG-00284,Vida,Atencion medica,2025-01-14,2025-01-17,1502.18,1552.76,1422.46,Liquidado,Norte,Choque en parqueadero de centro comercial con camaras de seguridad.,True,Taller Premium,P008,92,273,3,1,Guayaquil,16171.84,0
SIN-00497,POL-00110,ASG-00152,Vida,Choque,2025-06-06,2025-06-07,12714.06,11103.39,9029.14,Negativa,Este,Choque en parqueadero de centro comercial con camaras de seguridad.,True,Clinica del Sur,P006,20,345,1,0,Loja,29780.99,0
SIN-00498,POL-00402,ASG-00026,Vida,Atencion medica,2026-01-25,2026-01-26,17442.44,17112.91,16129.84,Liquidado,Oeste,Colision leve en interseccion con semaforo. El tercero presento sus datos.,True,Clinica del Sur,P006,41,324,1,1,Guayaquil,38877.81,0
SIN-00499,POL-00028,ASG-00364,Vehiculos,Incendio,2025-11-27,2025-11-28,2591.0,2544.29,2167.11,Reserva,Sur,Dano por granizo en estacionamiento del trabajo. Evidencia fotografica adjunta.,True,Taller Norte,P003,135,230,1,0,Quito,20438.51,0
SIN-00500,POL-00302,ASG-00188,Generales,Incendio,2025-04-03,2025-04-03,15081.46,13140.39,12886.49,Negativa,Este,Colision leve en interseccion con semaforo. El tercero presento sus datos.,True,Taller Norte,P003,258,107,0,1,Quito,35627.26,0
SIN-00501,POL-00132,ASG-00334,Salud,Choque,2026-03-16,2026-03-16,3948.3,3586.62,2938.69,Liquidado,Norte,Colision leve en interseccion con semaforo. El tercero presento sus datos.,True,Grua Rapida,P007,198,167,0,0,Quito,8316.92,0
SIN-00502,POL-00075,ASG-00206,Vehiculos,Robo,2025-09-08,2025-09-08,13976.98,14944.86,12056.6,Negativa,Oeste,Dano por granizo en estacionamiento del trabajo. Evidencia fotografica adjunta.,True,Clinica del Sur,P006,153,212,0,1,Cuenca,29194.49,0
SIN-00503,POL-00575,ASG-00355,Generales,Dano parcial,2024-12-17,2024-12-19,2013.24,1756.81,1702.19,Reserva,Oeste,Colision leve en interseccion con semaforo. El tercero presento sus datos.,True,Taller Norte,P003,138,227,2,0,Guayaquil,11142.57,0
SIN-00504,POL-00418,ASG-00102,Generales,Responsabilidad Civil,2024-12-19,2024-12-25,24484.6,22904.37,20801.52,Liquidado,Norte,Colision frontal con vehiculo desconocido en horas de la madrugada sin testigos.,True,Taller El Veloz,P001,22,343,6,3,Loja,30230.94,0
SIN-00505,POL-00464,ASG-00328,Salud,Robo,2025-03-15,2025-03-18,6419.94,6612.46,5764.84,Negativa,Centro,Choque en parqueadero de centro comercial con camaras de seguridad.,True,Taller Central,P005,254,111,3,1,Ambato,16448.79,0
SIN-00506,POL-00579,ASG-00168,Vida,Dano parcial,2024-10-02,2024-10-08,35178.03,29285.94,27873.07,Pago Total,Centro,El asegurado reporta que su vehiculo fue robado en un estacionamiento sin camaras.,True,Clinica San Marcos,P002,20,345,6,2,Loja,45132.02,0
SIN-00507,POL-00024,ASG-00192,Vida,Responsabilidad Civil,2025-04-28,2025-05-03,29228.95,29953.33,23748.51,Cierre Sin Consecuencia,Sur,Accidente en carretera con policia presente. Croquis firmado por ambas partes.,True,Taller Premium,P008,14,351,5,2,Loja,35580.0,0
SIN-00508,POL-00575,ASG-00355,Generales,Atencion medica,2024-10-09,2024-10-09,5056.08,5533.78,5371.5,Liquidado,Oeste,Accidente en carretera con policia presente. Croquis firmado por ambas partes.,True,Taller El Veloz,P001,69,296,0,0,Guayaquil,11142.57,0
SIN-00509,POL-00445,ASG-00376,Vehiculos,Robo,2025-04-24,2025-05-08,34370.06,27650.02,0.0,Negativa,Este,El vehiculo fue impactado por un tercero que se dio a la fuga sin dejar datos.,False,Grua Rapida,P007,7,358,14,4,Quito,36780.2,1
SIN-00510,POL-00258,ASG-00258,Vehiculos,Incendio,2025-12-31,2026-01-01,5676.29,5607.11,3993.21,Reserva,Sur,Robo de autopartes reportado inmediatamente a la policia. Denuncia adjunta.,True,Peritajes Express,P004,8,357,1,1,Loja,35864.54,0
SIN-00511,POL-00516,ASG-00289,Hogar,Robo,2024-11-30,2024-12-13,25828.32,23569.83,0.0,Reserva,Oeste,El vehiculo fue impactado por un tercero que se dio a la fuga sin dejar datos.,False,Taller El Veloz,P001,4,361,13,3,Ambato,26292.22,1
SIN-00512,POL-00454,ASG-00045,Vehiculos,Choque,2025-03-09,2025-03-11,7419.42,5972.97,5068.55,Negativa,Oeste,Robo de autopartes reportado inmediatamente a la policia. Denuncia adjunta.,True,Grua Rapida,P007,282,83,2,1,Ambato,49718.08,0
SIN-00513,POL-00134,ASG-00375,Vehiculos,Dano parcial,2025-01-29,2025-02-05,38739.95,42404.55,36876.12,Liquidado,Norte,Robo de autopartes reportado inmediatamente a la policia. Denuncia adjunta.,False,Taller Norte,P003,13,352,7,2,Guayaquil,45415.59,0
SIN-00514,POL-00465,ASG-00282,Hogar,Robo,2025-08-09,2025-08-22,9834.07,10569.13,0.0,Negativa,Norte,Colision frontal con vehiculo desconocido en horas de la madrugada sin testigos.,False,Taller El Veloz,P001,6,359,13,5,Guayaquil,10122.65,1
SIN-00515,POL-00526,ASG-00230,Vida,Robo,2025-01-11,2025-01-24,45266.6,37222.76,0.0,Cierre Sin Consecuencia,Oeste,Colision frontal con vehiculo desconocido en horas de la madrugada sin testigos.,False,Taller El Veloz,P001,9,356,13,6,Quito,48279.32,1
SIN-00516,POL-00097,ASG-00150,Hogar,Choque,2024-08-20,2024-08-25,30776.29,28964.16,21215.81,Pago Total,Este,Colision frontal con vehiculo desconocido en horas de la madrugada sin testigos.,False,Grua Rapida,P007,18,347,5,3,Loja,46671.89,0
SIN-00517,POL-00550,ASG-00277,Hogar,Robo,2024-12-17,2024-12-31,44411.66,45980.21,0.0,Cierre Sin Consecuencia,Oeste,El asegurado reporta que su vehiculo fue robado en un estacionamiento sin camaras.,False,Grua Rapida,P007,5,360,14,6,Cuenca,48422.92,1
SIN-00518,POL-00505,ASG-00344,Salud,Choque,2025-09-26,2025-09-29,2182.58,2309.76,1960.85,Negativa,Oeste,Colision leve en interseccion con semaforo. El tercero presento sus datos.,True,Grua Rapida,P007,248,117,3,1,Guayaquil,8228.57,0
SIN-00519,POL-00087,ASG-00040,Generales,Responsabilidad Civil,2026-02-11,2026-02-15,21947.27,17655.47,14133.47,Negativa,Norte,Robo de autopartes reportado inmediatamente a la policia. Denuncia adjunta.,True,Taller Norte,P003,22,343,4,3,Manta,27591.84,0
SIN-00520,POL-00585,ASG-00396,Salud,Incendio,2024-10-18,2024-10-24,20380.65,20116.34,17351.5,Liquidado,Norte,Impacto en la parte trasera por vehiculo que huyo del lugar del accidente.,False,Taller Norte,P003,25,340,6,3,Cuenca,23241.22,0
SIN-00521,POL-00236,ASG-00017,Hogar,Dano parcial,2026-08-06,2026-08-08,2675.03,2379.28,2097.76,Cierre Sin Consecuencia,Oeste,Robo de autopartes reportado inmediatamente a la policia. Denuncia adjunta.,True,Grua Rapida,P007,103,262,2,0,Loja,9611.6,0
SIN-00522,POL-00559,ASG-00087,Hogar,Choque,2025-11-15,2025-11-18,2257.49,2412.26,1979.25,Negativa,Este,Dano por granizo en estacionamiento del trabajo. Evidencia fotografica adjunta.,True,Taller Premium,P008,212,153,3,0,Quito,24739.75,0
SIN-00523,POL-00390,ASG-00162,Generales,Choque,2024-09-05,2024-09-08,5347.57,4894.86,3646.55,Liquidado,Oeste,Choque en parqueadero de centro comercial con camaras de seguridad.,True,Clinica San Marcos,P002,11,354,3,1,Manta,19609.43,0
SIN-00524,POL-00040,ASG-00351,Vida,Choque,2026-01-31,2026-02-03,14533.11,11852.65,9254.53,Reserva,Centro,Dano por granizo en estacionamiento del trabajo. Evidencia fotografica adjunta.,True,Clinica del Sur,P006,190,175,3,1,Guayaquil,42795.13,0
SIN-00525,POL-00555,ASG-00050,Vida,Atencion medica,2026-03-20,2026-03-22,7272.18,6822.8,5582.55,Pago Total,Centro,Dano por granizo en estacionamiento del trabajo. Evidencia fotografica adjunta.,True,Taller Norte,P003,133,232,2,1,Loja,42590.85,0
SIN-00526,POL-00276,ASG-00257,Generales,Robo,2025-03-16,2025-03-17,6322.03,5702.82,4273.27,Reserva,Centro,Choque en parqueadero de centro comercial con camaras de seguridad.,True,Grua Rapida,P007,55,310,1,0,Guayaquil,21373.95,0
SIN-00527,POL-00399,ASG-00179,Vida,Robo,2025-05-15,2025-05-18,20957.01,18924.13,16698.3,Cierre Sin Consecuencia,Centro,Dano por granizo en estacionamiento del trabajo. Evidencia fotografica adjunta.,True,Taller Norte,P003,289,76,3,0,Cuenca,44052.4,0
SIN-00528,POL-00401,ASG-00269,Vehiculos,Responsabilidad Civil,2025-05-23,2025-05-29,20571.53,16553.7,13178.94,Negativa,Centro,Choque en parqueadero de centro comercial con camaras de seguridad.,False,Clinica del Sur,P006,26,339,6,3,Manta,30421.08,0
SIN-00529,POL-00525,ASG-00362,Vida,Choque,2027-03-11,2027-03-14,3684.97,3168.13,3009.43,Pago Parcial,Oeste,Dano por granizo en estacionamiento del trabajo. Evidencia fotografica adjunta.,True,Clinica San Marcos,P002,364,1,3,0,Quito,11531.74,0
SIN-00530,POL-00315,ASG-00090,Vida,Incendio,2025-05-09,2025-05-13,25316.35,25789.25,20884.99,Pago Total,Este,Colision frontal con vehiculo desconocido en horas de la madrugada sin testigos.,True,Clinica San Marcos,P002,14,351,4,2,Manta,30138.38,0
SIN-00531,POL-00154,ASG-00317,Generales,Choque,2025-07-09,2025-07-13,15033.18,15165.83,12998.88,Liquidado,Norte,Choque en parqueadero de centro comercial con camaras de seguridad.,False,Clinica San Marcos,P002,12,353,4,2,Loja,23077.4,0
SIN-00532,POL-00527,ASG-00273,Hogar,Robo,2025-10-28,2025-10-30,7349.46,6008.26,4790.61,Liquidado,Oeste,Accidente en carretera con policia presente. Croquis firmado por ambas partes.,True,Clinica del Sur,P006,127,238,2,1,Cuenca,24430.36,0
SIN-00533,POL-00346,ASG-00395,Vida,Atencion medica,2025-11-28,2025-12-01,24115.22,20578.3,15200.55,Liquidado,Norte,Robo de autopartes reportado inmediatamente a la policia. Denuncia adjunta.,True,Taller Central,P005,162,203,3,1,Ambato,49820.62,0
SIN-00534,POL-00007,ASG-00007,Hogar,Robo,2025-02-11,2025-02-22,38405.35,32235.08,0.0,Reserva,Centro,El vehiculo fue impactado por un tercero que se dio a la fuga sin dejar datos.,False,Taller El Veloz,P001,6,359,11,4,Guayaquil,40062.61,1
SIN-00535,POL-00103,ASG-00208,Vida,Dano parcial,2024-09-14,2024-09-20,21158.78,23040.4,20900.14,Pago Total,Este,El asegurado reporta que su vehiculo fue robado en un estacionamiento sin camaras.,False,Taller Central,P005,27,338,6,3,Manta,29755.44,0
SIN-00536,POL-00172,ASG-00142,Hogar,Choque,2026-03-25,2026-03-28,13963.5,14258.32,10795.36,Reserva,Sur,Choque en parqueadero de centro comercial con camaras de seguridad.,True,Clinica del Sur,P006,27,338,3,2,Manta,16751.61,0
SIN-00537,POL-00095,ASG-00191,Vida,Choque,2025-11-09,2025-11-15,5918.43,5096.88,4413.0,Pago Parcial,Norte,Accidente en carretera con policia presente. Croquis firmado por ambas partes.,False,Taller El Veloz,P001,13,352,6,2,Ambato,8820.61,0
SIN-00538,POL-00467,ASG-00246,Vida,Atencion medica,2025-12-10,2025-12-13,8817.27,8540.52,6658.95,Pago Total,Este,Robo de autopartes reportado inmediatamente a la policia. Denuncia adjunta.,True,Taller Norte,P003,223,142,3,1,Loja,34054.35,0
SIN-00539,POL-00524,ASG-00155,Vida,Responsabilidad Civil,2026-04-21,2026-04-24,31537.05,32025.46,31644.52,Cierre Sin Consecuencia,Este,El vehiculo fue impactado por un tercero que se dio a la fuga sin dejar datos.,False,Taller Premium,P008,28,337,3,2,Guayaquil,38859.25,0
SIN-00540,POL-00223,ASG-00072,Vida,Choque,2025-12-13,2025-12-15,4282.13,4377.61,4222.06,Reserva,Este,Dano por granizo en estacionamiento del trabajo. Evidencia fotografica adjunta.,True,Taller Norte,P003,226,139,2,0,Ambato,32488.33,0
SIN-00541,POL-00243,ASG-00170,Vida,Atencion medica,2025-03-18,2025-03-24,10149.22,8931.65,6579.47,Cierre Sin Consecuencia,Este,Dano por granizo en estacionamiento del trabajo. Evidencia fotografica adjunta.,True,Taller Norte,P003,18,347,6,3,Cuenca,11966.26,0
SIN-00542,POL-00592,ASG-00390,Salud,Responsabilidad Civil,2026-04-23,2026-04-23,5957.72,4770.98,4157.02,Negativa,Norte,Accidente en carretera con policia presente. Croquis firmado por ambas partes.,True,Taller Premium,P008,50,315,0,1,Manta,45406.99,0
SIN-00543,POL-00540,ASG-00133,Vehiculos,Robo,2026-01-13,2026-01-16,3010.63,2931.97,2543.47,Liquidado,Sur,Robo de autopartes reportado inmediatamente a la policia. Denuncia adjunta.,True,Taller Premium,P008,202,163,3,0,Ambato,8168.55,0
SIN-00544,POL-00407,ASG-00295,Vehiculos,Robo,2026-01-30,2026-01-30,10566.41,10375.94,10188.32,Negativa,Oeste,Robo de autopartes reportado inmediatamente a la policia. Denuncia adjunta.,True,Taller El Veloz,P001,37,328,0,1,Loja,23611.19,0
SIN-00545,POL-00063,ASG-00197,Vehiculos,Atencion medica,2026-06-10,2026-06-13,8336.36,7820.04,6287.83,Pago Total,Sur,Dano por granizo en estacionamiento del trabajo. Evidencia fotografica adjunta.,True,Taller El Veloz,P001,20,345,3,2,Cuenca,9609.22,0
SIN-00546,POL-00172,ASG-00142,Hogar,Choque,2027-02-20,2027-02-22,2336.48,1908.92,1807.7,Reserva,Oeste,Robo de autopartes reportado inmediatamente a la policia. Denuncia adjunta.,True,Clinica del Sur,P006,359,6,2,0,Manta,16751.61,0
SIN-00547,POL-00155,ASG-00122,Vehiculos,Robo,2026-05-29,2026-06-13,43698.27,36468.38,0.0,Cierre Sin Consecuencia,Norte,Colision frontal con vehiculo desconocido en horas de la madrugada sin testigos.,False,Grua Rapida,P007,2,363,15,3,Ambato,46437.57,1
SIN-00548,POL-00124,ASG-00224,Vida,Responsabilidad Civil,2026-11-09,2026-11-11,4465.1,4821.06,3661.04,Liquidado,Sur,Choque en parqueadero de centro comercial con camaras de seguridad.,True,Taller El Veloz,P001,197,168,2,1,Quito,12839.12,0
SIN-00549,POL-00346,ASG-00395,Vida,Responsabilidad Civil,2025-10-22,2025-10-23,12699.5,10729.67,10037.61,Pago Total,Norte,Robo de autopartes reportado inmediatamente a la policia. Denuncia adjunta.,True,Peritajes Express,P004,125,240,1,0,Ambato,49820.62,0
SIN-00550,POL-00405,ASG-00067,Salud,Choque,2026-01-06,2026-01-08,6844.63,6246.91,4404.91,Liquidado,Sur,Dano por granizo en estacionamiento del trabajo. Evidencia fotografica adjunta.,True,Taller Norte,P003,194,171,2,1,Cuenca,13914.88,0
SIN-00551,POL-00354,ASG-00005,Vida,Dano parcial,2024-12-18,2024-12-21,13401.6,14616.66,10751.94,Pago Parcial,Sur,Colision leve en interseccion con semaforo. El tercero presento sus datos.,True,Taller Norte,P003,25,340,3,0,Quito,31865.17,0
SIN-00552,POL-00077,ASG-00301,Vehiculos,Robo,2025-12-14,2025-12-28,22522.11,19577.16,0.0,Negativa,Centro,Colision frontal con vehiculo desconocido en horas de la madrugada sin testigos.,False,Grua Rapida,P007,1,364,14,6,Ambato,24686.87,1
SIN-00553,POL-00437,ASG-00314,Generales,Robo,2025-08-07,2025-08-08,12513.8,11296.42,8792.21,Pago Total,Norte,Choque en parqueadero de centro comercial con camaras de seguridad.,True,Taller El Veloz,P001,297,68,1,0,Guayaquil,28635.37,0
SIN-00554,POL-00372,ASG-00250,Salud,Dano parcial,2024-08-24,2024-08-27,6502.79,5925.77,5197.12,Pago Parcial,Centro,Robo de autopartes reportado inmediatamente a la policia. Denuncia adjunta.,True,Grua Rapida,P007,55,310,3,0,Manta,30125.77,0
SIN-00555,POL-00473,ASG-00155,Salud,Robo,2025-10-01,2025-10-09,12578.35,10844.62,0.0,Cierre Sin Consecuencia,Este,El vehiculo fue impactado por un tercero que se dio a la fuga sin dejar datos.,False,Grua Rapida,P007,9,356,8,3,Guayaquil,12875.57,1
SIN-00556,POL-00014,ASG-00150,Vida,Responsabilidad Civil,2025-04-19,2025-04-21,10107.2,10718.99,7851.17,Pago Parcial,Norte,Dano por granizo en estacionamiento del trabajo. Evidencia fotografica adjunta.,True,Clinica San Marcos,P002,241,124,2,0,Loja,40188.85,0
SIN-00557,POL-00235,ASG-00350,Hogar,Robo,2025-05-23,2025-06-05,7768.08,6679.37,0.0,Negativa,Sur,Impacto en la parte trasera por vehiculo que huyo del lugar del accidente.,False,Clinica San Marcos,P002,5,360,13,5,Ambato,7791.48,1
SIN-00558,POL-00541,ASG-00255,Salud,Responsabilidad Civil,2025-10-19,2025-10-22,1603.79,1381.45,1199.62,Pago Parcial,Sur,Accidente en carretera con policia presente. Croquis firmado por ambas partes.,True,Clinica del Sur,P006,131,234,3,0,Quito,5039.04,0
SIN-00559,POL-00404,ASG-00382,Vehiculos,Choque,2025-08-16,2025-08-18,5268.45,5527.7,5029.34,Negativa,Norte,Choque en parqueadero de centro comercial con camaras de seguridad.,True,Grua Rapida,P007,362,3,2,0,Loja,16815.11,0
SIN-00560,POL-00436,ASG-00219,Vida,Atencion medica,2024-08-11,2024-08-13,26499.54,25878.24,23289.41,Reserva,Centro,El vehiculo fue impactado por un tercero que se dio a la fuga sin dejar datos.,True,Clinica San Marcos,P002,29,336,2,3,Ambato,32356.85,0
SIN-00561,POL-00557,ASG-00378,Vida,Dano parcial,2025-04-04,2025-04-06,15083.72,15088.44,13765.47,Pago Parcial,Sur,Robo de autopartes reportado inmediatamente a la policia. Denuncia adjunta.,True,Clinica San Marcos,P002,138,227,2,0,Guayaquil,48913.4,0
SIN-00562,POL-00509,ASG-00257,Hogar,Dano parcial,2025-05-26,2025-05-29,9982.3,9373.12,7795.67,Reserva,Este,Colision leve en interseccion con semaforo. El tercero presento sus datos.,True,Grua Rapida,P007,297,68,3,0,Guayaquil,29577.48,0
SIN-00563,POL-00051,ASG-00073,Generales,Atencion medica,2027-01-27,2027-01-28,5153.48,4798.24,3662.4,Cierre Sin Consecuencia,Oeste,Dano por granizo en estacionamiento del trabajo. Evidencia fotografica adjunta.,True,Taller Premium,P008,265,100,1,1,Ambato,33251.58,0
SIN-00564,POL-00170,ASG-00053,Vehiculos,Responsabilidad Civil,2026-04-11,2026-04-12,2152.34,2054.78,1943.71,Liquidado,Sur,Accidente en carretera con policia presente. Croquis firmado por ambas partes.,True,Grua Rapida,P007,211,154,1,0,Loja,34806.0,0
SIN-00565,POL-00029,ASG-00125,Generales,Robo,2025-04-22,2025-05-03,11436.36,12228.15,0.0,Reserva,Este,Impacto en la parte trasera por vehiculo que huyo del lugar del accidente.,False,Grua Rapida,P007,2,363,11,4,Guayaquil,12206.11,1
SIN-00566,POL-00560,ASG-00052,Generales,Atencion medica,2026-12-13,2026-12-14,1479.97,1604.35,1548.25,Liquidado,Oeste,Colision leve en interseccion con semaforo. El tercero presento sus datos.,True,Grua Rapida,P007,237,128,1,1,Quito,12098.91,0
SIN-00567,POL-00553,ASG-00297,Salud,Robo,2025-03-26,2025-04-03,6272.44,6577.55,0.0,Pago Total,Sur,Impacto en la parte trasera por vehiculo que huyo del lugar del accidente.,False,Clinica San Marcos,P002,5,360,8,3,Manta,6659.5,1
SIN-00568,POL-00434,ASG-00139,Vida,Incendio,2025-06-08,2025-06-11,12290.58,9991.51,8057.08,Cierre Sin Consecuencia,Norte,Colision leve en interseccion con semaforo. El tercero presento sus datos.,True,Taller Norte,P003,168,197,3,1,Cuenca,35210.26,0
SIN-00569,POL-00255,ASG-00092,Hogar,Responsabilidad Civil,2025-08-29,2025-08-30,6174.29,5137.64,5031.31,Liquidado,Este,Accidente en carretera con policia presente. Croquis firmado por ambas partes.,True,Taller Norte,P003,63,302,1,1,Manta,30873.3,0
SIN-00570,POL-00290,ASG-00111,Vida,Robo,2024-09-04,2024-09-10,18991.74,16057.65,13378.98,Pago Total,Oeste,Accidente en carretera con policia presente. Croquis firmado por ambas partes.,False,Grua Rapida,P007,19,346,6,3,Loja,26213.61,0
SIN-00571,POL-00417,ASG-00364,Vehiculos,Robo,2026-02-20,2026-02-20,7403.25,6513.2,5341.08,Cierre Sin Consecuencia,Oeste,Choque en parqueadero de centro comercial con camaras de seguridad.,True,Taller Central,P005,171,194,0,0,Quito,26809.8,0
SIN-00572,POL-00492,ASG-00318,Salud,Dano parcial,2026-05-14,2026-05-17,15666.72,12637.03,12003.99,Reserva,Centro,Colision leve en interseccion con semaforo. El tercero presento sus datos.,True,Taller Norte,P003,140,225,3,1,Quito,48825.13,0
SIN-00573,POL-00255,ASG-00092,Hogar,Dano parcial,2025-06-29,2025-06-30,15416.91,12832.85,9804.34,Cierre Sin Consecuencia,Este,Dano por granizo en estacionamiento del trabajo. Evidencia fotografica adjunta.,True,Clinica del Sur,P006,2,363,1,1,Manta,30873.3,0
SIN-00574,POL-00261,ASG-00347,Hogar,Choque,2025-11-10,2025-11-13,1098.17,997.24,984.12,Pago Parcial,Este,Colision leve en interseccion con semaforo. El tercero presento sus datos.,True,Clinica del Sur,P006,216,149,3,0,Ambato,5501.76,0
SIN-00575,POL-00033,ASG-00251,Generales,Atencion medica,2026-03-28,2026-03-28,7726.55,8140.22,6846.04,Cierre Sin Consecuencia,Este,Accidente en carretera con policia presente. Croquis firmado por ambas partes.,True,Peritajes Express,P004,191,174,0,1,Guayaquil,19103.18,0
SIN-00576,POL-00552,ASG-00342,Generales,Responsabilidad Civil,2025-11-21,2025-11-21,15620.06,12950.11,9374.4,Pago Parcial,Este,Accidente en carretera con policia presente. Croquis firmado por ambas partes.,True,Taller El Veloz,P001,183,182,0,0,Manta,35513.5,0
SIN-00577,POL-00404,ASG-00382,Vehiculos,Dano parcial,2025-08-01,2025-08-04,5505.45,5558.66,4861.22,Cierre Sin Consecuencia,Oeste,Choque en parqueadero de centro comercial con camaras de seguridad.,True,Grua Rapida,P007,347,18,3,0,Loja,16815.11,0
SIN-00578,POL-00051,ASG-00073,Generales,Robo,2026-05-17,2026-05-27,30121.24,26323.52,0.0,Negativa,Norte,Impacto en la parte trasera por vehiculo que huyo del lugar del accidente.,False,Grua Rapida,P007,10,355,10,5,Ambato,33251.58,1
SIN-00579,POL-00432,ASG-00353,Vida,Responsabilidad Civil,2026-05-28,2026-05-30,32275.02,31624.62,25732.79,Reserva,Norte,Dano por granizo en estacionamiento del trabajo. Evidencia fotografica adjunta.,False,Clinica del Sur,P006,15,350,2,3,Manta,43076.22,0
SIN-00580,POL-00544,ASG-00197,Vida,Atencion medica,2025-06-09,2025-06-14,23209.81,21571.24,17756.11,Pago Parcial,Este,Choque en parqueadero de centro comercial con camaras de seguridad.,False,Taller Central,P005,23,342,5,3,Cuenca,29088.68,0
SIN-00581,POL-00349,ASG-00240,Generales,Atencion medica,2026-07-03,2026-07-05,14371.5,13330.22,10300.99,Pago Parcial,Centro,Dano por granizo en estacionamiento del trabajo. Evidencia fotografica adjunta.,True,Taller El Veloz,P001,336,29,2,0,Quito,29684.54,0
SIN-00582,POL-00407,ASG-00295,Vehiculos,Atencion medica,2026-08-21,2026-08-22,11012.46,9339.44,7060.82,Pago Total,Sur,Colision leve en interseccion con semaforo. El tercero presento sus datos.,True,Clinica del Sur,P006,240,125,1,1,Loja,23611.19,0
SIN-00583,POL-00411,ASG-00318,Salud,Dano parcial,2026-05-21,2026-05-21,9452.52,8063.6,7359.99,Reserva,Norte,Colision leve en interseccion con semaforo. El tercero presento sus datos.,True,Taller Norte,P003,272,93,0,0,Quito,41906.03,0
SIN-00584,POL-00111,ASG-00071,Vida,Incendio,2025-01-26,2025-01-29,16576.56,14235.37,10302.7,Liquidado,Oeste,Choque en parqueadero de centro comercial con camaras de seguridad.,True,Taller Premium,P008,99,266,3,0,Quito,44809.36,0
SIN-00585,POL-00169,ASG-00193,Hogar,Robo,2025-01-17,2025-01-27,13416.71,13693.43,0.0,Negativa,Centro,El asegurado reporta que su vehiculo fue robado en un estacionamiento sin camaras.,False,Grua Rapida,P007,2,363,10,4,Manta,14819.41,1
SIN-00586,POL-00359,ASG-00165,Vehiculos,Atencion medica,2025-01-20,2025-01-23,33551.48,31908.76,30747.12,Pago Parcial,Centro,Choque en parqueadero de centro comercial con camaras de seguridad.,True,Taller Norte,P003,27,338,3,2,Guayaquil,48637.23,0
SIN-00587,POL-00377,ASG-00398,Generales,Atencion medica,2025-11-12,2025-11-13,5892.82,4961.65,3761.25,Cierre Sin Consecuencia,Este,Colision leve en interseccion con semaforo. El tercero presento sus datos.,True,Taller Central,P005,61,304,1,0,Manta,13349.04,0
SIN-00588,POL-00249,ASG-00350,Hogar,Responsabilidad Civil,2025-03-15,2025-03-16,11031.19,11696.18,10135.05,Negativa,Sur,Colision leve en interseccion con semaforo. El tercero presento sus datos.,True,Taller Central,P005,0,365,1,0,Ambato,40829.3,0
SIN-00589,POL-00556,ASG-00255,Generales,Choque,2025-01-02,2025-01-05,7209.77,6479.31,5770.49,Reserva,Este,Colision leve en interseccion con semaforo. El tercero presento sus datos.,True,Taller El Veloz,P001,56,309,3,1,Quito,14925.76,0
SIN-00590,POL-00236,ASG-00017,Hogar,Robo,2026-04-27,2026-05-06,9337.82,8885.37,0.0,Liquidado,Norte,Impacto en la parte trasera por vehiculo que huyo del lugar del accidente.,False,Clinica San Marcos,P002,2,363,9,6,Loja,9611.6,1
SIN-00591,POL-00068,ASG-00331,Vehiculos,Robo,2026-08-03,2026-08-06,11762.41,9464.87,8573.96,Cierre Sin Consecuencia,Centro,Choque en parqueadero de centro comercial con camaras de seguridad.,True,Taller Premium,P008,145,220,3,0,Guayaquil,32044.96,0
SIN-00592,POL-00525,ASG-00362,Vida,Responsabilidad Civil,2026-08-15,2026-08-18,4748.28,5206.26,4468.58,Pago Total,Oeste,Choque en parqueadero de centro comercial con camaras de seguridad.,True,Taller Central,P005,156,209,3,1,Quito,11531.74,0
SIN-00593,POL-00137,ASG-00145,Hogar,Robo,2025-01-06,2025-01-18,6782.82,6871.96,0.0,Pago Total,Centro,El vehiculo fue impactado por un tercero que se dio a la fuga sin dejar datos.,False,Taller El Veloz,P001,3,362,12,6,Ambato,7233.59,1
SIN-00594,POL-00116,ASG-00295,Vida,Robo,2025-01-31,2025-02-11,42694.03,36304.23,0.0,Reserva,Norte,El vehiculo fue impactado por un tercero que se dio a la fuga sin dejar datos.,False,Grua Rapida,P007,10,355,11,4,Loja,42765.0,1
SIN-00595,POL-00535,ASG-00151,Vida,Incendio,2024-12-10,2024-12-10,591.77,600.33,442.15,Liquidado,Norte,Colision leve en interseccion con semaforo. El tercero presento sus datos.,True,Grua Rapida,P007,173,192,0,1,Ambato,8407.14,0
SIN-00596,POL-00567,ASG-00091,Salud,Responsabilidad Civil,2024-11-10,2024-11-11,2349.39,2433.62,1905.3,Liquidado,Sur,Colision leve en interseccion con semaforo. El tercero presento sus datos.,True,Taller Central,P005,127,238,1,0,Quito,6940.2,0
SIN-00597,POL-00101,ASG-00357,Generales,Robo,2025-09-04,2025-09-19,41914.72,38185.04,0.0,Pago Parcial,Centro,Colision frontal con vehiculo desconocido en horas de la madrugada sin testigos.,False,Clinica San Marcos,P002,1,364,15,3,Guayaquil,42616.61,1
SIN-00598,POL-00089,ASG-00168,Vehiculos,Robo,2026-10-10,2026-10-12,271.75,225.6,199.48,Liquidado,Centro,Accidente en carretera con policia presente. Croquis firmado por ambas partes.,True,Clinica San Marcos,P002,160,205,2,1,Loja,5358.61,0
SIN-00599,POL-00145,ASG-00121,Vida,Dano parcial,2025-06-23,2025-06-26,2770.36,2868.63,2462.39,Liquidado,Este,Choque en parqueadero de centro comercial con camaras de seguridad.,True,Grua Rapida,P007,325,40,3,1,Quito,22766.2,0
SIN-00600,POL-00373,ASG-00376,Salud,Dano parcial,2025-06-22,2025-06-25,15515.79,12521.43,10998.96,Pago Total,Norte,Accidente en carretera con policia presente. Croquis firmado por ambas partes.,True,Taller El Veloz,P001,24,341,3,3,Quito,21999.6,0
SIN-00601,POL-00466,ASG-00292,Generales,Atencion medica,2025-02-12,2025-02-18,35985.93,37252.26,30113.31,Liquidado,Centro,El asegurado reporta que su vehiculo fue robado en un estacionamiento sin camaras.,False,Taller Norte,P003,13,352,6,2,Loja,42441.92,0
SIN-00602,POL-00093,ASG-00106,Generales,Incendio,2025-01-17,2025-01-18,9624.21,8508.76,7509.54,Liquidado,Este,Colision leve en interseccion con semaforo. El tercero presento sus datos.,True,Taller Norte,P003,167,198,1,0,Manta,23891.71,0
SIN-00603,POL-00489,ASG-00250,Vehiculos,Choque,2025-08-08,2025-08-11,746.19,656.59,485.59,Liquidado,Centro,Robo de autopartes reportado inmediatamente a la policia. Denuncia adjunta.,True,Clinica del Sur,P006,351,14,3,1,Manta,10079.92,0
SIN-00604,POL-00592,ASG-00390,Salud,Robo,2026-03-12,2026-03-20,44091.58,43634.59,0.0,Pago Total,Centro,El vehiculo fue impactado por un tercero que se dio a la fuga sin dejar datos.,False,Taller El Veloz,P001,8,357,8,3,Manta,45406.99,1
SIN-00605,POL-00287,ASG-00211,Vehiculos,Robo,2025-11-04,2025-11-14,9852.41,8148.21,0.0,Negativa,Norte,Impacto en la parte trasera por vehiculo que huyo del lugar del accidente.,False,Clinica San Marcos,P002,9,356,10,4,Manta,10754.83,1
SIN-00606,POL-00183,ASG-00162,Salud,Choque,2025-05-18,2025-05-18,5165.76,5291.08,3772.99,Pago Parcial,Sur,Accidente en carretera con policia presente. Croquis firmado por ambas partes.,True,Taller Premium,P008,70,295,0,0,Manta,26941.14,0
SIN-00607,POL-00016,ASG-00394,Generales,Atencion medica,2025-02-06,2025-02-06,16778.6,16250.62,12970.74,Pago Parcial,Sur,Choque en parqueadero de centro comercial con camaras de seguridad.,True,Taller El Veloz,P001,253,112,0,1,Cuenca,37724.6,0
SIN-00608,POL-00219,ASG-00288,Salud,Dano parcial,2026-05-22,2026-05-26,22399.45,24366.14,22853.23,Liquidado,Sur,Robo de autopartes reportado inmediatamente a la policia. Denuncia adjunta.,True,Grua Rapida,P007,19,346,4,2,Loja,25529.36,0
SIN-00609,POL-00047,ASG-00292,Hogar,Dano parcial,2025-06-06,2025-06-11,21164.18,22597.43,17264.45,Cierre Sin Consecuencia,Centro,Colision frontal con vehiculo desconocido en horas de la madrugada sin testigos.,True,Taller Norte,P003,30,335,5,3,Loja,31858.6,0
SIN-00610,POL-00446,ASG-00363,Vida,Incendio,2025-05-16,2025-05-17,15385.08,16420.48,16080.32,Liquidado,Sur,Dano por granizo en estacionamiento del trabajo. Evidencia fotografica adjunta.,True,Taller El Veloz,P001,187,178,1,1,Guayaquil,48883.61,0
SIN-00611,POL-00554,ASG-00317,Vehiculos,Choque,2025-09-30,2025-10-05,29710.1,27769.9,22234.5,Reserva,Centro,Robo de autopartes reportado inmediatamente a la policia. Denuncia adjunta.,True,Taller El Veloz,P001,25,340,5,3,Loja,34195.39,0
SIN-00612,POL-00110,ASG-00152,Vida,Responsabilidad Civil,2025-09-03,2025-09-05,11280.41,12034.45,8784.17,Reserva,Norte,Choque en parqueadero de centro comercial con camaras de seguridad.,True,Taller El Veloz,P001,109,256,2,0,Loja,29780.99,0
SIN-00613,POL-00399,ASG-00179,Vida,Robo,2025-01-17,2025-01-18,14767.71,15887.3,12623.07,Pago Parcial,Norte,Accidente en carretera con policia presente. Croquis firmado por ambas partes.,True,Taller El Veloz,P001,171,194,1,1,Cuenca,44052.4,0
SIN-00614,POL-00322,ASG-00383,Salud,Choque,2024-11-22,2024-11-22,1693.01,1394.5,1022.58,Pago Total,Sur,Accidente en carretera con policia presente. Croquis firmado por ambas partes.,True,Clinica del Sur,P006,56,309,0,0,Quito,13984.99,0
SIN-00615,POL-00505,ASG-00344,Salud,Responsabilidad Civil,2026-01-03,2026-01-04,3538.58,3818.92,3484.72,Liquidado,Centro,Accidente en carretera con policia presente. Croquis firmado por ambas partes.,True,Clinica San Marcos,P002,347,18,1,0,Guayaquil,8228.57,0
SIN-00616,POL-00403,ASG-00222,Hogar,Dano parcial,2026-04-26,2026-04-27,5672.0,5711.75,4990.32,Reserva,Centro,Colision leve en interseccion con semaforo. El tercero presento sus datos.,True,Taller Central,P005,119,246,1,0,Ambato,11660.56,0
SIN-00617,POL-00292,ASG-00371,Hogar,Robo,2025-01-15,2025-01-24,31702.01,34490.31,0.0,Pago Parcial,Centro,El asegurado reporta que su vehiculo fue robado en un estacionamiento sin camaras.,False,Grua Rapida,P007,10,355,9,4,Ambato,31844.0,1
SIN-00618,POL-00584,ASG-00361,Vida,Incendio,2025-11-11,2025-11-14,18321.49,15062.21,12291.63,Negativa,Este,Choque en parqueadero de centro comercial con camaras de seguridad.,True,Taller El Veloz,P001,183,182,3,0,Guayaquil,38627.9,0
SIN-00619,POL-00224,ASG-00235,Salud,Atencion medica,2026-08-24,2026-08-26,3067.85,2473.16,2022.52,Negativa,Este,Robo de autopartes reportado inmediatamente a la policia. Denuncia adjunta.,True,Peritajes Express,P004,153,212,2,0,Loja,9849.46,0
SIN-00620,POL-00357,ASG-00333,Generales,Robo,2025-07-31,2025-08-13,21824.16,18151.82,0.0,Liquidado,Centro,Colision frontal con vehiculo desconocido en horas de la madrugada sin testigos.,False,Clinica San Marcos,P002,7,358,13,5,Guayaquil,23580.67,1
SIN-00621,POL-00316,ASG-00263,Hogar,Choque,2025-08-13,2025-08-13,15877.73,15765.72,15256.55,Cierre Sin Consecuencia,Norte,Colision leve en interseccion con semaforo. El tercero presento sus datos.,True,Clinica del Sur,P006,74,291,0,0,Cuenca,41591.63,0
SIN-00622,POL-00156,ASG-00156,Hogar,Robo,2024-09-08,2024-09-19,26565.7,28396.49,0.0,Pago Parcial,Este,El vehiculo fue impactado por un tercero que se dio a la fuga sin dejar datos.,False,Grua Rapida,P007,8,357,11,5,Manta,27122.86,1
SIN-00623,POL-00430,ASG-00399,Salud,Responsabilidad Civil,2026-06-04,2026-06-05,3407.05,2805.1,2352.31,Negativa,Norte,Robo de autopartes reportado inmediatamente a la policia. Denuncia adjunta.,True,Taller Norte,P003,91,274,1,0,Guayaquil,13313.59,0
SIN-00624,POL-00232,ASG-00278,Hogar,Incendio,2024-10-02,2024-10-04,30902.97,33130.19,28403.5,Reserva,Oeste,Colision frontal con vehiculo desconocido en horas de la madrugada sin testigos.,True,Taller El Veloz,P001,16,349,2,3,Manta,39234.88,0
SIN-00625,POL-00549,ASG-00019,Salud,Dano parcial,2025-10-09,2025-10-16,38408.43,32656.53,29626.64,Negativa,Oeste,Accidente en carretera con policia presente. Croquis firmado por ambas partes.,False,Clinica del Sur,P006,13,352,7,3,Loja,49837.26,0
SIN-00626,POL-00548,ASG-00323,Hogar,Robo,2024-11-19,2024-11-29,42631.11,44383.75,0.0,Pago Parcial,Centro,Impacto en la parte trasera por vehiculo que huyo del lugar del accidente.,False,Grua Rapida,P007,10,355,10,4,Cuenca,44834.64,1
SIN-00627,POL-00131,ASG-00212,Vida,Robo,2025-02-27,2025-03-11,18909.36,18842.23,0.0,Cierre Sin Consecuencia,Sur,Impacto en la parte trasera por vehiculo que huyo del lugar del accidente.,False,Clinica San Marcos,P002,1,364,12,5,Manta,20805.4,1
SIN-00628,POL-00201,ASG-00343,Vida,Responsabilidad Civil,2025-12-22,2025-12-22,972.47,858.79,785.21,Pago Total,Sur,Dano por granizo en estacionamiento del trabajo. Evidencia fotografica adjunta.,True,Taller El Veloz,P001,232,133,0,0,Loja,9053.72,0
SIN-00629,POL-00106,ASG-00102,Vida,Robo,2025-03-01,2025-03-04,6817.43,6286.68,5147.29,Reserva,Norte,Dano por granizo en estacionamiento del trabajo. Evidencia fotografica adjunta.,False,Peritajes Express,P004,12,353,3,2,Loja,9139.04,0
SIN-00630,POL-00099,ASG-00055,Salud,Robo,2025-03-21,2025-03-31,19113.65,17984.09,0.0,Negativa,Oeste,Impacto en la parte trasera por vehiculo que huyo del lugar del accidente.,False,Taller El Veloz,P001,1,364,10,3,Guayaquil,19131.5,1
SIN-00631,POL-00555,ASG-00050,Vida,Robo,2025-11-14,2025-11-24,38974.19,36087.76,0.0,Reserva,Oeste,Colision frontal con vehiculo desconocido en horas de la madrugada sin testigos.,False,Taller El Veloz,P001,7,358,10,3,Loja,42590.85,1
SIN-00632,POL-00403,ASG-00222,Hogar,Choque,2026-10-15,2026-10-18,1810.19,1493.83,1275.2,Negativa,Centro,Accidente en carretera con policia presente. Croquis firmado por ambas partes.,True,Taller Premium,P008,291,74,3,0,Ambato,11660.56,0
SIN-00633,POL-00452,ASG-00281,Hogar,Robo,2024-11-11,2024-11-17,24774.68,19883.19,17778.89,Negativa,Sur,Robo de autopartes reportado inmediatamente a la policia. Denuncia adjunta.,True,Grua Rapida,P007,20,345,6,3,Guayaquil,30089.69,0
SIN-00634,POL-00262,ASG-00022,Vehiculos,Responsabilidad Civil,2026-04-22,2026-04-23,10544.7,9278.98,6916.47,Cierre Sin Consecuencia,Oeste,Robo de autopartes reportado inmediatamente a la policia. Denuncia adjunta.,True,Peritajes Express,P004,320,45,1,1,Manta,22733.68,0
SIN-00635,POL-00101,ASG-00357,Generales,Robo,2025-09-08,2025-09-17,41159.19,35651.31,0.0,Liquidado,Centro,Impacto en la parte trasera por vehiculo que huyo del lugar del accidente.,False,Grua Rapida,P007,5,360,9,5,Guayaquil,42616.61,1
SIN-00636,POL-00242,ASG-00021,Vida,Robo,2024-06-10,2024-06-17,11314.4,10428.49,8469.59,Cierre Sin Consecuencia,Centro,Dano por granizo en estacionamiento del trabajo. Evidencia fotografica adjunta.,True,Peritajes Express,P004,12,353,7,3,Ambato,16890.78,0
SIN-00637,POL-00275,ASG-00201,Salud,Atencion medica,2026-10-06,2026-10-07,7771.5,8527.97,6662.53,Negativa,Oeste,Choque en parqueadero de centro comercial con camaras de seguridad.,True,Clinica del Sur,P006,301,64,1,1,Loja,31532.03,0
SIN-00638,POL-00023,ASG-00051,Hogar,Dano parcial,2025-07-20,2025-07-22,10757.09,11059.64,9719.03,Pago Parcial,Centro,Robo de autopartes reportado inmediatamente a la policia. Denuncia adjunta.,True,Taller El Veloz,P001,353,12,2,0,Ambato,38608.39,0
SIN-00639,POL-00246,ASG-00279,Generales,Dano parcial,2026-07-31,2026-07-31,3513.87,3794.76,2981.83,Cierre Sin Consecuencia,Centro,Accidente en carretera con policia presente. Croquis firmado por ambas partes.,True,Clinica del Sur,P006,66,299,0,0,Loja,20723.13,0
SIN-00640,POL-00317,ASG-00289,Vida,Choque,2026-05-16,2026-05-19,11919.64,10343.88,10223.01,Cierre Sin Consecuencia,Norte,Dano por granizo en estacionamiento del trabajo. Evidencia fotografica adjunta.,True,Peritajes Express,P004,190,175,3,1,Ambato,39086.3,0
SIN-00641,POL-00365,ASG-00378,Vehiculos,Robo,2025-05-20,2025-06-02,37060.69,33187.87,0.0,Pago Total,Centro,El vehiculo fue impactado por un tercero que se dio a la fuga sin dejar datos.,False,Clinica San Marcos,P002,2,363,13,5,Guayaquil,38089.53,1
SIN-00642,POL-00168,ASG-00130,Generales,Incendio,2026-01-23,2026-01-25,8321.03,8915.83,7478.95,Pago Total,Oeste,Dano por granizo en estacionamiento del trabajo. Evidencia fotografica adjunta.,True,Taller El Veloz,P001,191,174,2,0,Loja,18745.69,0
SIN-00643,POL-00048,ASG-00294,Hogar,Incendio,2025-12-27,2025-12-27,1718.87,1709.8,1534.52,Reserva,Norte,Robo de autopartes reportado inmediatamente a la policia. Denuncia adjunta.,True,Clinica del Sur,P006,177,188,0,1,Guayaquil,28148.67,0
SIN-00644,POL-00132,ASG-00334,Salud,Atencion medica,2025-09-24,2025-10-01,7032.27,5681.66,4490.43,Liquidado,Norte,Colision frontal con vehiculo desconocido en horas de la madrugada sin testigos.,True,Clinica San Marcos,P002,25,340,7,3,Quito,8316.92,0
SIN-00645,POL-00125,ASG-00341,Generales,Atencion medica,2024-06-22,2024-06-29,14201.22,13921.17,10523.65,Cierre Sin Consecuencia,Este,El asegurado reporta que su vehiculo fue robado en un estacionamiento sin camaras.,False,Peritajes Express,P004,22,343,7,2,Quito,22027.28,0
SIN-00646,POL-00219,ASG-00288,Salud,Robo,2026-05-11,2026-05-22,24761.72,21943.81,0.0,Negativa,Sur,Colision frontal con vehiculo desconocido en horas de la madrugada sin testigos.,False,Taller El Veloz,P001,8,357,11,3,Loja,25529.36,1
SIN-00647,POL-00471,ASG-00311,Vida,Incendio,2025-12-27,2025-12-30,4149.99,4353.05,3308.19,Reserva,Norte,Colision leve en interseccion con semaforo. El tercero presento sus datos.,True,Taller El Veloz,P001,321,44,3,0,Cuenca,10258.01,0
SIN-00648,POL-00103,ASG-00208,Vida,Dano parcial,2025-05-06,2025-05-07,13444.3,13603.29,13454.98,Negativa,Este,Choque en parqueadero de centro comercial con camaras de seguridad.,True,Clinica del Sur,P006,261,104,1,0,Manta,29755.44,0
SIN-00649,POL-00135,ASG-00016,Vida,Robo,2025-12-20,2025-12-23,10886.2,9537.69,7116.93,Liquidado,Oeste,Colision frontal con vehiculo desconocido en horas de la madrugada sin testigos.,True,Taller Norte,P003,15,350,3,3,Quito,12424.87,0
SIN-00650,POL-00387,ASG-00270,Salud,Dano parcial,2025-01-25,2025-01-27,6906.44,6027.06,5840.98,Cierre Sin Consecuencia,Este,Colision leve en interseccion con semaforo. El tercero presento sus datos.,True,Taller Norte,P003,166,199,2,1,Guayaquil,47637.65,0
SIN-00651,POL-00504,ASG-00097,Generales,Robo,2025-05-05,2025-05-20,45059.19,44877.17,0.0,Pago Parcial,Sur,El asegurado reporta que su vehiculo fue robado en un estacionamiento sin camaras.,False,Taller El Veloz,P001,1,364,15,3,Quito,46601.69,1
SIN-00652,POL-00521,ASG-00075,Generales,Robo,2025-04-24,2025-04-27,4125.14,3688.49,2888.29,Negativa,Norte,Accidente en carretera con policia presente. Croquis firmado por ambas partes.,True,Taller Central,P005,288,77,3,0,Ambato,11936.76,0
SIN-00653,POL-00378,ASG-00123,Hogar,Responsabilidad Civil,2025-07-10,2025-07-12,2853.26,2565.04,2004.54,Liquidado,Norte,Choque en parqueadero de centro comercial con camaras de seguridad.,True,Clinica San Marcos,P002,23,342,2,1,Cuenca,34623.02,0
SIN-00654,POL-00489,ASG-00250,Vehiculos,Choque,2025-03-05,2025-03-07,1269.34,1042.55,1000.91,Negativa,Norte,Dano por granizo en estacionamiento del trabajo. Evidencia fotografica adjunta.,True,Taller El Veloz,P001,195,170,2,0,Manta,10079.92,0
SIN-00655,POL-00250,ASG-00371,Hogar,Dano parcial,2025-07-10,2025-07-13,7297.64,6726.93,5851.88,Liquidado,Este,Choque en parqueadero de centro comercial con camaras de seguridad.,True,Grua Rapida,P007,8,357,3,1,Ambato,28259.05,0
SIN-00656,POL-00082,ASG-00140,Generales,Robo,2026-04-02,2026-04-10,35055.02,31750.21,0.0,Cierre Sin Consecuencia,Sur,Impacto en la parte trasera por vehiculo que huyo del lugar del accidente.,False,Clinica San Marcos,P002,7,358,8,6,Ambato,37054.55,1
SIN-00657,POL-00343,ASG-00228,Hogar,Robo,2025-11-22,2025-11-25,18063.72,18648.6,15774.61,Negativa,Centro,Dano por granizo en estacionamiento del trabajo. Evidencia fotografica adjunta.,True,Taller Norte,P003,12,353,3,2,Guayaquil,28442.11,0
SIN-00658,POL-00144,ASG-00032,Vida,Incendio,2025-02-08,2025-02-11,4476.3,4247.67,3352.78,Negativa,Oeste,Choque en parqueadero de centro comercial con camaras de seguridad.,True,Grua Rapida,P007,6,359,3,1,Ambato,23838.44,0
SIN-00659,POL-00339,ASG-00182,Hogar,Robo,2026-05-23,2026-06-05,26126.49,25516.67,0.0,Negativa,Centro,Colision frontal con vehiculo desconocido en horas de la madrugada sin testigos.,False,Clinica San Marcos,P002,6,359,13,3,Loja,26937.22,1
SIN-00660,POL-00380,ASG-00165,Vehiculos,Robo,2025-08-10,2025-08-12,7186.22,6746.44,6087.49,Negativa,Centro,Dano por granizo en estacionamiento del trabajo. Evidencia fotografica adjunta.,True,Taller Premium,P008,145,220,2,0,Guayaquil,34650.1,0
SIN-00661,POL-00574,ASG-00235,Salud,Atencion medica,2025-05-28,2025-05-30,11553.92,10277.92,8213.31,Pago Parcial,Centro,Accidente en carretera con policia presente. Croquis firmado por ambas partes.,True,Clinica del Sur,P006,311,54,2,0,Loja,48900.02,0
SIN-00662,POL-00406,ASG-00316,Generales,Robo,2025-11-01,2025-11-03,1431.83,1242.72,1198.32,Negativa,Centro,Accidente en carretera con policia presente. Croquis firmado por ambas partes.,True,Peritajes Express,P004,91,274,2,1,Ambato,8223.98,0
SIN-00663,POL-00049,ASG-00385,Vida,Robo,2025-11-08,2025-11-11,18652.79,15480.47,11568.68,Reserva,Oeste,Dano por granizo en estacionamiento del trabajo. Evidencia fotografica adjunta.,True,Clinica del Sur,P006,76,289,3,1,Guayaquil,49661.88,0
SIN-00664,POL-00532,ASG-00099,Vehiculos,Responsabilidad Civil,2025-07-10,2025-07-14,6374.56,5567.1,3968.64,Pago Parcial,Oeste,El asegurado reporta que su vehiculo fue robado en un estacionamiento sin camaras.,True,Clinica del Sur,P006,24,341,4,2,Cuenca,9137.36,0
SIN-00665,POL-00365,ASG-00378,Vehiculos,Robo,2025-05-22,2025-06-06,35550.17,30469.85,0.0,Liquidado,Centro,El asegurado reporta que su vehiculo fue robado en un estacionamiento sin camaras.,False,Clinica San Marcos,P002,4,361,15,6,Guayaquil,38089.53,1
SIN-00666,POL-00556,ASG-00255,Generales,Robo,2024-11-12,2024-11-22,13717.51,11111.81,0.0,Pago Total,Sur,Colision frontal con vehiculo desconocido en horas de la madrugada sin testigos.,False,Clinica San Marcos,P002,5,360,10,4,Quito,14925.76,1
SIN-00667,POL-00517,ASG-00150,Generales,Dano parcial,2026-03-12,2026-03-12,1734.91,1684.12,1320.64,Liquidado,Norte,Robo de autopartes reportado inmediatamente a la policia. Denuncia adjunta.,True,Grua Rapida,P007,191,174,0,0,Loja,26814.21,0
SIN-00668,POL-00270,ASG-00185,Salud,Atencion medica,2026-01-16,2026-01-17,8539.1,7416.33,6957.87,Pago Parcial,Norte,Colision leve en interseccion con semaforo. El tercero presento sus datos.,True,Peritajes Express,P004,24,341,1,0,Loja,19920.33,0
SIN-00669,POL-00460,ASG-00270,Generales,Robo,2026-05-08,2026-05-09,2939.09,2901.12,2234.25,Pago Total,Norte,Choque en parqueadero de centro comercial con camaras de seguridad.,True,Clinica del Sur,P006,275,90,1,0,Guayaquil,20923.4,0
SIN-00670,POL-00011,ASG-00070,Hogar,Robo,2024-10-26,2024-11-09,21593.87,22349.53,0.0,Pago Parcial,Norte,El vehiculo fue impactado por un tercero que se dio a la fuga sin dejar datos.,False,Taller El Veloz,P001,5,360,14,6,Cuenca,22806.14,1
SIN-00671,POL-00596,ASG-00148,Vehiculos,Robo,2026-03-11,2026-03-12,1098.51,894.19,770.84,Negativa,Norte,Robo de autopartes reportado inmediatamente a la policia. Denuncia adjunta.,True,Taller Central,P005,134,231,1,0,Ambato,17417.42,0
SIN-00672,POL-00168,ASG-00130,Generales,Atencion medica,2025-07-28,2025-08-02,15674.28,15970.43,15771.32,Negativa,Este,Colision leve en interseccion con semaforo. El tercero presento sus datos.,False,Taller Norte,P003,12,353,5,3,Loja,18745.69,0
SIN-00673,POL-00555,ASG-00050,Vida,Incendio,2026-02-11,2026-02-12,17244.14,15551.52,14955.32,Reserva,Sur,Accidente en carretera con policia presente. Croquis firmado por ambas partes.,True,Peritajes Express,P004,96,269,1,0,Loja,42590.85,0
SIN-00674,POL-00404,ASG-00382,Vehiculos,Dano parcial,2025-04-11,2025-04-12,8007.68,7912.87,6610.5,Reserva,Sur,Accidente en carretera con policia presente. Croquis firmado por ambas partes.,True,Taller Central,P005,235,130,1,0,Loja,16815.11,0
SIN-00675,POL-00123,ASG-00361,Vida,Choque,2026-06-16,2026-06-17,7324.81,7633.94,7044.78,Reserva,Norte,Choque en parqueadero de centro comercial con camaras de seguridad.,True,Taller Premium,P008,175,190,1,1,Guayaquil,20145.25,0
SIN-00676,POL-00258,ASG-00258,Vehiculos,Atencion medica,2026-01-06,2026-01-11,22579.84,24467.6,22621.07,Pago Total,Sur,El asegurado reporta que su vehiculo fue robado en un estacionamiento sin camaras.,True,Clinica del Sur,P006,14,351,5,3,Loja,35864.54,0
SIN-00677,POL-00386,ASG-00111,Generales,Atencion medica,2025-03-26,2025-03-29,16276.12,16634.38,11651.59,Liquidado,Sur,Dano por granizo en estacionamiento del trabajo. Evidencia fotografica adjunta.,True,Clinica del Sur,P006,246,119,3,0,Loja,37632.74,0
SIN-00678,POL-00515,ASG-00181,Hogar,Dano parcial,2024-10-16,2024-10-18,364.31,379.37,266.73,Pago Parcial,Oeste,Accidente en carretera con policia presente. Croquis firmado por ambas partes.,True,Taller Premium,P008,112,253,2,0,Manta,6589.68,0
SIN-00679,POL-00187,ASG-00192,Vehiculos,Responsabilidad Civil,2026-03-06,2026-03-07,4764.36,4403.39,3436.42,Negativa,Este,Choque en parqueadero de centro comercial con camaras de seguridad.,True,Grua Rapida,P007,300,65,1,1,Loja,39058.15,0
SIN-00680,POL-00556,ASG-00255,Generales,Robo,2024-11-10,2024-11-18,14409.51,14089.02,0.0,Reserva,Norte,Colision frontal con vehiculo desconocido en horas de la madrugada sin testigos.,False,Grua Rapida,P007,3,362,8,4,Quito,14925.76,1
SIN-00681,POL-00158,ASG-00214,Generales,Dano parcial,2024-06-22,2024-06-29,11055.61,10094.82,8081.58,Pago Parcial,Oeste,El vehiculo fue impactado por un tercero que se dio a la fuga sin dejar datos.,True,Grua Rapida,P007,20,345,7,3,Quito,13457.11,0
SIN-00682,POL-00210,ASG-00373,Salud,Dano parcial,2026-01-12,2026-01-14,18311.13,19147.52,13884.1,Pago Total,Norte,El asegurado reporta que su vehiculo fue robado en un estacionamiento sin camaras.,True,Clinica San Marcos,P002,12,353,2,2,Cuenca,26965.52,0
SIN-00683,POL-00116,ASG-00295,Vida,Incendio,2025-07-26,2025-07-29,12449.04,13296.68,9722.46,Liquidado,Norte,Accidente en carretera con policia presente. Croquis firmado por ambas partes.,True,Clinica del Sur,P006,186,179,3,1,Loja,42765.0,0
SIN-00684,POL-00044,ASG-00377,Salud,Dano parcial,2024-10-22,2024-10-27,39230.79,37513.83,34992.21,Negativa,Este,Impacto en la parte trasera por vehiculo que huyo del lugar del accidente.,False,Grua Rapida,P007,26,339,5,3,Manta,49969.07,0
SIN-00685,POL-00223,ASG-00072,Vida,Choque,2026-03-21,2026-03-22,12075.48,10309.0,7814.14,Reserva,Centro,Accidente en carretera con policia presente. Croquis firmado por ambas partes.,True,Taller Central,P005,324,41,1,0,Ambato,32488.33,0
SIN-00686,POL-00260,ASG-00383,Vida,Choque,2025-08-18,2025-08-20,16414.33,13574.89,13015.74,Negativa,Sur,Choque en parqueadero de centro comercial con camaras de seguridad.,True,Peritajes Express,P004,158,207,2,0,Quito,43226.03,0
SIN-00687,POL-00563,ASG-00123,Salud,Robo,2026-01-17,2026-01-31,6037.67,4943.14,0.0,Pago Parcial,Sur,Colision frontal con vehiculo desconocido en horas de la madrugada sin testigos.,False,Grua Rapida,P007,7,358,14,3,Cuenca,6692.95,1
SIN-00688,POL-00335,ASG-00154,Hogar,Dano parcial,2025-10-22,2025-10-28,24620.39,26527.77,25273.95,Liquidado,Sur,Choque en parqueadero de centro comercial con camaras de seguridad.,False,Taller Norte,P003,18,347,6,2,Ambato,30552.55,0
SIN-00689,POL-00443,ASG-00212,Hogar,Incendio,2025-05-13,2025-05-14,5689.7,6057.28,5151.6,Negativa,Sur,Dano por granizo en estacionamiento del trabajo. Evidencia fotografica adjunta.,True,Taller Norte,P003,53,312,1,0,Manta,13049.54,0
SIN-00690,POL-00117,ASG-00304,Hogar,Incendio,2025-12-18,2025-12-21,26416.93,28845.81,21835.17,Cierre Sin Consecuencia,Oeste,Colision frontal con vehiculo desconocido en horas de la madrugada sin testigos.,False,Grua Rapida,P007,14,351,3,2,Quito,36393.2,0
SIN-00691,POL-00554,ASG-00317,Vehiculos,Robo,2025-09-30,2025-10-07,26468.09,23758.02,23315.38,Cierre Sin Consecuencia,Norte,Choque en parqueadero de centro comercial con camaras de seguridad.,True,Peritajes Express,P004,25,340,7,3,Loja,34195.39,0
SIN-00692,POL-00172,ASG-00142,Hogar,Dano parcial,2026-11-08,2026-11-08,7292.57,7519.35,6664.78,Negativa,Oeste,Robo de autopartes reportado inmediatamente a la policia. Denuncia adjunta.,True,Taller El Veloz,P001,255,110,0,0,Manta,16751.61,0
SIN-00693,POL-00253,ASG-00218,Vehiculos,Incendio,2025-09-21,2025-09-28,33662.03,30652.37,30223.31,Negativa,Oeste,Robo de autopartes reportado inmediatamente a la policia. Denuncia adjunta.,True,Taller Central,P005,16,349,7,3,Loja,42293.69,0
SIN-00694,POL-00520,ASG-00359,Salud,Robo,2025-09-12,2025-09-16,32557.67,34705.77,30325.88,Liquidado,Norte,Accidente en carretera con policia presente. Croquis firmado por ambas partes.,True,Taller Norte,P003,30,335,4,3,Manta,40971.74,0
SIN-00695,POL-00406,ASG-00316,Generales,Robo,2025-08-11,2025-08-26,7654.05,7407.17,0.0,Cierre Sin Consecuencia,Oeste,Impacto en la parte trasera por vehiculo que huyo del lugar del accidente.,False,Grua Rapida,P007,9,356,15,5,Ambato,8223.98,1
SIN-00696,POL-00532,ASG-00099,Vehiculos,Responsabilidad Civil,2025-07-15,2025-07-21,7624.61,7875.63,6773.92,Pago Parcial,Centro,Robo de autopartes reportado inmediatamente a la policia. Denuncia adjunta.,True,Clinica del Sur,P006,29,336,6,3,Cuenca,9137.36,0
SIN-00697,POL-00033,ASG-00251,Generales,Incendio,2025-09-30,2025-10-05,13679.07,12053.56,11451.72,Pago Parcial,Oeste,El vehiculo fue impactado por un tercero que se dio a la fuga sin dejar datos.,True,Taller Norte,P003,12,353,5,2,Guayaquil,19103.18,0
SIN-00698,POL-00587,ASG-00017,Hogar,Choque,2025-11-13,2025-11-15,4578.41,4512.74,4156.54,Pago Parcial,Norte,Choque en parqueadero de centro comercial con camaras de seguridad.,True,Peritajes Express,P004,296,69,2,0,Loja,17140.52,0
SIN-00699,POL-00001,ASG-00231,Vida,Robo,2026-05-31,2026-06-14,27202.34,21902.95,0.0,Pago Parcial,Este,El asegurado reporta que su vehiculo fue robado en un estacionamiento sin camaras.,False,Grua Rapida,P007,7,358,14,4,Guayaquil,29886.7,1
SIN-00700,POL-00020,ASG-00019,Hogar,Robo,2025-12-10,2025-12-13,18498.89,15426.22,14269.81,Negativa,Centro,Colision leve en interseccion con semaforo. El tercero presento sus datos.,True,Clinica San Marcos,P002,282,83,3,0,Loja,41553.36,0
SIN-00701,POL-00311,ASG-00123,Vehiculos,Robo,2026-03-18,2026-04-01,8448.23,8174.4,0.0,Negativa,Centro,El asegurado reporta que su vehiculo fue robado en un estacionamiento sin camaras.,False,Grua Rapida,P007,1,364,14,6,Cuenca,8907.93,1
SIN-00702,POL-00490,ASG-00394,Hogar,Incendio,2026-01-26,2026-01-29,9362.08,8421.52,6439.4,Cierre Sin Consecuencia,Centro,Colision frontal con vehiculo desconocido en horas de la madrugada sin testigos.,True,Taller Norte,P003,16,349,3,2,Cuenca,10732.73,0
SIN-00703,POL-00334,ASG-00216,Vida,Dano parcial,2026-01-30,2026-02-02,8895.52,8542.49,6780.7,Negativa,Norte,Colision leve en interseccion con semaforo. El tercero presento sus datos.,True,Clinica del Sur,P006,83,282,3,0,Ambato,45197.17,0
SIN-00704,POL-00171,ASG-00332,Generales,Robo,2024-10-07,2024-10-17,17801.82,15506.25,0.0,Cierre Sin Consecuencia,Sur,El vehiculo fue impactado por un tercero que se dio a la fuga sin dejar datos.,False,Taller El Veloz,P001,7,358,10,6,Loja,18431.42,1
SIN-00705,POL-00355,ASG-00211,Generales,Atencion medica,2025-12-28,2025-12-28,3780.87,3579.64,3166.14,Negativa,Norte,Choque en parqueadero de centro comercial con camaras de seguridad.,True,Taller Norte,P003,131,234,0,1,Manta,16245.33,0
SIN-00706,POL-00049,ASG-00385,Vida,Choque,2025-09-12,2025-09-17,36337.17,37405.69,33350.49,Pago Parcial,Sur,Accidente en carretera con policia presente. Croquis firmado por ambas partes.,False,Clinica del Sur,P006,19,346,5,2,Guayaquil,49661.88,0
SIN-00707,POL-00585,ASG-00396,Salud,Atencion medica,2024-10-23,2024-10-26,14191.73,12299.6,9070.26,Pago Total,Este,Accidente en carretera con policia presente. Croquis firmado por ambas partes.,True,Taller Premium,P008,30,335,3,2,Cuenca,23241.22,0
SIN-00708,POL-00534,ASG-00337,Generales,Choque,2024-10-25,2024-10-28,3697.63,3349.27,2519.41,Liquidado,Este,Dano por granizo en estacionamiento del trabajo. Evidencia fotografica adjunta.,True,Taller Norte,P003,108,257,3,0,Ambato,13314.59,0
SIN-00709,POL-00065,ASG-00333,Salud,Incendio,2024-10-05,2024-10-10,26059.58,24620.81,23186.23,Liquidado,Norte,Dano por granizo en estacionamiento del trabajo. Evidencia fotografica adjunta.,True,Clinica del Sur,P006,20,345,5,2,Guayaquil,37509.44,0
SIN-00710,POL-00490,ASG-00394,Hogar,Incendio,2026-02-05,2026-02-07,8728.01,8533.79,6991.28,Reserva,Centro,Robo de autopartes reportado inmediatamente a la policia. Denuncia adjunta.,False,Peritajes Express,P004,26,339,2,2,Cuenca,10732.73,0
SIN-00711,POL-00264,ASG-00095,Salud,Incendio,2024-12-30,2025-01-01,7977.95,7841.35,6841.85,Reserva,Norte,Robo de autopartes reportado inmediatamente a la policia. Denuncia adjunta.,True,Grua Rapida,P007,149,216,2,0,Loja,16373.38,0
SIN-00712,POL-00592,ASG-00390,Salud,Robo,2026-07-07,2026-07-09,5615.78,5610.56,4416.37,Pago Parcial,Sur,Colision leve en interseccion con semaforo. El tercero presento sus datos.,True,Taller El Veloz,P001,125,240,2,1,Manta,45406.99,0
SIN-00713,POL-00469,ASG-00372,Hogar,Dano parcial,2026-09-06,2026-09-08,2458.15,2434.88,2121.52,Liquidado,Sur,Accidente en carretera con policia presente. Croquis firmado por ambas partes.,True,Clinica del Sur,P006,341,24,2,1,Guayaquil,5842.33,0
SIN-00714,POL-00074,ASG-00204,Generales,Incendio,2025-02-01,2025-02-01,15531.65,15404.12,14975.75,Negativa,Norte,Robo de autopartes reportado inmediatamente a la policia. Denuncia adjunta.,True,Taller Premium,P008,67,298,0,0,Quito,37068.31,0
SIN-00715,POL-00509,ASG-00257,Hogar,Incendio,2024-12-06,2024-12-06,2583.6,2229.58,1897.0,Negativa,Oeste,Dano por granizo en estacionamiento del trabajo. Evidencia fotografica adjunta.,True,Taller Norte,P003,126,239,0,0,Guayaquil,29577.48,0
SIN-00716,POL-00552,ASG-00342,Generales,Atencion medica,2025-06-20,2025-06-22,30448.47,28426.34,24819.82,Pago Parcial,Centro,El asegurado reporta que su vehiculo fue robado en un estacionamiento sin camaras.,True,Clinica San Marcos,P002,29,336,2,2,Manta,35513.5,0
SIN-00717,POL-00383,ASG-00368,Vehiculos,Responsabilidad Civil,2026-04-14,2026-04-16,17883.38,18354.84,15407.12,Cierre Sin Consecuencia,Norte,Choque en parqueadero de centro comercial con camaras de seguridad.,True,Clinica San Marcos,P002,273,92,2,0,Loja,46446.58,0
SIN-00718,POL-00125,ASG-00341,Generales,Choque,2024-09-11,2024-09-11,3565.75,3764.89,3747.68,Pago Parcial,Sur,Choque en parqueadero de centro comercial con camaras de seguridad.,True,Peritajes Express,P004,103,262,0,0,Quito,22027.28,0
SIN-00719,POL-00544,ASG-00197,Vida,Choque,2025-11-21,2025-11-21,2013.59,2142.05,1691.79,Cierre Sin Consecuencia,Este,Robo de autopartes reportado inmediatamente a la policia. Denuncia adjunta.,True,Clinica del Sur,P006,188,177,0,0,Cuenca,29088.68,0
SIN-00720,POL-00211,ASG-00033,Hogar,Robo,2027-02-09,2027-02-12,475.0,460.99,351.6,Pago Total,Oeste,Robo de autopartes reportado inmediatamente a la policia. Denuncia adjunta.,True,Grua Rapida,P007,342,23,3,1,Ambato,5556.21,0
SIN-00721,POL-00441,ASG-00217,Hogar,Atencion medica,2025-06-27,2025-07-04,5005.24,4363.68,3692.56,Pago Total,Centro,Robo de autopartes reportado inmediatamente a la policia. Denuncia adjunta.,False,Clinica San Marcos,P002,25,340,7,3,Guayaquil,7454.6,0
SIN-00722,POL-00044,ASG-00377,Salud,Robo,2025-03-19,2025-03-22,13430.27,14190.13,12251.91,Negativa,Este,Accidente en carretera con policia presente. Croquis firmado por ambas partes.,True,Taller Norte,P003,174,191,3,0,Manta,49969.07,0
SIN-00723,POL-00071,ASG-00124,Vida,Robo,2025-09-28,2025-10-13,8161.86,7840.48,0.0,Cierre Sin Consecuencia,Centro,Colision frontal con vehiculo desconocido en horas de la madrugada sin testigos.,False,Clinica San Marcos,P002,10,355,15,5,Quito,8195.54,1
SIN-00724,POL-00433,ASG-00199,Vida,Dano parcial,2026-06-22,2026-06-22,2084.21,1950.79,1675.07,Liquidado,Sur,Robo de autopartes reportado inmediatamente a la policia. Denuncia adjunta.,True,Taller Norte,P003,164,201,0,1,Guayaquil,12370.39,0
SIN-00725,POL-00412,ASG-00231,Vida,Responsabilidad Civil,2026-05-24,2026-05-24,4413.11,4772.98,4070.13,Pago Parcial,Centro,Dano por granizo en estacionamiento del trabajo. Evidencia fotografica adjunta.,True,Taller Central,P005,141,224,0,1,Guayaquil,14405.43,0
SIN-00726,POL-00273,ASG-00260,Vehiculos,Robo,2026-04-18,2026-04-27,30394.86,26167.8,0.0,Pago Total,Oeste,El asegurado reporta que su vehiculo fue robado en un estacionamiento sin camaras.,False,Clinica San Marcos,P002,9,356,9,3,Ambato,31050.54,1
SIN-00727,POL-00368,ASG-00121,Vida,Robo,2025-08-03,2025-08-06,2227.85,1791.59,1389.06,Pago Total,Norte,Accidente en carretera con policia presente. Croquis firmado por ambas partes.,True,Peritajes Express,P004,333,32,3,1,Quito,12531.22,0
SIN-00728,POL-00525,ASG-00362,Vida,Robo,2026-11-04,2026-11-05,2631.01,2726.4,2701.77,Pago Parcial,Norte,Robo de autopartes reportado inmediatamente a la policia. Denuncia adjunta.,True,Grua Rapida,P007,237,128,1,1,Quito,11531.74,0
SIN-00729,POL-00365,ASG-00378,Vehiculos,Choque,2025-07-21,2025-07-23,14896.16,12169.85,11038.57,Cierre Sin Consecuencia,Oeste,Colision leve en interseccion con semaforo. El tercero presento sus datos.,True,Taller Premium,P008,64,301,2,0,Guayaquil,38089.53,0
SIN-00730,POL-00078,ASG-00126,Vehiculos,Responsabilidad Civil,2026-09-22,2026-09-24,965.28,989.6,854.22,Negativa,Norte,Dano por granizo en estacionamiento del trabajo. Evidencia fotografica adjunta.,True,Taller El Veloz,P001,353,12,2,0,Cuenca,10219.4,0
SIN-00731,POL-00306,ASG-00200,Vehiculos,Choque,2024-10-29,2024-11-05,33101.06,27470.69,23626.74,Liquidado,Norte,El asegurado reporta que su vehiculo fue robado en un estacionamiento sin camaras.,True,Taller Norte,P003,19,346,7,3,Quito,42046.5,0
SIN-00732,POL-00442,ASG-00331,Vida,Robo,2026-03-27,2026-03-27,7259.58,6784.77,6078.06,Reserva,Sur,Dano por granizo en estacionamiento del trabajo. Evidencia fotografica adjunta.,True,Clinica San Marcos,P002,2,363,0,1,Guayaquil,27529.6,0
SIN-00733,POL-00425,ASG-00278,Salud,Robo,2025-07-16,2025-07-30,11189.24,10089.22,0.0,Negativa,Oeste,El vehiculo fue impactado por un tercero que se dio a la fuga sin dejar datos.,False,Grua Rapida,P007,4,361,14,3,Manta,11235.94,1
SIN-00734,POL-00473,ASG-00155,Salud,Choque,2025-10-17,2025-10-20,8323.69,8073.24,7451.39,Negativa,Norte,Impacto en la parte trasera por vehiculo que huyo del lugar del accidente.,True,Clinica San Marcos,P002,25,340,3,3,Guayaquil,12875.57,0
SIN-00735,POL-00418,ASG-00102,Generales,Choque,2025-08-26,2025-08-27,8955.04,9405.21,7866.86,Pago Parcial,Sur,Colision leve en interseccion con semaforo. El tercero presento sus datos.,True,Clinica San Marcos,P002,272,93,1,1,Loja,30230.94,0
SIN-00736,POL-00407,ASG-00295,Vehiculos,Robo,2025-12-28,2026-01-09,23033.49,20534.98,0.0,Negativa,Este,El vehiculo fue impactado por un tercero que se dio a la fuga sin dejar datos.,False,Taller El Veloz,P001,4,361,12,5,Loja,23611.19,1
SIN-00737,POL-00134,ASG-00375,Vehiculos,Responsabilidad Civil,2025-10-12,2025-10-15,14587.72,15917.44,14375.65,Pago Parcial,Centro,Robo de autopartes reportado inmediatamente a la policia. Denuncia adjunta.,True,Taller Premium,P008,269,96,3,0,Guayaquil,45415.59,0
SIN-00738,POL-00589,ASG-00057,Vida,Dano parcial,2026-02-27,2026-03-01,21343.61,23435.5,21348.23,Cierre Sin Consecuencia,Oeste,Choque en parqueadero de centro comercial con camaras de seguridad.,False,Clinica San Marcos,P002,29,336,2,3,Guayaquil,32861.01,0
SIN-00739,POL-00010,ASG-00129,Salud,Atencion medica,2024-08-23,2024-08-29,22320.51,24396.68,17879.37,Reserva,Este,Choque en parqueadero de centro comercial con camaras de seguridad.,False,Taller Central,P005,11,354,6,2,Cuenca,27311.11,0
SIN-00740,POL-00585,ASG-00396,Salud,Responsabilidad Civil,2024-10-08,2024-10-11,19238.45,18333.44,14320.72,Reserva,Oeste,Colision leve en interseccion con semaforo. El tercero presento sus datos.,True,Peritajes Express,P004,15,350,3,3,Cuenca,23241.22,0
SIN-00741,POL-00281,ASG-00267,Hogar,Responsabilidad Civil,2025-12-30,2026-01-02,10431.63,10493.13,9682.67,Reserva,Centro,Impacto en la parte trasera por vehiculo que huyo del lugar del accidente.,True,Grua Rapida,P007,11,354,3,3,Loja,16849.22,0
SIN-00742,POL-00532,ASG-00099,Vehiculos,Atencion medica,2025-07-09,2025-07-14,6116.45,5840.28,5089.93,Liquidado,Norte,El vehiculo fue impactado por un tercero que se dio a la fuga sin dejar datos.,True,Grua Rapida,P007,23,342,5,2,Cuenca,9137.36,0
SIN-00743,POL-00024,ASG-00192,Vida,Responsabilidad Civil,2025-04-29,2025-05-02,22780.82,23296.79,20375.18,Liquidado,Oeste,Impacto en la parte trasera por vehiculo que huyo del lugar del accidente.,False,Clinica San Marcos,P002,15,350,3,3,Loja,35580.0,0
SIN-00744,POL-00492,ASG-00318,Salud,Choque,2026-01-06,2026-01-08,42340.87,39392.62,38096.43,Cierre Sin Consecuencia,Sur,Impacto en la parte trasera por vehiculo que huyo del lugar del accidente.,False,Taller Central,P005,12,353,2,2,Quito,48825.13,0
SIN-00745,POL-00379,ASG-00269,Vida,Robo,2025-04-28,2025-05-02,7681.05,7999.63,7195.02,Reserva,Centro,Impacto en la parte trasera por vehiculo que huyo del lugar del accidente.,True,Taller Central,P005,29,336,4,3,Manta,11935.92,0
SIN-00746,POL-00458,ASG-00212,Generales,Dano parcial,2025-09-17,2025-09-23,9690.5,9036.25,8266.67,Reserva,Norte,Robo de autopartes reportado inmediatamente a la policia. Denuncia adjunta.,False,Clinica del Sur,P006,30,335,6,3,Manta,14407.29,0
SIN-00747,POL-00520,ASG-00359,Salud,Responsabilidad Civil,2026-04-30,2026-05-01,11513.16,12554.45,9350.4,Negativa,Sur,Choque en parqueadero de centro comercial con camaras de seguridad.,True,Taller Norte,P003,260,105,1,1,Manta,40971.74,0
SIN-00748,POL-00509,ASG-00257,Hogar,Robo,2025-04-26,2025-04-29,4505.56,4160.78,3111.98,Pago Total,Centro,Robo de autopartes reportado inmediatamente a la policia. Denuncia adjunta.,True,Taller Central,P005,267,98,3,0,Guayaquil,29577.48,0
SIN-00749,POL-00340,ASG-00315,Hogar,Responsabilidad Civil,2024-11-01,2024-11-04,22688.67,20505.69,14464.09,Cierre Sin Consecuencia,Este,Dano por granizo en estacionamiento del trabajo. Evidencia fotografica adjunta.,True,Clinica San Marcos,P002,121,244,3,1,Loja,48046.75,0
SIN-00750,POL-00178,ASG-00066,Hogar,Robo,2025-07-15,2025-07-23,27302.97,25596.11,0.0,Reserva,Norte,Colision frontal con vehiculo desconocido en horas de la madrugada sin testigos.,False,Taller El Veloz,P001,7,358,8,4,Cuenca,30156.42,1
SIN-00751,POL-00271,ASG-00397,Hogar,Robo,2025-12-15,2025-12-29,9651.45,8826.74,0.0,Reserva,Centro,El asegurado reporta que su vehiculo fue robado en un estacionamiento sin camaras.,False,Taller El Veloz,P001,7,358,14,5,Quito,9897.47,1
SIN-00752,POL-00341,ASG-00324,Generales,Robo,2024-06-29,2024-07-11,41005.16,37106.25,0.0,Negativa,Norte,El asegurado reporta que su vehiculo fue robado en un estacionamiento sin camaras.,False,Taller El Veloz,P001,4,361,12,4,Loja,43200.53,1
SIN-00753,POL-00397,ASG-00167,Vida,Incendio,2027-03-03,2027-03-04,18345.2,19939.72,17674.97,Negativa,Este,Robo de autopartes reportado inmediatamente a la policia. Denuncia adjunta.,True,Clinica del Sur,P006,286,79,1,0,Quito,42156.74,0
SIN-00754,POL-00062,ASG-00176,Vehiculos,Choque,2025-02-21,2025-02-23,20015.13,21977.14,21802.78,Pago Total,Sur,Choque en parqueadero de centro comercial con camaras de seguridad.,False,Peritajes Express,P004,24,341,2,3,Loja,24004.13,0
SIN-00755,POL-00388,ASG-00055,Generales,Robo,2026-01-31,2026-01-31,5162.47,5066.35,4688.21,Pago Total,Centro,Accidente en carretera con policia presente. Croquis firmado por ambas partes.,True,Taller Norte,P003,133,232,0,1,Guayaquil,25642.43,0
SIN-00756,POL-00091,ASG-00280,Salud,Robo,2025-12-22,2026-01-06,45897.16,43101.1,0.0,Reserva,Este,El vehiculo fue impactado por un tercero que se dio a la fuga sin dejar datos.,False,Grua Rapida,P007,10,355,15,4,Cuenca,46957.89,1
SIN-00757,POL-00067,ASG-00374,Vida,Incendio,2025-11-23,2025-11-23,12085.42,12808.75,9036.39,Reserva,Norte,Accidente en carretera con policia presente. Croquis firmado por ambas partes.,True,Taller Central,P005,145,220,0,1,Ambato,24322.49,0
SIN-00758,POL-00319,ASG-00113,Salud,Atencion medica,2024-11-03,2024-11-03,9682.02,10252.84,7541.37,Negativa,Norte,Dano por granizo en estacionamiento del trabajo. Evidencia fotografica adjunta.,True,Peritajes Express,P004,72,293,0,0,Guayaquil,23559.17,0
SIN-00759,POL-00518,ASG-00130,Salud,Robo,2024-08-02,2024-08-12,15754.92,15414.65,0.0,Liquidado,Oeste,Colision frontal con vehiculo desconocido en horas de la madrugada sin testigos.,False,Grua Rapida,P007,4,361,10,3,Loja,17384.77,1
SIN-00760,POL-00305,ASG-00359,Salud,Robo,2025-02-13,2025-02-13,10804.41,10554.92,8866.03,Cierre Sin Consecuencia,Oeste,Accidente en carretera con policia presente. Croquis firmado por ambas partes.,True,Taller Premium,P008,45,320,0,0,Manta,27875.46,0
SIN-00761,POL-00520,ASG-00359,Salud,Robo,2025-08-18,2025-09-02,40240.29,39781.79,0.0,Reserva,Sur,El asegurado reporta que su vehiculo fue robado en un estacionamiento sin camaras.,False,Clinica San Marcos,P002,5,360,15,3,Manta,40971.74,1
SIN-00762,POL-00058,ASG-00068,Hogar,Incendio,2026-12-01,2026-12-01,11369.18,11752.99,9884.2,Pago Total,Sur,Choque en parqueadero de centro comercial con camaras de seguridad.,True,Peritajes Express,P004,188,177,0,0,Loja,46972.65,0
SIN-00763,POL-00549,ASG-00019,Salud,Robo,2026-07-05,2026-07-05,12525.79,13401.36,9408.99,Pago Parcial,Oeste,Accidente en carretera con policia presente. Croquis firmado por ambas partes.,True,Peritajes Express,P004,282,83,0,0,Loja,49837.26,0
SIN-00764,POL-00513,ASG-00325,Generales,Robo,2024-09-03,2024-09-15,17526.35,19089.75,0.0,Pago Total,Norte,Colision frontal con vehiculo desconocido en horas de la madrugada sin testigos.,False,Taller El Veloz,P001,5,360,12,6,Cuenca,19062.49,1
SIN-00765,POL-00122,ASG-00301,Salud,Atencion medica,2025-11-24,2025-11-25,3888.99,4089.74,3960.48,Pago Total,Este,Colision leve en interseccion con semaforo. El tercero presento sus datos.,True,Peritajes Express,P004,74,291,1,0,Ambato,43091.64,0
SIN-00766,POL-00203,ASG-00090,Vehiculos,Robo,2025-08-11,2025-08-23,20982.27,21209.82,0.0,Cierre Sin Consecuencia,Norte,El asegurado reporta que su vehiculo fue robado en un estacionamiento sin camaras.,False,Taller El Veloz,P001,9,356,12,4,Manta,21209.66,1
SIN-00767,POL-00110,ASG-00152,Vida,Choque,2025-11-28,2025-11-28,5729.17,4836.61,3920.03,Reserva,Este,Dano por granizo en estacionamiento del trabajo. Evidencia fotografica adjunta.,True,Grua Rapida,P007,195,170,0,0,Loja,29780.99,0
SIN-00768,POL-00338,ASG-00063,Hogar,Choque,2026-03-29,2026-03-31,33572.16,31093.98,28936.44,Pago Total,Este,Colision leve en interseccion con semaforo. El tercero presento sus datos.,True,Peritajes Express,P004,13,352,2,3,Cuenca,48340.25,0
SIN-00769,POL-00079,ASG-00342,Salud,Atencion medica,2025-07-21,2025-07-21,4064.94,4184.95,3554.38,Reserva,Centro,Choque en parqueadero de centro comercial con camaras de seguridad.,True,Taller Premium,P008,241,124,0,1,Manta,36855.53,0
SIN-00770,POL-00233,ASG-00383,Generales,Robo,2026-05-02,2026-05-16,42086.47,43431.1,0.0,Negativa,Sur,El asegurado reporta que su vehiculo fue robado en un estacionamiento sin camaras.,False,Clinica San Marcos,P002,5,360,14,6,Quito,43128.55,1
SIN-00771,POL-00513,ASG-00325,Generales,Robo,2024-09-03,2024-09-18,18169.52,18158.14,0.0,Reserva,Sur,Colision frontal con vehiculo desconocido en horas de la madrugada sin testigos.,False,Grua Rapida,P007,5,360,15,6,Cuenca,19062.49,1
SIN-00772,POL-00453,ASG-00076,Vehiculos,Atencion medica,2026-03-29,2026-03-31,2445.14,1992.65,1731.19,Pago Parcial,Centro,Dano por granizo en estacionamiento del trabajo. Evidencia fotografica adjunta.,True,Taller Central,P005,45,320,2,1,Quito,6652.45,0
SIN-00773,POL-00427,ASG-00290,Salud,Choque,2025-06-17,2025-06-24,25832.57,27994.2,26815.65,Cierre Sin Consecuencia,Sur,El asegurado reporta que su vehiculo fue robado en un estacionamiento sin camaras.,True,Grua Rapida,P007,25,340,7,3,Loja,30080.31,0
SIN-00774,POL-00129,ASG-00046,Hogar,Incendio,2025-09-21,2025-09-24,5475.31,5689.94,4865.49,Liquidado,Este,Accidente en carretera con policia presente. Croquis firmado por ambas partes.,True,Peritajes Express,P004,248,117,3,0,Cuenca,16934.56,0
SIN-00775,POL-00266,ASG-00298,Vida,Choque,2026-05-20,2026-05-26,17360.18,17753.58,17524.52,Pago Parcial,Oeste,Impacto en la parte trasera por vehiculo que huyo del lugar del accidente.,False,Taller El Veloz,P001,27,338,6,3,Cuenca,21071.23,0
SIN-00776,POL-00462,ASG-00001,Vehiculos,Dano parcial,2027-04-04,2027-04-07,9112.26,7986.05,6635.61,Reserva,Oeste,Robo de autopartes reportado inmediatamente a la policia. Denuncia adjunta.,True,Taller El Veloz,P001,322,43,3,1,Guayaquil,33145.73,0
SIN-00777,POL-00489,ASG-00250,Vehiculos,Responsabilidad Civil,2024-11-05,2024-11-06,2569.86,2101.87,1582.33,Cierre Sin Consecuencia,Sur,Dano por granizo en estacionamiento del trabajo. Evidencia fotografica adjunta.,True,Peritajes Express,P004,75,290,1,0,Manta,10079.92,0
SIN-00778,POL-00504,ASG-00097,Generales,Choque,2025-08-15,2025-08-17,5635.38,4701.07,3669.0,Liquidado,Este,Choque en parqueadero de centro comercial con camaras de seguridad.,True,Clinica San Marcos,P002,103,262,2,1,Quito,46601.69,0
SIN-00779,POL-00009,ASG-00075,Vehiculos,Robo,2025-03-05,2025-03-06,1102.83,1211.43,1205.6,Liquidado,Norte,Dano por granizo en estacionamiento del trabajo. Evidencia fotografica adjunta.,True,Peritajes Express,P004,237,128,1,1,Ambato,17418.28,0
SIN-00780,POL-00276,ASG-00257,Generales,Choque,2025-08-17,2025-08-20,6323.81,5940.37,5739.1,Reserva,Sur,Colision leve en interseccion con semaforo. El tercero presento sus datos.,True,Taller Premium,P008,209,156,3,1,Guayaquil,21373.95,0
SIN-00781,POL-00351,ASG-00247,Generales,Atencion medica,2026-03-01,2026-03-02,1299.46,1111.12,1083.39,Negativa,Oeste,Accidente en carretera con policia presente. Croquis firmado por ambas partes.,True,Taller El Veloz,P001,236,129,1,1,Manta,9029.93,0
SIN-00782,POL-00444,ASG-00047,Hogar,Choque,2027-03-23,2027-03-24,16445.36,16887.24,13468.06,Reserva,Sur,Colision leve en interseccion con semaforo. El tercero presento sus datos.,True,Peritajes Express,P004,319,46,1,1,Manta,34185.94,0
SIN-00783,POL-00474,ASG-00048,Vida,Incendio,2026-05-02,2026-05-03,12017.07,12839.55,9441.72,Negativa,Sur,Colision leve en interseccion con semaforo. El tercero presento sus datos.,True,Taller Norte,P003,255,110,1,0,Cuenca,40956.14,0
SIN-00784,POL-00430,ASG-00399,Salud,Atencion medica,2026-03-21,2026-03-26,11320.19,11053.41,8615.39,Cierre Sin Consecuencia,Oeste,Dano por granizo en estacionamiento del trabajo. Evidencia fotografica adjunta.,False,Taller Premium,P008,16,349,5,2,Guayaquil,13313.59,0
SIN-00785,POL-00003,ASG-00138,Salud,Atencion medica,2025-07-06,2025-07-09,17355.3,14116.43,9924.82,Cierre Sin Consecuencia,Norte,Colision leve en interseccion con semaforo. El tercero presento sus datos.,True,Grua Rapida,P007,65,300,3,0,Manta,40275.06,0
SIN-00786,POL-00307,ASG-00033,Hogar,Atencion medica,2026-05-31,2026-06-02,2528.89,2154.63,1609.64,Pago Total,Sur,Colision leve en interseccion con semaforo. El tercero presento sus datos.,True,Peritajes Express,P004,288,77,2,0,Ambato,8601.79,0
SIN-00787,POL-00042,ASG-00290,Vida,Responsabilidad Civil,2026-12-27,2026-12-29,2067.59,2037.52,1872.11,Pago Parcial,Centro,Colision leve en interseccion con semaforo. El tercero presento sus datos.,True,Taller Norte,P003,285,80,2,0,Loja,10094.49,0
SIN-00788,POL-00252,ASG-00396,Generales,Atencion medica,2026-04-02,2026-04-03,7550.79,6340.24,5982.36,Reserva,Centro,Dano por granizo en estacionamiento del trabajo. Evidencia fotografica adjunta.,True,Peritajes Express,P004,168,197,1,1,Cuenca,33211.99,0
SIN-00789,POL-00594,ASG-00364,Generales,Atencion medica,2026-06-25,2026-06-28,5531.29,6003.74,4414.98,Pago Total,Este,Choque en parqueadero de centro comercial con camaras de seguridad.,True,Taller El Veloz,P001,103,262,3,0,Quito,28978.5,0
SIN-00790,POL-00016,ASG-00394,Generales,Atencion medica,2024-06-11,2024-06-17,24857.24,24255.37,18294.45,Negativa,Norte,Dano por granizo en estacionamiento del trabajo. Evidencia fotografica adjunta.,False,Grua Rapida,P007,13,352,6,2,Cuenca,37724.6,0
SIN-00791,POL-00132,ASG-00334,Salud,Atencion medica,2026-07-19,2026-07-22,1607.88,1407.8,1028.91,Pago Total,Norte,Choque en parqueadero de centro comercial con camaras de seguridad.,True,Grua Rapida,P007,323,42,3,1,Quito,8316.92,0
SIN-00792,POL-00546,ASG-00175,Vehiculos,Robo,2026-01-23,2026-01-25,25705.24,25893.53,24806.47,Pago Parcial,Norte,Colision frontal con vehiculo desconocido en horas de la madrugada sin testigos.,True,Taller Central,P005,19,346,2,3,Loja,39220.39,0
SIN-00793,POL-00307,ASG-00033,Hogar,Choque,2026-04-01,2026-04-04,2307.87,2287.82,1780.56,Liquidado,Sur,Choque en parqueadero de centro comercial con camaras de seguridad.,True,Peritajes Express,P004,228,137,3,1,Ambato,8601.79,0
SIN-00794,POL-00261,ASG-00347,Hogar,Dano parcial,2026-03-14,2026-03-14,1737.54,1792.27,1514.34,Reserva,Este,Colision leve en interseccion con semaforo. El tercero presento sus datos.,True,Clinica del Sur,P006,340,25,0,1,Ambato,5501.76,0
SIN-00795,POL-00098,ASG-00232,Hogar,Choque,2025-03-12,2025-03-13,9640.64,10489.12,8207.54,Liquidado,Centro,Choque en parqueadero de centro comercial con camaras de seguridad.,True,Clinica del Sur,P006,212,153,1,1,Quito,47459.96,0
SIN-00796,POL-00490,ASG-00394,Hogar,Robo,2026-12-03,2026-12-03,4108.97,3881.65,3483.93,Pago Total,Centro,Robo de autopartes reportado inmediatamente a la policia. Denuncia adjunta.,True,Taller Norte,P003,327,38,0,1,Cuenca,10732.73,0
SIN-00797,POL-00569,ASG-00380,Vehiculos,Atencion medica,2025-12-17,2025-12-19,9746.29,10010.22,9976.76,Negativa,Sur,Robo de autopartes reportado inmediatamente a la policia. Denuncia adjunta.,False,Taller Norte,P003,11,354,2,2,Ambato,12914.94,0
SIN-00798,POL-00295,ASG-00247,Salud,Choque,2024-12-08,2024-12-11,6658.11,5594.9,4585.3,Pago Parcial,Centro,Accidente en carretera con policia presente. Croquis firmado por ambas partes.,True,Taller Norte,P003,143,222,3,0,Manta,29267.87,0
SIN-00799,POL-00190,ASG-00373,Generales,Atencion medica,2025-04-03,2025-04-03,1180.71,962.24,893.03,Liquidado,Sur,Dano por granizo en estacionamiento del trabajo. Evidencia fotografica adjunta.,True,Clinica San Marcos,P002,130,235,0,0,Cuenca,20202.58,0
SIN-00800,POL-00165,ASG-00015,Vida,Choque,2026-10-25,2026-10-25,20726.91,21880.43,19877.24,Negativa,Norte,Dano por granizo en estacionamiento del trabajo. Evidencia fotografica adjunta.,True,Taller Central,P005,288,77,0,1,Loja,43421.96,0
SIN-00801,POL-00288,ASG-00263,Vehiculos,Robo,2025-03-11,2025-03-19,10998.3,9727.05,0.0,Cierre Sin Consecuencia,Oeste,Colision frontal con vehiculo desconocido en horas de la madrugada sin testigos.,False,Clinica San Marcos,P002,7,358,8,6,Cuenca,11608.93,1
SIN-00802,POL-00114,ASG-00242,Generales,Robo,2024-10-27,2024-10-30,3177.99,2812.31,2047.21,Negativa,Centro,Choque en parqueadero de centro comercial con camaras de seguridad.,True,Peritajes Express,P004,38,327,3,1,Ambato,31279.5,0
SIN-00803,POL-00120,ASG-00270,Vida,Incendio,2025-09-26,2025-09-29,16036.53,15122.17,12491.93,Reserva,Este,Accidente en carretera con policia presente. Croquis firmado por ambas partes.,True,Peritajes Express,P004,264,101,3,1,Guayaquil,46305.33,0
SIN-00804,POL-00439,ASG-00276,Vida,Atencion medica,2026-01-13,2026-01-13,1896.05,2084.52,1981.89,Negativa,Oeste,Accidente en carretera con policia presente. Croquis firmado por ambas partes.,True,Clinica San Marcos,P002,265,100,0,0,Cuenca,6766.32,0
SIN-00805,POL-00294,ASG-00311,Vehiculos,Atencion medica,2024-12-12,2024-12-14,3873.48,3353.3,2694.73,Pago Parcial,Sur,Accidente en carretera con policia presente. Croquis firmado por ambas partes.,True,Peritajes Express,P004,117,248,2,0,Cuenca,45572.37,0
SIN-00806,POL-00231,ASG-00320,Hogar,Robo,2026-03-10,2026-03-13,14016.7,14107.31,10607.1,Liquidado,Este,Colision leve en interseccion con semaforo. El tercero presento sus datos.,True,Grua Rapida,P007,200,165,3,1,Guayaquil,46453.63,0
SIN-00807,POL-00321,ASG-00284,Salud,Atencion medica,2025-11-02,2025-11-03,1905.18,1707.78,1497.71,Reserva,Norte,Robo de autopartes reportado inmediatamente a la policia. Denuncia adjunta.,True,Taller Premium,P008,228,137,1,0,Guayaquil,20909.21,0
SIN-00808,POL-00313,ASG-00282,Hogar,Responsabilidad Civil,2026-11-09,2026-11-12,11511.14,10782.29,10640.56,Liquidado,Centro,Robo de autopartes reportado inmediatamente a la policia. Denuncia adjunta.,True,Taller Premium,P008,288,77,3,0,Guayaquil,30160.12,0
SIN-00809,POL-00463,ASG-00213,Vida,Atencion medica,2026-09-11,2026-09-14,8958.98,9196.44,7552.48,Reserva,Centro,Dano por granizo en estacionamiento del trabajo. Evidencia fotografica adjunta.,True,Clinica del Sur,P006,270,95,3,1,Quito,20734.25,0
SIN-00810,POL-00171,ASG-00332,Generales,Robo,2024-10-05,2024-10-18,16663.86,14781.12,0.0,Pago Total,Centro,Impacto en la parte trasera por vehiculo que huyo del lugar del accidente.,False,Clinica San Marcos,P002,5,360,13,3,Loja,18431.42,1
SIN-00811,POL-00217,ASG-00256,Vida,Incendio,2025-03-28,2025-03-28,14571.87,14870.14,12285.54,Negativa,Oeste,Dano por granizo en estacionamiento del trabajo. Evidencia fotografica adjunta.,True,Taller El Veloz,P001,235,130,0,0,Cuenca,49130.18,0
SIN-00812,POL-00337,ASG-00185,Hogar,Atencion medica,2026-08-21,2026-08-21,10524.49,9064.8,8193.86,Pago Total,Oeste,Dano por granizo en estacionamiento del trabajo. Evidencia fotografica adjunta.,True,Peritajes Express,P004,283,82,0,1,Loja,46933.01,0
SIN-00813,POL-00142,ASG-00116,Hogar,Responsabilidad Civil,2025-07-21,2025-07-24,901.67,928.27,862.78,Liquidado,Este,Choque en parqueadero de centro comercial con camaras de seguridad.,True,Taller Norte,P003,16,349,3,1,Cuenca,11800.88,0
SIN-00814,POL-00016,ASG-00394,Generales,Dano parcial,2024-06-27,2024-06-30,31022.97,29383.76,25521.43,Negativa,Centro,Choque en parqueadero de centro comercial con camaras de seguridad.,True,Taller Premium,P008,29,336,3,2,Cuenca,37724.6,0
SIN-00815,POL-00547,ASG-00284,Vehiculos,Atencion medica,2025-09-16,2025-09-18,4418.98,3744.29,2852.68,Cierre Sin Consecuencia,Oeste,Choque en parqueadero de centro comercial con camaras de seguridad.,True,Grua Rapida,P007,134,231,2,1,Guayaquil,34733.03,0
SIN-00816,POL-00020,ASG-00019,Hogar,Dano parcial,2025-04-02,2025-04-07,30350.41,29897.55,28278.83,Negativa,Sur,El asegurado reporta que su vehiculo fue robado en un estacionamiento sin camaras.,False,Clinica San Marcos,P002,30,335,5,2,Loja,41553.36,0
SIN-00817,POL-00167,ASG-00005,Vida,Dano parcial,2026-02-11,2026-02-18,28262.48,26560.3,22885.24,Negativa,Este,El asegurado reporta que su vehiculo fue robado en un estacionamiento sin camaras.,True,Taller Central,P005,19,346,7,2,Quito,34131.72,0
SIN-00818,POL-00228,ASG-00197,Vida,Responsabilidad Civil,2025-03-01,2025-03-07,39305.39,39114.66,30344.34,Liquidado,Sur,Colision frontal con vehiculo desconocido en horas de la madrugada sin testigos.,True,Clinica San Marcos,P002,27,338,6,3,Cuenca,46215.96,0
SIN-00819,POL-00048,ASG-00294,Hogar,Dano parcial,2025-10-05,2025-10-06,6629.57,6191.22,4422.87,Reserva,Oeste,Robo de autopartes reportado inmediatamente a la policia. Denuncia adjunta.,True,Clinica San Marcos,P002,94,271,1,0,Guayaquil,28148.67,0
SIN-00820,POL-00412,ASG-00231,Vida,Dano parcial,2026-08-06,2026-08-09,4287.35,4513.44,3601.16,Reserva,Norte,Robo de autopartes reportado inmediatamente a la policia. Denuncia adjunta.,True,Taller Norte,P003,215,150,3,1,Guayaquil,14405.43,0
SIN-00821,POL-00553,ASG-00297,Salud,Dano parcial,2025-09-15,2025-09-15,2488.35,2118.7,1783.26,Negativa,Sur,Accidente en carretera con policia presente. Croquis firmado por ambas partes.,True,Taller El Veloz,P001,178,187,0,0,Manta,6659.5,0
SIN-00822,POL-00018,ASG-00325,Hogar,Incendio,2026-09-26,2026-09-26,11639.72,9991.37,9695.69,Pago Parcial,Centro,Dano por granizo en estacionamiento del trabajo. Evidencia fotografica adjunta.,True,Peritajes Express,P004,255,110,0,1,Cuenca,34639.83,0
SIN-00823,POL-00260,ASG-00383,Vida,Responsabilidad Civil,2025-04-06,2025-04-09,19667.65,15798.74,14596.67,Cierre Sin Consecuencia,Sur,Colision leve en interseccion con semaforo. El tercero presento sus datos.,True,Clinica del Sur,P006,24,341,3,0,Quito,43226.03,0
SIN-00824,POL-00160,ASG-00160,Generales,Robo,2026-04-22,2026-04-22,5303.8,4887.56,4618.3,Cierre Sin Consecuencia,Norte,Robo de autopartes reportado inmediatamente a la policia. Denuncia adjunta.,True,Peritajes Express,P004,144,221,0,1,Ambato,40123.24,0
SIN-00825,POL-00301,ASG-00186,Vehiculos,Robo,2026-02-24,2026-02-26,24095.34,22899.48,16573.45,Liquidado,Este,Robo de autopartes reportado inmediatamente a la policia. Denuncia adjunta.,True,Peritajes Express,P004,20,345,2,3,Quito,34320.92,0
SIN-00826,POL-00151,ASG-00213,Salud,Responsabilidad Civil,2025-08-19,2025-08-24,27979.23,24703.8,22571.62,Negativa,Sur,Choque en parqueadero de centro comercial con camaras de seguridad.,True,Clinica San Marcos,P002,29,336,5,3,Quito,31457.04,0
SIN-00827,POL-00475,ASG-00175,Vida,Choque,2024-09-12,2024-09-16,21954.53,22493.48,22164.96,Pago Total,Oeste,El asegurado reporta que su vehiculo fue robado en un estacionamiento sin camaras.,False,Grua Rapida,P007,15,350,4,2,Loja,28563.26,0
SIN-00828,POL-00583,ASG-00184,Hogar,Atencion medica,2026-03-10,2026-03-16,44244.58,38253.9,35402.02,Cierre Sin Consecuencia,Este,Choque en parqueadero de centro comercial con camaras de seguridad.,True,Grua Rapida,P007,23,342,6,2,Guayaquil,49952.82,0
SIN-00829,POL-00309,ASG-00254,Vida,Dano parcial,2025-01-01,2025-01-03,32532.15,29220.74,25741.62,Cierre Sin Consecuencia,Sur,Impacto en la parte trasera por vehiculo que huyo del lugar del accidente.,False,Clinica San Marcos,P002,16,349,2,2,Quito,43275.54,0
SIN-00830,POL-00031,ASG-00304,Vida,Atencion medica,2026-04-30,2026-05-02,2656.25,2241.98,1984.34,Cierre Sin Consecuencia,Norte,Accidente en carretera con policia presente. Croquis firmado por ambas partes.,True,Taller El Veloz,P001,323,42,2,1,Quito,36713.1,0
SIN-00831,POL-00210,ASG-00373,Salud,Responsabilidad Civil,2026-01-28,2026-02-02,17214.64,15306.17,14122.77,Cierre Sin Consecuencia,Sur,Dano por granizo en estacionamiento del trabajo. Evidencia fotografica adjunta.,False,Taller Premium,P008,28,337,5,3,Cuenca,26965.52,0
SIN-00832,POL-00345,ASG-00086,Vida,Robo,2025-02-27,2025-03-13,7562.63,6333.93,0.0,Liquidado,Oeste,El asegurado reporta que su vehiculo fue robado en un estacionamiento sin camaras.,False,Taller El Veloz,P001,7,358,14,6,Guayaquil,7870.66,1
SIN-00833,POL-00374,ASG-00249,Vida,Choque,2026-09-11,2026-09-14,9623.07,10401.91,8625.1,Pago Parcial,Este,Accidente en carretera con policia presente. Croquis firmado por ambas partes.,True,Peritajes Express,P004,182,183,3,0,Guayaquil,29423.03,0
SIN-00834,POL-00264,ASG-00095,Salud,Atencion medica,2024-12-26,2024-12-27,7924.13,7909.41,6285.8,Negativa,Norte,Dano por granizo en estacionamiento del trabajo. Evidencia fotografica adjunta.,True,Clinica San Marcos,P002,145,220,1,1,Loja,16373.38,0
SIN-00835,POL-00202,ASG-00330,Salud,Robo,2026-01-22,2026-02-02,46132.68,38935.24,0.0,Pago Parcial,Oeste,Colision frontal con vehiculo desconocido en horas de la madrugada sin testigos.,False,Grua Rapida,P007,1,364,11,3,Loja,48978.09,1
SIN-00836,POL-00195,ASG-00195,Vehiculos,Atencion medica,2026-07-20,2026-07-22,4578.67,4418.35,3092.96,Pago Parcial,Este,Accidente en carretera con policia presente. Croquis firmado por ambas partes.,True,Taller Central,P005,358,7,2,1,Loja,26347.84,0
SIN-00837,POL-00482,ASG-00126,Salud,Dano parcial,2025-09-04,2025-09-09,25512.36,25729.8,25428.87,Pago Total,Oeste,Colision frontal con vehiculo desconocido en horas de la madrugada sin testigos.,False,Grua Rapida,P007,13,352,5,3,Cuenca,32596.83,0
SIN-00838,POL-00076,ASG-00041,Generales,Atencion medica,2025-09-15,2025-09-17,14412.63,12917.87,12279.09,Pago Parcial,Centro,Colision leve en interseccion con semaforo. El tercero presento sus datos.,True,Clinica del Sur,P006,192,173,2,0,Guayaquil,48844.1,0
SIN-00839,POL-00052,ASG-00394,Vehiculos,Robo,2025-02-18,2025-03-02,36102.58,39547.26,0.0,Pago Total,Oeste,El vehiculo fue impactado por un tercero que se dio a la fuga sin dejar datos.,False,Clinica San Marcos,P002,1,364,12,5,Cuenca,38741.11,1
SIN-00840,POL-00041,ASG-00016,Salud,Dano parcial,2024-06-12,2024-06-15,6218.26,6205.96,5338.7,Reserva,Sur,Robo de autopartes reportado inmediatamente a la policia. Denuncia adjunta.,True,Peritajes Express,P004,8,357,3,0,Quito,17368.38,0
SIN-00841,POL-00212,ASG-00174,Generales,Atencion medica,2024-12-29,2025-01-01,3998.44,3924.35,3298.52,Pago Parcial,Norte,Colision leve en interseccion con semaforo. El tercero presento sus datos.,True,Peritajes Express,P004,10,355,3,0,Guayaquil,36526.11,0
SIN-00842,POL-00572,ASG-00212,Salud,Choque,2026-08-05,2026-08-06,1022.12,983.54,901.77,Cierre Sin Consecuencia,Centro,Colision leve en interseccion con semaforo. El tercero presento sus datos.,True,Taller Premium,P008,112,253,1,0,Manta,14929.82,0
SIN-00843,POL-00388,ASG-00055,Generales,Robo,2025-09-25,2025-10-08,24516.41,21385.44,0.0,Cierre Sin Consecuencia,Norte,Colision frontal con vehiculo desconocido en horas de la madrugada sin testigos.,False,Clinica San Marcos,P002,5,360,13,6,Guayaquil,25642.43,1
SIN-00844,POL-00163,ASG-00016,Salud,Robo,2025-08-28,2025-09-12,30710.57,27916.14,0.0,Pago Parcial,Centro,Impacto en la parte trasera por vehiculo que huyo del lugar del accidente.,False,Clinica San Marcos,P002,10,355,15,5,Quito,31731.96,1
SIN-00845,POL-00432,ASG-00353,Vida,Incendio,2026-11-06,2026-11-07,19072.03,17126.97,15888.4,Negativa,Norte,Dano por granizo en estacionamiento del trabajo. Evidencia fotografica adjunta.,True,Taller Premium,P008,177,188,1,0,Manta,43076.22,0
SIN-00846,POL-00017,ASG-00150,Vehiculos,Dano parcial,2025-01-02,2025-01-04,27039.7,22024.53,21549.64,Reserva,Este,Choque en parqueadero de centro comercial con camaras de seguridad.,False,Taller Norte,P003,25,340,2,3,Loja,40804.56,0
SIN-00847,POL-00380,ASG-00165,Vehiculos,Robo,2025-03-20,2025-04-03,32106.72,33964.87,0.0,Liquidado,Norte,El vehiculo fue impactado por un tercero que se dio a la fuga sin dejar datos.,False,Taller El Veloz,P001,2,363,14,3,Guayaquil,34650.1,1
SIN-00848,POL-00374,ASG-00249,Vida,Robo,2026-03-19,2026-03-29,28506.68,28758.51,0.0,Pago Parcial,Sur,El asegurado reporta que su vehiculo fue robado en un estacionamiento sin camaras.,False,Clinica San Marcos,P002,6,359,10,6,Guayaquil,29423.03,1
SIN-00849,POL-00547,ASG-00284,Vehiculos,Robo,2025-05-11,2025-05-26,34505.34,36002.74,0.0,Cierre Sin Consecuencia,Oeste,El asegurado reporta que su vehiculo fue robado en un estacionamiento sin camaras.,False,Grua Rapida,P007,6,359,15,5,Guayaquil,34733.03,1
SIN-00850,POL-00527,ASG-00273,Hogar,Robo,2025-07-02,2025-07-11,23742.32,23475.82,0.0,Liquidado,Sur,Impacto en la parte trasera por vehiculo que huyo del lugar del accidente.,False,Grua Rapida,P007,9,356,9,5,Cuenca,24430.36,1
SIN-00851,POL-00054,ASG-00235,Hogar,Incendio,2026-12-22,2026-12-22,6350.57,6625.28,6307.98,Pago Parcial,Oeste,Accidente en carretera con policia presente. Croquis firmado por ambas partes.,True,Clinica del Sur,P006,326,39,0,0,Loja,40805.51,0
SIN-00852,POL-00135,ASG-00016,Vida,Choque,2025-12-27,2026-01-02,8770.69,8808.13,6344.98,Pago Total,Norte,Dano por granizo en estacionamiento del trabajo. Evidencia fotografica adjunta.,True,Peritajes Express,P004,22,343,6,2,Quito,12424.87,0
SIN-00853,POL-00383,ASG-00368,Vehiculos,Atencion medica,2025-07-28,2025-07-31,31171.95,30241.48,21682.67,Negativa,Centro,Colision leve en interseccion con semaforo. El tercero presento sus datos.,False,Taller Norte,P003,13,352,3,3,Loja,46446.58,0
SIN-00854,POL-00327,ASG-00217,Vida,Robo,2025-02-21,2025-03-07,6099.85,5942.6,0.0,Negativa,Centro,El asegurado reporta que su vehiculo fue robado en un estacionamiento sin camaras.,False,Grua Rapida,P007,2,363,14,6,Guayaquil,6465.32,1
SIN-00855,POL-00249,ASG-00350,Hogar,Responsabilidad Civil,2025-07-14,2025-07-14,12000.85,12501.44,9127.03,Pago Total,Sur,Dano por granizo en estacionamiento del trabajo. Evidencia fotografica adjunta.,True,Taller Premium,P008,121,244,0,0,Ambato,40829.3,0
SIN-00856,POL-00248,ASG-00343,Hogar,Robo,2026-03-09,2026-03-16,33770.68,29945.43,21320.41,Liquidado,Sur,Impacto en la parte trasera por vehiculo que huyo del lugar del accidente.,True,Peritajes Express,P004,30,335,7,3,Loja,45702.34,0
SIN-00857,POL-00192,ASG-00117,Salud,Incendio,2025-12-13,2025-12-19,9493.09,9450.48,6747.83,Pago Total,Sur,Impacto en la parte trasera por vehiculo que huyo del lugar del accidente.,True,Taller Central,P005,18,347,6,3,Cuenca,10904.26,0
SIN-00858,POL-00001,ASG-00231,Vida,Robo,2027-01-02,2027-01-03,11730.99,10417.13,7955.83,Pago Parcial,Este,Dano por granizo en estacionamiento del trabajo. Evidencia fotografica adjunta.,True,Clinica San Marcos,P002,223,142,1,1,Guayaquil,29886.7,0
SIN-00859,POL-00495,ASG-00304,Generales,Choque,2025-08-21,2025-08-23,12867.97,13755.99,9866.81,Negativa,Centro,Robo de autopartes reportado inmediatamente a la policia. Denuncia adjunta.,True,Clinica del Sur,P006,282,83,2,0,Quito,29978.95,0
SIN-00860,POL-00252,ASG-00396,Generales,Robo,2026-02-11,2026-02-14,16499.81,15639.0,13140.39,Pago Total,Sur,Dano por granizo en estacionamiento del trabajo. Evidencia fotografica adjunta.,True,Peritajes Express,P004,118,247,3,0,Cuenca,33211.99,0
SIN-00861,POL-00306,ASG-00200,Vehiculos,Robo,2024-10-11,2024-10-22,40190.2,41768.51,0.0,Pago Parcial,Oeste,Colision frontal con vehiculo desconocido en horas de la madrugada sin testigos.,False,Taller El Veloz,P001,1,364,11,6,Quito,42046.5,1
SIN-00862,POL-00277,ASG-00351,Salud,Incendio,2026-07-23,2026-07-26,4545.63,4220.2,3486.2,Pago Parcial,Oeste,Robo de autopartes reportado inmediatamente a la policia. Denuncia adjunta.,True,Taller El Veloz,P001,131,234,3,0,Guayaquil,11316.68,0
SIN-00863,POL-00251,ASG-00023,Hogar,Dano parcial,2024-11-05,2024-11-12,11553.69,11769.5,9236.91,Negativa,Centro,Colision leve en interseccion con semaforo. El tercero presento sus datos.,False,Grua Rapida,P007,22,343,7,3,Guayaquil,13663.06,0
SIN-00864,POL-00585,ASG-00396,Salud,Dano parcial,2024-12-01,2024-12-03,9969.35,8746.17,8520.24,Liquidado,Este,Choque en parqueadero de centro comercial con camaras de seguridad.,True,Taller Premium,P008,69,296,2,0,Cuenca,23241.22,0
SIN-00865,POL-00289,ASG-00208,Generales,Robo,2024-12-23,2025-01-04,31053.1,33163.36,0.0,Reserva,Sur,Colision frontal con vehiculo desconocido en horas de la madrugada sin testigos.,False,Taller El Veloz,P001,7,358,12,5,Manta,33693.02,1
SIN-00866,POL-00576,ASG-00088,Hogar,Choque,2024-11-09,2024-11-16,11357.64,9554.51,7241.67,Liquidado,Oeste,Robo de autopartes reportado inmediatamente a la policia. Denuncia adjunta.,False,Clinica del Sur,P006,11,354,7,2,Manta,18282.27,0
SIN-00867,POL-00517,ASG-00150,Generales,Robo,2025-09-11,2025-09-21,26570.18,25447.8,0.0,Liquidado,Este,Colision frontal con vehiculo desconocido en horas de la madrugada sin testigos.,False,Taller El Veloz,P001,9,356,10,6,Loja,26814.21,1
SIN-00868,POL-00079,ASG-00342,Salud,Atencion medica,2025-11-18,2025-11-20,8490.27,7789.18,7212.09,Pago Parcial,Oeste,Accidente en carretera con policia presente. Croquis firmado por ambas partes.,True,Peritajes Express,P004,361,4,2,1,Manta,36855.53,0
SIN-00869,POL-00456,ASG-00048,Hogar,Choque,2026-03-13,2026-03-19,28014.57,25640.54,18966.89,Reserva,Este,Robo de autopartes reportado inmediatamente a la policia. Denuncia adjunta.,True,Taller Norte,P003,12,353,6,2,Cuenca,45388.84,0
SIN-00870,POL-00339,ASG-00182,Hogar,Dano parcial,2026-11-19,2026-11-22,5255.81,4759.76,4747.19,Pago Total,Centro,Robo de autopartes reportado inmediatamente a la policia. Denuncia adjunta.,True,Taller Premium,P008,186,179,3,1,Loja,26937.22,0
SIN-00871,POL-00425,ASG-00278,Salud,Choque,2025-08-03,2025-08-05,8092.91,6732.92,5066.77,Pago Parcial,Centro,Colision leve en interseccion con semaforo. El tercero presento sus datos.,False,Taller Norte,P003,22,343,2,3,Manta,11235.94,0
SIN-00872,POL-00417,ASG-00364,Vehiculos,Robo,2025-09-08,2025-09-23,26453.93,21320.91,0.0,Pago Total,Este,El vehiculo fue impactado por un tercero que se dio a la fuga sin dejar datos.,False,Grua Rapida,P007,6,359,15,6,Quito,26809.8,1
SIN-00873,POL-00341,ASG-00324,Generales,Responsabilidad Civil,2025-04-17,2025-04-18,2750.95,2817.01,2151.57,Cierre Sin Consecuencia,Oeste,Choque en parqueadero de centro comercial con camaras de seguridad.,True,Taller El Veloz,P001,296,69,1,1,Loja,43200.53,0
SIN-00874,POL-00488,ASG-00201,Salud,Dano parcial,2024-07-26,2024-07-29,3867.74,4242.95,3676.82,Reserva,Sur,Robo de autopartes reportado inmediatamente a la policia. Denuncia adjunta.,True,Taller Premium,P008,35,330,3,1,Loja,34933.13,0
SIN-00875,POL-00210,ASG-00373,Salud,Incendio,2026-09-06,2026-09-09,4978.37,4838.53,4110.23,Cierre Sin Consecuencia,Sur,Choque en parqueadero de centro comercial con camaras de seguridad.,True,Clinica del Sur,P006,249,116,3,0,Cuenca,26965.52,0
SIN-00876,POL-00173,ASG-00077,Generales,Responsabilidad Civil,2026-05-05,2026-05-08,40079.45,36056.96,28272.62,Reserva,Este,Choque en parqueadero de centro comercial con camaras de seguridad.,False,Taller Central,P005,12,353,3,2,Guayaquil,45485.92,0
SIN-00877,POL-00451,ASG-00112,Generales,Dano parcial,2026-05-27,2026-05-30,6535.64,7102.28,5213.81,Pago Parcial,Norte,Choque en parqueadero de centro comercial con camaras de seguridad.,True,Taller Premium,P008,59,306,3,1,Cuenca,25418.23,0
SIN-00878,POL-00527,ASG-00273,Hogar,Robo,2025-06-26,2025-07-07,23567.24,19073.87,0.0,Cierre Sin Consecuencia,Centro,Colision frontal con vehiculo desconocido en horas de la madrugada sin testigos.,False,Taller El Veloz,P001,3,362,11,6,Cuenca,24430.36,1
SIN-00879,POL-00219,ASG-00288,Salud,Dano parcial,2026-05-16,2026-05-21,19322.05,20595.49,19503.9,Pago Parcial,Oeste,Colision leve en interseccion con semaforo. El tercero presento sus datos.,True,Clinica San Marcos,P002,13,352,5,2,Loja,25529.36,0
SIN-00880,POL-00148,ASG-00350,Vida,Choque,2025-04-24,2025-04-27,13911.43,15222.01,14691.84,Pago Total,Este,Choque en parqueadero de centro comercial con camaras de seguridad.,True,Peritajes Express,P004,316,49,3,0,Ambato,42015.38,0
SIN-00881,POL-00556,ASG-00255,Generales,Robo,2024-11-12,2024-11-27,14902.52,12237.66,0.0,Negativa,Este,El asegurado reporta que su vehiculo fue robado en un estacionamiento sin camaras.,False,Grua Rapida,P007,5,360,15,5,Quito,14925.76,1
SIN-00882,POL-00595,ASG-00355,Vehiculos,Dano parcial,2025-12-06,2025-12-09,32126.56,31006.89,25828.37,Pago Total,Oeste,Choque en parqueadero de centro comercial con camaras de seguridad.,True,Taller Central,P005,23,342,3,3,Guayaquil,44779.05,0
SIN-00883,POL-00409,ASG-00227,Generales,Dano parcial,2026-06-15,2026-06-22,4433.12,4528.29,3913.14,Liquidado,Norte,El vehiculo fue impactado por un tercero que se dio a la fuga sin dejar datos.,True,Clinica San Marcos,P002,23,342,7,3,Cuenca,7019.49,0
SIN-00884,POL-00028,ASG-00364,Vehiculos,Robo,2025-07-22,2025-07-30,20179.1,17471.75,0.0,Pago Total,Oeste,Impacto en la parte trasera por vehiculo que huyo del lugar del accidente.,False,Taller El Veloz,P001,7,358,8,4,Quito,20438.51,1
SIN-00885,POL-00466,ASG-00292,Generales,Atencion medica,2025-02-11,2025-02-16,31506.36,33355.02,31183.01,Pago Total,Sur,Choque en parqueadero de centro comercial con camaras de seguridad.,False,Taller El Veloz,P001,12,353,5,3,Loja,42441.92,0
SIN-00886,POL-00175,ASG-00208,Vida,Robo,2025-02-13,2025-02-21,30240.72,27435.68,0.0,Cierre Sin Consecuencia,Norte,Impacto en la parte trasera por vehiculo que huyo del lugar del accidente.,False,Clinica San Marcos,P002,6,359,8,3,Manta,31236.07,1
SIN-00887,POL-00053,ASG-00250,Hogar,Robo,2025-05-23,2025-05-25,19090.12,18340.38,15281.04,Pago Parcial,Este,Dano por granizo en estacionamiento del trabajo. Evidencia fotografica adjunta.,True,Clinica San Marcos,P002,291,74,2,1,Manta,44100.85,0
SIN-00888,POL-00458,ASG-00212,Generales,Robo,2026-02-27,2026-02-28,4861.95,4410.51,3765.31,Pago Parcial,Este,Robo de autopartes reportado inmediatamente a la policia. Denuncia adjunta.,True,Taller El Veloz,P001,193,172,1,1,Manta,14407.29,0
SIN-00889,POL-00443,ASG-00212,Hogar,Dano parcial,2025-05-27,2025-05-29,3469.8,3680.0,2967.99,Negativa,Centro,Accidente en carretera con policia presente. Croquis firmado por ambas partes.,True,Peritajes Express,P004,67,298,2,0,Manta,13049.54,0
SIN-00890,POL-00214,ASG-00330,Salud,Robo,2025-06-17,2025-06-30,25913.67,28473.39,0.0,Pago Total,Sur,El asegurado reporta que su vehiculo fue robado en un estacionamiento sin camaras.,False,Grua Rapida,P007,6,359,13,4,Loja,26118.0,1
SIN-00891,POL-00261,ASG-00347,Hogar,Incendio,2025-09-20,2025-09-20,2619.01,2324.35,1895.02,Negativa,Centro,Dano por granizo en estacionamiento del trabajo. Evidencia fotografica adjunta.,True,Peritajes Express,P004,165,200,0,1,Ambato,5501.76,0
SIN-00892,POL-00118,ASG-00359,Hogar,Robo,2026-01-01,2026-01-09,30205.33,27829.59,0.0,Liquidado,Norte,El vehiculo fue impactado por un tercero que se dio a la fuga sin dejar datos.,False,Taller El Veloz,P001,6,359,8,3,Manta,30362.29,1
SIN-00893,POL-00499,ASG-00106,Hogar,Responsabilidad Civil,2025-01-05,2025-01-11,34022.81,30164.1,26878.52,Pago Total,Sur,Choque en parqueadero de centro comercial con camaras de seguridad.,True,Taller Premium,P008,15,350,6,3,Manta,40745.6,0
SIN-00894,POL-00031,ASG-00304,Vida,Robo,2025-07-28,2025-07-28,11051.51,10091.5,8455.71,Liquidado,Este,Dano por granizo en estacionamiento del trabajo. Evidencia fotografica adjunta.,True,Grua Rapida,P007,47,318,0,1,Quito,36713.1,0
SIN-00895,POL-00179,ASG-00046,Salud,Robo,2025-03-13,2025-03-24,35674.58,38167.99,0.0,Pago Total,Este,El vehiculo fue impactado por un tercero que se dio a la fuga sin dejar datos.,False,Grua Rapida,P007,3,362,11,3,Cuenca,38489.45,1
SIN-00896,POL-00124,ASG-00224,Vida,Dano parcial,2026-05-12,2026-05-15,8616.86,7679.46,6286.68,Pago Parcial,Este,Colision frontal con vehiculo desconocido en horas de la madrugada sin testigos.,False,Taller Central,P005,16,349,3,3,Quito,12839.12,0
SIN-00897,POL-00132,ASG-00334,Salud,Dano parcial,2025-09-28,2025-10-02,6763.06,6592.59,4927.2,Pago Total,Este,Dano por granizo en estacionamiento del trabajo. Evidencia fotografica adjunta.,False,Grua Rapida,P007,29,336,4,3,Quito,8316.92,0
SIN-00898,POL-00184,ASG-00325,Vehiculos,Responsabilidad Civil,2026-01-06,2026-01-10,14297.92,13502.0,10182.81,Liquidado,Sur,Choque en parqueadero de centro comercial con camaras de seguridad.,False,Clinica del Sur,P006,17,348,4,3,Cuenca,17308.75,0
SIN-00899,POL-00068,ASG-00331,Vehiculos,Atencion medica,2026-11-28,2026-12-01,12146.54,12219.31,9625.43,Pago Total,Sur,Colision leve en interseccion con semaforo. El tercero presento sus datos.,True,Taller Central,P005,262,103,3,1,Guayaquil,32044.96,0
SIN-00900,POL-00325,ASG-00191,Generales,Robo,2024-06-26,2024-07-08,40937.32,38163.56,0.0,Cierre Sin Consecuencia,Este,El asegurado reporta que su vehiculo fue robado en un estacionamiento sin camaras.,False,Clinica San Marcos,P002,1,364,12,4,Ambato,45415.45,1
SIN-00901,POL-00067,ASG-00374,Vida,Incendio,2025-07-29,2025-08-03,15798.45,16422.96,11878.48,Negativa,Norte,El vehiculo fue impactado por un tercero que se dio a la fuga sin dejar datos.,True,Taller Central,P005,28,337,5,3,Ambato,24322.49,0
SIN-00902,POL-00328,ASG-00062,Generales,Atencion medica,2024-10-14,2024-10-16,25854.73,27059.31,24271.22,Pago Total,Norte,El asegurado reporta que su vehiculo fue robado en un estacionamiento sin camaras.,True,Grua Rapida,P007,25,340,2,3,Cuenca,36014.47,0
SIN-00903,POL-00190,ASG-00373,Generales,Robo,2024-12-01,2024-12-14,20155.72,20207.8,0.0,Pago Total,Sur,El asegurado reporta que su vehiculo fue robado en un estacionamiento sin camaras.,False,Grua Rapida,P007,7,358,13,3,Cuenca,20202.58,1
SIN-00904,POL-00580,ASG-00003,Vida,Robo,2025-09-19,2025-09-30,6262.38,5264.81,0.0,Pago Total,Centro,Colision frontal con vehiculo desconocido en horas de la madrugada sin testigos.,False,Grua Rapida,P007,7,358,11,4,Quito,6802.64,1
SIN-00905,POL-00181,ASG-00100,Generales,Robo,2024-12-20,2024-12-22,31307.72,32167.1,24987.65,Pago Parcial,Sur,Colision frontal con vehiculo desconocido en horas de la madrugada sin testigos.,True,Taller El Veloz,P001,11,354,2,2,Loja,35631.4,0
SIN-00906,POL-00373,ASG-00376,Salud,Choque,2025-07-03,2025-07-04,2667.36,2402.39,2301.43,Cierre Sin Consecuencia,Centro,Choque en parqueadero de centro comercial con camaras de seguridad.,True,Taller Norte,P003,35,330,1,1,Quito,21999.6,0
SIN-00907,POL-00454,ASG-00045,Vehiculos,Robo,2025-04-03,2025-04-05,15543.98,13336.7,10031.34,Reserva,Oeste,Accidente en carretera con policia presente. Croquis firmado por ambas partes.,True,Grua Rapida,P007,307,58,2,1,Ambato,49718.08,0
SIN-00908,POL-00587,ASG-00017,Hogar,Incendio,2025-02-08,2025-02-12,12296.3,13515.89,13442.24,Negativa,Centro,Dano por granizo en estacionamiento del trabajo. Evidencia fotografica adjunta.,True,Clinica del Sur,P006,18,347,4,2,Loja,17140.52,0
SIN-00909,POL-00524,ASG-00155,Vida,Incendio,2027-01-27,2027-01-30,7191.52,7441.98,6034.27,Pago Total,Este,Robo de autopartes reportado inmediatamente a la policia. Denuncia adjunta.,True,Taller El Veloz,P001,309,56,3,1,Guayaquil,38859.25,0
SIN-00910,POL-00239,ASG-00028,Vehiculos,Dano parcial,2025-12-22,2025-12-25,11607.32,10294.43,9915.89,Cierre Sin Consecuencia,Este,Impacto en la parte trasera por vehiculo que huyo del lugar del accidente.,False,Clinica del Sur,P006,24,341,3,2,Loja,14138.93,0
SIN-00911,POL-00429,ASG-00156,Vida,Dano parcial,2025-06-05,2025-06-06,8218.64,7587.84,6059.32,Cierre Sin Consecuencia,Este,Dano por granizo en estacionamiento del trabajo. Evidencia fotografica adjunta.,True,Peritajes Express,P004,149,216,1,1,Manta,41976.43,0
SIN-00912,POL-00552,ASG-00342,Generales,Incendio,2025-06-20,2025-06-27,23742.4,21518.81,16513.13,Liquidado,Norte,Robo de autopartes reportado inmediatamente a la policia. Denuncia adjunta.,True,Taller Norte,P003,29,336,7,2,Manta,35513.5,0
SIN-00913,POL-00091,ASG-00280,Salud,Incendio,2025-12-29,2026-01-03,29955.92,30929.63,28825.8,Reserva,Centro,Accidente en carretera con policia presente. Croquis firmado por ambas partes.,True,Taller El Veloz,P001,17,348,5,2,Cuenca,46957.89,0
SIN-00914,POL-00135,ASG-00016,Vida,Incendio,2026-01-18,2026-01-19,3932.09,3613.82,2880.19,Pago Parcial,Sur,Robo de autopartes reportado inmediatamente a la policia. Denuncia adjunta.,True,Clinica San Marcos,P002,44,321,1,1,Quito,12424.87,0
SIN-00915,POL-00112,ASG-00366,Hogar,Robo,2024-12-28,2025-01-09,36193.7,39742.23,0.0,Reserva,Sur,El asegurado reporta que su vehiculo fue robado en un estacionamiento sin camaras.,False,Clinica San Marcos,P002,10,355,12,3,Quito,40164.58,1
SIN-00916,POL-00034,ASG-00059,Hogar,Choque,2024-08-30,2024-08-31,5311.67,4430.34,4132.72,Pago Total,Oeste,Choque en parqueadero de centro comercial con camaras de seguridad.,True,Clinica San Marcos,P002,2,363,1,0,Quito,25603.73,0
SIN-00917,POL-00221,ASG-00232,Vehiculos,Incendio,2026-08-09,2026-08-12,11973.85,11495.42,8393.0,Reserva,Oeste,Dano por granizo en estacionamiento del trabajo. Evidencia fotografica adjunta.,True,Taller Premium,P008,242,123,3,1,Quito,34650.96,0
SIN-00918,POL-00076,ASG-00041,Generales,Choque,2026-02-09,2026-02-09,11244.18,11598.35,8284.33,Pago Parcial,Sur,Robo de autopartes reportado inmediatamente a la policia. Denuncia adjunta.,True,Taller Central,P005,339,26,0,0,Guayaquil,48844.1,0
SIN-00919,POL-00414,ASG-00299,Generales,Choque,2026-05-10,2026-05-10,2037.72,2213.84,2060.89,Pago Parcial,Oeste,Dano por granizo en estacionamiento del trabajo. Evidencia fotografica adjunta.,True,Taller El Veloz,P001,225,140,0,0,Cuenca,12664.38,0
SIN-00920,POL-00436,ASG-00219,Vida,Dano parcial,2025-04-13,2025-04-13,8689.39,7486.98,6461.74,Reserva,Norte,Choque en parqueadero de centro comercial con camaras de seguridad.,True,Taller El Veloz,P001,274,91,0,0,Ambato,32356.85,0
SIN-00921,POL-00101,ASG-00357,Generales,Choque,2026-02-03,2026-02-04,7950.33,6745.63,6609.74,Liquidado,Norte,Accidente en carretera con policia presente. Croquis firmado por ambas partes.,True,Taller Central,P005,153,212,1,0,Guayaquil,42616.61,0
SIN-00922,POL-00497,ASG-00254,Vehiculos,Dano parcial,2024-12-07,2024-12-08,20314.76,19243.32,15170.84,Negativa,Sur,Accidente en carretera con policia presente. Croquis firmado por ambas partes.,True,Clinica San Marcos,P002,117,248,1,1,Quito,41766.51,0
SIN-00923,POL-00512,ASG-00041,Generales,Choque,2026-09-30,2026-10-03,942.47,801.85,715.59,Reserva,Centro,Choque en parqueadero de centro comercial con camaras de seguridad.,True,Taller Central,P005,310,55,3,1,Guayaquil,8980.09,0
SIN-00924,POL-00053,ASG-00250,Hogar,Incendio,2025-04-07,2025-04-08,9915.69,10354.41,8295.34,Pago Parcial,Sur,Accidente en carretera con policia presente. Croquis firmado por ambas partes.,True,Grua Rapida,P007,245,120,1,1,Manta,44100.85,0
SIN-00925,POL-00478,ASG-00053,Generales,Atencion medica,2025-08-12,2025-08-15,8700.42,9521.29,6752.38,Reserva,Oeste,Robo de autopartes reportado inmediatamente a la policia. Denuncia adjunta.,True,Taller Central,P005,250,115,3,0,Loja,38549.96,0
SIN-00926,POL-00304,ASG-00177,Vida,Robo,2025-05-22,2025-05-25,14658.37,12412.98,10194.31,Cierre Sin Consecuencia,Centro,Colision leve en interseccion con semaforo. El tercero presento sus datos.,True,Taller Norte,P003,237,128,3,1,Ambato,43474.95,0
SIN-00927,POL-00302,ASG-00188,Generales,Robo,2024-07-20,2024-08-03,33878.83,27514.95,0.0,Cierre Sin Consecuencia,Oeste,Colision frontal con vehiculo desconocido en horas de la madrugada sin testigos.,False,Clinica San Marcos,P002,1,364,14,5,Quito,35627.26,1
SIN-00928,POL-00514,ASG-00399,Vehiculos,Robo,2025-05-26,2025-06-05,25906.69,22085.37,0.0,Pago Total,Centro,Colision frontal con vehiculo desconocido en horas de la madrugada sin testigos.,False,Grua Rapida,P007,3,362,10,4,Guayaquil,28069.84,1
SIN-00929,POL-00305,ASG-00359,Salud,Robo,2024-12-31,2025-01-12,26348.92,28113.56,0.0,Reserva,Norte,Colision frontal con vehiculo desconocido en horas de la madrugada sin testigos.,False,Taller El Veloz,P001,1,364,12,5,Manta,27875.46,1
SIN-00930,POL-00135,ASG-00016,Vida,Incendio,2026-03-16,2026-03-18,1279.1,1236.84,880.98,Negativa,Oeste,Robo de autopartes reportado inmediatamente a la policia. Denuncia adjunta.,True,Taller El Veloz,P001,101,264,2,1,Quito,12424.87,0
SIN-00931,POL-00308,ASG-00315,Generales,Responsabilidad Civil,2026-05-10,2026-05-12,7696.95,8170.13,6028.53,Liquidado,Norte,Colision leve en interseccion con semaforo. El tercero presento sus datos.,True,Clinica San Marcos,P002,288,77,2,1,Loja,48358.84,0
SIN-00932,POL-00132,ASG-00334,Salud,Responsabilidad Civil,2025-09-26,2025-10-03,6329.88,5485.5,4406.53,Liquidado,Norte,El vehiculo fue impactado por un tercero que se dio a la fuga sin dejar datos.,True,Taller El Veloz,P001,27,338,7,3,Quito,8316.92,0
SIN-00933,POL-00456,ASG-00048,Hogar,Robo,2026-07-01,2026-07-04,14448.07,15088.07,13062.72,Pago Parcial,Este,Colision leve en interseccion con semaforo. El tercero presento sus datos.,True,Taller Central,P005,122,243,3,1,Cuenca,45388.84,0
SIN-00934,POL-00001,ASG-00231,Vida,Incendio,2027-01-15,2027-01-15,10767.03,10292.71,9678.24,Negativa,Norte,Robo de autopartes reportado inmediatamente a la policia. Denuncia adjunta.,True,Grua Rapida,P007,236,129,0,0,Guayaquil,29886.7,0
SIN-00935,POL-00381,ASG-00017,Salud,Choque,2025-05-24,2025-05-27,2632.68,2179.78,1671.46,Cierre Sin Consecuencia,Oeste,Accidente en carretera con policia presente. Croquis firmado por ambas partes.,True,Taller Premium,P008,123,242,3,1,Loja,13622.75,0
SIN-00936,POL-00226,ASG-00222,Generales,Robo,2025-02-02,2025-02-05,10461.44,10378.21,9907.7,Pago Parcial,Centro,Choque en parqueadero de centro comercial con camaras de seguridad.,True,Taller El Veloz,P001,18,347,3,0,Ambato,27874.98,0
SIN-00937,POL-00189,ASG-00258,Generales,Atencion medica,2026-09-29,2026-09-30,1156.29,1191.02,931.58,Negativa,Sur,Choque en parqueadero de centro comercial con camaras de seguridad.,True,Peritajes Express,P004,310,55,1,0,Loja,7937.92,0
SIN-00938,POL-00548,ASG-00323,Hogar,Atencion medica,2024-12-08,2024-12-10,31895.82,27068.24,20283.93,Negativa,Norte,Robo de autopartes reportado inmediatamente a la policia. Denuncia adjunta.,False,Clinica del Sur,P006,29,336,2,2,Cuenca,44834.64,0
SIN-00939,POL-00299,ASG-00279,Vida,Robo,2025-06-15,2025-06-19,4121.41,3577.0,2803.87,Pago Total,Oeste,Choque en parqueadero de centro comercial con camaras de seguridad.,True,Clinica del Sur,P006,13,352,4,3,Loja,5246.13,0
SIN-00940,POL-00143,ASG-00343,Hogar,Robo,2024-12-20,2025-01-04,22546.17,22666.77,0.0,Liquidado,Sur,El vehiculo fue impactado por un tercero que se dio a la fuga sin dejar datos.,False,Taller El Veloz,P001,7,358,15,5,Loja,23629.4,1
SIN-00941,POL-00310,ASG-00018,Generales,Robo,2025-07-15,2025-07-29,33134.1,32237.37,0.0,Cierre Sin Consecuencia,Sur,El vehiculo fue impactado por un tercero que se dio a la fuga sin dejar datos.,False,Grua Rapida,P007,1,364,14,3,Manta,36430.24,1
SIN-00942,POL-00189,ASG-00258,Generales,Incendio,2026-10-26,2026-10-27,1054.89,1070.36,966.65,Cierre Sin Consecuencia,Este,Robo de autopartes reportado inmediatamente a la policia. Denuncia adjunta.,True,Clinica del Sur,P006,337,28,1,1,Loja,7937.92,0
SIN-00943,POL-00317,ASG-00289,Vida,Dano parcial,2026-06-01,2026-06-02,5945.3,6052.83,6011.82,Pago Total,Sur,Robo de autopartes reportado inmediatamente a la policia. Denuncia adjunta.,True,Taller El Veloz,P001,206,159,1,1,Ambato,39086.3,0
SIN-00944,POL-00078,ASG-00126,Vehiculos,Atencion medica,2025-10-29,2025-11-05,6984.99,7227.45,5315.65,Pago Parcial,Centro,Accidente en carretera con policia presente. Croquis firmado por ambas partes.,True,Taller Central,P005,25,340,7,2,Cuenca,10219.4,0
SIN-00945,POL-00439,ASG-00276,Vida,Atencion medica,2025-12-28,2025-12-28,1387.57,1137.9,805.58,Liquidado,Sur,Accidente en carretera con policia presente. Croquis firmado por ambas partes.,True,Grua Rapida,P007,249,116,0,1,Cuenca,6766.32,0
SIN-00946,POL-00417,ASG-00364,Vehiculos,Dano parcial,2026-03-01,2026-03-01,3221.09,3229.31,2639.11,Cierre Sin Consecuencia,Oeste,Dano por granizo en estacionamiento del trabajo. Evidencia fotografica adjunta.,True,Clinica San Marcos,P002,180,185,0,0,Quito,26809.8,0
SIN-00947,POL-00204,ASG-00060,Vehiculos,Robo,2026-02-14,2026-02-24,40879.53,40639.83,0.0,Pago Parcial,Este,Impacto en la parte trasera por vehiculo que huyo del lugar del accidente.,False,Taller El Veloz,P001,10,355,10,5,Manta,45063.14,1
SIN-00948,POL-00251,ASG-00023,Hogar,Robo,2024-12-21,2024-12-22,6055.0,5104.13,4242.58,Liquidado,Oeste,Colision leve en interseccion con semaforo. El tercero presento sus datos.,True,Taller Premium,P008,68,297,1,0,Guayaquil,13663.06,0
SIN-00949,POL-00509,ASG-00257,Hogar,Choque,2024-08-23,2024-08-26,25632.18,21262.11,16636.27,Reserva,Este,El vehiculo fue impactado por un tercero que se dio a la fuga sin dejar datos.,True,Grua Rapida,P007,21,344,3,2,Guayaquil,29577.48,0
SIN-00950,POL-00378,ASG-00123,Hogar,Incendio,2025-12-10,2025-12-11,17209.04,14906.16,14046.66,Pago Total,Este,Robo de autopartes reportado inmediatamente a la policia. Denuncia adjunta.,True,Clinica San Marcos,P002,176,189,1,1,Cuenca,34623.02,0
SIN-00951,POL-00524,ASG-00155,Vida,Robo,2026-11-20,2026-11-21,6816.18,6901.02,6550.02,Reserva,Centro,Choque en parqueadero de centro comercial con camaras de seguridad.,True,Taller Central,P005,241,124,1,1,Guayaquil,38859.25,0
SIN-00952,POL-00342,ASG-00117,Hogar,Robo,2025-05-09,2025-05-23,17687.09,15101.18,0.0,Pago Total,Centro,Impacto en la parte trasera por vehiculo que huyo del lugar del accidente.,False,Clinica San Marcos,P002,1,364,14,6,Cuenca,18111.04,1
SIN-00953,POL-00142,ASG-00116,Hogar,Robo,2025-07-10,2025-07-24,11645.91,9966.73,0.0,Pago Total,Centro,El asegurado reporta que su vehiculo fue robado en un estacionamiento sin camaras.,False,Grua Rapida,P007,5,360,14,3,Cuenca,11800.88,1
SIN-00954,POL-00209,ASG-00348,Vida,Dano parcial,2025-03-10,2025-03-11,2034.89,2100.52,1592.03,Cierre Sin Consecuencia,Sur,Accidente en carretera con policia presente. Croquis firmado por ambas partes.,True,Peritajes Express,P004,115,250,1,0,Quito,22088.79,0
SIN-00955,POL-00405,ASG-00067,Salud,Responsabilidad Civil,2025-07-26,2025-07-29,769.32,760.89,685.77,Liquidado,Este,Dano por granizo en estacionamiento del trabajo. Evidencia fotografica adjunta.,True,Taller Premium,P008,30,335,3,1,Cuenca,13914.88,0
SIN-00956,POL-00051,ASG-00073,Generales,Atencion medica,2027-03-16,2027-03-17,7463.79,6429.14,5952.24,Negativa,Este,Robo de autopartes reportado inmediatamente a la policia. Denuncia adjunta.,True,Taller Central,P005,313,52,1,0,Ambato,33251.58,0
SIN-00957,POL-00212,ASG-00174,Generales,Robo,2024-12-24,2025-01-05,36126.71,34995.49,0.0,Pago Parcial,Este,Colision frontal con vehiculo desconocido en horas de la madrugada sin testigos.,False,Grua Rapida,P007,5,360,12,3,Guayaquil,36526.11,1
SIN-00958,POL-00001,ASG-00231,Vida,Robo,2026-05-29,2026-06-12,27225.96,23551.03,0.0,Liquidado,Oeste,El vehiculo fue impactado por un tercero que se dio a la fuga sin dejar datos.,False,Clinica San Marcos,P002,5,360,14,3,Guayaquil,29886.7,1
SIN-00959,POL-00248,ASG-00343,Hogar,Incendio,2026-03-06,2026-03-10,28426.67,27196.71,24378.02,Pago Parcial,Oeste,Dano por granizo en estacionamiento del trabajo. Evidencia fotografica adjunta.,True,Clinica San Marcos,P002,27,338,4,2,Loja,45702.34,0
SIN-00960,POL-00052,ASG-00394,Vehiculos,Robo,2025-02-18,2025-02-27,38439.6,34001.74,0.0,Reserva,Este,El asegurado reporta que su vehiculo fue robado en un estacionamiento sin camaras.,False,Grua Rapida,P007,1,364,9,6,Cuenca,38741.11,1
SIN-00961,POL-00496,ASG-00208,Vehiculos,Choque,2025-07-27,2025-07-29,10115.58,11069.34,9466.59,Negativa,Norte,Accidente en carretera con policia presente. Croquis firmado por ambas partes.,True,Clinica San Marcos,P002,56,309,2,1,Manta,35847.89,0
SIN-00962,POL-00365,ASG-00378,Vehiculos,Robo,2026-03-08,2026-03-11,3030.13,3210.28,2567.75,Liquidado,Sur,Colision leve en interseccion con semaforo. El tercero presento sus datos.,True,Peritajes Express,P004,294,71,3,1,Guayaquil,38089.53,0
SIN-00963,POL-00451,ASG-00112,Generales,Robo,2026-08-07,2026-08-09,12158.43,10756.4,8781.19,Cierre Sin Consecuencia,Sur,Dano por granizo en estacionamiento del trabajo. Evidencia fotografica adjunta.,True,Taller Norte,P003,131,234,2,0,Cuenca,25418.23,0
SIN-00964,POL-00045,ASG-00225,Vehiculos,Dano parcial,2026-08-14,2026-08-16,7331.08,7194.91,5485.44,Pago Total,Norte,Accidente en carretera con policia presente. Croquis firmado por ambas partes.,True,Clinica San Marcos,P002,84,281,2,1,Ambato,15662.57,0
SIN-00965,POL-00491,ASG-00285,Vehiculos,Dano parcial,2025-04-02,2025-04-03,4774.0,4980.72,4547.58,Pago Total,Centro,Colision leve en interseccion con semaforo. El tercero presento sus datos.,True,Grua Rapida,P007,271,94,1,1,Ambato,28973.55,0
SIN-00966,POL-00005,ASG-00068,Vehiculos,Choque,2025-02-23,2025-02-26,2677.98,2757.4,2115.28,Cierre Sin Consecuencia,Sur,Colision leve en interseccion con semaforo. El tercero presento sus datos.,True,Taller Premium,P008,141,224,3,1,Loja,25197.97,0
SIN-00967,POL-00493,ASG-00356,Generales,Dano parcial,2024-08-19,2024-08-21,35768.7,29130.57,21628.48,Pago Parcial,Sur,El asegurado reporta que su vehiculo fue robado en un estacionamiento sin camaras.,True,Grua Rapida,P007,12,353,2,2,Quito,49109.24,0
SIN-00968,POL-00358,ASG-00149,Vehiculos,Responsabilidad Civil,2025-10-31,2025-11-03,16184.25,17485.51,15795.65,Liquidado,Este,Colision leve en interseccion con semaforo. El tercero presento sus datos.,True,Taller Premium,P008,194,171,3,1,Ambato,32797.82,0
SIN-00969,POL-00445,ASG-00376,Vehiculos,Incendio,2025-06-14,2025-06-17,8570.66,8203.87,6319.92,Pago Parcial,Centro,Colision leve en interseccion con semaforo. El tercero presento sus datos.,True,Clinica del Sur,P006,58,307,3,1,Quito,36780.2,0
SIN-00970,POL-00289,ASG-00208,Generales,Incendio,2025-09-27,2025-09-29,4660.57,5066.77,3823.84,Reserva,Oeste,Accidente en carretera con policia presente. Croquis firmado por ambas partes.,True,Taller Norte,P003,285,80,2,0,Manta,33693.02,0
SIN-00971,POL-00014,ASG-00150,Vida,Robo,2024-08-26,2024-09-10,38869.7,34997.21,0.0,Cierre Sin Consecuencia,Oeste,El vehiculo fue impactado por un tercero que se dio a la fuga sin dejar datos.,False,Clinica San Marcos,P002,5,360,15,3,Loja,40188.85,1
SIN-00972,POL-00407,ASG-00295,Vehiculos,Choque,2026-01-18,2026-01-18,2610.16,2612.32,2490.61,Pago Parcial,Oeste,Robo de autopartes reportado inmediatamente a la policia. Denuncia adjunta.,True,Taller Norte,P003,25,340,0,0,Loja,23611.19,0
SIN-00973,POL-00504,ASG-00097,Generales,Choque,2026-05-03,2026-05-05,14292.96,14942.73,12183.12,Cierre Sin Consecuencia,Oeste,Accidente en carretera con policia presente. Croquis firmado por ambas partes.,True,Clinica San Marcos,P002,364,1,2,0,Quito,46601.69,0
SIN-00974,POL-00143,ASG-00343,Hogar,Robo,2025-07-05,2025-07-06,4481.79,3940.21,3808.97,Pago Total,Este,Choque en parqueadero de centro comercial con camaras de seguridad.,True,Grua Rapida,P007,204,161,1,1,Loja,23629.4,0
SIN-00975,POL-00145,ASG-00121,Vida,Responsabilidad Civil,2024-11-28,2024-11-28,2023.06,1812.44,1589.09,Liquidado,Centro,Accidente en carretera con policia presente. Croquis firmado por ambas partes.,True,Taller El Veloz,P001,118,247,0,0,Quito,22766.2,0
SIN-00976,POL-00059,ASG-00043,Hogar,Atencion medica,2025-09-14,2025-09-17,14715.22,14413.29,13386.89,Pago Total,Norte,Dano por granizo en estacionamiento del trabajo. Evidencia fotografica adjunta.,True,Peritajes Express,P004,361,4,3,1,Guayaquil,34201.0,0
SIN-00977,POL-00054,ASG-00235,Hogar,Robo,2026-02-08,2026-02-17,39692.0,38025.66,0.0,Pago Total,Centro,El vehiculo fue impactado por un tercero que se dio a la fuga sin dejar datos.,False,Clinica San Marcos,P002,9,356,9,4,Loja,40805.51,1
SIN-00978,POL-00455,ASG-00339,Generales,Robo,2025-07-26,2025-07-29,6885.48,6565.67,6192.95,Pago Total,Sur,Choque en parqueadero de centro comercial con camaras de seguridad.,True,Grua Rapida,P007,252,113,3,0,Cuenca,30297.97,0
SIN-00979,POL-00226,ASG-00222,Generales,Choque,2025-06-19,2025-06-19,13680.07,13711.57,12648.99,Reserva,Oeste,Choque en parqueadero de centro comercial con camaras de seguridad.,True,Clinica San Marcos,P002,155,210,0,0,Ambato,27874.98,0
SIN-00980,POL-00316,ASG-00263,Hogar,Dano parcial,2025-09-11,2025-09-12,10958.02,10895.47,10102.72,Reserva,Este,Accidente en carretera con policia presente. Croquis firmado por ambas partes.,True,Taller Norte,P003,103,262,1,1,Cuenca,41591.63,0
SIN-00981,POL-00556,ASG-00255,Generales,Robo,2024-11-23,2024-11-26,4405.13,3640.11,3263.08,Cierre Sin Consecuencia,Sur,Robo de autopartes reportado inmediatamente a la policia. Denuncia adjunta.,True,Peritajes Express,P004,16,349,3,0,Quito,14925.76,0
SIN-00982,POL-00528,ASG-00139,Hogar,Responsabilidad Civil,2027-04-15,2027-04-16,4145.64,4497.52,4483.37,Pago Parcial,Sur,Accidente en carretera con policia presente. Croquis firmado por ambas partes.,True,Taller El Veloz,P001,350,15,1,0,Cuenca,16490.48,0
SIN-00983,POL-00248,ASG-00343,Hogar,Choque,2026-11-11,2026-11-12,8937.39,8437.63,6291.84,Pago Parcial,Oeste,Choque en parqueadero de centro comercial con camaras de seguridad.,True,Clinica del Sur,P006,277,88,1,1,Loja,45702.34,0
SIN-00984,POL-00075,ASG-00206,Vehiculos,Robo,2025-04-10,2025-04-24,27237.47,29580.42,0.0,Pago Total,Oeste,Colision frontal con vehiculo desconocido en horas de la madrugada sin testigos.,False,Grua Rapida,P007,2,363,14,3,Cuenca,29194.49,1
SIN-00985,POL-00370,ASG-00395,Vehiculos,Robo,2026-05-28,2026-06-09,25488.49,24681.87,0.0,Negativa,Centro,Colision frontal con vehiculo desconocido en horas de la madrugada sin testigos.,False,Grua Rapida,P007,3,362,12,6,Ambato,27496.36,1
SIN-00986,POL-00037,ASG-00096,Vida,Dano parcial,2026-03-03,2026-03-08,28668.68,24328.68,23241.06,Negativa,Oeste,El asegurado reporta que su vehiculo fue robado en un estacionamiento sin camaras.,False,Taller Premium,P008,11,354,5,2,Guayaquil,36204.48,0
SIN-00987,POL-00511,ASG-00375,Generales,Robo,2024-08-27,2024-09-06,48795.58,42836.11,0.0,Liquidado,Este,Impacto en la parte trasera por vehiculo que huyo del lugar del accidente.,False,Grua Rapida,P007,5,360,10,4,Guayaquil,49265.08,1
SIN-00988,POL-00284,ASG-00004,Generales,Responsabilidad Civil,2024-11-26,2024-11-30,21358.16,21702.2,18725.2,Negativa,Sur,Colision leve en interseccion con semaforo. El tercero presento sus datos.,False,Taller Central,P005,30,335,4,2,Manta,24795.44,0
SIN-00989,POL-00288,ASG-00263,Vehiculos,Dano parcial,2025-10-03,2025-10-06,2429.41,2429.11,2336.26,Liquidado,Sur,Choque en parqueadero de centro comercial con camaras de seguridad.,True,Grua Rapida,P007,213,152,3,0,Cuenca,11608.93,0
SIN-00990,POL-00164,ASG-00283,Hogar,Robo,2025-08-31,2025-09-03,20936.78,18258.99,12941.78,Cierre Sin Consecuencia,Este,Robo de autopartes reportado inmediatamente a la policia. Denuncia adjunta.,True,Grua Rapida,P007,86,279,3,1,Cuenca,42694.42,0
SIN-00991,POL-00224,ASG-00235,Salud,Responsabilidad Civil,2026-04-17,2026-04-23,7882.01,8110.18,7600.32,Pago Parcial,Norte,Dano por granizo en estacionamiento del trabajo. Evidencia fotografica adjunta.,True,Taller Central,P005,24,341,6,2,Loja,9849.46,0
SIN-00992,POL-00009,ASG-00075,Vehiculos,Atencion medica,2025-05-08,2025-05-09,8064.57,7823.79,7112.47,Negativa,Sur,Choque en parqueadero de centro comercial con camaras de seguridad.,True,Taller El Veloz,P001,301,64,1,0,Ambato,17418.28,0
SIN-00993,POL-00142,ASG-00116,Hogar,Atencion medica,2026-05-10,2026-05-10,2471.77,2199.8,1766.55,Cierre Sin Consecuencia,Sur,Dano por granizo en estacionamiento del trabajo. Evidencia fotografica adjunta.,True,Clinica del Sur,P006,309,56,0,0,Cuenca,11800.88,0
SIN-00994,POL-00067,ASG-00374,Vida,Dano parcial,2026-03-30,2026-04-01,9663.34,9906.65,8778.6,Pago Parcial,Sur,Dano por granizo en estacionamiento del trabajo. Evidencia fotografica adjunta.,True,Taller Norte,P003,272,93,2,0,Ambato,24322.49,0
SIN-00995,POL-00362,ASG-00357,Vehiculos,Robo,2025-01-27,2025-01-31,28076.18,27104.97,25807.94,Negativa,Sur,Colision leve en interseccion con semaforo. El tercero presento sus datos.,False,Taller El Veloz,P001,23,342,4,2,Guayaquil,42959.58,0
SIN-00996,POL-00568,ASG-00223,Hogar,Atencion medica,2024-11-02,2024-11-06,32295.19,31500.09,25113.56,Reserva,Este,El vehiculo fue impactado por un tercero que se dio a la fuga sin dejar datos.,False,Clinica del Sur,P006,13,352,4,2,Quito,41231.92,0
SIN-00997,POL-00428,ASG-00163,Salud,Dano parcial,2025-02-05,2025-02-05,9351.52,8721.96,7113.47,Pago Total,Norte,Dano por granizo en estacionamiento del trabajo. Evidencia fotografica adjunta.,True,Taller Norte,P003,203,162,0,0,Cuenca,39444.58,0
SIN-00998,POL-00435,ASG-00091,Vida,Dano parcial,2025-05-12,2025-05-12,7573.92,6422.19,5630.63,Reserva,Este,Accidente en carretera con policia presente. Croquis firmado por ambas partes.,True,Taller El Veloz,P001,329,36,0,1,Quito,27047.43,0
SIN-00999,POL-00345,ASG-00086,Vida,Incendio,2025-12-01,2025-12-01,1494.2,1518.6,1437.28,Liquidado,Sur,Colision leve en interseccion con semaforo. El tercero presento sus datos.,True,Clinica San Marcos,P002,284,81,0,1,Guayaquil,7870.66,0
SIN-01000,POL-00221,ASG-00232,Vehiculos,Dano parcial,2026-02-02,2026-02-02,6544.16,6526.3,5841.46,Reserva,Sur,Robo de autopartes reportado inmediatamente a la policia. Denuncia adjunta.,True,Taller Central,P005,54,311,0,0,Quito,34650.96,0
